<?xml version="1.0" encoding="ISO-8859-1"?>
<afc xmlns="http://www.mscsoftware.com/:vfc" xmlns:afc="http://www.mscsoftware.com/:afc">
  <afc:Bibliography>
    <File schema="afc" version="2.0.0.0" publicationDate="2007-11-04 22:09:49+01:00" />
    <Revision version="19.0" />
    <Corporation author="MSC.Software" URI="http://www.mscsoftware.com/" />
    <Author user="FAmbr" name="-unknown name-" />
    <Environment hostName="LFAmbr" operatingSystem="MS Windows NT 5.1" />
    <Application name="MSC/AFC" version="02.00.00" />
    <SuspensionGenFile name="C:/Users/amp20/Full-Car-Simulation/22/Virtual Formula/VI_Racer.cdb/suspensions.tbl/CFR27_Susp_Configs/config_1_front_output.sgs"/>
  </afc:Bibliography>
  <afc:Units>
    <afc:UnitSetting name="angle" current="deg" />
    <afc:UnitSetting name="current" current="ampere" />
    <afc:UnitSetting name="force" current="newton" />
    <afc:UnitSetting name="length" current="mm" />
    <afc:UnitSetting name="luminosity" current="candela" />
    <afc:UnitSetting name="mass" current="kg" />
    <afc:UnitSetting name="quantity" current="mole" />
    <afc:UnitSetting name="solidAngle" current="steradian" />
    <afc:UnitSetting name="temperature" current="kelvin" />
    <afc:UnitSetting name="time" current="sec" />
    <afc:UnitSetting name="frequency" current="Hz" />
  </afc:Units>
  <Subsystem active="true" userDefined="false">
    <CRTSteeringSystem name="steering_gear" active="true" userDefined="false" nominalSteeringGearRatio="1" kingpinLeftFront="6.0401" kingpinRightFront="6.0401" arbitraryLeftPoint="(11.3583 -20.0993 -203.2)" arbitraryRightPoint="(11.3583 20.0993 -203.2)" casterAngleLeftFront="1.43983" casterAngleRightFront="1.43983" complianceCutOff="556" method="use_jounce" tierodOuterLeftPoint="(82.177 -37.804 -35.875)" tierodInnerLeftPoint="(39 -401.24 -51.373)" tierodOuterRightPoint="(82.177 37.804 -35.875)" tierodInnerRightPoint="(39 401.24 -51.373)" draglinkTierod="(0 0 0)" variableSteerAxisActive="true" wheelLocSteerDepActive="true" tierodKinematicsActive="true" steeringFeedbackMapsActive="false" steeringFeedbackMethod="Tierod Kinematics Computation">
      <CRTSuspensionData name="compliance" active="true" userDefined="false" method="table" constant="0" unit="angle/torque" mirror="none" scaleFactor="1.0">
        <Spline3d name="table" active="true" userDefined="false" interpolation_method="akima" xLabel="Kingpin Moment" yLabel="Steer Angle" xUnit="torque" yUnit="angle" datablock="Steer Via Str_Sys_Comp. vs. Kingpin Moment">
          <afc:VectorAttribute name="x_data">
            -18000000 -14400000 -10800000 -7200000 -3600000 0 3600000 7200000 10800000 14400000 18000000
          </afc:VectorAttribute>
          <afc:VectorAttribute name="y_data">
            0 0 0 0 0 0 0 0 0 0 0
          </afc:VectorAttribute>
          <afc:VectorAttribute name="z_data">
            0
          </afc:VectorAttribute>
        </Spline3d>
      </CRTSuspensionData>
      <Spline3d name="steering_wheel_torque" active="true" userDefined="false" interpolation_method="akima" xLabel="Total Kingpin Moment" yLabel="Steering Wheel Torque" xUnit="torque" yUnit="torque" datablock="Steering Wheel Torque Feedback: T(TotalKingPin Moment, SWA)" zLabel="Steering Wheel Angle" zUnit="angle">
        <afc:VectorAttribute name="x_data">
          -394475 -315580 -236685 -157790 -78895 0 78895 157790 236685 315580 394475
        </afc:VectorAttribute>
        <afc:VectorAttribute name="y_data">
          0 0 0 0 0 0 0 0 0 0 0 0 0 0 0 0 0 0 0 0 0 0 0 0 0 0 0 0 0 0 0 0 0 0 0 0 0 0 0 0 0 0 0 0 0 0 0 0 0 0 0 0 0 0 0
        </afc:VectorAttribute>
        <afc:VectorAttribute name="z_data">
          -180 -90 0 90 180
        </afc:VectorAttribute>
      </Spline3d>
      <Spline3d name="left_front_steer" active="true" userDefined="false" interpolation_method="akima" xLabel="Geared-Down Input Steer" yLabel="Steer At Ground" xUnit="angle" yUnit="angle" datablock="Left-Front Steering Kinematics" zUnit="length">
        <afc:VectorAttribute name="x_data">
          -100 -80 -60 -40 -20 0 20 40 60 80 100 
        </afc:VectorAttribute>
        <afc:VectorAttribute name="y_data">
          -2.02707 -1.62765 -1.22801 -0.828126 -0.427984 -0.0275602 0.373165 0.774211 1.1756 1.57735 1.97949 -2.01458 -1.61564 -1.21648 -0.817071 -0.417401 -0.0174488 0.382807 0.783387 1.18431 1.5856 1.98727 -2.00437 -1.60592 -1.20724 -0.808326 -0.409143 -0.00967394 0.3901 0.790199 1.19064 1.59146 1.99265 -1.99638 -1.59844 -1.20027 -0.801851 -0.403168 -0.00419765 0.39508 0.794684 1.19464 1.59496 1.99566 -1.99058 -1.59316 -1.19551 -0.797608 -0.399441 -0.000984233 0.397781 0.796874 1.19632 1.59613 1.99633 -1.98692 -1.59004 -1.19293 -0.795561 -0.397926 0 0.398236 0.796801 1.19572 1.595 1.99468 -1.98538 -1.58905 -1.19249 -0.795675 -0.39859 -0.00121311 0.396475 0.794495 1.19287 1.59161 1.99074 -1.9859 -1.59015 -1.19416 -0.797918 -0.401402 -0.0045934 0.392528 0.789982 1.18779 1.58597 1.98454 -1.98847 -1.59331 -1.19791 -0.802258 -0.406332 -0.0101123 0.386422 0.783289 1.18051 1.57811 1.97609 -1.99303 -1.59849 -1.20371 -0.808667 -0.413352 -0.0177426 0.378182 0.774441 1.17105 1.56804 1.96542 -1.99957 -1.60566 -1.21152 -0.817115 -0.422435 -0.0274584 0.367834 0.763461 1.15944 1.5558 1.95255 
        </afc:VectorAttribute>
        <afc:VectorAttribute name="z_data">
          -25 -20 -15 -10 -5 0 5 10 15 20 25 
        </afc:VectorAttribute>
      </Spline3d>
      <Spline3d name="right_front_steer" active="true" userDefined="false" interpolation_method="akima" xLabel="Geared-Down Input Steer" yLabel="Steer At Ground" xUnit="angle" yUnit="angle" datablock="Right-Front Steering Kinematics" zUnit="length">
        <afc:VectorAttribute name="x_data">
          -100 -80 -60 -40 -20 0 20 40 60 80 100 
        </afc:VectorAttribute>
        <afc:VectorAttribute name="y_data">
          -1.97949 -1.57735 -1.1756 -0.774211 -0.373165 0.0275602 0.427984 0.828126 1.22801 1.62765 2.02707 -1.98727 -1.5856 -1.18431 -0.783387 -0.382807 0.0174488 0.417401 0.817071 1.21648 1.61564 2.01458 -1.99265 -1.59146 -1.19064 -0.790199 -0.3901 0.00967394 0.409143 0.808326 1.20724 1.60592 2.00437 -1.99566 -1.59496 -1.19464 -0.794684 -0.39508 0.00419765 0.403168 0.801851 1.20027 1.59844 1.99638 -1.99633 -1.59613 -1.19632 -0.796874 -0.397781 0.000984233 0.399441 0.797608 1.19551 1.59316 1.99058 -1.99468 -1.595 -1.19572 -0.796801 -0.398236 0 0.397926 0.795561 1.19293 1.59004 1.98692 -1.99074 -1.59161 -1.19287 -0.794495 -0.396475 0.00121311 0.39859 0.795675 1.19249 1.58905 1.98538 -1.98454 -1.58597 -1.18779 -0.789982 -0.392528 0.0045934 0.401402 0.797918 1.19416 1.59015 1.9859 -1.97609 -1.57811 -1.18051 -0.783289 -0.386422 0.0101123 0.406332 0.802258 1.19791 1.59331 1.98847 -1.96542 -1.56804 -1.17105 -0.774441 -0.378182 0.0177426 0.413352 0.808667 1.20371 1.59849 1.99303 -1.95255 -1.5558 -1.15944 -0.763461 -0.367834 0.0274584 0.422435 0.817115 1.21152 1.60566 1.99957 
        </afc:VectorAttribute>
        <afc:VectorAttribute name="z_data">
          -25 -20 -15 -10 -5 0 5 10 15 20 25 
        </afc:VectorAttribute>
      </Spline3d>
      <Spline3d name="left_front_camber" active="true" userDefined="false" interpolation_method="akima" xLabel="Geared-Down Input Steer" yLabel="Camber" xUnit="angle" yUnit="angle" datablock="Left-Front Camber" zLabel="Jounce" zUnit="length">
        <afc:VectorAttribute name="x_data">
          -100 -80 -60 -40 -20 0 20 40 60 80 100 
        </afc:VectorAttribute>
        <afc:VectorAttribute name="y_data">
          0.473537 0.480227 0.487191 0.494428 0.501939 0.509726 0.517787 0.526125 0.53474 0.543633 0.552804 0.379593 0.386635 0.393953 0.40155 0.409424 0.417577 0.42601 0.434723 0.443717 0.452993 0.462552 0.280807 0.288195 0.295865 0.303816 0.31205 0.320567 0.329368 0.338453 0.347823 0.35748 0.367424 0.177145 0.184876 0.192893 0.201196 0.209785 0.218662 0.227827 0.237281 0.247025 0.257059 0.267385 0.0685685 0.0766379 0.0849974 0.0936475 0.102589 0.111822 0.121348 0.131168 0.141282 0.151691 0.162397 -0.0449692 -0.036566 -0.0278682 -0.018875 -0.00958587 0 0.00988336 0.020065 0.0305459 0.0413269 0.0524089 -0.163522 -0.154789 -0.145758 -0.136426 -0.126793 -0.116859 -0.106622 -0.0960818 -0.0852375 -0.0740882 -0.0626328 -0.287149 -0.278093 -0.268732 -0.259066 -0.249094 -0.238815 -0.228229 -0.217334 -0.206131 -0.194616 -0.182791 -0.41592 -0.406545 -0.39686 -0.386864 -0.376557 -0.365939 -0.355007 -0.343762 -0.332202 -0.320327 -0.308135 -0.549909 -0.54022 -0.530216 -0.519896 -0.509259 -0.498305 -0.487032 -0.475441 -0.46353 -0.451297 -0.438742 -0.689199 -0.679201 -0.668883 -0.658243 -0.647281 -0.635997 -0.624388 -0.612455 -0.600196 -0.58761 -0.574697 
        </afc:VectorAttribute>
        <afc:VectorAttribute name="z_data">
          -25 -20 -15 -10 -5 0 5 10 15 20 25 
        </afc:VectorAttribute>
      </Spline3d>
      <Spline3d name="right_front_camber" active="true" userDefined="false" interpolation_method="akima" xLabel="Geared-Down Input Steer" yLabel="Camber" xUnit="angle" yUnit="angle" datablock="Right-Front Camber" zLabel="Jounce" zUnit="length">
        <afc:VectorAttribute name="x_data">
          -100 -80 -60 -40 -20 0 20 40 60 80 100 
        </afc:VectorAttribute>
        <afc:VectorAttribute name="y_data">
          0.552804 0.543633 0.53474 0.526125 0.517787 0.509726 0.501939 0.494428 0.487191 0.480227 0.473537 0.462552 0.452993 0.443717 0.434723 0.42601 0.417577 0.409424 0.40155 0.393953 0.386635 0.379593 0.367424 0.35748 0.347823 0.338453 0.329368 0.320567 0.31205 0.303816 0.295865 0.288195 0.280807 0.267385 0.257059 0.247025 0.237281 0.227827 0.218662 0.209785 0.201196 0.192893 0.184876 0.177145 0.162397 0.151691 0.141282 0.131168 0.121348 0.111822 0.102589 0.0936475 0.0849974 0.0766379 0.0685685 0.0524089 0.0413269 0.0305459 0.020065 0.00988336 0 -0.00958587 -0.018875 -0.0278682 -0.036566 -0.0449692 -0.0626328 -0.0740882 -0.0852375 -0.0960818 -0.106622 -0.116859 -0.126793 -0.136426 -0.145758 -0.154789 -0.163522 -0.182791 -0.194616 -0.206131 -0.217334 -0.228229 -0.238815 -0.249094 -0.259066 -0.268732 -0.278093 -0.287149 -0.308135 -0.320327 -0.332202 -0.343762 -0.355007 -0.365939 -0.376557 -0.386864 -0.39686 -0.406545 -0.41592 -0.438742 -0.451297 -0.46353 -0.475441 -0.487032 -0.498305 -0.509259 -0.519896 -0.530216 -0.54022 -0.549909 -0.574697 -0.58761 -0.600196 -0.612455 -0.624388 -0.635997 -0.647281 -0.658243 -0.668883 -0.679201 -0.689199 
        </afc:VectorAttribute>
        <afc:VectorAttribute name="z_data">
          -25 -20 -15 -10 -5 0 5 10 15 20 25 
        </afc:VectorAttribute>
      </Spline3d>
      <Spline3d name="left_front_sva" active="true" userDefined="false" interpolation_method="akima" xLabel="Geared-Down Input Steer" yLabel="Side View Angle" xUnit="angle" yUnit="angle" datablock="Left-Front Side View Angle" zLabel="Jounce" zUnit="length">
        <afc:VectorAttribute name="x_data">
          -100 -80 -60 -40 -20 0 20 40 60 80 100 
        </afc:VectorAttribute>
        <afc:VectorAttribute name="y_data">
          -0.475709 -0.43656 -0.39747 -0.358433 -0.319445 -0.280498 -0.241587 -0.202707 -0.163851 -0.125015 -0.0861925 -0.422208 -0.382461 -0.342772 -0.303135 -0.263545 -0.223996 -0.184481 -0.144996 -0.105534 -0.0660904 -0.0266582 -0.369059 -0.328682 -0.288363 -0.248095 -0.207872 -0.167689 -0.12754 -0.0874189 -0.0473196 -0.00723632 0.0328367 -0.316265 -0.275228 -0.234247 -0.193317 -0.152431 -0.111584 -0.0707688 -0.0299803 0.0107878 0.0515414 0.0922864 -0.263832 -0.222104 -0.180431 -0.138808 -0.0972279 -0.055685 -0.0141732 0.0273135 0.0687813 0.110236 0.151684 -0.211766 -0.169316 -0.126921 -0.084574 -0.0422691 0 0.0422393 0.084455 0.126653 0.16884 0.211022 -0.160076 -0.116873 -0.0737249 -0.0306235 0.012437 0.0554629 0.0984604 0.141436 0.184395 0.227345 0.270292 -0.108769 -0.0647843 -0.0208519 0.0230345 0.0668811 0.110694 0.154481 0.198246 0.241998 0.285741 0.329483 -0.0578574 -0.0130591 0.0316877 0.0763895 0.121053 0.165684 0.21029 0.254876 0.29945 0.344018 0.388586 -0.00735134 0.0382908 0.0838825 0.12943 0.174941 0.22042 0.265876 0.311314 0.356741 0.402163 0.447588 0.0427365 0.0892529 0.13572 0.182144 0.228532 0.274891 0.321227 0.367547 0.413857 0.460165 0.506477 
        </afc:VectorAttribute>
        <afc:VectorAttribute name="z_data">
          -25 -20 -15 -10 -5 0 5 10 15 20 25 
        </afc:VectorAttribute>
      </Spline3d>
      <Spline3d name="right_front_sva" active="true" userDefined="false" interpolation_method="akima" xLabel="Geared-Down Input Steer" yLabel="Side View Angle" xUnit="angle" yUnit="angle" datablock="Right-Front Side View Angle" zLabel="Jounce" zUnit="length">
        <afc:VectorAttribute name="x_data">
          -100 -80 -60 -40 -20 0 20 40 60 80 100 
        </afc:VectorAttribute>
        <afc:VectorAttribute name="y_data">
          -0.0861925 -0.125015 -0.163851 -0.202707 -0.241587 -0.280498 -0.319445 -0.358433 -0.39747 -0.43656 -0.475709 -0.0266582 -0.0660904 -0.105534 -0.144996 -0.184481 -0.223996 -0.263545 -0.303135 -0.342772 -0.382461 -0.422208 0.0328367 -0.00723632 -0.0473196 -0.0874189 -0.12754 -0.167689 -0.207872 -0.248095 -0.288363 -0.328682 -0.369059 0.0922864 0.0515414 0.0107878 -0.0299803 -0.0707688 -0.111584 -0.152431 -0.193317 -0.234247 -0.275228 -0.316265 0.151684 0.110236 0.0687813 0.0273135 -0.0141732 -0.055685 -0.0972279 -0.138808 -0.180431 -0.222104 -0.263832 0.211022 0.16884 0.126653 0.084455 0.0422393 0 -0.0422691 -0.084574 -0.126921 -0.169316 -0.211766 0.270292 0.227345 0.184395 0.141436 0.0984604 0.0554629 0.012437 -0.0306235 -0.0737249 -0.116873 -0.160076 0.329483 0.285741 0.241998 0.198246 0.154481 0.110694 0.0668811 0.0230345 -0.0208519 -0.0647843 -0.108769 0.388586 0.344018 0.29945 0.254876 0.21029 0.165684 0.121053 0.0763895 0.0316877 -0.0130591 -0.0578574 0.447588 0.402163 0.356741 0.311314 0.265876 0.22042 0.174941 0.12943 0.0838825 0.0382908 -0.00735133 0.506477 0.460165 0.413857 0.367547 0.321227 0.274891 0.228532 0.182144 0.13572 0.0892529 0.0427365 
        </afc:VectorAttribute>
        <afc:VectorAttribute name="z_data">
          -25 -20 -15 -10 -5 0 5 10 15 20 25 
        </afc:VectorAttribute>
      </Spline3d>
      <Spline3d name="left_front_track" active="true" userDefined="false" interpolation_method="akima" xLabel="Geared-Down Input Steer" yLabel="Track Variation" xUnit="angle" yUnit="length" datablock="Left-Front Track variation" zLabel="Jounce" zUnit="length">
        <afc:VectorAttribute name="x_data">
          -100 -80 -60 -40 -20 0 20 40 60 80 100 
        </afc:VectorAttribute>
        <afc:VectorAttribute name="y_data">
          0.957175 0.922841 0.886453 0.848008 0.807503 0.764933 0.720293 0.673579 0.624785 0.573905 0.520935 0.942945 0.908471 0.871945 0.833364 0.792725 0.750023 0.705253 0.65841 0.60949 0.558486 0.505392 0.859602 0.824993 0.788335 0.749624 0.708856 0.666028 0.621134 0.574169 0.525128 0.474006 0.420796 0.707213 0.672475 0.63569 0.596854 0.555964 0.513016 0.468003 0.420922 0.371767 0.320533 0.267212 0.485805 0.450943 0.414036 0.375082 0.334075 0.291012 0.245887 0.198695 0.149432 0.0980909 0.0446663 0.195362 0.160382 0.123359 0.0842909 0.0431726 0 -0.0452318 -0.0925279 -0.141894 -0.193335 -0.246858 -0.16417 -0.199264 -0.236398 -0.275575 -0.316799 -0.360075 -0.405409 -0.452804 -0.502266 -0.553802 -0.607417 -0.592889 -0.628092 -0.665332 -0.704612 -0.745937 -0.789312 -0.834741 -0.88223 -0.931783 -0.983408 -1.03711 -1.09093 -1.12624 -1.16358 -1.20296 -1.24438 -1.28785 -1.33337 -1.38095 -1.43058 -1.48229 -1.53607 -1.65848 -1.69389 -1.73132 -1.7708 -1.81231 -1.85587 -1.90147 -1.94913 -1.99885 -2.05063 -2.10449 -2.29575 -2.33126 -2.36878 -2.40835 -2.44994 -2.49358 -2.53927 -2.587 -2.6368 -2.68865 -2.74258 
        </afc:VectorAttribute>
        <afc:VectorAttribute name="z_data">
          -25 -20 -15 -10 -5 0 5 10 15 20 25 
        </afc:VectorAttribute>
      </Spline3d>
      <Spline3d name="right_front_track" active="true" userDefined="false" interpolation_method="akima" xLabel="Geared-Down Input Steer" yLabel="Track Variation" xUnit="angle" yUnit="length" datablock="Right-Front Track variation" zLabel="Jounce" zUnit="length">
        <afc:VectorAttribute name="x_data">
          -100 -80 -60 -40 -20 0 20 40 60 80 100 
        </afc:VectorAttribute>
        <afc:VectorAttribute name="y_data">
          -0.520935 -0.573905 -0.624785 -0.673579 -0.720293 -0.764933 -0.807503 -0.848008 -0.886453 -0.922841 -0.957175 -0.505392 -0.558486 -0.60949 -0.65841 -0.705253 -0.750023 -0.792725 -0.833364 -0.871945 -0.908471 -0.942945 -0.420796 -0.474006 -0.525128 -0.574169 -0.621134 -0.666028 -0.708856 -0.749624 -0.788335 -0.824993 -0.859602 -0.267212 -0.320533 -0.371767 -0.420922 -0.468003 -0.513016 -0.555964 -0.596854 -0.63569 -0.672475 -0.707213 -0.0446663 -0.0980909 -0.149432 -0.198695 -0.245887 -0.291012 -0.334075 -0.375082 -0.414036 -0.450943 -0.485805 0.246858 0.193335 0.141894 0.0925279 0.0452318 0 -0.0431726 -0.0842909 -0.123359 -0.160382 -0.195362 0.607417 0.553802 0.502266 0.452804 0.405409 0.360075 0.316799 0.275575 0.236398 0.199264 0.16417 1.03711 0.983408 0.931783 0.88223 0.834741 0.789312 0.745937 0.704612 0.665332 0.628092 0.592889 1.53607 1.48229 1.43058 1.38095 1.33337 1.28785 1.24438 1.20296 1.16358 1.12624 1.09093 2.10449 2.05063 1.99885 1.94913 1.90147 1.85587 1.81231 1.7708 1.73132 1.69389 1.65848 2.74258 2.68865 2.6368 2.587 2.53927 2.49358 2.44994 2.40835 2.36878 2.33126 2.29575 
        </afc:VectorAttribute>
        <afc:VectorAttribute name="z_data">
          -25 -20 -15 -10 -5 0 5 10 15 20 25 
        </afc:VectorAttribute>
      </Spline3d>
      <Spline3d name="left_front_base" active="true" userDefined="false" interpolation_method="akima" xLabel="Geared-Down Input Steer" yLabel="Base Variation" xUnit="angle" yUnit="length" datablock="Left-Front Base variation" zLabel="Jounce" zUnit="length">
        <afc:VectorAttribute name="x_data">
          -100 -80 -60 -40 -20 0 20 40 60 80 100 
        </afc:VectorAttribute>
        <afc:VectorAttribute name="y_data">
          -0.0696214 -0.360325 -0.650927 -0.941428 -1.23183 -1.52212 -1.81232 -2.10241 -2.3924 -2.68229 -2.97207 0.229986 -0.0603397 -0.350565 -0.640691 -0.930716 -1.22064 -1.51047 -1.80019 -2.08981 -2.37934 -2.66876 0.53105 0.241111 -0.0487295 -0.338472 -0.628116 -0.917661 -1.20711 -1.49646 -1.7857 -2.07485 -2.3639 0.833537 0.543995 0.254549 -0.0348006 -0.324053 -0.61321 -0.902269 -1.19123 -1.4801 -1.76886 -2.05753 1.13742 0.84828 0.559239 0.270293 -0.0185577 -0.307314 -0.595975 -0.884541 -1.17301 -1.46138 -1.74966 1.44265 1.15394 0.865313 0.576782 0.288345 0 -0.288251 -0.576409 -0.864473 -1.15244 -1.44032 1.74922 1.46094 1.17274 0.884639 0.596628 0.308707 0.0208783 -0.266859 -0.554504 -0.842057 -1.12952 2.05709 1.76925 1.4815 1.19384 0.906267 0.618784 0.331391 0.044088 -0.243125 -0.530248 -0.817279 2.36623 2.07885 1.79156 1.50435 1.21724 0.930208 0.643266 0.356411 0.0696449 -0.217033 -0.503622 2.67662 2.38971 2.1029 1.81616 1.52952 1.24296 0.95648 0.670091 0.383787 0.09757 -0.18856 2.98822 2.70181 2.41548 2.12924 1.84308 1.55701 1.27102 0.985107 0.699283 0.413543 0.127889 
        </afc:VectorAttribute>
        <afc:VectorAttribute name="z_data">
          -25 -20 -15 -10 -5 0 5 10 15 20 25 
        </afc:VectorAttribute>
      </Spline3d>
      <Spline3d name="right_front_base" active="true" userDefined="false" interpolation_method="akima" xLabel="Geared-Down Input Steer" yLabel="Base Variation" xUnit="angle" yUnit="length" datablock="Right-Front Base variation" zLabel="Jounce" zUnit="length">
        <afc:VectorAttribute name="x_data">
          -100 -80 -60 -40 -20 0 20 40 60 80 100 
        </afc:VectorAttribute>
        <afc:VectorAttribute name="y_data">
          -2.97207 -2.68229 -2.3924 -2.10241 -1.81232 -1.52212 -1.23183 -0.941428 -0.650927 -0.360325 -0.0696214 -2.66876 -2.37934 -2.08981 -1.80019 -1.51047 -1.22064 -0.930716 -0.640691 -0.350565 -0.0603397 0.229986 -2.3639 -2.07485 -1.7857 -1.49646 -1.20711 -0.917661 -0.628116 -0.338472 -0.0487295 0.241111 0.53105 -2.05753 -1.76886 -1.4801 -1.19123 -0.902269 -0.61321 -0.324053 -0.0348006 0.254549 0.543995 0.833537 -1.74966 -1.46138 -1.17301 -0.884541 -0.595975 -0.307314 -0.0185577 0.270293 0.559239 0.84828 1.13742 -1.44032 -1.15244 -0.864473 -0.576409 -0.288251 0 0.288345 0.576782 0.865313 1.15394 1.44265 -1.12952 -0.842057 -0.554504 -0.266859 0.0208783 0.308707 0.596628 0.884639 1.17274 1.46094 1.74922 -0.817279 -0.530248 -0.243125 0.044088 0.331391 0.618784 0.906267 1.19384 1.4815 1.76925 2.05709 -0.503622 -0.217033 0.0696449 0.356411 0.643266 0.930208 1.21724 1.50435 1.79156 2.07885 2.36623 -0.18856 0.09757 0.383787 0.670091 0.95648 1.24296 1.52952 1.81616 2.1029 2.38971 2.67662 0.127889 0.413543 0.699283 0.985107 1.27102 1.55701 1.84308 2.12924 2.41548 2.70181 2.98822 
        </afc:VectorAttribute>
        <afc:VectorAttribute name="z_data">
          -25 -20 -15 -10 -5 0 5 10 15 20 25 
        </afc:VectorAttribute>
      </Spline3d>
      <Spline3d name="left_caster_angle" active="true" userDefined="false" interpolation_method="akima" xLabel="Geared-Down Input Steer Angle" yLabel="Caster angle" xUnit="angle" yUnit="angle" datablock="Left-Front Caster" zLabel="Jounce" zUnit="length">
        <afc:VectorAttribute name="x_data">
          -100 -80 -60 -40 -20 0 20 40 60 80 100 
        </afc:VectorAttribute>
        <afc:VectorAttribute name="y_data">
          1.1604 1.16051 1.16061 1.16072 1.16083 1.16094 1.16105 1.16117 1.16129 1.16141 1.16153 1.21608 1.21619 1.2163 1.21641 1.21652 1.21664 1.21676 1.21688 1.217 1.21712 1.21725 1.27179 1.27191 1.27202 1.27213 1.27225 1.27237 1.27249 1.27262 1.27274 1.27287 1.273 1.32755 1.32766 1.32778 1.3279 1.32802 1.32814 1.32827 1.3284 1.32853 1.32866 1.3288 1.38335 1.38346 1.38359 1.38371 1.38383 1.38396 1.38409 1.38422 1.38436 1.38449 1.38463 1.43919 1.43932 1.43944 1.43957 1.43969 1.43983 1.43996 1.4401 1.44023 1.44038 1.44052 1.49509 1.49522 1.49535 1.49548 1.49561 1.49575 1.49588 1.49602 1.49617 1.49631 1.49646 1.55105 1.55118 1.55131 1.55145 1.55158 1.55172 1.55187 1.55201 1.55216 1.55231 1.55246 1.60708 1.60721 1.60734 1.60748 1.60762 1.60777 1.60791 1.60806 1.60821 1.60836 1.60852 1.66317 1.6633 1.66344 1.66359 1.66373 1.66388 1.66403 1.66418 1.66434 1.66449 1.66465 1.71934 1.71948 1.71962 1.71977 1.71992 1.72007 1.72022 1.72038 1.72054 1.7207 1.72086 
        </afc:VectorAttribute>
        <afc:VectorAttribute name="z_data">
          -25 -20 -15 -10 -5 0 5 10 15 20 25 
        </afc:VectorAttribute>
      </Spline3d>
      <Spline3d name="right_caster_angle" active="true" userDefined="false" interpolation_method="akima" xLabel="Geared-Down Input Steer" yLabel="Caster angle" xUnit="angle" yUnit="angle" datablock="Right-Front Caster Angle" zLabel="Jounce" zUnit="length">
        <afc:VectorAttribute name="x_data">
          -100 -80 -60 -40 -20 0 20 40 60 80 100 
        </afc:VectorAttribute>
        <afc:VectorAttribute name="y_data">
          1.16153 1.16141 1.16129 1.16117 1.16105 1.16094 1.16083 1.16072 1.16061 1.16051 1.1604 1.21725 1.21712 1.217 1.21688 1.21676 1.21664 1.21652 1.21641 1.2163 1.21619 1.21608 1.273 1.27287 1.27274 1.27262 1.27249 1.27237 1.27225 1.27213 1.27202 1.27191 1.27179 1.3288 1.32866 1.32853 1.3284 1.32827 1.32814 1.32802 1.3279 1.32778 1.32766 1.32755 1.38463 1.38449 1.38436 1.38422 1.38409 1.38396 1.38383 1.38371 1.38359 1.38346 1.38335 1.44052 1.44038 1.44023 1.4401 1.43996 1.43983 1.43969 1.43957 1.43944 1.43932 1.43919 1.49646 1.49631 1.49617 1.49602 1.49588 1.49575 1.49561 1.49548 1.49535 1.49522 1.49509 1.55246 1.55231 1.55216 1.55201 1.55187 1.55172 1.55158 1.55145 1.55131 1.55118 1.55105 1.60852 1.60836 1.60821 1.60806 1.60791 1.60777 1.60762 1.60748 1.60734 1.60721 1.60708 1.66465 1.66449 1.66434 1.66418 1.66403 1.66388 1.66373 1.66359 1.66344 1.6633 1.66317 1.72086 1.7207 1.72054 1.72038 1.72022 1.72007 1.71992 1.71977 1.71962 1.71948 1.71934 
        </afc:VectorAttribute>
        <afc:VectorAttribute name="z_data">
          -25 -20 -15 -10 -5 0 5 10 15 20 25 
        </afc:VectorAttribute>
      </Spline3d>
      <Spline3d name="left_kingpin_angle" active="true" userDefined="false" interpolation_method="akima" xLabel="Geared-Down Input Steer Angle" yLabel="Kingpin angle" xUnit="angle" yUnit="angle" datablock="Left-Front kingpin" zLabel="Jounce" zUnit="length">
        <afc:VectorAttribute name="x_data">
          -100 -80 -60 -40 -20 0 20 40 60 80 100 
        </afc:VectorAttribute>
        <afc:VectorAttribute name="y_data">
          5.52829 5.52846 5.52863 5.5288 5.52898 5.52916 5.52934 5.52953 5.52972 5.52992 5.53012 5.62067 5.62085 5.62104 5.62123 5.62142 5.62162 5.62182 5.62202 5.62223 5.62244 5.62266 5.71788 5.71808 5.71828 5.71848 5.71869 5.71891 5.71913 5.71935 5.71957 5.7198 5.72004 5.81995 5.82016 5.82038 5.8206 5.82083 5.82106 5.8213 5.82154 5.82178 5.82203 5.82229 5.92691 5.92714 5.92738 5.92762 5.92786 5.92811 5.92837 5.92863 5.92889 5.92916 5.92943 6.03881 6.03906 6.03931 6.03957 6.03983 6.0401 6.04038 6.04066 6.04094 6.04123 6.04152 6.15569 6.15595 6.15623 6.15651 6.15679 6.15708 6.15737 6.15767 6.15798 6.15829 6.1586 6.2776 6.27789 6.27818 6.27848 6.27879 6.2791 6.27941 6.27973 6.28006 6.28039 6.28073 6.40462 6.40493 6.40524 6.40556 6.40589 6.40622 6.40656 6.4069 6.40725 6.40761 6.40797 6.53681 6.53714 6.53748 6.53782 6.53817 6.53852 6.53888 6.53925 6.53963 6.54001 6.54039 6.67425 6.6746 6.67496 6.67533 6.6757 6.67608 6.67646 6.67686 6.67726 6.67766 6.67807 
        </afc:VectorAttribute>
        <afc:VectorAttribute name="z_data">
          -25 -20 -15 -10 -5 0 5 10 15 20 25 
        </afc:VectorAttribute>
      </Spline3d>
      <Spline3d name="right_kingpin_angle" active="true" userDefined="false" interpolation_method="akima" xLabel="Geared-Down Input Steer" yLabel="Kingpin angle" xUnit="angle" yUnit="angle" datablock="Right-Front kingpin Angle" zLabel="Jounce" zUnit="length">
        <afc:VectorAttribute name="x_data">
          -100 -80 -60 -40 -20 0 20 40 60 80 100 
        </afc:VectorAttribute>
        <afc:VectorAttribute name="y_data">
          5.53012 5.52992 5.52972 5.52953 5.52934 5.52916 5.52898 5.5288 5.52863 5.52846 5.52829 5.62266 5.62244 5.62223 5.62202 5.62182 5.62162 5.62142 5.62123 5.62104 5.62085 5.62067 5.72004 5.7198 5.71957 5.71935 5.71913 5.71891 5.71869 5.71848 5.71828 5.71808 5.71788 5.82229 5.82203 5.82178 5.82154 5.8213 5.82106 5.82083 5.8206 5.82038 5.82016 5.81995 5.92943 5.92916 5.92889 5.92863 5.92837 5.92811 5.92786 5.92762 5.92738 5.92714 5.92691 6.04152 6.04123 6.04094 6.04066 6.04038 6.0401 6.03983 6.03957 6.03931 6.03906 6.03881 6.1586 6.15829 6.15798 6.15767 6.15737 6.15708 6.15679 6.15651 6.15623 6.15595 6.15569 6.28073 6.28039 6.28006 6.27973 6.27941 6.2791 6.27879 6.27848 6.27818 6.27789 6.2776 6.40797 6.40761 6.40725 6.4069 6.40656 6.40622 6.40589 6.40556 6.40524 6.40493 6.40462 6.54039 6.54001 6.53963 6.53925 6.53888 6.53852 6.53817 6.53782 6.53748 6.53714 6.53681 6.67807 6.67766 6.67726 6.67686 6.67646 6.67608 6.6757 6.67533 6.67496 6.6746 6.67425 
        </afc:VectorAttribute>
        <afc:VectorAttribute name="z_data">
          -25 -20 -15 -10 -5 0 5 10 15 20 25 
        </afc:VectorAttribute>
      </Spline3d>
      <Spline3d name="left_steering_axis_X" active="true" userDefined="false" interpolation_method="akima" xLabel="Geared-Down Input Steer Angle" yLabel="Point on kingpin axis X" xUnit="angle" yUnit="length" datablock="Left-Front kingpin axis X" zLabel="Jounce" zUnit="length">
        <afc:VectorAttribute name="x_data">
          -100 -80 -60 -40 -20 0 20 40 60 80 100 
        </afc:VectorAttribute>
        <afc:VectorAttribute name="y_data">
          8.82736 8.82847 8.82961 8.83078 8.83197 8.83318 8.83442 8.83568 8.83696 8.83827 8.83961 9.33266 9.33382 9.33501 9.33623 9.33747 9.33873 9.34002 9.34134 9.34267 9.34404 9.34543 9.83768 9.8389 9.84014 9.84141 9.8427 9.84402 9.84536 9.84673 9.84812 9.84954 9.85098 10.3424 10.3437 10.345 10.3463 10.3477 10.349 10.3504 10.3519 10.3533 10.3548 10.3563 10.8469 10.8482 10.8496 10.851 10.8524 10.8538 10.8552 10.8567 10.8582 10.8597 10.8613 11.3511 11.3525 11.3539 11.3553 11.3568 11.3583 11.3598 11.3613 11.3629 11.3645 11.3661 11.855 11.8565 11.8579 11.8594 11.8609 11.8625 11.864 11.8656 11.8672 11.8689 11.8706 12.3587 12.3602 12.3617 12.3632 12.3648 12.3664 12.368 12.3697 12.3714 12.3731 12.3748 12.8621 12.8636 12.8652 12.8668 12.8684 12.8701 12.8717 12.8734 12.8752 12.877 12.8788 13.3652 13.3668 13.3684 13.37 13.3717 13.3734 13.3752 13.377 13.3788 13.3806 13.3825 13.868 13.8696 13.8713 13.873 13.8748 13.8765 13.8784 13.8802 13.8821 13.884 13.8859 
        </afc:VectorAttribute>
        <afc:VectorAttribute name="z_data">
          -25 -20 -15 -10 -5 0 5 10 15 20 25 
        </afc:VectorAttribute>
      </Spline3d>
      <Spline3d name="right_steering_axis_X" active="true" userDefined="false" interpolation_method="akima" xLabel="Geared-Down Input Steer" yLabel="Point on kingpin axis X" xUnit="angle" yUnit="length" datablock="Right-Front kingpin axis X" zLabel="Jounce" zUnit="length">
        <afc:VectorAttribute name="x_data">
          -100 -80 -60 -40 -20 0 20 40 60 80 100 
        </afc:VectorAttribute>
        <afc:VectorAttribute name="y_data">
          8.83961 8.83827 8.83696 8.83568 8.83442 8.83318 8.83197 8.83078 8.82961 8.82847 8.82736 9.34543 9.34404 9.34267 9.34134 9.34002 9.33873 9.33747 9.33623 9.33501 9.33382 9.33266 9.85098 9.84954 9.84812 9.84673 9.84536 9.84402 9.8427 9.84141 9.84014 9.8389 9.83768 10.3563 10.3548 10.3533 10.3519 10.3504 10.349 10.3477 10.3463 10.345 10.3437 10.3424 10.8613 10.8597 10.8582 10.8567 10.8552 10.8538 10.8524 10.851 10.8496 10.8482 10.8469 11.3661 11.3645 11.3629 11.3613 11.3598 11.3583 11.3568 11.3553 11.3539 11.3525 11.3511 11.8706 11.8689 11.8672 11.8656 11.864 11.8625 11.8609 11.8594 11.8579 11.8565 11.855 12.3748 12.3731 12.3714 12.3697 12.368 12.3664 12.3648 12.3632 12.3617 12.3602 12.3587 12.8788 12.877 12.8752 12.8734 12.8717 12.8701 12.8684 12.8668 12.8652 12.8636 12.8621 13.3825 13.3806 13.3788 13.377 13.3752 13.3734 13.3717 13.37 13.3684 13.3668 13.3652 13.8859 13.884 13.8821 13.8802 13.8784 13.8765 13.8748 13.873 13.8713 13.8696 13.868 
        </afc:VectorAttribute>
        <afc:VectorAttribute name="z_data">
          -25 -20 -15 -10 -5 0 5 10 15 20 25 
        </afc:VectorAttribute>
      </Spline3d>
      <Spline3d name="left_steering_axis_Y" active="true" userDefined="false" interpolation_method="akima" xLabel="Geared-Down Input Steer Angle" yLabel="Point on kingpin axis Y" xUnit="angle" yUnit="length" datablock="Left-Front kingpin axis Y" zLabel="Jounce" zUnit="length">
        <afc:VectorAttribute name="x_data">
          -100 -80 -60 -40 -20 0 20 40 60 80 100 
        </afc:VectorAttribute>
        <afc:VectorAttribute name="y_data">
          -21.1423 -21.1408 -21.1393 -21.1378 -21.1362 -21.1345 -21.1329 -21.1312 -21.1295 -21.1277 -21.126 -20.8306 -20.8291 -20.8276 -20.8261 -20.8245 -20.8229 -20.8213 -20.8197 -20.818 -20.8163 -20.8145 -20.5713 -20.5698 -20.5684 -20.5669 -20.5653 -20.5638 -20.5622 -20.5606 -20.5589 -20.5573 -20.5556 -20.3642 -20.3627 -20.3613 -20.3599 -20.3584 -20.3569 -20.3553 -20.3537 -20.3521 -20.3505 -20.3489 -20.2091 -20.2078 -20.2064 -20.205 -20.2035 -20.2021 -20.2006 -20.199 -20.1975 -20.1959 -20.1943 -20.1061 -20.1048 -20.1034 -20.1021 -20.1007 -20.0993 -20.0978 -20.0963 -20.0948 -20.0933 -20.0917 -20.055 -20.0537 -20.0524 -20.0511 -20.0497 -20.0483 -20.0469 -20.0455 -20.0441 -20.0426 -20.0411 -20.0556 -20.0544 -20.0531 -20.0518 -20.0505 -20.0492 -20.0479 -20.0465 -20.0451 -20.0437 -20.0423 -20.108 -20.1068 -20.1056 -20.1044 -20.1031 -20.1018 -20.1006 -20.0993 -20.0979 -20.0966 -20.0952 -20.212 -20.2108 -20.2097 -20.2085 -20.2073 -20.2061 -20.2049 -20.2037 -20.2024 -20.2011 -20.1998 -20.3676 -20.3665 -20.3654 -20.3643 -20.3632 -20.3621 -20.3609 -20.3597 -20.3585 -20.3573 -20.3561 
        </afc:VectorAttribute>
        <afc:VectorAttribute name="z_data">
          -25 -20 -15 -10 -5 0 5 10 15 20 25 
        </afc:VectorAttribute>
      </Spline3d>
      <Spline3d name="right_steering_axis_Y" active="true" userDefined="false" interpolation_method="akima" xLabel="Geared-Down Input Steer" yLabel="Point on kingpin axis Y" xUnit="angle" yUnit="length" datablock="Right-Front kingpin axis Y" zLabel="Jounce" zUnit="length">
        <afc:VectorAttribute name="x_data">
          -100 -80 -60 -40 -20 0 20 40 60 80 100 
        </afc:VectorAttribute>
        <afc:VectorAttribute name="y_data">
          21.126 21.1277 21.1295 21.1312 21.1329 21.1345 21.1362 21.1378 21.1393 21.1408 21.1423 20.8145 20.8163 20.818 20.8197 20.8213 20.8229 20.8245 20.8261 20.8276 20.8291 20.8306 20.5556 20.5573 20.5589 20.5606 20.5622 20.5638 20.5653 20.5669 20.5684 20.5698 20.5713 20.3489 20.3505 20.3521 20.3537 20.3553 20.3569 20.3584 20.3599 20.3613 20.3627 20.3642 20.1943 20.1959 20.1975 20.199 20.2006 20.2021 20.2035 20.205 20.2064 20.2078 20.2091 20.0917 20.0933 20.0948 20.0963 20.0978 20.0993 20.1007 20.1021 20.1034 20.1048 20.1061 20.0411 20.0426 20.0441 20.0455 20.0469 20.0483 20.0497 20.0511 20.0524 20.0537 20.055 20.0423 20.0437 20.0451 20.0465 20.0479 20.0492 20.0505 20.0518 20.0531 20.0544 20.0556 20.0952 20.0966 20.0979 20.0993 20.1006 20.1018 20.1031 20.1044 20.1056 20.1068 20.108 20.1998 20.2011 20.2024 20.2037 20.2049 20.2061 20.2073 20.2085 20.2097 20.2108 20.212 20.3561 20.3573 20.3585 20.3597 20.3609 20.3621 20.3632 20.3643 20.3654 20.3665 20.3676 
        </afc:VectorAttribute>
        <afc:VectorAttribute name="z_data">
          -25 -20 -15 -10 -5 0 5 10 15 20 25 
        </afc:VectorAttribute>
      </Spline3d>
      <Spline3d name="left_steering_axis_Z" active="true" userDefined="false" interpolation_method="akima" xLabel="Geared-Down Input Steer Angle" yLabel="Point on kingpin axis Z" xUnit="angle" yUnit="length" datablock="Left-Front kingpin axis Z" zLabel="Jounce" zUnit="length">
        <afc:VectorAttribute name="x_data">
          -100 -80 -60 -40 -20 0 20 40 60 80 100 
        </afc:VectorAttribute>
        <afc:VectorAttribute name="y_data">
          -228.186 -228.187 -228.188 -228.188 -228.189 -228.19 -228.19 -228.19 -228.19 -228.19 -228.19 -223.19 -223.191 -223.192 -223.192 -223.193 -223.193 -223.193 -223.194 -223.194 -223.194 -223.193 -218.193 -218.194 -218.195 -218.195 -218.196 -218.196 -218.196 -218.196 -218.196 -218.196 -218.196 -213.196 -213.197 -213.197 -213.198 -213.198 -213.198 -213.198 -213.198 -213.198 -213.198 -213.198 -208.198 -208.198 -208.199 -208.199 -208.199 -208.2 -208.2 -208.199 -208.199 -208.199 -208.198 -203.199 -203.199 -203.199 -203.2 -203.2 -203.2 -203.2 -203.2 -203.199 -203.199 -203.199 -198.198 -198.199 -198.199 -198.199 -198.199 -198.199 -198.199 -198.199 -198.199 -198.198 -198.198 -193.197 -193.197 -193.198 -193.198 -193.198 -193.198 -193.198 -193.197 -193.197 -193.196 -193.196 -188.195 -188.195 -188.195 -188.195 -188.195 -188.195 -188.195 -188.194 -188.194 -188.193 -188.192 -183.191 -183.191 -183.191 -183.191 -183.191 -183.191 -183.19 -183.19 -183.189 -183.189 -183.188 -178.185 -178.185 -178.186 -178.186 -178.185 -178.185 -178.185 -178.184 -178.184 -178.183 -178.182 
        </afc:VectorAttribute>
        <afc:VectorAttribute name="z_data">
          -25 -20 -15 -10 -5 0 5 10 15 20 25 
        </afc:VectorAttribute>
      </Spline3d>
      <Spline3d name="right_steering_axis_Z" active="true" userDefined="false" interpolation_method="akima" xLabel="Geared-Down Input Steer" yLabel="Point on kingpin axis Z" xUnit="angle" yUnit="length" datablock="Right-Front kingpin axis Z" zLabel="Jounce" zUnit="length">
        <afc:VectorAttribute name="x_data">
          -100 -80 -60 -40 -20 0 20 40 60 80 100 
        </afc:VectorAttribute>
        <afc:VectorAttribute name="y_data">
          -228.19 -228.19 -228.19 -228.19 -228.19 -228.19 -228.189 -228.188 -228.188 -228.187 -228.186 -223.193 -223.194 -223.194 -223.194 -223.193 -223.193 -223.193 -223.192 -223.192 -223.191 -223.19 -218.196 -218.196 -218.196 -218.196 -218.196 -218.196 -218.196 -218.195 -218.195 -218.194 -218.193 -213.198 -213.198 -213.198 -213.198 -213.198 -213.198 -213.198 -213.198 -213.197 -213.197 -213.196 -208.198 -208.199 -208.199 -208.199 -208.2 -208.2 -208.199 -208.199 -208.199 -208.198 -208.198 -203.199 -203.199 -203.199 -203.2 -203.2 -203.2 -203.2 -203.2 -203.199 -203.199 -203.199 -198.198 -198.198 -198.199 -198.199 -198.199 -198.199 -198.199 -198.199 -198.199 -198.199 -198.198 -193.196 -193.196 -193.197 -193.197 -193.198 -193.198 -193.198 -193.198 -193.198 -193.197 -193.197 -188.192 -188.193 -188.194 -188.194 -188.195 -188.195 -188.195 -188.195 -188.195 -188.195 -188.195 -183.188 -183.189 -183.189 -183.19 -183.19 -183.191 -183.191 -183.191 -183.191 -183.191 -183.191 -178.182 -178.183 -178.184 -178.184 -178.185 -178.185 -178.185 -178.186 -178.186 -178.185 -178.185 
        </afc:VectorAttribute>
        <afc:VectorAttribute name="z_data">
          -25 -20 -15 -10 -5 0 5 10 15 20 25 
        </afc:VectorAttribute>
      </Spline3d>
      <Spline2d name="left_front_steer_1d" id="0" active="true" userDefined="false" interpolation_method="akima" xLabel="Geared-Down Input Steer" yLabel="Steer At Ground" xUnit="angle" yUnit="angle" datablock="Left-Front Steering Kinematics">
        <![CDATA[
           -100 -1.98692
           -80 -1.59004
           -60 -1.19293
           -40 -0.795561
           -20 -0.397926
           0 0
           20 0.398236
           40 0.796801
           60 1.19572
           80 1.595
           100 1.99468
]]>
      </Spline2d>
      <Spline2d name="right_front_steer_1d" id="0" active="true" userDefined="false" interpolation_method="akima" xLabel="Geared-Down Input Steer" yLabel="Steer At Ground" xUnit="angle" yUnit="angle" datablock="Right-Front Steering Kinematics">
        <![CDATA[
           -100 -1.99468
           -80 -1.595
           -60 -1.19572
           -40 -0.796801
           -20 -0.398236
           0 0
           20 0.397926
           40 0.795561
           60 1.19293
           80 1.59004
           100 1.98692
]]>
      </Spline2d>
      <Spline2d name="rack_travel_vs_SWA" id="0" active="true" userDefined="false" interpolation_method="akima" xUnit="angle" yUnit="length">
        <![CDATA[
           -100 -2.61802
           -80 -2.09442
           -60 -1.57081
           -40 -1.04721
           -20 -0.523604
           0 0
           20 0.523604
           40 1.04721
           60 1.57081
           80 2.09442
           100 2.61802
]]>
      </Spline2d>
      <Spline3d name="left_front_rack_steer" active="true" userDefined="false" interpolation_method="akima" xLabel="Rack travel" yLabel="Steer At Ground" xUnit="length" yUnit="angle" datablock="Left-Front Steering Kinematics" zUnit="length">
        <afc:VectorAttribute name="x_data">
          -2.61802 -2.09442 -1.57081 -1.04721 -0.523604 0 0.523604 1.04721 1.57081 2.09442 2.61802 
        </afc:VectorAttribute>
        <afc:VectorAttribute name="y_data">
          -2.02707 -1.62765 -1.22801 -0.828126 -0.427984 -0.0275602 0.373165 0.774211 1.1756 1.57735 1.97949 -2.01458 -1.61564 -1.21648 -0.817071 -0.417401 -0.0174488 0.382807 0.783387 1.18431 1.5856 1.98727 -2.00437 -1.60592 -1.20724 -0.808326 -0.409143 -0.00967394 0.3901 0.790199 1.19064 1.59146 1.99265 -1.99638 -1.59844 -1.20027 -0.801851 -0.403168 -0.00419765 0.39508 0.794684 1.19464 1.59496 1.99566 -1.99058 -1.59316 -1.19551 -0.797608 -0.399441 -0.000984233 0.397781 0.796874 1.19632 1.59613 1.99633 -1.98692 -1.59004 -1.19293 -0.795561 -0.397926 0 0.398236 0.796801 1.19572 1.595 1.99468 -1.98538 -1.58905 -1.19249 -0.795675 -0.39859 -0.00121311 0.396475 0.794495 1.19287 1.59161 1.99074 -1.9859 -1.59015 -1.19416 -0.797918 -0.401402 -0.0045934 0.392528 0.789982 1.18779 1.58597 1.98454 -1.98847 -1.59331 -1.19791 -0.802258 -0.406332 -0.0101123 0.386422 0.783289 1.18051 1.57811 1.97609 -1.99303 -1.59849 -1.20371 -0.808667 -0.413352 -0.0177426 0.378182 0.774441 1.17105 1.56804 1.96542 -1.99957 -1.60566 -1.21152 -0.817115 -0.422435 -0.0274584 0.367834 0.763461 1.15944 1.5558 1.95255 
        </afc:VectorAttribute>
        <afc:VectorAttribute name="z_data">
          -25 -20 -15 -10 -5 0 5 10 15 20 25 
        </afc:VectorAttribute>
      </Spline3d>
      <Spline3d name="right_front_rack_steer" active="true" userDefined="false" interpolation_method="akima" xLabel="Rack travel" yLabel="Steer At Ground" xUnit="length" yUnit="angle" datablock="Right-Front Steering Kinematics" zUnit="length">
        <afc:VectorAttribute name="x_data">
          -2.61802 -2.09442 -1.57081 -1.04721 -0.523604 0 0.523604 1.04721 1.57081 2.09442 2.61802 
        </afc:VectorAttribute>
        <afc:VectorAttribute name="y_data">
          -1.97949 -1.57735 -1.1756 -0.774211 -0.373165 0.0275602 0.427984 0.828126 1.22801 1.62765 2.02707 -1.98727 -1.5856 -1.18431 -0.783387 -0.382807 0.0174488 0.417401 0.817071 1.21648 1.61564 2.01458 -1.99265 -1.59146 -1.19064 -0.790199 -0.3901 0.00967394 0.409143 0.808326 1.20724 1.60592 2.00437 -1.99566 -1.59496 -1.19464 -0.794684 -0.39508 0.00419765 0.403168 0.801851 1.20027 1.59844 1.99638 -1.99633 -1.59613 -1.19632 -0.796874 -0.397781 0.000984233 0.399441 0.797608 1.19551 1.59316 1.99058 -1.99468 -1.595 -1.19572 -0.796801 -0.398236 0 0.397926 0.795561 1.19293 1.59004 1.98692 -1.99074 -1.59161 -1.19287 -0.794495 -0.396475 0.00121311 0.39859 0.795675 1.19249 1.58905 1.98538 -1.98454 -1.58597 -1.18779 -0.789982 -0.392528 0.0045934 0.401402 0.797918 1.19416 1.59015 1.9859 -1.97609 -1.57811 -1.18051 -0.783289 -0.386422 0.0101123 0.406332 0.802258 1.19791 1.59331 1.98847 -1.96542 -1.56804 -1.17105 -0.774441 -0.378182 0.0177426 0.413352 0.808667 1.20371 1.59849 1.99303 -1.95255 -1.5558 -1.15944 -0.763461 -0.367834 0.0274584 0.422435 0.817115 1.21152 1.60566 1.99957 
        </afc:VectorAttribute>
        <afc:VectorAttribute name="z_data">
          -25 -20 -15 -10 -5 0 5 10 15 20 25 
        </afc:VectorAttribute>
      </Spline3d>
      <Spline3d name="left_front_rack_camber" active="true" userDefined="false" interpolation_method="akima" xLabel="Rack travel" yLabel="Camber" xUnit="length" yUnit="angle" datablock="Left-Front Camber" zLabel="Jounce" zUnit="length">
        <afc:VectorAttribute name="x_data">
          -2.61802 -2.09442 -1.57081 -1.04721 -0.523604 0 0.523604 1.04721 1.57081 2.09442 2.61802 
        </afc:VectorAttribute>
        <afc:VectorAttribute name="y_data">
          0.473537 0.480227 0.487191 0.494428 0.501939 0.509726 0.517787 0.526125 0.53474 0.543633 0.552804 0.379593 0.386635 0.393953 0.40155 0.409424 0.417577 0.42601 0.434723 0.443717 0.452993 0.462552 0.280807 0.288195 0.295865 0.303816 0.31205 0.320567 0.329368 0.338453 0.347823 0.35748 0.367424 0.177145 0.184876 0.192893 0.201196 0.209785 0.218662 0.227827 0.237281 0.247025 0.257059 0.267385 0.0685685 0.0766379 0.0849974 0.0936475 0.102589 0.111822 0.121348 0.131168 0.141282 0.151691 0.162397 -0.0449692 -0.036566 -0.0278682 -0.018875 -0.00958587 0 0.00988336 0.020065 0.0305459 0.0413269 0.0524089 -0.163522 -0.154789 -0.145758 -0.136426 -0.126793 -0.116859 -0.106622 -0.0960818 -0.0852375 -0.0740882 -0.0626328 -0.287149 -0.278093 -0.268732 -0.259066 -0.249094 -0.238815 -0.228229 -0.217334 -0.206131 -0.194616 -0.182791 -0.41592 -0.406545 -0.39686 -0.386864 -0.376557 -0.365939 -0.355007 -0.343762 -0.332202 -0.320327 -0.308135 -0.549909 -0.54022 -0.530216 -0.519896 -0.509259 -0.498305 -0.487032 -0.475441 -0.46353 -0.451297 -0.438742 -0.689199 -0.679201 -0.668883 -0.658243 -0.647281 -0.635997 -0.624388 -0.612455 -0.600196 -0.58761 -0.574697 
        </afc:VectorAttribute>
        <afc:VectorAttribute name="z_data">
          -25 -20 -15 -10 -5 0 5 10 15 20 25 
        </afc:VectorAttribute>
      </Spline3d>
      <Spline3d name="right_front_rack_camber" active="true" userDefined="false" interpolation_method="akima" xLabel="Rack travel" yLabel="Camber" xUnit="length" yUnit="angle" datablock="Right-Front Camber" zLabel="Jounce" zUnit="length">
        <afc:VectorAttribute name="x_data">
          -2.61802 -2.09442 -1.57081 -1.04721 -0.523604 0 0.523604 1.04721 1.57081 2.09442 2.61802 
        </afc:VectorAttribute>
        <afc:VectorAttribute name="y_data">
          0.552804 0.543633 0.53474 0.526125 0.517787 0.509726 0.501939 0.494428 0.487191 0.480227 0.473537 0.462552 0.452993 0.443717 0.434723 0.42601 0.417577 0.409424 0.40155 0.393953 0.386635 0.379593 0.367424 0.35748 0.347823 0.338453 0.329368 0.320567 0.31205 0.303816 0.295865 0.288195 0.280807 0.267385 0.257059 0.247025 0.237281 0.227827 0.218662 0.209785 0.201196 0.192893 0.184876 0.177145 0.162397 0.151691 0.141282 0.131168 0.121348 0.111822 0.102589 0.0936475 0.0849974 0.0766379 0.0685685 0.0524089 0.0413269 0.0305459 0.020065 0.00988336 0 -0.00958587 -0.018875 -0.0278682 -0.036566 -0.0449692 -0.0626328 -0.0740882 -0.0852375 -0.0960818 -0.106622 -0.116859 -0.126793 -0.136426 -0.145758 -0.154789 -0.163522 -0.182791 -0.194616 -0.206131 -0.217334 -0.228229 -0.238815 -0.249094 -0.259066 -0.268732 -0.278093 -0.287149 -0.308135 -0.320327 -0.332202 -0.343762 -0.355007 -0.365939 -0.376557 -0.386864 -0.39686 -0.406545 -0.41592 -0.438742 -0.451297 -0.46353 -0.475441 -0.487032 -0.498305 -0.509259 -0.519896 -0.530216 -0.54022 -0.549909 -0.574697 -0.58761 -0.600196 -0.612455 -0.624388 -0.635997 -0.647281 -0.658243 -0.668883 -0.679201 -0.689199 
        </afc:VectorAttribute>
        <afc:VectorAttribute name="z_data">
          -25 -20 -15 -10 -5 0 5 10 15 20 25 
        </afc:VectorAttribute>
      </Spline3d>
      <Spline3d name="left_front_rack_sva" active="true" userDefined="false" interpolation_method="akima" xLabel="Rack travel" yLabel="Side View Angle" xUnit="length" yUnit="angle" datablock="Left-Front Side View Angle" zLabel="Jounce" zUnit="length">
        <afc:VectorAttribute name="x_data">
          -2.61802 -2.09442 -1.57081 -1.04721 -0.523604 0 0.523604 1.04721 1.57081 2.09442 2.61802 
        </afc:VectorAttribute>
        <afc:VectorAttribute name="y_data">
          -0.475709 -0.43656 -0.39747 -0.358433 -0.319445 -0.280498 -0.241587 -0.202707 -0.163851 -0.125015 -0.0861925 -0.422208 -0.382461 -0.342772 -0.303135 -0.263545 -0.223996 -0.184481 -0.144996 -0.105534 -0.0660904 -0.0266582 -0.369059 -0.328682 -0.288363 -0.248095 -0.207872 -0.167689 -0.12754 -0.0874189 -0.0473196 -0.00723632 0.0328367 -0.316265 -0.275228 -0.234247 -0.193317 -0.152431 -0.111584 -0.0707688 -0.0299803 0.0107878 0.0515414 0.0922864 -0.263832 -0.222104 -0.180431 -0.138808 -0.0972279 -0.055685 -0.0141732 0.0273135 0.0687813 0.110236 0.151684 -0.211766 -0.169316 -0.126921 -0.084574 -0.0422691 0 0.0422393 0.084455 0.126653 0.16884 0.211022 -0.160076 -0.116873 -0.0737249 -0.0306235 0.012437 0.0554629 0.0984604 0.141436 0.184395 0.227345 0.270292 -0.108769 -0.0647843 -0.0208519 0.0230345 0.0668811 0.110694 0.154481 0.198246 0.241998 0.285741 0.329483 -0.0578574 -0.0130591 0.0316877 0.0763895 0.121053 0.165684 0.21029 0.254876 0.29945 0.344018 0.388586 -0.00735134 0.0382908 0.0838825 0.12943 0.174941 0.22042 0.265876 0.311314 0.356741 0.402163 0.447588 0.0427365 0.0892529 0.13572 0.182144 0.228532 0.274891 0.321227 0.367547 0.413857 0.460165 0.506477 
        </afc:VectorAttribute>
        <afc:VectorAttribute name="z_data">
          -25 -20 -15 -10 -5 0 5 10 15 20 25 
        </afc:VectorAttribute>
      </Spline3d>
      <Spline3d name="right_front_rack_sva" active="true" userDefined="false" interpolation_method="akima" xLabel="Rack travel" yLabel="Side View Angle" xUnit="length" yUnit="angle" datablock="Right-Front Side View Angle" zLabel="Jounce" zUnit="length">
        <afc:VectorAttribute name="x_data">
          -2.61802 -2.09442 -1.57081 -1.04721 -0.523604 0 0.523604 1.04721 1.57081 2.09442 2.61802 
        </afc:VectorAttribute>
        <afc:VectorAttribute name="y_data">
          -0.0861925 -0.125015 -0.163851 -0.202707 -0.241587 -0.280498 -0.319445 -0.358433 -0.39747 -0.43656 -0.475709 -0.0266582 -0.0660904 -0.105534 -0.144996 -0.184481 -0.223996 -0.263545 -0.303135 -0.342772 -0.382461 -0.422208 0.0328367 -0.00723632 -0.0473196 -0.0874189 -0.12754 -0.167689 -0.207872 -0.248095 -0.288363 -0.328682 -0.369059 0.0922864 0.0515414 0.0107878 -0.0299803 -0.0707688 -0.111584 -0.152431 -0.193317 -0.234247 -0.275228 -0.316265 0.151684 0.110236 0.0687813 0.0273135 -0.0141732 -0.055685 -0.0972279 -0.138808 -0.180431 -0.222104 -0.263832 0.211022 0.16884 0.126653 0.084455 0.0422393 0 -0.0422691 -0.084574 -0.126921 -0.169316 -0.211766 0.270292 0.227345 0.184395 0.141436 0.0984604 0.0554629 0.012437 -0.0306235 -0.0737249 -0.116873 -0.160076 0.329483 0.285741 0.241998 0.198246 0.154481 0.110694 0.0668811 0.0230345 -0.0208519 -0.0647843 -0.108769 0.388586 0.344018 0.29945 0.254876 0.21029 0.165684 0.121053 0.0763895 0.0316877 -0.0130591 -0.0578574 0.447588 0.402163 0.356741 0.311314 0.265876 0.22042 0.174941 0.12943 0.0838825 0.0382908 -0.00735133 0.506477 0.460165 0.413857 0.367547 0.321227 0.274891 0.228532 0.182144 0.13572 0.0892529 0.0427365 
        </afc:VectorAttribute>
        <afc:VectorAttribute name="z_data">
          -25 -20 -15 -10 -5 0 5 10 15 20 25 
        </afc:VectorAttribute>
      </Spline3d>
      <Spline3d name="left_front_rack_track" active="true" userDefined="false" interpolation_method="akima" xLabel="Rack travel" yLabel="Track Variation" xUnit="length" yUnit="length" datablock="Left-Front Track variation" zLabel="Jounce" zUnit="length">
        <afc:VectorAttribute name="x_data">
          -2.61802 -2.09442 -1.57081 -1.04721 -0.523604 0 0.523604 1.04721 1.57081 2.09442 2.61802 
        </afc:VectorAttribute>
        <afc:VectorAttribute name="y_data">
          0.957175 0.922841 0.886453 0.848008 0.807503 0.764933 0.720293 0.673579 0.624785 0.573905 0.520935 0.942945 0.908471 0.871945 0.833364 0.792725 0.750023 0.705253 0.65841 0.60949 0.558486 0.505392 0.859602 0.824993 0.788335 0.749624 0.708856 0.666028 0.621134 0.574169 0.525128 0.474006 0.420796 0.707213 0.672475 0.63569 0.596854 0.555964 0.513016 0.468003 0.420922 0.371767 0.320533 0.267212 0.485805 0.450943 0.414036 0.375082 0.334075 0.291012 0.245887 0.198695 0.149432 0.0980909 0.0446663 0.195362 0.160382 0.123359 0.0842909 0.0431726 0 -0.0452318 -0.0925279 -0.141894 -0.193335 -0.246858 -0.16417 -0.199264 -0.236398 -0.275575 -0.316799 -0.360075 -0.405409 -0.452804 -0.502266 -0.553802 -0.607417 -0.592889 -0.628092 -0.665332 -0.704612 -0.745937 -0.789312 -0.834741 -0.88223 -0.931783 -0.983408 -1.03711 -1.09093 -1.12624 -1.16358 -1.20296 -1.24438 -1.28785 -1.33337 -1.38095 -1.43058 -1.48229 -1.53607 -1.65848 -1.69389 -1.73132 -1.7708 -1.81231 -1.85587 -1.90147 -1.94913 -1.99885 -2.05063 -2.10449 -2.29575 -2.33126 -2.36878 -2.40835 -2.44994 -2.49358 -2.53927 -2.587 -2.6368 -2.68865 -2.74258 
        </afc:VectorAttribute>
        <afc:VectorAttribute name="z_data">
          -25 -20 -15 -10 -5 0 5 10 15 20 25 
        </afc:VectorAttribute>
      </Spline3d>
      <Spline3d name="right_front_rack_track" active="true" userDefined="false" interpolation_method="akima" xLabel="Rack travel" yLabel="Track Variation" xUnit="length" yUnit="length" datablock="Right-Front Track variation" zLabel="Jounce" zUnit="length">
        <afc:VectorAttribute name="x_data">
          -2.61802 -2.09442 -1.57081 -1.04721 -0.523604 0 0.523604 1.04721 1.57081 2.09442 2.61802 
        </afc:VectorAttribute>
        <afc:VectorAttribute name="y_data">
          -0.520935 -0.573905 -0.624785 -0.673579 -0.720293 -0.764933 -0.807503 -0.848008 -0.886453 -0.922841 -0.957175 -0.505392 -0.558486 -0.60949 -0.65841 -0.705253 -0.750023 -0.792725 -0.833364 -0.871945 -0.908471 -0.942945 -0.420796 -0.474006 -0.525128 -0.574169 -0.621134 -0.666028 -0.708856 -0.749624 -0.788335 -0.824993 -0.859602 -0.267212 -0.320533 -0.371767 -0.420922 -0.468003 -0.513016 -0.555964 -0.596854 -0.63569 -0.672475 -0.707213 -0.0446663 -0.0980909 -0.149432 -0.198695 -0.245887 -0.291012 -0.334075 -0.375082 -0.414036 -0.450943 -0.485805 0.246858 0.193335 0.141894 0.0925279 0.0452318 0 -0.0431726 -0.0842909 -0.123359 -0.160382 -0.195362 0.607417 0.553802 0.502266 0.452804 0.405409 0.360075 0.316799 0.275575 0.236398 0.199264 0.16417 1.03711 0.983408 0.931783 0.88223 0.834741 0.789312 0.745937 0.704612 0.665332 0.628092 0.592889 1.53607 1.48229 1.43058 1.38095 1.33337 1.28785 1.24438 1.20296 1.16358 1.12624 1.09093 2.10449 2.05063 1.99885 1.94913 1.90147 1.85587 1.81231 1.7708 1.73132 1.69389 1.65848 2.74258 2.68865 2.6368 2.587 2.53927 2.49358 2.44994 2.40835 2.36878 2.33126 2.29575 
        </afc:VectorAttribute>
        <afc:VectorAttribute name="z_data">
          -25 -20 -15 -10 -5 0 5 10 15 20 25 
        </afc:VectorAttribute>
      </Spline3d>
      <Spline3d name="left_front_rack_base" active="true" userDefined="false" interpolation_method="akima" xLabel="Rack travel" yLabel="Base Variation" xUnit="length" yUnit="length" datablock="Left-Front Base variation" zLabel="Jounce" zUnit="length">
        <afc:VectorAttribute name="x_data">
          -2.61802 -2.09442 -1.57081 -1.04721 -0.523604 0 0.523604 1.04721 1.57081 2.09442 2.61802 
        </afc:VectorAttribute>
        <afc:VectorAttribute name="y_data">
          -0.0696214 -0.360325 -0.650927 -0.941428 -1.23183 -1.52212 -1.81232 -2.10241 -2.3924 -2.68229 -2.97207 0.229986 -0.0603397 -0.350565 -0.640691 -0.930716 -1.22064 -1.51047 -1.80019 -2.08981 -2.37934 -2.66876 0.53105 0.241111 -0.0487295 -0.338472 -0.628116 -0.917661 -1.20711 -1.49646 -1.7857 -2.07485 -2.3639 0.833537 0.543995 0.254549 -0.0348006 -0.324053 -0.61321 -0.902269 -1.19123 -1.4801 -1.76886 -2.05753 1.13742 0.84828 0.559239 0.270293 -0.0185577 -0.307314 -0.595975 -0.884541 -1.17301 -1.46138 -1.74966 1.44265 1.15394 0.865313 0.576782 0.288345 0 -0.288251 -0.576409 -0.864473 -1.15244 -1.44032 1.74922 1.46094 1.17274 0.884639 0.596628 0.308707 0.0208783 -0.266859 -0.554504 -0.842057 -1.12952 2.05709 1.76925 1.4815 1.19384 0.906267 0.618784 0.331391 0.044088 -0.243125 -0.530248 -0.817279 2.36623 2.07885 1.79156 1.50435 1.21724 0.930208 0.643266 0.356411 0.0696449 -0.217033 -0.503622 2.67662 2.38971 2.1029 1.81616 1.52952 1.24296 0.95648 0.670091 0.383787 0.09757 -0.18856 2.98822 2.70181 2.41548 2.12924 1.84308 1.55701 1.27102 0.985107 0.699283 0.413543 0.127889 
        </afc:VectorAttribute>
        <afc:VectorAttribute name="z_data">
          -25 -20 -15 -10 -5 0 5 10 15 20 25 
        </afc:VectorAttribute>
      </Spline3d>
      <Spline3d name="right_front_rack_base" active="true" userDefined="false" interpolation_method="akima" xLabel="Rack travel" yLabel="Base Variation" xUnit="length" yUnit="length" datablock="Right-Front Base variation" zLabel="Jounce" zUnit="length">
        <afc:VectorAttribute name="x_data">
          -2.61802 -2.09442 -1.57081 -1.04721 -0.523604 0 0.523604 1.04721 1.57081 2.09442 2.61802 
        </afc:VectorAttribute>
        <afc:VectorAttribute name="y_data">
          -2.97207 -2.68229 -2.3924 -2.10241 -1.81232 -1.52212 -1.23183 -0.941428 -0.650927 -0.360325 -0.0696214 -2.66876 -2.37934 -2.08981 -1.80019 -1.51047 -1.22064 -0.930716 -0.640691 -0.350565 -0.0603397 0.229986 -2.3639 -2.07485 -1.7857 -1.49646 -1.20711 -0.917661 -0.628116 -0.338472 -0.0487295 0.241111 0.53105 -2.05753 -1.76886 -1.4801 -1.19123 -0.902269 -0.61321 -0.324053 -0.0348006 0.254549 0.543995 0.833537 -1.74966 -1.46138 -1.17301 -0.884541 -0.595975 -0.307314 -0.0185577 0.270293 0.559239 0.84828 1.13742 -1.44032 -1.15244 -0.864473 -0.576409 -0.288251 0 0.288345 0.576782 0.865313 1.15394 1.44265 -1.12952 -0.842057 -0.554504 -0.266859 0.0208783 0.308707 0.596628 0.884639 1.17274 1.46094 1.74922 -0.817279 -0.530248 -0.243125 0.044088 0.331391 0.618784 0.906267 1.19384 1.4815 1.76925 2.05709 -0.503622 -0.217033 0.0696449 0.356411 0.643266 0.930208 1.21724 1.50435 1.79156 2.07885 2.36623 -0.18856 0.09757 0.383787 0.670091 0.95648 1.24296 1.52952 1.81616 2.1029 2.38971 2.67662 0.127889 0.413543 0.699283 0.985107 1.27102 1.55701 1.84308 2.12924 2.41548 2.70181 2.98822 
        </afc:VectorAttribute>
        <afc:VectorAttribute name="z_data">
          -25 -20 -15 -10 -5 0 5 10 15 20 25 
        </afc:VectorAttribute>
      </Spline3d>
      <Spline3d name="left_caster_rack_angle" active="true" userDefined="false" interpolation_method="akima" xLabel="Rack travel" yLabel="Caster angle" xUnit="length" yUnit="angle" datablock="Left-Front Caster" zLabel="Jounce" zUnit="length">
        <afc:VectorAttribute name="x_data">
          -2.61802 -2.09442 -1.57081 -1.04721 -0.523604 0 0.523604 1.04721 1.57081 2.09442 2.61802 
        </afc:VectorAttribute>
        <afc:VectorAttribute name="y_data">
          1.1604 1.16051 1.16061 1.16072 1.16083 1.16094 1.16105 1.16117 1.16129 1.16141 1.16153 1.21608 1.21619 1.2163 1.21641 1.21652 1.21664 1.21676 1.21688 1.217 1.21712 1.21725 1.27179 1.27191 1.27202 1.27213 1.27225 1.27237 1.27249 1.27262 1.27274 1.27287 1.273 1.32755 1.32766 1.32778 1.3279 1.32802 1.32814 1.32827 1.3284 1.32853 1.32866 1.3288 1.38335 1.38346 1.38359 1.38371 1.38383 1.38396 1.38409 1.38422 1.38436 1.38449 1.38463 1.43919 1.43932 1.43944 1.43957 1.43969 1.43983 1.43996 1.4401 1.44023 1.44038 1.44052 1.49509 1.49522 1.49535 1.49548 1.49561 1.49575 1.49588 1.49602 1.49617 1.49631 1.49646 1.55105 1.55118 1.55131 1.55145 1.55158 1.55172 1.55187 1.55201 1.55216 1.55231 1.55246 1.60708 1.60721 1.60734 1.60748 1.60762 1.60777 1.60791 1.60806 1.60821 1.60836 1.60852 1.66317 1.6633 1.66344 1.66359 1.66373 1.66388 1.66403 1.66418 1.66434 1.66449 1.66465 1.71934 1.71948 1.71962 1.71977 1.71992 1.72007 1.72022 1.72038 1.72054 1.7207 1.72086 
        </afc:VectorAttribute>
        <afc:VectorAttribute name="z_data">
          -25 -20 -15 -10 -5 0 5 10 15 20 25 
        </afc:VectorAttribute>
      </Spline3d>
      <Spline3d name="right_caster_rack_angle" active="true" userDefined="false" interpolation_method="akima" xLabel="Rack travel" yLabel="Caster angle" xUnit="length" yUnit="angle" datablock="Right-Front Caster Angle" zLabel="Jounce" zUnit="length">
        <afc:VectorAttribute name="x_data">
          -2.61802 -2.09442 -1.57081 -1.04721 -0.523604 0 0.523604 1.04721 1.57081 2.09442 2.61802 
        </afc:VectorAttribute>
        <afc:VectorAttribute name="y_data">
          1.16153 1.16141 1.16129 1.16117 1.16105 1.16094 1.16083 1.16072 1.16061 1.16051 1.1604 1.21725 1.21712 1.217 1.21688 1.21676 1.21664 1.21652 1.21641 1.2163 1.21619 1.21608 1.273 1.27287 1.27274 1.27262 1.27249 1.27237 1.27225 1.27213 1.27202 1.27191 1.27179 1.3288 1.32866 1.32853 1.3284 1.32827 1.32814 1.32802 1.3279 1.32778 1.32766 1.32755 1.38463 1.38449 1.38436 1.38422 1.38409 1.38396 1.38383 1.38371 1.38359 1.38346 1.38335 1.44052 1.44038 1.44023 1.4401 1.43996 1.43983 1.43969 1.43957 1.43944 1.43932 1.43919 1.49646 1.49631 1.49617 1.49602 1.49588 1.49575 1.49561 1.49548 1.49535 1.49522 1.49509 1.55246 1.55231 1.55216 1.55201 1.55187 1.55172 1.55158 1.55145 1.55131 1.55118 1.55105 1.60852 1.60836 1.60821 1.60806 1.60791 1.60777 1.60762 1.60748 1.60734 1.60721 1.60708 1.66465 1.66449 1.66434 1.66418 1.66403 1.66388 1.66373 1.66359 1.66344 1.6633 1.66317 1.72086 1.7207 1.72054 1.72038 1.72022 1.72007 1.71992 1.71977 1.71962 1.71948 1.71934 
        </afc:VectorAttribute>
        <afc:VectorAttribute name="z_data">
          -25 -20 -15 -10 -5 0 5 10 15 20 25 
        </afc:VectorAttribute>
      </Spline3d>
      <Spline3d name="left_kingpin_rack_angle" active="true" userDefined="false" interpolation_method="akima" xLabel="Rack travel" yLabel="Kingpin angle" xUnit="length" yUnit="angle" datablock="Left-Front kingpin" zLabel="Jounce" zUnit="length">
        <afc:VectorAttribute name="x_data">
          -2.61802 -2.09442 -1.57081 -1.04721 -0.523604 0 0.523604 1.04721 1.57081 2.09442 2.61802 
        </afc:VectorAttribute>
        <afc:VectorAttribute name="y_data">
          5.52829 5.52846 5.52863 5.5288 5.52898 5.52916 5.52934 5.52953 5.52972 5.52992 5.53012 5.62067 5.62085 5.62104 5.62123 5.62142 5.62162 5.62182 5.62202 5.62223 5.62244 5.62266 5.71788 5.71808 5.71828 5.71848 5.71869 5.71891 5.71913 5.71935 5.71957 5.7198 5.72004 5.81995 5.82016 5.82038 5.8206 5.82083 5.82106 5.8213 5.82154 5.82178 5.82203 5.82229 5.92691 5.92714 5.92738 5.92762 5.92786 5.92811 5.92837 5.92863 5.92889 5.92916 5.92943 6.03881 6.03906 6.03931 6.03957 6.03983 6.0401 6.04038 6.04066 6.04094 6.04123 6.04152 6.15569 6.15595 6.15623 6.15651 6.15679 6.15708 6.15737 6.15767 6.15798 6.15829 6.1586 6.2776 6.27789 6.27818 6.27848 6.27879 6.2791 6.27941 6.27973 6.28006 6.28039 6.28073 6.40462 6.40493 6.40524 6.40556 6.40589 6.40622 6.40656 6.4069 6.40725 6.40761 6.40797 6.53681 6.53714 6.53748 6.53782 6.53817 6.53852 6.53888 6.53925 6.53963 6.54001 6.54039 6.67425 6.6746 6.67496 6.67533 6.6757 6.67608 6.67646 6.67686 6.67726 6.67766 6.67807 
        </afc:VectorAttribute>
        <afc:VectorAttribute name="z_data">
          -25 -20 -15 -10 -5 0 5 10 15 20 25 
        </afc:VectorAttribute>
      </Spline3d>
      <Spline3d name="right_kingpin_rack_angle" active="true" userDefined="false" interpolation_method="akima" xLabel="Rack travel" yLabel="Kingpin angle" xUnit="length" yUnit="angle" datablock="Right-Front kingpin Angle" zLabel="Jounce" zUnit="length">
        <afc:VectorAttribute name="x_data">
          -2.61802 -2.09442 -1.57081 -1.04721 -0.523604 0 0.523604 1.04721 1.57081 2.09442 2.61802 
        </afc:VectorAttribute>
        <afc:VectorAttribute name="y_data">
          5.53012 5.52992 5.52972 5.52953 5.52934 5.52916 5.52898 5.5288 5.52863 5.52846 5.52829 5.62266 5.62244 5.62223 5.62202 5.62182 5.62162 5.62142 5.62123 5.62104 5.62085 5.62067 5.72004 5.7198 5.71957 5.71935 5.71913 5.71891 5.71869 5.71848 5.71828 5.71808 5.71788 5.82229 5.82203 5.82178 5.82154 5.8213 5.82106 5.82083 5.8206 5.82038 5.82016 5.81995 5.92943 5.92916 5.92889 5.92863 5.92837 5.92811 5.92786 5.92762 5.92738 5.92714 5.92691 6.04152 6.04123 6.04094 6.04066 6.04038 6.0401 6.03983 6.03957 6.03931 6.03906 6.03881 6.1586 6.15829 6.15798 6.15767 6.15737 6.15708 6.15679 6.15651 6.15623 6.15595 6.15569 6.28073 6.28039 6.28006 6.27973 6.27941 6.2791 6.27879 6.27848 6.27818 6.27789 6.2776 6.40797 6.40761 6.40725 6.4069 6.40656 6.40622 6.40589 6.40556 6.40524 6.40493 6.40462 6.54039 6.54001 6.53963 6.53925 6.53888 6.53852 6.53817 6.53782 6.53748 6.53714 6.53681 6.67807 6.67766 6.67726 6.67686 6.67646 6.67608 6.6757 6.67533 6.67496 6.6746 6.67425 
        </afc:VectorAttribute>
        <afc:VectorAttribute name="z_data">
          -25 -20 -15 -10 -5 0 5 10 15 20 25 
        </afc:VectorAttribute>
      </Spline3d>
      <Spline3d name="left_rack_steering_axis_X" active="true" userDefined="false" interpolation_method="akima" xLabel="Rack travel" yLabel="Point on kingpin axis X" xUnit="length" yUnit="length" datablock="Left-Front kingpin axis X" zLabel="Jounce" zUnit="length">
        <afc:VectorAttribute name="x_data">
          -2.61802 -2.09442 -1.57081 -1.04721 -0.523604 0 0.523604 1.04721 1.57081 2.09442 2.61802 
        </afc:VectorAttribute>
        <afc:VectorAttribute name="y_data">
          8.82736 8.82847 8.82961 8.83078 8.83197 8.83318 8.83442 8.83568 8.83696 8.83827 8.83961 9.33266 9.33382 9.33501 9.33623 9.33747 9.33873 9.34002 9.34134 9.34267 9.34404 9.34543 9.83768 9.8389 9.84014 9.84141 9.8427 9.84402 9.84536 9.84673 9.84812 9.84954 9.85098 10.3424 10.3437 10.345 10.3463 10.3477 10.349 10.3504 10.3519 10.3533 10.3548 10.3563 10.8469 10.8482 10.8496 10.851 10.8524 10.8538 10.8552 10.8567 10.8582 10.8597 10.8613 11.3511 11.3525 11.3539 11.3553 11.3568 11.3583 11.3598 11.3613 11.3629 11.3645 11.3661 11.855 11.8565 11.8579 11.8594 11.8609 11.8625 11.864 11.8656 11.8672 11.8689 11.8706 12.3587 12.3602 12.3617 12.3632 12.3648 12.3664 12.368 12.3697 12.3714 12.3731 12.3748 12.8621 12.8636 12.8652 12.8668 12.8684 12.8701 12.8717 12.8734 12.8752 12.877 12.8788 13.3652 13.3668 13.3684 13.37 13.3717 13.3734 13.3752 13.377 13.3788 13.3806 13.3825 13.868 13.8696 13.8713 13.873 13.8748 13.8765 13.8784 13.8802 13.8821 13.884 13.8859 
        </afc:VectorAttribute>
        <afc:VectorAttribute name="z_data">
          -25 -20 -15 -10 -5 0 5 10 15 20 25 
        </afc:VectorAttribute>
      </Spline3d>
      <Spline3d name="right_rack_steering_axis_X" active="true" userDefined="false" interpolation_method="akima" xLabel="Rack travel" yLabel="Point on kingpin axis X" xUnit="length" yUnit="length" datablock="Right-Front kingpin axis X" zLabel="Jounce" zUnit="length">
        <afc:VectorAttribute name="x_data">
          -2.61802 -2.09442 -1.57081 -1.04721 -0.523604 0 0.523604 1.04721 1.57081 2.09442 2.61802 
        </afc:VectorAttribute>
        <afc:VectorAttribute name="y_data">
          8.83961 8.83827 8.83696 8.83568 8.83442 8.83318 8.83197 8.83078 8.82961 8.82847 8.82736 9.34543 9.34404 9.34267 9.34134 9.34002 9.33873 9.33747 9.33623 9.33501 9.33382 9.33266 9.85098 9.84954 9.84812 9.84673 9.84536 9.84402 9.8427 9.84141 9.84014 9.8389 9.83768 10.3563 10.3548 10.3533 10.3519 10.3504 10.349 10.3477 10.3463 10.345 10.3437 10.3424 10.8613 10.8597 10.8582 10.8567 10.8552 10.8538 10.8524 10.851 10.8496 10.8482 10.8469 11.3661 11.3645 11.3629 11.3613 11.3598 11.3583 11.3568 11.3553 11.3539 11.3525 11.3511 11.8706 11.8689 11.8672 11.8656 11.864 11.8625 11.8609 11.8594 11.8579 11.8565 11.855 12.3748 12.3731 12.3714 12.3697 12.368 12.3664 12.3648 12.3632 12.3617 12.3602 12.3587 12.8788 12.877 12.8752 12.8734 12.8717 12.8701 12.8684 12.8668 12.8652 12.8636 12.8621 13.3825 13.3806 13.3788 13.377 13.3752 13.3734 13.3717 13.37 13.3684 13.3668 13.3652 13.8859 13.884 13.8821 13.8802 13.8784 13.8765 13.8748 13.873 13.8713 13.8696 13.868 
        </afc:VectorAttribute>
        <afc:VectorAttribute name="z_data">
          -25 -20 -15 -10 -5 0 5 10 15 20 25 
        </afc:VectorAttribute>
      </Spline3d>
      <Spline3d name="left_rack_steering_axis_Y" active="true" userDefined="false" interpolation_method="akima" xLabel="Rack travel" yLabel="Point on kingpin axis Y" xUnit="length" yUnit="length" datablock="Left-Front kingpin axis Y" zLabel="Jounce" zUnit="length">
        <afc:VectorAttribute name="x_data">
          -2.61802 -2.09442 -1.57081 -1.04721 -0.523604 0 0.523604 1.04721 1.57081 2.09442 2.61802 
        </afc:VectorAttribute>
        <afc:VectorAttribute name="y_data">
          -21.1423 -21.1408 -21.1393 -21.1378 -21.1362 -21.1345 -21.1329 -21.1312 -21.1295 -21.1277 -21.126 -20.8306 -20.8291 -20.8276 -20.8261 -20.8245 -20.8229 -20.8213 -20.8197 -20.818 -20.8163 -20.8145 -20.5713 -20.5698 -20.5684 -20.5669 -20.5653 -20.5638 -20.5622 -20.5606 -20.5589 -20.5573 -20.5556 -20.3642 -20.3627 -20.3613 -20.3599 -20.3584 -20.3569 -20.3553 -20.3537 -20.3521 -20.3505 -20.3489 -20.2091 -20.2078 -20.2064 -20.205 -20.2035 -20.2021 -20.2006 -20.199 -20.1975 -20.1959 -20.1943 -20.1061 -20.1048 -20.1034 -20.1021 -20.1007 -20.0993 -20.0978 -20.0963 -20.0948 -20.0933 -20.0917 -20.055 -20.0537 -20.0524 -20.0511 -20.0497 -20.0483 -20.0469 -20.0455 -20.0441 -20.0426 -20.0411 -20.0556 -20.0544 -20.0531 -20.0518 -20.0505 -20.0492 -20.0479 -20.0465 -20.0451 -20.0437 -20.0423 -20.108 -20.1068 -20.1056 -20.1044 -20.1031 -20.1018 -20.1006 -20.0993 -20.0979 -20.0966 -20.0952 -20.212 -20.2108 -20.2097 -20.2085 -20.2073 -20.2061 -20.2049 -20.2037 -20.2024 -20.2011 -20.1998 -20.3676 -20.3665 -20.3654 -20.3643 -20.3632 -20.3621 -20.3609 -20.3597 -20.3585 -20.3573 -20.3561 
        </afc:VectorAttribute>
        <afc:VectorAttribute name="z_data">
          -25 -20 -15 -10 -5 0 5 10 15 20 25 
        </afc:VectorAttribute>
      </Spline3d>
      <Spline3d name="right_rack_steering_axis_Y" active="true" userDefined="false" interpolation_method="akima" xLabel="Rack travel" yLabel="Point on kingpin axis Y" xUnit="length" yUnit="length" datablock="Right-Front kingpin axis Y" zLabel="Jounce" zUnit="length">
        <afc:VectorAttribute name="x_data">
          -2.61802 -2.09442 -1.57081 -1.04721 -0.523604 0 0.523604 1.04721 1.57081 2.09442 2.61802 
        </afc:VectorAttribute>
        <afc:VectorAttribute name="y_data">
          21.126 21.1277 21.1295 21.1312 21.1329 21.1345 21.1362 21.1378 21.1393 21.1408 21.1423 20.8145 20.8163 20.818 20.8197 20.8213 20.8229 20.8245 20.8261 20.8276 20.8291 20.8306 20.5556 20.5573 20.5589 20.5606 20.5622 20.5638 20.5653 20.5669 20.5684 20.5698 20.5713 20.3489 20.3505 20.3521 20.3537 20.3553 20.3569 20.3584 20.3599 20.3613 20.3627 20.3642 20.1943 20.1959 20.1975 20.199 20.2006 20.2021 20.2035 20.205 20.2064 20.2078 20.2091 20.0917 20.0933 20.0948 20.0963 20.0978 20.0993 20.1007 20.1021 20.1034 20.1048 20.1061 20.0411 20.0426 20.0441 20.0455 20.0469 20.0483 20.0497 20.0511 20.0524 20.0537 20.055 20.0423 20.0437 20.0451 20.0465 20.0479 20.0492 20.0505 20.0518 20.0531 20.0544 20.0556 20.0952 20.0966 20.0979 20.0993 20.1006 20.1018 20.1031 20.1044 20.1056 20.1068 20.108 20.1998 20.2011 20.2024 20.2037 20.2049 20.2061 20.2073 20.2085 20.2097 20.2108 20.212 20.3561 20.3573 20.3585 20.3597 20.3609 20.3621 20.3632 20.3643 20.3654 20.3665 20.3676 
        </afc:VectorAttribute>
        <afc:VectorAttribute name="z_data">
          -25 -20 -15 -10 -5 0 5 10 15 20 25 
        </afc:VectorAttribute>
      </Spline3d>
      <Spline3d name="left_rack_steering_axis_Z" active="true" userDefined="false" interpolation_method="akima" xLabel="Rack travel" yLabel="Point on kingpin axis Z" xUnit="length" yUnit="length" datablock="Left-Front kingpin axis Z" zLabel="Jounce" zUnit="length">
        <afc:VectorAttribute name="x_data">
          -2.61802 -2.09442 -1.57081 -1.04721 -0.523604 0 0.523604 1.04721 1.57081 2.09442 2.61802 
        </afc:VectorAttribute>
        <afc:VectorAttribute name="y_data">
          -228.186 -228.187 -228.188 -228.188 -228.189 -228.19 -228.19 -228.19 -228.19 -228.19 -228.19 -223.19 -223.191 -223.192 -223.192 -223.193 -223.193 -223.193 -223.194 -223.194 -223.194 -223.193 -218.193 -218.194 -218.195 -218.195 -218.196 -218.196 -218.196 -218.196 -218.196 -218.196 -218.196 -213.196 -213.197 -213.197 -213.198 -213.198 -213.198 -213.198 -213.198 -213.198 -213.198 -213.198 -208.198 -208.198 -208.199 -208.199 -208.199 -208.2 -208.2 -208.199 -208.199 -208.199 -208.198 -203.199 -203.199 -203.199 -203.2 -203.2 -203.2 -203.2 -203.2 -203.199 -203.199 -203.199 -198.198 -198.199 -198.199 -198.199 -198.199 -198.199 -198.199 -198.199 -198.199 -198.198 -198.198 -193.197 -193.197 -193.198 -193.198 -193.198 -193.198 -193.198 -193.197 -193.197 -193.196 -193.196 -188.195 -188.195 -188.195 -188.195 -188.195 -188.195 -188.195 -188.194 -188.194 -188.193 -188.192 -183.191 -183.191 -183.191 -183.191 -183.191 -183.191 -183.19 -183.19 -183.189 -183.189 -183.188 -178.185 -178.185 -178.186 -178.186 -178.185 -178.185 -178.185 -178.184 -178.184 -178.183 -178.182 
        </afc:VectorAttribute>
        <afc:VectorAttribute name="z_data">
          -25 -20 -15 -10 -5 0 5 10 15 20 25 
        </afc:VectorAttribute>
      </Spline3d>
      <Spline3d name="right_rack_steering_axis_Z" active="true" userDefined="false" interpolation_method="akima" xLabel="Rack travel" yLabel="Point on kingpin axis Z" xUnit="length" yUnit="length" datablock="Right-Front kingpin axis Z" zLabel="Jounce" zUnit="length">
        <afc:VectorAttribute name="x_data">
          -2.61802 -2.09442 -1.57081 -1.04721 -0.523604 0 0.523604 1.04721 1.57081 2.09442 2.61802 
        </afc:VectorAttribute>
        <afc:VectorAttribute name="y_data">
          -228.19 -228.19 -228.19 -228.19 -228.19 -228.19 -228.189 -228.188 -228.188 -228.187 -228.186 -223.193 -223.194 -223.194 -223.194 -223.193 -223.193 -223.193 -223.192 -223.192 -223.191 -223.19 -218.196 -218.196 -218.196 -218.196 -218.196 -218.196 -218.196 -218.195 -218.195 -218.194 -218.193 -213.198 -213.198 -213.198 -213.198 -213.198 -213.198 -213.198 -213.198 -213.197 -213.197 -213.196 -208.198 -208.199 -208.199 -208.199 -208.2 -208.2 -208.199 -208.199 -208.199 -208.198 -208.198 -203.199 -203.199 -203.199 -203.2 -203.2 -203.2 -203.2 -203.2 -203.199 -203.199 -203.199 -198.198 -198.198 -198.199 -198.199 -198.199 -198.199 -198.199 -198.199 -198.199 -198.199 -198.198 -193.196 -193.196 -193.197 -193.197 -193.198 -193.198 -193.198 -193.198 -193.198 -193.197 -193.197 -188.192 -188.193 -188.194 -188.194 -188.195 -188.195 -188.195 -188.195 -188.195 -188.195 -188.195 -183.188 -183.189 -183.189 -183.19 -183.19 -183.191 -183.191 -183.191 -183.191 -183.191 -183.191 -178.182 -178.183 -178.184 -178.184 -178.185 -178.185 -178.185 -178.186 -178.186 -178.185 -178.185 
        </afc:VectorAttribute>
        <afc:VectorAttribute name="z_data">
          -25 -20 -15 -10 -5 0 5 10 15 20 25 
        </afc:VectorAttribute>
      </Spline3d>
      <Spline2d name="left_front_rack_steer_1d" id="0" active="true" userDefined="false" interpolation_method="akima" xLabel="Rack travel" yLabel="Steer At Ground" xUnit="length" yUnit="angle" datablock="Left-Front Steering Kinematics">
        <![CDATA[
           -2.61802 -1.98692
           -2.09442 -1.59004
           -1.57081 -1.19293
           -1.04721 -0.795561
           -0.523604 -0.397926
           0 0
           0.523604 0.398236
           1.04721 0.796801
           1.57081 1.19572
           2.09442 1.595
           2.61802 1.99468
]]>
      </Spline2d>
      <Spline2d name="right_front_rack_steer_1d" id="0" active="true" userDefined="false" interpolation_method="akima" xLabel="Rack travel" yLabel="Steer At Ground" xUnit="length" yUnit="angle" datablock="Right-Front Steering Kinematics">
        <![CDATA[
           -2.61802 -1.99468
           -2.09442 -1.595
           -1.57081 -1.19572
           -1.04721 -0.796801
           -0.523604 -0.398236
           0 0
           0.523604 0.397926
           1.04721 0.795561
           1.57081 1.19293
           2.09442 1.59004
           2.61802 1.98692
]]>
      </Spline2d>
    </CRTSteeringSystem>
    <Spline name="servo_steering_action_scaling" id="0" active="true" userDefined="false" interpolation_method="akima" xLabel="Vehicle Longitudinal Velocity [mm/sec]" yLabel="Servo Steering Action Scale" xUnit="velocity">
      <![CDATA[
              0               0
          20000               0
          50000               0
          70000               0
         100000               0
]]>
    </Spline>
    <CRTKinematicsData name="front_left_main_spring" active="true" userDefined="false" kingpinMomentActiveFlag="false" useOutboundPointSpline="false" pointOnUpright="(14.402 -399.656 502.679)" pointOnChassis="(14.402 -568.696 470.909)" useWheelCenterAsRefSys="true">
      <Spline3d name="swa_spline_data" active="true" userDefined="false" interpolation_method="akima" xLabel="Steering Wheel Angle" yLabel="Component Displacement" xUnit="angle" yUnit="length" datablock="Component Displacement vs Steering Wheel Angle vs Wheel Travel" zLabel="Wheel Travel" zUnit="length">
        <afc:VectorAttribute name="x_data">
          -100 -80 -60 -40 -20 0 20 40 60 80 100 
        </afc:VectorAttribute>
        <afc:VectorAttribute name="y_data">
          -0.0389443 -0.0314774 -0.0238499 -0.0160614 -0.00811159 0 0.00827376 0.0167101 0.0253096 0.0340726 0.0429998 -0.0409356 -0.0330803 -0.0250594 -0.0168726 -0.00851965 0 0.00868676 0.0175411 0.0265635 0.0357544 0.0451145 -0.0430005 -0.0347425 -0.0263139 -0.0177142 -0.00894304 0 0.00911538 0.0184036 0.0278651 0.0375006 0.0473104 -0.0451338 -0.0364601 -0.0276103 -0.0185839 -0.00938066 0 0.00955852 0.0192954 0.0292112 0.0393065 0.0495818 -0.0473273 -0.0382263 -0.0289435 -0.0194785 -0.00983083 0 0.0100145 0.0202131 0.0305965 0.0411651 0.0519197 -0.0495682 -0.0400309 -0.0303058 -0.0203926 -0.0102909 0 0.0104805 0.0211511 0.0320125 0.0430652 0.05431 -0.0518359 -0.0418571 -0.0316845 -0.0213179 -0.0107565 0 0.0109522 0.0221007 0.0334461 0.044989 0.0567301 -0.0540977 -0.0436786 -0.0330598 -0.0222407 -0.011221 0 0.0114228 0.023048 0.0348762 0.0469081 0.0591443 -0.0563011 -0.045453 -0.0343994 -0.0231397 -0.0116734 0 0.0118811 0.0239705 0.0362689 0.0487769 0.0614953 -0.0583605 -0.0471112 -0.035651 -0.0239795 -0.012096 0 0.0123091 0.0248318 0.0375689 0.0505211 0.0636891 -0.0601311 -0.0485363 -0.0367263 -0.0247006 -0.0124587 0 0.0126761 0.0255702 0.038683 0.0520152 0.0655675 
        </afc:VectorAttribute>
        <afc:VectorAttribute name="z_data">
          -25 -20 -15 -10 -5 0 5 10 15 20 25 
        </afc:VectorAttribute>
      </Spline3d>
      <Spline3d name="rack_spline_data" active="true" userDefined="false" interpolation_method="akima" xLabel="Rack Displacement" yLabel="Component Displacement" xUnit="length" yUnit="length" datablock="Component Displacement vs Rack Travel vs Wheel Travel" zLabel="Wheel Travel" zUnit="length">
        <afc:VectorAttribute name="x_data">
          -2.61802 -2.09442 -1.57081 -1.04721 -0.523604 0 0.523604 1.04721 1.57081 2.09442 2.61802 
        </afc:VectorAttribute>
        <afc:VectorAttribute name="y_data">
          -0.0389443 -0.0314774 -0.0238499 -0.0160614 -0.00811159 0 0.00827376 0.0167101 0.0253096 0.0340726 0.0429998 -0.0409356 -0.0330803 -0.0250594 -0.0168726 -0.00851965 0 0.00868676 0.0175411 0.0265635 0.0357544 0.0451145 -0.0430005 -0.0347425 -0.0263139 -0.0177142 -0.00894304 0 0.00911538 0.0184036 0.0278651 0.0375006 0.0473104 -0.0451338 -0.0364601 -0.0276103 -0.0185839 -0.00938066 0 0.00955852 0.0192954 0.0292112 0.0393065 0.0495818 -0.0473273 -0.0382263 -0.0289435 -0.0194785 -0.00983083 0 0.0100145 0.0202131 0.0305965 0.0411651 0.0519197 -0.0495682 -0.0400309 -0.0303058 -0.0203926 -0.0102909 0 0.0104805 0.0211511 0.0320125 0.0430652 0.05431 -0.0518359 -0.0418571 -0.0316845 -0.0213179 -0.0107565 0 0.0109522 0.0221007 0.0334461 0.044989 0.0567301 -0.0540977 -0.0436786 -0.0330598 -0.0222407 -0.011221 0 0.0114228 0.023048 0.0348762 0.0469081 0.0591443 -0.0563011 -0.045453 -0.0343994 -0.0231397 -0.0116734 0 0.0118811 0.0239705 0.0362689 0.0487769 0.0614953 -0.0583605 -0.0471112 -0.035651 -0.0239795 -0.012096 0 0.0123091 0.0248318 0.0375689 0.0505211 0.0636891 -0.0601311 -0.0485363 -0.0367263 -0.0247006 -0.0124587 0 0.0126761 0.0255702 0.038683 0.0520152 0.0655675 
        </afc:VectorAttribute>
        <afc:VectorAttribute name="z_data">
          -25 -20 -15 -10 -5 0 5 10 15 20 25 
        </afc:VectorAttribute>
      </Spline3d>
      <Spline3d name="x_j1_j2_spline_data" active="true" userDefined="false" interpolation_method="akima" xLabel="Wheel Travel" yLabel="x location" xUnit="length" yUnit="length" datablock="X location vs. WheelTravel vs Opposite WheelTravel" zLabel="Opposite Wheel Travel" zUnit="length">
        <afc:VectorAttribute name="x_data">
          -25 -20 -15 -10 -5 0 5 10 15 20 25 
        </afc:VectorAttribute>
        <afc:VectorAttribute name="y_data">
          0 0 0 0 0 0 0 0 0 0 0 
        </afc:VectorAttribute>
        <afc:VectorAttribute name="z_data">
          0
        </afc:VectorAttribute>
      </Spline3d>
      <Spline3d name="y_j1_j2_spline_data" active="true" userDefined="false" interpolation_method="akima" xLabel="Wheel Travel" yLabel="y location" xUnit="length" yUnit="length" datablock="Y location vs. WheelTravel vs Opposite WheelTravel" zLabel="Opposite Wheel Travel" zUnit="length">
        <afc:VectorAttribute name="x_data">
          -25 -20 -15 -10 -5 0 5 10 15 20 25 
        </afc:VectorAttribute>
        <afc:VectorAttribute name="y_data">
          0 0 0 0 0 0 0 0 0 0 0 
        </afc:VectorAttribute>
        <afc:VectorAttribute name="z_data">
          0
        </afc:VectorAttribute>
      </Spline3d>
      <Spline3d name="z_j1_j2_spline_data" active="true" userDefined="false" interpolation_method="akima" xLabel="Wheel Travel" yLabel="z location" xUnit="length" yUnit="length" datablock="Z location vs. WheelTravel vs Opposite WheelTravel" zLabel="Opposite Wheel Travel" zUnit="length">
        <afc:VectorAttribute name="x_data">
          -25 -20 -15 -10 -5 0 5 10 15 20 25 
        </afc:VectorAttribute>
        <afc:VectorAttribute name="y_data">
          0 0 0 0 0 0 0 0 0 0 0 
        </afc:VectorAttribute>
        <afc:VectorAttribute name="z_data">
          0
        </afc:VectorAttribute>
      </Spline3d>
      <Spline3d name="x_swa_spline_data" active="true" userDefined="false" interpolation_method="akima" xLabel="Steering Wheel Angle" yLabel="x location" xUnit="angle" yUnit="length" datablock="X location vs. Steering Wheel Angle vs Wheel Travel" zLabel="Wheel Travel" zUnit="length">
        <afc:VectorAttribute name="x_data">
          -100 -80 -60 -40 -20 0 20 40 60 80 100 
        </afc:VectorAttribute>
        <afc:VectorAttribute name="y_data">
          0 0 0 0 0 0 0 0 0 0 0 0 0 0 0 0 0 0 0 0 0 0 0 0 0 0 0 0 0 0 0 0 0 0 0 0 0 0 0 0 0 0 0 0 0 0 0 0 0 0 0 0 0 0 0 0 0 0 0 0 0 0 0 0 0 0 0 0 0 0 0 0 0 0 0 0 0 0 0 0 0 0 0 0 0 0 0 0 0 0 0 0 0 0 0 0 0 0 0 0 0 0 0 0 0 0 0 0 0 0 0 0 0 0 0 0 0 0 0 0 0 
        </afc:VectorAttribute>
        <afc:VectorAttribute name="z_data">
          -25 -20 -15 -10 -5 0 5 10 15 20 25 
        </afc:VectorAttribute>
      </Spline3d>
      <Spline3d name="y_swa_spline_data" active="true" userDefined="false" interpolation_method="akima" xLabel="Steering Wheel Angle" yLabel="y location" xUnit="angle" yUnit="length" datablock="Y location vs. Steering Wheel Angle vs Wheel Travel" zLabel="Wheel Travel" zUnit="length">
        <afc:VectorAttribute name="x_data">
          -100 -80 -60 -40 -20 0 20 40 60 80 100 
        </afc:VectorAttribute>
        <afc:VectorAttribute name="y_data">
          0 0 0 0 0 0 0 0 0 0 0 0 0 0 0 0 0 0 0 0 0 0 0 0 0 0 0 0 0 0 0 0 0 0 0 0 0 0 0 0 0 0 0 0 0 0 0 0 0 0 0 0 0 0 0 0 0 0 0 0 0 0 0 0 0 0 0 0 0 0 0 0 0 0 0 0 0 0 0 0 0 0 0 0 0 0 0 0 0 0 0 0 0 0 0 0 0 0 0 0 0 0 0 0 0 0 0 0 0 0 0 0 0 0 0 0 0 0 0 0 0 
        </afc:VectorAttribute>
        <afc:VectorAttribute name="z_data">
          -25 -20 -15 -10 -5 0 5 10 15 20 25 
        </afc:VectorAttribute>
      </Spline3d>
      <Spline3d name="z_swa_spline_data" active="true" userDefined="false" interpolation_method="akima" xLabel="Steering Wheel Angle" yLabel="z location" xUnit="angle" yUnit="length" datablock="Z location vs. Steering Wheel Angle vs Wheel Travel" zLabel="Wheel Travel" zUnit="length">
        <afc:VectorAttribute name="x_data">
          -100 -80 -60 -40 -20 0 20 40 60 80 100 
        </afc:VectorAttribute>
        <afc:VectorAttribute name="y_data">
          0 0 0 0 0 0 0 0 0 0 0 0 0 0 0 0 0 0 0 0 0 0 0 0 0 0 0 0 0 0 0 0 0 0 0 0 0 0 0 0 0 0 0 0 0 0 0 0 0 0 0 0 0 0 0 0 0 0 0 0 0 0 0 0 0 0 0 0 0 0 0 0 0 0 0 0 0 0 0 0 0 0 0 0 0 0 0 0 0 0 0 0 0 0 0 0 0 0 0 0 0 0 0 0 0 0 0 0 0 0 0 0 0 0 0 0 0 0 0 0 0 
        </afc:VectorAttribute>
        <afc:VectorAttribute name="z_data">
          -25 -20 -15 -10 -5 0 5 10 15 20 25 
        </afc:VectorAttribute>
      </Spline3d>
      <Spline3d name="x_rack_spline_data" active="true" userDefined="false" interpolation_method="akima" xLabel="Rack Travel" yLabel="x location" xUnit="length" yUnit="length" datablock="X location vs. Rack Travel vs Wheel Travel" zLabel="Wheel Travel" zUnit="length">
        <afc:VectorAttribute name="x_data">
          -2.61802 -2.09442 -1.57081 -1.04721 -0.523604 0 0.523604 1.04721 1.57081 2.09442 2.61802 
        </afc:VectorAttribute>
        <afc:VectorAttribute name="y_data">
          0 0 0 0 0 0 0 0 0 0 0 0 0 0 0 0 0 0 0 0 0 0 0 0 0 0 0 0 0 0 0 0 0 0 0 0 0 0 0 0 0 0 0 0 0 0 0 0 0 0 0 0 0 0 0 0 0 0 0 0 0 0 0 0 0 0 0 0 0 0 0 0 0 0 0 0 0 0 0 0 0 0 0 0 0 0 0 0 0 0 0 0 0 0 0 0 0 0 0 0 0 0 0 0 0 0 0 0 0 0 0 0 0 0 0 0 0 0 0 0 0 
        </afc:VectorAttribute>
        <afc:VectorAttribute name="z_data">
          -25 -20 -15 -10 -5 0 5 10 15 20 25 
        </afc:VectorAttribute>
      </Spline3d>
      <Spline3d name="y_rack_spline_data" active="true" userDefined="false" interpolation_method="akima" xLabel="Rack Travel" yLabel="y location" xUnit="length" yUnit="length" datablock="Y location vs. Rack Travel vs Wheel Travel" zLabel="Wheel Travel" zUnit="length">
        <afc:VectorAttribute name="x_data">
          -2.61802 -2.09442 -1.57081 -1.04721 -0.523604 0 0.523604 1.04721 1.57081 2.09442 2.61802 
        </afc:VectorAttribute>
        <afc:VectorAttribute name="y_data">
          0 0 0 0 0 0 0 0 0 0 0 0 0 0 0 0 0 0 0 0 0 0 0 0 0 0 0 0 0 0 0 0 0 0 0 0 0 0 0 0 0 0 0 0 0 0 0 0 0 0 0 0 0 0 0 0 0 0 0 0 0 0 0 0 0 0 0 0 0 0 0 0 0 0 0 0 0 0 0 0 0 0 0 0 0 0 0 0 0 0 0 0 0 0 0 0 0 0 0 0 0 0 0 0 0 0 0 0 0 0 0 0 0 0 0 0 0 0 0 0 0 
        </afc:VectorAttribute>
        <afc:VectorAttribute name="z_data">
          -25 -20 -15 -10 -5 0 5 10 15 20 25 
        </afc:VectorAttribute>
      </Spline3d>
      <Spline3d name="z_rack_spline_data" active="true" userDefined="false" interpolation_method="akima" xLabel="Rack Travel" yLabel="z location" xUnit="length" yUnit="length" datablock="Z location vs. Rack Travel vs Wheel Travel" zLabel="Wheel Travel" zUnit="length">
        <afc:VectorAttribute name="x_data">
          -2.61802 -2.09442 -1.57081 -1.04721 -0.523604 0 0.523604 1.04721 1.57081 2.09442 2.61802 
        </afc:VectorAttribute>
        <afc:VectorAttribute name="y_data">
          0 0 0 0 0 0 0 0 0 0 0 0 0 0 0 0 0 0 0 0 0 0 0 0 0 0 0 0 0 0 0 0 0 0 0 0 0 0 0 0 0 0 0 0 0 0 0 0 0 0 0 0 0 0 0 0 0 0 0 0 0 0 0 0 0 0 0 0 0 0 0 0 0 0 0 0 0 0 0 0 0 0 0 0 0 0 0 0 0 0 0 0 0 0 0 0 0 0 0 0 0 0 0 0 0 0 0 0 0 0 0 0 0 0 0 0 0 0 0 0 0 
        </afc:VectorAttribute>
        <afc:VectorAttribute name="z_data">
          -25 -20 -15 -10 -5 0 5 10 15 20 25 
        </afc:VectorAttribute>
      </Spline3d>
    </CRTKinematicsData>
    <CRTKinematicsData name="front_left_main_damper" active="true" userDefined="false" kingpinMomentActiveFlag="false" useOutboundPointSpline="false" pointOnUpright="(14.402 -399.656 502.679)" pointOnChassis="(14.402 -568.696 470.909)" useWheelCenterAsRefSys="true">
      <Spline3d name="swa_spline_data" active="true" userDefined="false" interpolation_method="akima" xLabel="Steering Wheel Angle" yLabel="Component Displacement" xUnit="angle" yUnit="length" datablock="Component Displacement vs Steering Wheel Angle vs Wheel Travel" zLabel="Wheel Travel" zUnit="length">
        <afc:VectorAttribute name="x_data">
          -100 -80 -60 -40 -20 0 20 40 60 80 100 
        </afc:VectorAttribute>
        <afc:VectorAttribute name="y_data">
          -0.0389443 -0.0314774 -0.0238499 -0.0160614 -0.00811159 0 0.00827376 0.0167101 0.0253096 0.0340726 0.0429998 -0.0409356 -0.0330803 -0.0250594 -0.0168726 -0.00851965 0 0.00868676 0.0175411 0.0265635 0.0357544 0.0451145 -0.0430005 -0.0347425 -0.0263139 -0.0177142 -0.00894304 0 0.00911538 0.0184036 0.0278651 0.0375006 0.0473104 -0.0451338 -0.0364601 -0.0276103 -0.0185839 -0.00938066 0 0.00955852 0.0192954 0.0292112 0.0393065 0.0495818 -0.0473273 -0.0382263 -0.0289435 -0.0194785 -0.00983083 0 0.0100145 0.0202131 0.0305965 0.0411651 0.0519197 -0.0495682 -0.0400309 -0.0303058 -0.0203926 -0.0102909 0 0.0104805 0.0211511 0.0320125 0.0430652 0.05431 -0.0518359 -0.0418571 -0.0316845 -0.0213179 -0.0107565 0 0.0109522 0.0221007 0.0334461 0.044989 0.0567301 -0.0540977 -0.0436786 -0.0330598 -0.0222407 -0.011221 0 0.0114228 0.023048 0.0348762 0.0469081 0.0591443 -0.0563011 -0.045453 -0.0343994 -0.0231397 -0.0116734 0 0.0118811 0.0239705 0.0362689 0.0487769 0.0614953 -0.0583605 -0.0471112 -0.035651 -0.0239795 -0.012096 0 0.0123091 0.0248318 0.0375689 0.0505211 0.0636891 -0.0601311 -0.0485363 -0.0367263 -0.0247006 -0.0124587 0 0.0126761 0.0255702 0.038683 0.0520152 0.0655675 
        </afc:VectorAttribute>
        <afc:VectorAttribute name="z_data">
          -25 -20 -15 -10 -5 0 5 10 15 20 25 
        </afc:VectorAttribute>
      </Spline3d>
      <Spline3d name="rack_spline_data" active="true" userDefined="false" interpolation_method="akima" xLabel="Rack Displacement" yLabel="Component Displacement" xUnit="length" yUnit="length" datablock="Component Displacement vs Rack Travel vs Wheel Travel" zLabel="Wheel Travel" zUnit="length">
        <afc:VectorAttribute name="x_data">
          -2.61802 -2.09442 -1.57081 -1.04721 -0.523604 0 0.523604 1.04721 1.57081 2.09442 2.61802 
        </afc:VectorAttribute>
        <afc:VectorAttribute name="y_data">
          -0.0389443 -0.0314774 -0.0238499 -0.0160614 -0.00811159 0 0.00827376 0.0167101 0.0253096 0.0340726 0.0429998 -0.0409356 -0.0330803 -0.0250594 -0.0168726 -0.00851965 0 0.00868676 0.0175411 0.0265635 0.0357544 0.0451145 -0.0430005 -0.0347425 -0.0263139 -0.0177142 -0.00894304 0 0.00911538 0.0184036 0.0278651 0.0375006 0.0473104 -0.0451338 -0.0364601 -0.0276103 -0.0185839 -0.00938066 0 0.00955852 0.0192954 0.0292112 0.0393065 0.0495818 -0.0473273 -0.0382263 -0.0289435 -0.0194785 -0.00983083 0 0.0100145 0.0202131 0.0305965 0.0411651 0.0519197 -0.0495682 -0.0400309 -0.0303058 -0.0203926 -0.0102909 0 0.0104805 0.0211511 0.0320125 0.0430652 0.05431 -0.0518359 -0.0418571 -0.0316845 -0.0213179 -0.0107565 0 0.0109522 0.0221007 0.0334461 0.044989 0.0567301 -0.0540977 -0.0436786 -0.0330598 -0.0222407 -0.011221 0 0.0114228 0.023048 0.0348762 0.0469081 0.0591443 -0.0563011 -0.045453 -0.0343994 -0.0231397 -0.0116734 0 0.0118811 0.0239705 0.0362689 0.0487769 0.0614953 -0.0583605 -0.0471112 -0.035651 -0.0239795 -0.012096 0 0.0123091 0.0248318 0.0375689 0.0505211 0.0636891 -0.0601311 -0.0485363 -0.0367263 -0.0247006 -0.0124587 0 0.0126761 0.0255702 0.038683 0.0520152 0.0655675 
        </afc:VectorAttribute>
        <afc:VectorAttribute name="z_data">
          -25 -20 -15 -10 -5 0 5 10 15 20 25 
        </afc:VectorAttribute>
      </Spline3d>
      <Spline3d name="x_j1_j2_spline_data" active="true" userDefined="false" interpolation_method="akima" xLabel="Wheel Travel" yLabel="x location" xUnit="length" yUnit="length" datablock="X location vs. WheelTravel vs Opposite WheelTravel" zLabel="Opposite Wheel Travel" zUnit="length">
        <afc:VectorAttribute name="x_data">
          -25 -20 -15 -10 -5 0 5 10 15 20 25 
        </afc:VectorAttribute>
        <afc:VectorAttribute name="y_data">
          0 0 0 0 0 0 0 0 0 0 0 
        </afc:VectorAttribute>
        <afc:VectorAttribute name="z_data">
          0
        </afc:VectorAttribute>
      </Spline3d>
      <Spline3d name="y_j1_j2_spline_data" active="true" userDefined="false" interpolation_method="akima" xLabel="Wheel Travel" yLabel="y location" xUnit="length" yUnit="length" datablock="Y location vs. WheelTravel vs Opposite WheelTravel" zLabel="Opposite Wheel Travel" zUnit="length">
        <afc:VectorAttribute name="x_data">
          -25 -20 -15 -10 -5 0 5 10 15 20 25 
        </afc:VectorAttribute>
        <afc:VectorAttribute name="y_data">
          0 0 0 0 0 0 0 0 0 0 0 
        </afc:VectorAttribute>
        <afc:VectorAttribute name="z_data">
          0
        </afc:VectorAttribute>
      </Spline3d>
      <Spline3d name="z_j1_j2_spline_data" active="true" userDefined="false" interpolation_method="akima" xLabel="Wheel Travel" yLabel="z location" xUnit="length" yUnit="length" datablock="Z location vs. WheelTravel vs Opposite WheelTravel" zLabel="Opposite Wheel Travel" zUnit="length">
        <afc:VectorAttribute name="x_data">
          -25 -20 -15 -10 -5 0 5 10 15 20 25 
        </afc:VectorAttribute>
        <afc:VectorAttribute name="y_data">
          0 0 0 0 0 0 0 0 0 0 0 
        </afc:VectorAttribute>
        <afc:VectorAttribute name="z_data">
          0
        </afc:VectorAttribute>
      </Spline3d>
      <Spline3d name="x_swa_spline_data" active="true" userDefined="false" interpolation_method="akima" xLabel="Steering Wheel Angle" yLabel="x location" xUnit="angle" yUnit="length" datablock="X location vs. Steering Wheel Angle vs Wheel Travel" zLabel="Wheel Travel" zUnit="length">
        <afc:VectorAttribute name="x_data">
          -100 -80 -60 -40 -20 0 20 40 60 80 100 
        </afc:VectorAttribute>
        <afc:VectorAttribute name="y_data">
          0 0 0 0 0 0 0 0 0 0 0 0 0 0 0 0 0 0 0 0 0 0 0 0 0 0 0 0 0 0 0 0 0 0 0 0 0 0 0 0 0 0 0 0 0 0 0 0 0 0 0 0 0 0 0 0 0 0 0 0 0 0 0 0 0 0 0 0 0 0 0 0 0 0 0 0 0 0 0 0 0 0 0 0 0 0 0 0 0 0 0 0 0 0 0 0 0 0 0 0 0 0 0 0 0 0 0 0 0 0 0 0 0 0 0 0 0 0 0 0 0 
        </afc:VectorAttribute>
        <afc:VectorAttribute name="z_data">
          -25 -20 -15 -10 -5 0 5 10 15 20 25 
        </afc:VectorAttribute>
      </Spline3d>
      <Spline3d name="y_swa_spline_data" active="true" userDefined="false" interpolation_method="akima" xLabel="Steering Wheel Angle" yLabel="y location" xUnit="angle" yUnit="length" datablock="Y location vs. Steering Wheel Angle vs Wheel Travel" zLabel="Wheel Travel" zUnit="length">
        <afc:VectorAttribute name="x_data">
          -100 -80 -60 -40 -20 0 20 40 60 80 100 
        </afc:VectorAttribute>
        <afc:VectorAttribute name="y_data">
          0 0 0 0 0 0 0 0 0 0 0 0 0 0 0 0 0 0 0 0 0 0 0 0 0 0 0 0 0 0 0 0 0 0 0 0 0 0 0 0 0 0 0 0 0 0 0 0 0 0 0 0 0 0 0 0 0 0 0 0 0 0 0 0 0 0 0 0 0 0 0 0 0 0 0 0 0 0 0 0 0 0 0 0 0 0 0 0 0 0 0 0 0 0 0 0 0 0 0 0 0 0 0 0 0 0 0 0 0 0 0 0 0 0 0 0 0 0 0 0 0 
        </afc:VectorAttribute>
        <afc:VectorAttribute name="z_data">
          -25 -20 -15 -10 -5 0 5 10 15 20 25 
        </afc:VectorAttribute>
      </Spline3d>
      <Spline3d name="z_swa_spline_data" active="true" userDefined="false" interpolation_method="akima" xLabel="Steering Wheel Angle" yLabel="z location" xUnit="angle" yUnit="length" datablock="Z location vs. Steering Wheel Angle vs Wheel Travel" zLabel="Wheel Travel" zUnit="length">
        <afc:VectorAttribute name="x_data">
          -100 -80 -60 -40 -20 0 20 40 60 80 100 
        </afc:VectorAttribute>
        <afc:VectorAttribute name="y_data">
          0 0 0 0 0 0 0 0 0 0 0 0 0 0 0 0 0 0 0 0 0 0 0 0 0 0 0 0 0 0 0 0 0 0 0 0 0 0 0 0 0 0 0 0 0 0 0 0 0 0 0 0 0 0 0 0 0 0 0 0 0 0 0 0 0 0 0 0 0 0 0 0 0 0 0 0 0 0 0 0 0 0 0 0 0 0 0 0 0 0 0 0 0 0 0 0 0 0 0 0 0 0 0 0 0 0 0 0 0 0 0 0 0 0 0 0 0 0 0 0 0 
        </afc:VectorAttribute>
        <afc:VectorAttribute name="z_data">
          -25 -20 -15 -10 -5 0 5 10 15 20 25 
        </afc:VectorAttribute>
      </Spline3d>
      <Spline3d name="x_rack_spline_data" active="true" userDefined="false" interpolation_method="akima" xLabel="Rack Travel" yLabel="x location" xUnit="length" yUnit="length" datablock="X location vs. Rack Travel vs Wheel Travel" zLabel="Wheel Travel" zUnit="length">
        <afc:VectorAttribute name="x_data">
          -2.61802 -2.09442 -1.57081 -1.04721 -0.523604 0 0.523604 1.04721 1.57081 2.09442 2.61802 
        </afc:VectorAttribute>
        <afc:VectorAttribute name="y_data">
          0 0 0 0 0 0 0 0 0 0 0 0 0 0 0 0 0 0 0 0 0 0 0 0 0 0 0 0 0 0 0 0 0 0 0 0 0 0 0 0 0 0 0 0 0 0 0 0 0 0 0 0 0 0 0 0 0 0 0 0 0 0 0 0 0 0 0 0 0 0 0 0 0 0 0 0 0 0 0 0 0 0 0 0 0 0 0 0 0 0 0 0 0 0 0 0 0 0 0 0 0 0 0 0 0 0 0 0 0 0 0 0 0 0 0 0 0 0 0 0 0 
        </afc:VectorAttribute>
        <afc:VectorAttribute name="z_data">
          -25 -20 -15 -10 -5 0 5 10 15 20 25 
        </afc:VectorAttribute>
      </Spline3d>
      <Spline3d name="y_rack_spline_data" active="true" userDefined="false" interpolation_method="akima" xLabel="Rack Travel" yLabel="y location" xUnit="length" yUnit="length" datablock="Y location vs. Rack Travel vs Wheel Travel" zLabel="Wheel Travel" zUnit="length">
        <afc:VectorAttribute name="x_data">
          -2.61802 -2.09442 -1.57081 -1.04721 -0.523604 0 0.523604 1.04721 1.57081 2.09442 2.61802 
        </afc:VectorAttribute>
        <afc:VectorAttribute name="y_data">
          0 0 0 0 0 0 0 0 0 0 0 0 0 0 0 0 0 0 0 0 0 0 0 0 0 0 0 0 0 0 0 0 0 0 0 0 0 0 0 0 0 0 0 0 0 0 0 0 0 0 0 0 0 0 0 0 0 0 0 0 0 0 0 0 0 0 0 0 0 0 0 0 0 0 0 0 0 0 0 0 0 0 0 0 0 0 0 0 0 0 0 0 0 0 0 0 0 0 0 0 0 0 0 0 0 0 0 0 0 0 0 0 0 0 0 0 0 0 0 0 0 
        </afc:VectorAttribute>
        <afc:VectorAttribute name="z_data">
          -25 -20 -15 -10 -5 0 5 10 15 20 25 
        </afc:VectorAttribute>
      </Spline3d>
      <Spline3d name="z_rack_spline_data" active="true" userDefined="false" interpolation_method="akima" xLabel="Rack Travel" yLabel="z location" xUnit="length" yUnit="length" datablock="Z location vs. Rack Travel vs Wheel Travel" zLabel="Wheel Travel" zUnit="length">
        <afc:VectorAttribute name="x_data">
          -2.61802 -2.09442 -1.57081 -1.04721 -0.523604 0 0.523604 1.04721 1.57081 2.09442 2.61802 
        </afc:VectorAttribute>
        <afc:VectorAttribute name="y_data">
          0 0 0 0 0 0 0 0 0 0 0 0 0 0 0 0 0 0 0 0 0 0 0 0 0 0 0 0 0 0 0 0 0 0 0 0 0 0 0 0 0 0 0 0 0 0 0 0 0 0 0 0 0 0 0 0 0 0 0 0 0 0 0 0 0 0 0 0 0 0 0 0 0 0 0 0 0 0 0 0 0 0 0 0 0 0 0 0 0 0 0 0 0 0 0 0 0 0 0 0 0 0 0 0 0 0 0 0 0 0 0 0 0 0 0 0 0 0 0 0 0 
        </afc:VectorAttribute>
        <afc:VectorAttribute name="z_data">
          -25 -20 -15 -10 -5 0 5 10 15 20 25 
        </afc:VectorAttribute>
      </Spline3d>
    </CRTKinematicsData>
    <CRTKinematicsData name="front_left_main_bumpstop" active="true" userDefined="false" kingpinMomentActiveFlag="false" useOutboundPointSpline="false" pointOnUpright="(14.402 -399.656 502.679)" pointOnChassis="(14.402 -568.696 470.909)" useWheelCenterAsRefSys="true">
      <Spline3d name="swa_spline_data" active="true" userDefined="false" interpolation_method="akima" xLabel="Steering Wheel Angle" yLabel="Component Displacement" xUnit="angle" yUnit="length" datablock="Component Displacement vs Steering Wheel Angle vs Wheel Travel" zLabel="Wheel Travel" zUnit="length">
        <afc:VectorAttribute name="x_data">
          -100 -80 -60 -40 -20 0 20 40 60 80 100 
        </afc:VectorAttribute>
        <afc:VectorAttribute name="y_data">
          -0.0389443 -0.0314774 -0.0238499 -0.0160614 -0.00811159 0 0.00827376 0.0167101 0.0253096 0.0340726 0.0429998 -0.0409356 -0.0330803 -0.0250594 -0.0168726 -0.00851965 0 0.00868676 0.0175411 0.0265635 0.0357544 0.0451145 -0.0430005 -0.0347425 -0.0263139 -0.0177142 -0.00894304 0 0.00911538 0.0184036 0.0278651 0.0375006 0.0473104 -0.0451338 -0.0364601 -0.0276103 -0.0185839 -0.00938066 0 0.00955852 0.0192954 0.0292112 0.0393065 0.0495818 -0.0473273 -0.0382263 -0.0289435 -0.0194785 -0.00983083 0 0.0100145 0.0202131 0.0305965 0.0411651 0.0519197 -0.0495682 -0.0400309 -0.0303058 -0.0203926 -0.0102909 0 0.0104805 0.0211511 0.0320125 0.0430652 0.05431 -0.0518359 -0.0418571 -0.0316845 -0.0213179 -0.0107565 0 0.0109522 0.0221007 0.0334461 0.044989 0.0567301 -0.0540977 -0.0436786 -0.0330598 -0.0222407 -0.011221 0 0.0114228 0.023048 0.0348762 0.0469081 0.0591443 -0.0563011 -0.045453 -0.0343994 -0.0231397 -0.0116734 0 0.0118811 0.0239705 0.0362689 0.0487769 0.0614953 -0.0583605 -0.0471112 -0.035651 -0.0239795 -0.012096 0 0.0123091 0.0248318 0.0375689 0.0505211 0.0636891 -0.0601311 -0.0485363 -0.0367263 -0.0247006 -0.0124587 0 0.0126761 0.0255702 0.038683 0.0520152 0.0655675 
        </afc:VectorAttribute>
        <afc:VectorAttribute name="z_data">
          -25 -20 -15 -10 -5 0 5 10 15 20 25 
        </afc:VectorAttribute>
      </Spline3d>
      <Spline3d name="rack_spline_data" active="true" userDefined="false" interpolation_method="akima" xLabel="Rack Displacement" yLabel="Component Displacement" xUnit="length" yUnit="length" datablock="Component Displacement vs Rack Travel vs Wheel Travel" zLabel="Wheel Travel" zUnit="length">
        <afc:VectorAttribute name="x_data">
          -2.61802 -2.09442 -1.57081 -1.04721 -0.523604 0 0.523604 1.04721 1.57081 2.09442 2.61802 
        </afc:VectorAttribute>
        <afc:VectorAttribute name="y_data">
          -0.0389443 -0.0314774 -0.0238499 -0.0160614 -0.00811159 0 0.00827376 0.0167101 0.0253096 0.0340726 0.0429998 -0.0409356 -0.0330803 -0.0250594 -0.0168726 -0.00851965 0 0.00868676 0.0175411 0.0265635 0.0357544 0.0451145 -0.0430005 -0.0347425 -0.0263139 -0.0177142 -0.00894304 0 0.00911538 0.0184036 0.0278651 0.0375006 0.0473104 -0.0451338 -0.0364601 -0.0276103 -0.0185839 -0.00938066 0 0.00955852 0.0192954 0.0292112 0.0393065 0.0495818 -0.0473273 -0.0382263 -0.0289435 -0.0194785 -0.00983083 0 0.0100145 0.0202131 0.0305965 0.0411651 0.0519197 -0.0495682 -0.0400309 -0.0303058 -0.0203926 -0.0102909 0 0.0104805 0.0211511 0.0320125 0.0430652 0.05431 -0.0518359 -0.0418571 -0.0316845 -0.0213179 -0.0107565 0 0.0109522 0.0221007 0.0334461 0.044989 0.0567301 -0.0540977 -0.0436786 -0.0330598 -0.0222407 -0.011221 0 0.0114228 0.023048 0.0348762 0.0469081 0.0591443 -0.0563011 -0.045453 -0.0343994 -0.0231397 -0.0116734 0 0.0118811 0.0239705 0.0362689 0.0487769 0.0614953 -0.0583605 -0.0471112 -0.035651 -0.0239795 -0.012096 0 0.0123091 0.0248318 0.0375689 0.0505211 0.0636891 -0.0601311 -0.0485363 -0.0367263 -0.0247006 -0.0124587 0 0.0126761 0.0255702 0.038683 0.0520152 0.0655675 
        </afc:VectorAttribute>
        <afc:VectorAttribute name="z_data">
          -25 -20 -15 -10 -5 0 5 10 15 20 25 
        </afc:VectorAttribute>
      </Spline3d>
      <Spline3d name="x_j1_j2_spline_data" active="true" userDefined="false" interpolation_method="akima" xLabel="Wheel Travel" yLabel="x location" xUnit="length" yUnit="length" datablock="X location vs. WheelTravel vs Opposite WheelTravel" zLabel="Opposite Wheel Travel" zUnit="length">
        <afc:VectorAttribute name="x_data">
          -25 -20 -15 -10 -5 0 5 10 15 20 25 
        </afc:VectorAttribute>
        <afc:VectorAttribute name="y_data">
          0 0 0 0 0 0 0 0 0 0 0 
        </afc:VectorAttribute>
        <afc:VectorAttribute name="z_data">
          0
        </afc:VectorAttribute>
      </Spline3d>
      <Spline3d name="y_j1_j2_spline_data" active="true" userDefined="false" interpolation_method="akima" xLabel="Wheel Travel" yLabel="y location" xUnit="length" yUnit="length" datablock="Y location vs. WheelTravel vs Opposite WheelTravel" zLabel="Opposite Wheel Travel" zUnit="length">
        <afc:VectorAttribute name="x_data">
          -25 -20 -15 -10 -5 0 5 10 15 20 25 
        </afc:VectorAttribute>
        <afc:VectorAttribute name="y_data">
          0 0 0 0 0 0 0 0 0 0 0 
        </afc:VectorAttribute>
        <afc:VectorAttribute name="z_data">
          0
        </afc:VectorAttribute>
      </Spline3d>
      <Spline3d name="z_j1_j2_spline_data" active="true" userDefined="false" interpolation_method="akima" xLabel="Wheel Travel" yLabel="z location" xUnit="length" yUnit="length" datablock="Z location vs. WheelTravel vs Opposite WheelTravel" zLabel="Opposite Wheel Travel" zUnit="length">
        <afc:VectorAttribute name="x_data">
          -25 -20 -15 -10 -5 0 5 10 15 20 25 
        </afc:VectorAttribute>
        <afc:VectorAttribute name="y_data">
          0 0 0 0 0 0 0 0 0 0 0 
        </afc:VectorAttribute>
        <afc:VectorAttribute name="z_data">
          0
        </afc:VectorAttribute>
      </Spline3d>
      <Spline3d name="x_swa_spline_data" active="true" userDefined="false" interpolation_method="akima" xLabel="Steering Wheel Angle" yLabel="x location" xUnit="angle" yUnit="length" datablock="X location vs. Steering Wheel Angle vs Wheel Travel" zLabel="Wheel Travel" zUnit="length">
        <afc:VectorAttribute name="x_data">
          -100 -80 -60 -40 -20 0 20 40 60 80 100 
        </afc:VectorAttribute>
        <afc:VectorAttribute name="y_data">
          0 0 0 0 0 0 0 0 0 0 0 0 0 0 0 0 0 0 0 0 0 0 0 0 0 0 0 0 0 0 0 0 0 0 0 0 0 0 0 0 0 0 0 0 0 0 0 0 0 0 0 0 0 0 0 0 0 0 0 0 0 0 0 0 0 0 0 0 0 0 0 0 0 0 0 0 0 0 0 0 0 0 0 0 0 0 0 0 0 0 0 0 0 0 0 0 0 0 0 0 0 0 0 0 0 0 0 0 0 0 0 0 0 0 0 0 0 0 0 0 0 
        </afc:VectorAttribute>
        <afc:VectorAttribute name="z_data">
          -25 -20 -15 -10 -5 0 5 10 15 20 25 
        </afc:VectorAttribute>
      </Spline3d>
      <Spline3d name="y_swa_spline_data" active="true" userDefined="false" interpolation_method="akima" xLabel="Steering Wheel Angle" yLabel="y location" xUnit="angle" yUnit="length" datablock="Y location vs. Steering Wheel Angle vs Wheel Travel" zLabel="Wheel Travel" zUnit="length">
        <afc:VectorAttribute name="x_data">
          -100 -80 -60 -40 -20 0 20 40 60 80 100 
        </afc:VectorAttribute>
        <afc:VectorAttribute name="y_data">
          0 0 0 0 0 0 0 0 0 0 0 0 0 0 0 0 0 0 0 0 0 0 0 0 0 0 0 0 0 0 0 0 0 0 0 0 0 0 0 0 0 0 0 0 0 0 0 0 0 0 0 0 0 0 0 0 0 0 0 0 0 0 0 0 0 0 0 0 0 0 0 0 0 0 0 0 0 0 0 0 0 0 0 0 0 0 0 0 0 0 0 0 0 0 0 0 0 0 0 0 0 0 0 0 0 0 0 0 0 0 0 0 0 0 0 0 0 0 0 0 0 
        </afc:VectorAttribute>
        <afc:VectorAttribute name="z_data">
          -25 -20 -15 -10 -5 0 5 10 15 20 25 
        </afc:VectorAttribute>
      </Spline3d>
      <Spline3d name="z_swa_spline_data" active="true" userDefined="false" interpolation_method="akima" xLabel="Steering Wheel Angle" yLabel="z location" xUnit="angle" yUnit="length" datablock="Z location vs. Steering Wheel Angle vs Wheel Travel" zLabel="Wheel Travel" zUnit="length">
        <afc:VectorAttribute name="x_data">
          -100 -80 -60 -40 -20 0 20 40 60 80 100 
        </afc:VectorAttribute>
        <afc:VectorAttribute name="y_data">
          0 0 0 0 0 0 0 0 0 0 0 0 0 0 0 0 0 0 0 0 0 0 0 0 0 0 0 0 0 0 0 0 0 0 0 0 0 0 0 0 0 0 0 0 0 0 0 0 0 0 0 0 0 0 0 0 0 0 0 0 0 0 0 0 0 0 0 0 0 0 0 0 0 0 0 0 0 0 0 0 0 0 0 0 0 0 0 0 0 0 0 0 0 0 0 0 0 0 0 0 0 0 0 0 0 0 0 0 0 0 0 0 0 0 0 0 0 0 0 0 0 
        </afc:VectorAttribute>
        <afc:VectorAttribute name="z_data">
          -25 -20 -15 -10 -5 0 5 10 15 20 25 
        </afc:VectorAttribute>
      </Spline3d>
      <Spline3d name="x_rack_spline_data" active="true" userDefined="false" interpolation_method="akima" xLabel="Rack Travel" yLabel="x location" xUnit="length" yUnit="length" datablock="X location vs. Rack Travel vs Wheel Travel" zLabel="Wheel Travel" zUnit="length">
        <afc:VectorAttribute name="x_data">
          -2.61802 -2.09442 -1.57081 -1.04721 -0.523604 0 0.523604 1.04721 1.57081 2.09442 2.61802 
        </afc:VectorAttribute>
        <afc:VectorAttribute name="y_data">
          0 0 0 0 0 0 0 0 0 0 0 0 0 0 0 0 0 0 0 0 0 0 0 0 0 0 0 0 0 0 0 0 0 0 0 0 0 0 0 0 0 0 0 0 0 0 0 0 0 0 0 0 0 0 0 0 0 0 0 0 0 0 0 0 0 0 0 0 0 0 0 0 0 0 0 0 0 0 0 0 0 0 0 0 0 0 0 0 0 0 0 0 0 0 0 0 0 0 0 0 0 0 0 0 0 0 0 0 0 0 0 0 0 0 0 0 0 0 0 0 0 
        </afc:VectorAttribute>
        <afc:VectorAttribute name="z_data">
          -25 -20 -15 -10 -5 0 5 10 15 20 25 
        </afc:VectorAttribute>
      </Spline3d>
      <Spline3d name="y_rack_spline_data" active="true" userDefined="false" interpolation_method="akima" xLabel="Rack Travel" yLabel="y location" xUnit="length" yUnit="length" datablock="Y location vs. Rack Travel vs Wheel Travel" zLabel="Wheel Travel" zUnit="length">
        <afc:VectorAttribute name="x_data">
          -2.61802 -2.09442 -1.57081 -1.04721 -0.523604 0 0.523604 1.04721 1.57081 2.09442 2.61802 
        </afc:VectorAttribute>
        <afc:VectorAttribute name="y_data">
          0 0 0 0 0 0 0 0 0 0 0 0 0 0 0 0 0 0 0 0 0 0 0 0 0 0 0 0 0 0 0 0 0 0 0 0 0 0 0 0 0 0 0 0 0 0 0 0 0 0 0 0 0 0 0 0 0 0 0 0 0 0 0 0 0 0 0 0 0 0 0 0 0 0 0 0 0 0 0 0 0 0 0 0 0 0 0 0 0 0 0 0 0 0 0 0 0 0 0 0 0 0 0 0 0 0 0 0 0 0 0 0 0 0 0 0 0 0 0 0 0 
        </afc:VectorAttribute>
        <afc:VectorAttribute name="z_data">
          -25 -20 -15 -10 -5 0 5 10 15 20 25 
        </afc:VectorAttribute>
      </Spline3d>
      <Spline3d name="z_rack_spline_data" active="true" userDefined="false" interpolation_method="akima" xLabel="Rack Travel" yLabel="z location" xUnit="length" yUnit="length" datablock="Z location vs. Rack Travel vs Wheel Travel" zLabel="Wheel Travel" zUnit="length">
        <afc:VectorAttribute name="x_data">
          -2.61802 -2.09442 -1.57081 -1.04721 -0.523604 0 0.523604 1.04721 1.57081 2.09442 2.61802 
        </afc:VectorAttribute>
        <afc:VectorAttribute name="y_data">
          0 0 0 0 0 0 0 0 0 0 0 0 0 0 0 0 0 0 0 0 0 0 0 0 0 0 0 0 0 0 0 0 0 0 0 0 0 0 0 0 0 0 0 0 0 0 0 0 0 0 0 0 0 0 0 0 0 0 0 0 0 0 0 0 0 0 0 0 0 0 0 0 0 0 0 0 0 0 0 0 0 0 0 0 0 0 0 0 0 0 0 0 0 0 0 0 0 0 0 0 0 0 0 0 0 0 0 0 0 0 0 0 0 0 0 0 0 0 0 0 0 
        </afc:VectorAttribute>
        <afc:VectorAttribute name="z_data">
          -25 -20 -15 -10 -5 0 5 10 15 20 25 
        </afc:VectorAttribute>
      </Spline3d>
    </CRTKinematicsData>
    <CRTKinematicsData name="front_left_main_reboundstop" active="true" userDefined="false" kingpinMomentActiveFlag="false" useOutboundPointSpline="false" pointOnUpright="(14.402 -399.656 502.679)" pointOnChassis="(14.402 -568.696 470.909)" useWheelCenterAsRefSys="true">
      <Spline3d name="swa_spline_data" active="true" userDefined="false" interpolation_method="akima" xLabel="Steering Wheel Angle" yLabel="Component Displacement" xUnit="angle" yUnit="length" datablock="Component Displacement vs Steering Wheel Angle vs Wheel Travel" zLabel="Wheel Travel" zUnit="length">
        <afc:VectorAttribute name="x_data">
          -100 -80 -60 -40 -20 0 20 40 60 80 100 
        </afc:VectorAttribute>
        <afc:VectorAttribute name="y_data">
          -0.0389443 -0.0314774 -0.0238499 -0.0160614 -0.00811159 0 0.00827376 0.0167101 0.0253096 0.0340726 0.0429998 -0.0409356 -0.0330803 -0.0250594 -0.0168726 -0.00851965 0 0.00868676 0.0175411 0.0265635 0.0357544 0.0451145 -0.0430005 -0.0347425 -0.0263139 -0.0177142 -0.00894304 0 0.00911538 0.0184036 0.0278651 0.0375006 0.0473104 -0.0451338 -0.0364601 -0.0276103 -0.0185839 -0.00938066 0 0.00955852 0.0192954 0.0292112 0.0393065 0.0495818 -0.0473273 -0.0382263 -0.0289435 -0.0194785 -0.00983083 0 0.0100145 0.0202131 0.0305965 0.0411651 0.0519197 -0.0495682 -0.0400309 -0.0303058 -0.0203926 -0.0102909 0 0.0104805 0.0211511 0.0320125 0.0430652 0.05431 -0.0518359 -0.0418571 -0.0316845 -0.0213179 -0.0107565 0 0.0109522 0.0221007 0.0334461 0.044989 0.0567301 -0.0540977 -0.0436786 -0.0330598 -0.0222407 -0.011221 0 0.0114228 0.023048 0.0348762 0.0469081 0.0591443 -0.0563011 -0.045453 -0.0343994 -0.0231397 -0.0116734 0 0.0118811 0.0239705 0.0362689 0.0487769 0.0614953 -0.0583605 -0.0471112 -0.035651 -0.0239795 -0.012096 0 0.0123091 0.0248318 0.0375689 0.0505211 0.0636891 -0.0601311 -0.0485363 -0.0367263 -0.0247006 -0.0124587 0 0.0126761 0.0255702 0.038683 0.0520152 0.0655675 
        </afc:VectorAttribute>
        <afc:VectorAttribute name="z_data">
          -25 -20 -15 -10 -5 0 5 10 15 20 25 
        </afc:VectorAttribute>
      </Spline3d>
      <Spline3d name="rack_spline_data" active="true" userDefined="false" interpolation_method="akima" xLabel="Rack Displacement" yLabel="Component Displacement" xUnit="length" yUnit="length" datablock="Component Displacement vs Rack Travel vs Wheel Travel" zLabel="Wheel Travel" zUnit="length">
        <afc:VectorAttribute name="x_data">
          -2.61802 -2.09442 -1.57081 -1.04721 -0.523604 0 0.523604 1.04721 1.57081 2.09442 2.61802 
        </afc:VectorAttribute>
        <afc:VectorAttribute name="y_data">
          -0.0389443 -0.0314774 -0.0238499 -0.0160614 -0.00811159 0 0.00827376 0.0167101 0.0253096 0.0340726 0.0429998 -0.0409356 -0.0330803 -0.0250594 -0.0168726 -0.00851965 0 0.00868676 0.0175411 0.0265635 0.0357544 0.0451145 -0.0430005 -0.0347425 -0.0263139 -0.0177142 -0.00894304 0 0.00911538 0.0184036 0.0278651 0.0375006 0.0473104 -0.0451338 -0.0364601 -0.0276103 -0.0185839 -0.00938066 0 0.00955852 0.0192954 0.0292112 0.0393065 0.0495818 -0.0473273 -0.0382263 -0.0289435 -0.0194785 -0.00983083 0 0.0100145 0.0202131 0.0305965 0.0411651 0.0519197 -0.0495682 -0.0400309 -0.0303058 -0.0203926 -0.0102909 0 0.0104805 0.0211511 0.0320125 0.0430652 0.05431 -0.0518359 -0.0418571 -0.0316845 -0.0213179 -0.0107565 0 0.0109522 0.0221007 0.0334461 0.044989 0.0567301 -0.0540977 -0.0436786 -0.0330598 -0.0222407 -0.011221 0 0.0114228 0.023048 0.0348762 0.0469081 0.0591443 -0.0563011 -0.045453 -0.0343994 -0.0231397 -0.0116734 0 0.0118811 0.0239705 0.0362689 0.0487769 0.0614953 -0.0583605 -0.0471112 -0.035651 -0.0239795 -0.012096 0 0.0123091 0.0248318 0.0375689 0.0505211 0.0636891 -0.0601311 -0.0485363 -0.0367263 -0.0247006 -0.0124587 0 0.0126761 0.0255702 0.038683 0.0520152 0.0655675 
        </afc:VectorAttribute>
        <afc:VectorAttribute name="z_data">
          -25 -20 -15 -10 -5 0 5 10 15 20 25 
        </afc:VectorAttribute>
      </Spline3d>
      <Spline3d name="x_j1_j2_spline_data" active="true" userDefined="false" interpolation_method="akima" xLabel="Wheel Travel" yLabel="x location" xUnit="length" yUnit="length" datablock="X location vs. WheelTravel vs Opposite WheelTravel" zLabel="Opposite Wheel Travel" zUnit="length">
        <afc:VectorAttribute name="x_data">
          -25 -20 -15 -10 -5 0 5 10 15 20 25 
        </afc:VectorAttribute>
        <afc:VectorAttribute name="y_data">
          0 0 0 0 0 0 0 0 0 0 0 
        </afc:VectorAttribute>
        <afc:VectorAttribute name="z_data">
          0
        </afc:VectorAttribute>
      </Spline3d>
      <Spline3d name="y_j1_j2_spline_data" active="true" userDefined="false" interpolation_method="akima" xLabel="Wheel Travel" yLabel="y location" xUnit="length" yUnit="length" datablock="Y location vs. WheelTravel vs Opposite WheelTravel" zLabel="Opposite Wheel Travel" zUnit="length">
        <afc:VectorAttribute name="x_data">
          -25 -20 -15 -10 -5 0 5 10 15 20 25 
        </afc:VectorAttribute>
        <afc:VectorAttribute name="y_data">
          0 0 0 0 0 0 0 0 0 0 0 
        </afc:VectorAttribute>
        <afc:VectorAttribute name="z_data">
          0
        </afc:VectorAttribute>
      </Spline3d>
      <Spline3d name="z_j1_j2_spline_data" active="true" userDefined="false" interpolation_method="akima" xLabel="Wheel Travel" yLabel="z location" xUnit="length" yUnit="length" datablock="Z location vs. WheelTravel vs Opposite WheelTravel" zLabel="Opposite Wheel Travel" zUnit="length">
        <afc:VectorAttribute name="x_data">
          -25 -20 -15 -10 -5 0 5 10 15 20 25 
        </afc:VectorAttribute>
        <afc:VectorAttribute name="y_data">
          0 0 0 0 0 0 0 0 0 0 0 
        </afc:VectorAttribute>
        <afc:VectorAttribute name="z_data">
          0
        </afc:VectorAttribute>
      </Spline3d>
      <Spline3d name="x_swa_spline_data" active="true" userDefined="false" interpolation_method="akima" xLabel="Steering Wheel Angle" yLabel="x location" xUnit="angle" yUnit="length" datablock="X location vs. Steering Wheel Angle vs Wheel Travel" zLabel="Wheel Travel" zUnit="length">
        <afc:VectorAttribute name="x_data">
          -100 -80 -60 -40 -20 0 20 40 60 80 100 
        </afc:VectorAttribute>
        <afc:VectorAttribute name="y_data">
          0 0 0 0 0 0 0 0 0 0 0 0 0 0 0 0 0 0 0 0 0 0 0 0 0 0 0 0 0 0 0 0 0 0 0 0 0 0 0 0 0 0 0 0 0 0 0 0 0 0 0 0 0 0 0 0 0 0 0 0 0 0 0 0 0 0 0 0 0 0 0 0 0 0 0 0 0 0 0 0 0 0 0 0 0 0 0 0 0 0 0 0 0 0 0 0 0 0 0 0 0 0 0 0 0 0 0 0 0 0 0 0 0 0 0 0 0 0 0 0 0 
        </afc:VectorAttribute>
        <afc:VectorAttribute name="z_data">
          -25 -20 -15 -10 -5 0 5 10 15 20 25 
        </afc:VectorAttribute>
      </Spline3d>
      <Spline3d name="y_swa_spline_data" active="true" userDefined="false" interpolation_method="akima" xLabel="Steering Wheel Angle" yLabel="y location" xUnit="angle" yUnit="length" datablock="Y location vs. Steering Wheel Angle vs Wheel Travel" zLabel="Wheel Travel" zUnit="length">
        <afc:VectorAttribute name="x_data">
          -100 -80 -60 -40 -20 0 20 40 60 80 100 
        </afc:VectorAttribute>
        <afc:VectorAttribute name="y_data">
          0 0 0 0 0 0 0 0 0 0 0 0 0 0 0 0 0 0 0 0 0 0 0 0 0 0 0 0 0 0 0 0 0 0 0 0 0 0 0 0 0 0 0 0 0 0 0 0 0 0 0 0 0 0 0 0 0 0 0 0 0 0 0 0 0 0 0 0 0 0 0 0 0 0 0 0 0 0 0 0 0 0 0 0 0 0 0 0 0 0 0 0 0 0 0 0 0 0 0 0 0 0 0 0 0 0 0 0 0 0 0 0 0 0 0 0 0 0 0 0 0 
        </afc:VectorAttribute>
        <afc:VectorAttribute name="z_data">
          -25 -20 -15 -10 -5 0 5 10 15 20 25 
        </afc:VectorAttribute>
      </Spline3d>
      <Spline3d name="z_swa_spline_data" active="true" userDefined="false" interpolation_method="akima" xLabel="Steering Wheel Angle" yLabel="z location" xUnit="angle" yUnit="length" datablock="Z location vs. Steering Wheel Angle vs Wheel Travel" zLabel="Wheel Travel" zUnit="length">
        <afc:VectorAttribute name="x_data">
          -100 -80 -60 -40 -20 0 20 40 60 80 100 
        </afc:VectorAttribute>
        <afc:VectorAttribute name="y_data">
          0 0 0 0 0 0 0 0 0 0 0 0 0 0 0 0 0 0 0 0 0 0 0 0 0 0 0 0 0 0 0 0 0 0 0 0 0 0 0 0 0 0 0 0 0 0 0 0 0 0 0 0 0 0 0 0 0 0 0 0 0 0 0 0 0 0 0 0 0 0 0 0 0 0 0 0 0 0 0 0 0 0 0 0 0 0 0 0 0 0 0 0 0 0 0 0 0 0 0 0 0 0 0 0 0 0 0 0 0 0 0 0 0 0 0 0 0 0 0 0 0 
        </afc:VectorAttribute>
        <afc:VectorAttribute name="z_data">
          -25 -20 -15 -10 -5 0 5 10 15 20 25 
        </afc:VectorAttribute>
      </Spline3d>
      <Spline3d name="x_rack_spline_data" active="true" userDefined="false" interpolation_method="akima" xLabel="Rack Travel" yLabel="x location" xUnit="length" yUnit="length" datablock="X location vs. Rack Travel vs Wheel Travel" zLabel="Wheel Travel" zUnit="length">
        <afc:VectorAttribute name="x_data">
          -2.61802 -2.09442 -1.57081 -1.04721 -0.523604 0 0.523604 1.04721 1.57081 2.09442 2.61802 
        </afc:VectorAttribute>
        <afc:VectorAttribute name="y_data">
          0 0 0 0 0 0 0 0 0 0 0 0 0 0 0 0 0 0 0 0 0 0 0 0 0 0 0 0 0 0 0 0 0 0 0 0 0 0 0 0 0 0 0 0 0 0 0 0 0 0 0 0 0 0 0 0 0 0 0 0 0 0 0 0 0 0 0 0 0 0 0 0 0 0 0 0 0 0 0 0 0 0 0 0 0 0 0 0 0 0 0 0 0 0 0 0 0 0 0 0 0 0 0 0 0 0 0 0 0 0 0 0 0 0 0 0 0 0 0 0 0 
        </afc:VectorAttribute>
        <afc:VectorAttribute name="z_data">
          -25 -20 -15 -10 -5 0 5 10 15 20 25 
        </afc:VectorAttribute>
      </Spline3d>
      <Spline3d name="y_rack_spline_data" active="true" userDefined="false" interpolation_method="akima" xLabel="Rack Travel" yLabel="y location" xUnit="length" yUnit="length" datablock="Y location vs. Rack Travel vs Wheel Travel" zLabel="Wheel Travel" zUnit="length">
        <afc:VectorAttribute name="x_data">
          -2.61802 -2.09442 -1.57081 -1.04721 -0.523604 0 0.523604 1.04721 1.57081 2.09442 2.61802 
        </afc:VectorAttribute>
        <afc:VectorAttribute name="y_data">
          0 0 0 0 0 0 0 0 0 0 0 0 0 0 0 0 0 0 0 0 0 0 0 0 0 0 0 0 0 0 0 0 0 0 0 0 0 0 0 0 0 0 0 0 0 0 0 0 0 0 0 0 0 0 0 0 0 0 0 0 0 0 0 0 0 0 0 0 0 0 0 0 0 0 0 0 0 0 0 0 0 0 0 0 0 0 0 0 0 0 0 0 0 0 0 0 0 0 0 0 0 0 0 0 0 0 0 0 0 0 0 0 0 0 0 0 0 0 0 0 0 
        </afc:VectorAttribute>
        <afc:VectorAttribute name="z_data">
          -25 -20 -15 -10 -5 0 5 10 15 20 25 
        </afc:VectorAttribute>
      </Spline3d>
      <Spline3d name="z_rack_spline_data" active="true" userDefined="false" interpolation_method="akima" xLabel="Rack Travel" yLabel="z location" xUnit="length" yUnit="length" datablock="Z location vs. Rack Travel vs Wheel Travel" zLabel="Wheel Travel" zUnit="length">
        <afc:VectorAttribute name="x_data">
          -2.61802 -2.09442 -1.57081 -1.04721 -0.523604 0 0.523604 1.04721 1.57081 2.09442 2.61802 
        </afc:VectorAttribute>
        <afc:VectorAttribute name="y_data">
          0 0 0 0 0 0 0 0 0 0 0 0 0 0 0 0 0 0 0 0 0 0 0 0 0 0 0 0 0 0 0 0 0 0 0 0 0 0 0 0 0 0 0 0 0 0 0 0 0 0 0 0 0 0 0 0 0 0 0 0 0 0 0 0 0 0 0 0 0 0 0 0 0 0 0 0 0 0 0 0 0 0 0 0 0 0 0 0 0 0 0 0 0 0 0 0 0 0 0 0 0 0 0 0 0 0 0 0 0 0 0 0 0 0 0 0 0 0 0 0 0 
        </afc:VectorAttribute>
        <afc:VectorAttribute name="z_data">
          -25 -20 -15 -10 -5 0 5 10 15 20 25 
        </afc:VectorAttribute>
      </Spline3d>
    </CRTKinematicsData>
    <CRTKinematicsData name="front_left_anti_roll_force" active="true" userDefined="false" kingpinMomentActiveFlag="false" useOutboundPointSpline="true" pointOnUpright="(-0 -0 0)" pointOnChassis="(0 0 0)" useWheelCenterAsRefSys="true">
      <Spline3d name="swa_spline_data" active="true" userDefined="false" interpolation_method="akima" xLabel="Steering Wheel Angle" yLabel="ARB Deformation" xUnit="angle" yUnit="angle" datablock="ARB Deformation vs Steering Wheel Angle vs Wheel Travel" zLabel="Wheel Travel" zUnit="length">
        <afc:VectorAttribute name="x_data">
          -100 -80 -60 -40 -20 0 20 40 60 80 100 
        </afc:VectorAttribute>
        <afc:VectorAttribute name="y_data">
          0.089248 0.071393 0.0535416 0.0356929 0.017846 0 -0.017846 -0.0356929 -0.0535416 -0.071393 -0.089248 0.0918649 0.0734863 0.0551115 0.0367395 0.0183693 0 -0.0183693 -0.0367395 -0.0551115 -0.0734863 -0.0918649 0.0949866 0.0759835 0.0569842 0.0379879 0.0189935 0 -0.0189935 -0.0379879 -0.0569842 -0.0759835 -0.0949866 0.0986531 0.0789164 0.0591837 0.0394541 0.0197266 0 -0.0197266 -0.0394541 -0.0591837 -0.0789164 -0.0986531 0.10293 0.0823379 0.0617497 0.0411647 0.0205818 0 -0.0205818 -0.0411647 -0.0617497 -0.0823379 -0.10293 0.107917 0.0863268 0.0647411 0.0431589 0.0215789 0 -0.0215789 -0.0431589 -0.0647411 -0.0863268 -0.107917 0.113755 0.0909966 0.0682432 0.0454935 0.0227461 0 -0.0227461 -0.0454935 -0.0682432 -0.0909966 -0.113755 0.120648 0.0965109 0.0723786 0.0482502 0.0241245 0 -0.0241245 -0.0482502 -0.0723786 -0.0965109 -0.120648 0.128898 0.10311 0.0773275 0.0515493 0.0257739 0 -0.0257739 -0.0515493 -0.0773275 -0.10311 -0.128898 0.138961 0.111159 0.083364 0.0555733 0.0277859 0 -0.0277859 -0.0555733 -0.083364 -0.111159 -0.138961 0.151566 0.121242 0.0909255 0.060614 0.0303061 0 -0.0303061 -0.060614 -0.0909255 -0.121242 -0.151566 
        </afc:VectorAttribute>
        <afc:VectorAttribute name="z_data">
          -25 -20 -15 -10 -5 0 5 10 15 20 25 
        </afc:VectorAttribute>
      </Spline3d>
      <Spline3d name="rack_spline_data" active="true" userDefined="false" interpolation_method="akima" xLabel="Rack Displacement" yLabel="ARB Deformation" xUnit="length" yUnit="angle" datablock="ARB Deformation vs Rack Travel vs Wheel Travel" zLabel="Wheel Travel" zUnit="length">
        <afc:VectorAttribute name="x_data">
          -2.61802 -2.09442 -1.57081 -1.04721 -0.523604 0 0.523604 1.04721 1.57081 2.09442 2.61802 
        </afc:VectorAttribute>
        <afc:VectorAttribute name="y_data">
          0.089248 0.071393 0.0535416 0.0356929 0.017846 0 -0.017846 -0.0356929 -0.0535416 -0.071393 -0.089248 0.0918649 0.0734863 0.0551115 0.0367395 0.0183693 0 -0.0183693 -0.0367395 -0.0551115 -0.0734863 -0.0918649 0.0949866 0.0759835 0.0569842 0.0379879 0.0189935 0 -0.0189935 -0.0379879 -0.0569842 -0.0759835 -0.0949866 0.0986531 0.0789164 0.0591837 0.0394541 0.0197266 0 -0.0197266 -0.0394541 -0.0591837 -0.0789164 -0.0986531 0.10293 0.0823379 0.0617497 0.0411647 0.0205818 0 -0.0205818 -0.0411647 -0.0617497 -0.0823379 -0.10293 0.107917 0.0863268 0.0647411 0.0431589 0.0215789 0 -0.0215789 -0.0431589 -0.0647411 -0.0863268 -0.107917 0.113755 0.0909966 0.0682432 0.0454935 0.0227461 0 -0.0227461 -0.0454935 -0.0682432 -0.0909966 -0.113755 0.120648 0.0965109 0.0723786 0.0482502 0.0241245 0 -0.0241245 -0.0482502 -0.0723786 -0.0965109 -0.120648 0.128898 0.10311 0.0773275 0.0515493 0.0257739 0 -0.0257739 -0.0515493 -0.0773275 -0.10311 -0.128898 0.138961 0.111159 0.083364 0.0555733 0.0277859 0 -0.0277859 -0.0555733 -0.083364 -0.111159 -0.138961 0.151566 0.121242 0.0909255 0.060614 0.0303061 0 -0.0303061 -0.060614 -0.0909255 -0.121242 -0.151566 
        </afc:VectorAttribute>
        <afc:VectorAttribute name="z_data">
          -25 -20 -15 -10 -5 0 5 10 15 20 25 
        </afc:VectorAttribute>
      </Spline3d>
      <Spline3d name="x_j1_j2_spline_data" active="true" userDefined="false" interpolation_method="akima" xLabel="Wheel Travel" yLabel="x location" xUnit="length" yUnit="length" datablock="X location vs. WheelTravel vs Opposite WheelTravel" zLabel="Opposite Wheel Travel" zUnit="length">
        <afc:VectorAttribute name="x_data">
          -25 -20 -15 -10 -5 0 5 10 15 20 25 
        </afc:VectorAttribute>
        <afc:VectorAttribute name="y_data">
          0 0 0 0 0 0 0 0 0 0 0 
        </afc:VectorAttribute>
        <afc:VectorAttribute name="z_data">
          0
        </afc:VectorAttribute>
      </Spline3d>
      <Spline3d name="y_j1_j2_spline_data" active="true" userDefined="false" interpolation_method="akima" xLabel="Wheel Travel" yLabel="y location" xUnit="length" yUnit="length" datablock="Y location vs. WheelTravel vs Opposite WheelTravel" zLabel="Opposite Wheel Travel" zUnit="length">
        <afc:VectorAttribute name="x_data">
          -25 -20 -15 -10 -5 0 5 10 15 20 25 
        </afc:VectorAttribute>
        <afc:VectorAttribute name="y_data">
          0 0 0 0 0 0 0 0 0 0 0 
        </afc:VectorAttribute>
        <afc:VectorAttribute name="z_data">
          0
        </afc:VectorAttribute>
      </Spline3d>
      <Spline3d name="z_j1_j2_spline_data" active="true" userDefined="false" interpolation_method="akima" xLabel="Wheel Travel" yLabel="z location" xUnit="length" yUnit="length" datablock="Z location vs. WheelTravel vs Opposite WheelTravel" zLabel="Opposite Wheel Travel" zUnit="length">
        <afc:VectorAttribute name="x_data">
          -25 -20 -15 -10 -5 0 5 10 15 20 25 
        </afc:VectorAttribute>
        <afc:VectorAttribute name="y_data">
          0 0 0 0 0 0 0 0 0 0 0 
        </afc:VectorAttribute>
        <afc:VectorAttribute name="z_data">
          0
        </afc:VectorAttribute>
      </Spline3d>
      <Spline3d name="x_swa_spline_data" active="true" userDefined="false" interpolation_method="akima" xLabel="Steering Wheel Angle" yLabel="x location" xUnit="angle" yUnit="length" datablock="X location vs. Steering Wheel Angle vs Wheel Travel" zLabel="Wheel Travel" zUnit="length">
        <afc:VectorAttribute name="x_data">
          -100 -80 -60 -40 -20 0 20 40 60 80 100 
        </afc:VectorAttribute>
        <afc:VectorAttribute name="y_data">
          0 0 0 0 0 0 0 0 0 0 0 0 0 0 0 0 0 0 0 0 0 0 0 0 0 0 0 0 0 0 0 0 0 0 0 0 0 0 0 0 0 0 0 0 0 0 0 0 0 0 0 0 0 0 0 0 0 0 0 0 0 0 0 0 0 0 0 0 0 0 0 0 0 0 0 0 0 0 0 0 0 0 0 0 0 0 0 0 0 0 0 0 0 0 0 0 0 0 0 0 0 0 0 0 0 0 0 0 0 0 0 0 0 0 0 0 0 0 0 0 0 
        </afc:VectorAttribute>
        <afc:VectorAttribute name="z_data">
          -25 -20 -15 -10 -5 0 5 10 15 20 25 
        </afc:VectorAttribute>
      </Spline3d>
      <Spline3d name="y_swa_spline_data" active="true" userDefined="false" interpolation_method="akima" xLabel="Steering Wheel Angle" yLabel="y location" xUnit="angle" yUnit="length" datablock="Y location vs. Steering Wheel Angle vs Wheel Travel" zLabel="Wheel Travel" zUnit="length">
        <afc:VectorAttribute name="x_data">
          -100 -80 -60 -40 -20 0 20 40 60 80 100 
        </afc:VectorAttribute>
        <afc:VectorAttribute name="y_data">
          0 0 0 0 0 0 0 0 0 0 0 0 0 0 0 0 0 0 0 0 0 0 0 0 0 0 0 0 0 0 0 0 0 0 0 0 0 0 0 0 0 0 0 0 0 0 0 0 0 0 0 0 0 0 0 0 0 0 0 0 0 0 0 0 0 0 0 0 0 0 0 0 0 0 0 0 0 0 0 0 0 0 0 0 0 0 0 0 0 0 0 0 0 0 0 0 0 0 0 0 0 0 0 0 0 0 0 0 0 0 0 0 0 0 0 0 0 0 0 0 0 
        </afc:VectorAttribute>
        <afc:VectorAttribute name="z_data">
          -25 -20 -15 -10 -5 0 5 10 15 20 25 
        </afc:VectorAttribute>
      </Spline3d>
      <Spline3d name="z_swa_spline_data" active="true" userDefined="false" interpolation_method="akima" xLabel="Steering Wheel Angle" yLabel="z location" xUnit="angle" yUnit="length" datablock="Z location vs. Steering Wheel Angle vs Wheel Travel" zLabel="Wheel Travel" zUnit="length">
        <afc:VectorAttribute name="x_data">
          -100 -80 -60 -40 -20 0 20 40 60 80 100 
        </afc:VectorAttribute>
        <afc:VectorAttribute name="y_data">
          0 0 0 0 0 0 0 0 0 0 0 0 0 0 0 0 0 0 0 0 0 0 0 0 0 0 0 0 0 0 0 0 0 0 0 0 0 0 0 0 0 0 0 0 0 0 0 0 0 0 0 0 0 0 0 0 0 0 0 0 0 0 0 0 0 0 0 0 0 0 0 0 0 0 0 0 0 0 0 0 0 0 0 0 0 0 0 0 0 0 0 0 0 0 0 0 0 0 0 0 0 0 0 0 0 0 0 0 0 0 0 0 0 0 0 0 0 0 0 0 0 
        </afc:VectorAttribute>
        <afc:VectorAttribute name="z_data">
          -25 -20 -15 -10 -5 0 5 10 15 20 25 
        </afc:VectorAttribute>
      </Spline3d>
      <Spline3d name="x_rack_spline_data" active="true" userDefined="false" interpolation_method="akima" xLabel="Rack Travel" yLabel="x location" xUnit="length" yUnit="length" datablock="X location vs. Rack Travel vs Wheel Travel" zLabel="Wheel Travel" zUnit="length">
        <afc:VectorAttribute name="x_data">
          -2.61802 -2.09442 -1.57081 -1.04721 -0.523604 0 0.523604 1.04721 1.57081 2.09442 2.61802 
        </afc:VectorAttribute>
        <afc:VectorAttribute name="y_data">
          0 0 0 0 0 0 0 0 0 0 0 0 0 0 0 0 0 0 0 0 0 0 0 0 0 0 0 0 0 0 0 0 0 0 0 0 0 0 0 0 0 0 0 0 0 0 0 0 0 0 0 0 0 0 0 0 0 0 0 0 0 0 0 0 0 0 0 0 0 0 0 0 0 0 0 0 0 0 0 0 0 0 0 0 0 0 0 0 0 0 0 0 0 0 0 0 0 0 0 0 0 0 0 0 0 0 0 0 0 0 0 0 0 0 0 0 0 0 0 0 0 
        </afc:VectorAttribute>
        <afc:VectorAttribute name="z_data">
          -25 -20 -15 -10 -5 0 5 10 15 20 25 
        </afc:VectorAttribute>
      </Spline3d>
      <Spline3d name="y_rack_spline_data" active="true" userDefined="false" interpolation_method="akima" xLabel="Rack Travel" yLabel="y location" xUnit="length" yUnit="length" datablock="Y location vs. Rack Travel vs Wheel Travel" zLabel="Wheel Travel" zUnit="length">
        <afc:VectorAttribute name="x_data">
          -2.61802 -2.09442 -1.57081 -1.04721 -0.523604 0 0.523604 1.04721 1.57081 2.09442 2.61802 
        </afc:VectorAttribute>
        <afc:VectorAttribute name="y_data">
          0 0 0 0 0 0 0 0 0 0 0 0 0 0 0 0 0 0 0 0 0 0 0 0 0 0 0 0 0 0 0 0 0 0 0 0 0 0 0 0 0 0 0 0 0 0 0 0 0 0 0 0 0 0 0 0 0 0 0 0 0 0 0 0 0 0 0 0 0 0 0 0 0 0 0 0 0 0 0 0 0 0 0 0 0 0 0 0 0 0 0 0 0 0 0 0 0 0 0 0 0 0 0 0 0 0 0 0 0 0 0 0 0 0 0 0 0 0 0 0 0 
        </afc:VectorAttribute>
        <afc:VectorAttribute name="z_data">
          -25 -20 -15 -10 -5 0 5 10 15 20 25 
        </afc:VectorAttribute>
      </Spline3d>
      <Spline3d name="z_rack_spline_data" active="true" userDefined="false" interpolation_method="akima" xLabel="Rack Travel" yLabel="z location" xUnit="length" yUnit="length" datablock="Z location vs. Rack Travel vs Wheel Travel" zLabel="Wheel Travel" zUnit="length">
        <afc:VectorAttribute name="x_data">
          -2.61802 -2.09442 -1.57081 -1.04721 -0.523604 0 0.523604 1.04721 1.57081 2.09442 2.61802 
        </afc:VectorAttribute>
        <afc:VectorAttribute name="y_data">
          0 0 0 0 0 0 0 0 0 0 0 0 0 0 0 0 0 0 0 0 0 0 0 0 0 0 0 0 0 0 0 0 0 0 0 0 0 0 0 0 0 0 0 0 0 0 0 0 0 0 0 0 0 0 0 0 0 0 0 0 0 0 0 0 0 0 0 0 0 0 0 0 0 0 0 0 0 0 0 0 0 0 0 0 0 0 0 0 0 0 0 0 0 0 0 0 0 0 0 0 0 0 0 0 0 0 0 0 0 0 0 0 0 0 0 0 0 0 0 0 0 
        </afc:VectorAttribute>
        <afc:VectorAttribute name="z_data">
          -25 -20 -15 -10 -5 0 5 10 15 20 25 
        </afc:VectorAttribute>
      </Spline3d>
    </CRTKinematicsData>
    <CRTKinematicsData name="front_right_main_spring" active="true" userDefined="false" kingpinMomentActiveFlag="false" useOutboundPointSpline="false" pointOnUpright="(14.402 399.656 502.679)" pointOnChassis="(14.402 568.696 470.909)" useWheelCenterAsRefSys="true">
      <Spline3d name="swa_spline_data" active="true" userDefined="false" interpolation_method="akima" xLabel="Steering Wheel Angle" yLabel="Component Displacement" xUnit="angle" yUnit="length" datablock="Component Displacement vs Steering Wheel Angle vs Wheel Travel" zLabel="Wheel Travel" zUnit="length">
        <afc:VectorAttribute name="x_data">
          -100 -80 -60 -40 -20 0 20 40 60 80 100 
        </afc:VectorAttribute>
        <afc:VectorAttribute name="y_data">
          0.0429998 0.0340726 0.0253096 0.0167101 0.00827376 0 -0.00811159 -0.0160614 -0.0238499 -0.0314774 -0.0389443 0.0451145 0.0357544 0.0265635 0.0175411 0.00868676 0 -0.00851965 -0.0168726 -0.0250594 -0.0330803 -0.0409356 0.0473104 0.0375006 0.0278651 0.0184036 0.00911538 0 -0.00894304 -0.0177142 -0.0263139 -0.0347425 -0.0430005 0.0495818 0.0393065 0.0292112 0.0192954 0.00955852 0 -0.00938066 -0.0185839 -0.0276103 -0.0364601 -0.0451338 0.0519197 0.0411651 0.0305965 0.0202131 0.0100145 0 -0.00983083 -0.0194785 -0.0289435 -0.0382263 -0.0473273 0.05431 0.0430652 0.0320125 0.0211511 0.0104805 0 -0.0102909 -0.0203926 -0.0303058 -0.0400309 -0.0495682 0.0567301 0.044989 0.0334461 0.0221007 0.0109522 0 -0.0107565 -0.0213179 -0.0316845 -0.0418571 -0.0518359 0.0591443 0.0469081 0.0348762 0.023048 0.0114228 0 -0.011221 -0.0222407 -0.0330598 -0.0436786 -0.0540977 0.0614953 0.0487769 0.0362689 0.0239705 0.0118811 0 -0.0116734 -0.0231397 -0.0343994 -0.045453 -0.0563011 0.0636891 0.0505212 0.037569 0.0248318 0.0123091 0 -0.012096 -0.0239795 -0.035651 -0.0471112 -0.0583605 0.0655675 0.0520152 0.038683 0.0255702 0.0126761 0 -0.0124587 -0.0247006 -0.0367263 -0.0485363 -0.0601311 
        </afc:VectorAttribute>
        <afc:VectorAttribute name="z_data">
          -25 -20 -15 -10 -5 0 5 10 15 20 25 
        </afc:VectorAttribute>
      </Spline3d>
      <Spline3d name="rack_spline_data" active="true" userDefined="false" interpolation_method="akima" xLabel="Rack Displacement" yLabel="Component Displacement" xUnit="length" yUnit="length" datablock="Component Displacement vs Rack Travel vs Wheel Travel" zLabel="Wheel Travel" zUnit="length">
        <afc:VectorAttribute name="x_data">
          -2.61802 -2.09442 -1.57081 -1.04721 -0.523604 0 0.523604 1.04721 1.57081 2.09442 2.61802 
        </afc:VectorAttribute>
        <afc:VectorAttribute name="y_data">
          0.0429998 0.0340726 0.0253096 0.0167101 0.00827376 0 -0.00811159 -0.0160614 -0.0238499 -0.0314774 -0.0389443 0.0451145 0.0357544 0.0265635 0.0175411 0.00868676 0 -0.00851965 -0.0168726 -0.0250594 -0.0330803 -0.0409356 0.0473104 0.0375006 0.0278651 0.0184036 0.00911538 0 -0.00894304 -0.0177142 -0.0263139 -0.0347425 -0.0430005 0.0495818 0.0393065 0.0292112 0.0192954 0.00955852 0 -0.00938066 -0.0185839 -0.0276103 -0.0364601 -0.0451338 0.0519197 0.0411651 0.0305965 0.0202131 0.0100145 0 -0.00983083 -0.0194785 -0.0289435 -0.0382263 -0.0473273 0.05431 0.0430652 0.0320125 0.0211511 0.0104805 0 -0.0102909 -0.0203926 -0.0303058 -0.0400309 -0.0495682 0.0567301 0.044989 0.0334461 0.0221007 0.0109522 0 -0.0107565 -0.0213179 -0.0316845 -0.0418571 -0.0518359 0.0591443 0.0469081 0.0348762 0.023048 0.0114228 0 -0.011221 -0.0222407 -0.0330598 -0.0436786 -0.0540977 0.0614953 0.0487769 0.0362689 0.0239705 0.0118811 0 -0.0116734 -0.0231397 -0.0343994 -0.045453 -0.0563011 0.0636891 0.0505212 0.037569 0.0248318 0.0123091 0 -0.012096 -0.0239795 -0.035651 -0.0471112 -0.0583605 0.0655675 0.0520152 0.038683 0.0255702 0.0126761 0 -0.0124587 -0.0247006 -0.0367263 -0.0485363 -0.0601311 
        </afc:VectorAttribute>
        <afc:VectorAttribute name="z_data">
          -25 -20 -15 -10 -5 0 5 10 15 20 25 
        </afc:VectorAttribute>
      </Spline3d>
      <Spline3d name="x_j1_j2_spline_data" active="true" userDefined="false" interpolation_method="akima" xLabel="Wheel Travel" yLabel="x location" xUnit="length" yUnit="length" datablock="X location vs. WheelTravel vs Opposite WheelTravel" zLabel="Opposite Wheel Travel" zUnit="length">
        <afc:VectorAttribute name="x_data">
          -25 -20 -15 -10 -5 0 5 10 15 20 25 
        </afc:VectorAttribute>
        <afc:VectorAttribute name="y_data">
          0 0 0 0 0 0 0 0 0 0 0 
        </afc:VectorAttribute>
        <afc:VectorAttribute name="z_data">
          0
        </afc:VectorAttribute>
      </Spline3d>
      <Spline3d name="y_j1_j2_spline_data" active="true" userDefined="false" interpolation_method="akima" xLabel="Wheel Travel" yLabel="y location" xUnit="length" yUnit="length" datablock="Y location vs. WheelTravel vs Opposite WheelTravel" zLabel="Opposite Wheel Travel" zUnit="length">
        <afc:VectorAttribute name="x_data">
          -25 -20 -15 -10 -5 0 5 10 15 20 25 
        </afc:VectorAttribute>
        <afc:VectorAttribute name="y_data">
          0 0 0 0 0 0 0 0 0 0 0 
        </afc:VectorAttribute>
        <afc:VectorAttribute name="z_data">
          0
        </afc:VectorAttribute>
      </Spline3d>
      <Spline3d name="z_j1_j2_spline_data" active="true" userDefined="false" interpolation_method="akima" xLabel="Wheel Travel" yLabel="z location" xUnit="length" yUnit="length" datablock="Z location vs. WheelTravel vs Opposite WheelTravel" zLabel="Opposite Wheel Travel" zUnit="length">
        <afc:VectorAttribute name="x_data">
          -25 -20 -15 -10 -5 0 5 10 15 20 25 
        </afc:VectorAttribute>
        <afc:VectorAttribute name="y_data">
          0 0 0 0 0 0 0 0 0 0 0 
        </afc:VectorAttribute>
        <afc:VectorAttribute name="z_data">
          0
        </afc:VectorAttribute>
      </Spline3d>
      <Spline3d name="x_swa_spline_data" active="true" userDefined="false" interpolation_method="akima" xLabel="Steering Wheel Angle" yLabel="x location" xUnit="angle" yUnit="length" datablock="X location vs. Steering Wheel Angle vs Wheel Travel" zLabel="Wheel Travel" zUnit="length">
        <afc:VectorAttribute name="x_data">
          -100 -80 -60 -40 -20 0 20 40 60 80 100 
        </afc:VectorAttribute>
        <afc:VectorAttribute name="y_data">
          0 0 0 0 0 0 0 0 0 0 0 0 0 0 0 0 0 0 0 0 0 0 0 0 0 0 0 0 0 0 0 0 0 0 0 0 0 0 0 0 0 0 0 0 0 0 0 0 0 0 0 0 0 0 0 0 0 0 0 0 0 0 0 0 0 0 0 0 0 0 0 0 0 0 0 0 0 0 0 0 0 0 0 0 0 0 0 0 0 0 0 0 0 0 0 0 0 0 0 0 0 0 0 0 0 0 0 0 0 0 0 0 0 0 0 0 0 0 0 0 0 
        </afc:VectorAttribute>
        <afc:VectorAttribute name="z_data">
          -25 -20 -15 -10 -5 0 5 10 15 20 25 
        </afc:VectorAttribute>
      </Spline3d>
      <Spline3d name="y_swa_spline_data" active="true" userDefined="false" interpolation_method="akima" xLabel="Steering Wheel Angle" yLabel="y location" xUnit="angle" yUnit="length" datablock="Y location vs. Steering Wheel Angle vs Wheel Travel" zLabel="Wheel Travel" zUnit="length">
        <afc:VectorAttribute name="x_data">
          -100 -80 -60 -40 -20 0 20 40 60 80 100 
        </afc:VectorAttribute>
        <afc:VectorAttribute name="y_data">
          0 0 0 0 0 0 0 0 0 0 0 0 0 0 0 0 0 0 0 0 0 0 0 0 0 0 0 0 0 0 0 0 0 0 0 0 0 0 0 0 0 0 0 0 0 0 0 0 0 0 0 0 0 0 0 0 0 0 0 0 0 0 0 0 0 0 0 0 0 0 0 0 0 0 0 0 0 0 0 0 0 0 0 0 0 0 0 0 0 0 0 0 0 0 0 0 0 0 0 0 0 0 0 0 0 0 0 0 0 0 0 0 0 0 0 0 0 0 0 0 0 
        </afc:VectorAttribute>
        <afc:VectorAttribute name="z_data">
          -25 -20 -15 -10 -5 0 5 10 15 20 25 
        </afc:VectorAttribute>
      </Spline3d>
      <Spline3d name="z_swa_spline_data" active="true" userDefined="false" interpolation_method="akima" xLabel="Steering Wheel Angle" yLabel="z location" xUnit="angle" yUnit="length" datablock="Z location vs. Steering Wheel Angle vs Wheel Travel" zLabel="Wheel Travel" zUnit="length">
        <afc:VectorAttribute name="x_data">
          -100 -80 -60 -40 -20 0 20 40 60 80 100 
        </afc:VectorAttribute>
        <afc:VectorAttribute name="y_data">
          0 0 0 0 0 0 0 0 0 0 0 0 0 0 0 0 0 0 0 0 0 0 0 0 0 0 0 0 0 0 0 0 0 0 0 0 0 0 0 0 0 0 0 0 0 0 0 0 0 0 0 0 0 0 0 0 0 0 0 0 0 0 0 0 0 0 0 0 0 0 0 0 0 0 0 0 0 0 0 0 0 0 0 0 0 0 0 0 0 0 0 0 0 0 0 0 0 0 0 0 0 0 0 0 0 0 0 0 0 0 0 0 0 0 0 0 0 0 0 0 0 
        </afc:VectorAttribute>
        <afc:VectorAttribute name="z_data">
          -25 -20 -15 -10 -5 0 5 10 15 20 25 
        </afc:VectorAttribute>
      </Spline3d>
      <Spline3d name="x_rack_spline_data" active="true" userDefined="false" interpolation_method="akima" xLabel="Rack Travel" yLabel="x location" xUnit="length" yUnit="length" datablock="X location vs. Rack Travel vs Wheel Travel" zLabel="Wheel Travel" zUnit="length">
        <afc:VectorAttribute name="x_data">
          -2.61802 -2.09442 -1.57081 -1.04721 -0.523604 0 0.523604 1.04721 1.57081 2.09442 2.61802 
        </afc:VectorAttribute>
        <afc:VectorAttribute name="y_data">
          0 0 0 0 0 0 0 0 0 0 0 0 0 0 0 0 0 0 0 0 0 0 0 0 0 0 0 0 0 0 0 0 0 0 0 0 0 0 0 0 0 0 0 0 0 0 0 0 0 0 0 0 0 0 0 0 0 0 0 0 0 0 0 0 0 0 0 0 0 0 0 0 0 0 0 0 0 0 0 0 0 0 0 0 0 0 0 0 0 0 0 0 0 0 0 0 0 0 0 0 0 0 0 0 0 0 0 0 0 0 0 0 0 0 0 0 0 0 0 0 0 
        </afc:VectorAttribute>
        <afc:VectorAttribute name="z_data">
          -25 -20 -15 -10 -5 0 5 10 15 20 25 
        </afc:VectorAttribute>
      </Spline3d>
      <Spline3d name="y_rack_spline_data" active="true" userDefined="false" interpolation_method="akima" xLabel="Rack Travel" yLabel="y location" xUnit="length" yUnit="length" datablock="Y location vs. Rack Travel vs Wheel Travel" zLabel="Wheel Travel" zUnit="length">
        <afc:VectorAttribute name="x_data">
          -2.61802 -2.09442 -1.57081 -1.04721 -0.523604 0 0.523604 1.04721 1.57081 2.09442 2.61802 
        </afc:VectorAttribute>
        <afc:VectorAttribute name="y_data">
          0 0 0 0 0 0 0 0 0 0 0 0 0 0 0 0 0 0 0 0 0 0 0 0 0 0 0 0 0 0 0 0 0 0 0 0 0 0 0 0 0 0 0 0 0 0 0 0 0 0 0 0 0 0 0 0 0 0 0 0 0 0 0 0 0 0 0 0 0 0 0 0 0 0 0 0 0 0 0 0 0 0 0 0 0 0 0 0 0 0 0 0 0 0 0 0 0 0 0 0 0 0 0 0 0 0 0 0 0 0 0 0 0 0 0 0 0 0 0 0 0 
        </afc:VectorAttribute>
        <afc:VectorAttribute name="z_data">
          -25 -20 -15 -10 -5 0 5 10 15 20 25 
        </afc:VectorAttribute>
      </Spline3d>
      <Spline3d name="z_rack_spline_data" active="true" userDefined="false" interpolation_method="akima" xLabel="Rack Travel" yLabel="z location" xUnit="length" yUnit="length" datablock="Z location vs. Rack Travel vs Wheel Travel" zLabel="Wheel Travel" zUnit="length">
        <afc:VectorAttribute name="x_data">
          -2.61802 -2.09442 -1.57081 -1.04721 -0.523604 0 0.523604 1.04721 1.57081 2.09442 2.61802 
        </afc:VectorAttribute>
        <afc:VectorAttribute name="y_data">
          0 0 0 0 0 0 0 0 0 0 0 0 0 0 0 0 0 0 0 0 0 0 0 0 0 0 0 0 0 0 0 0 0 0 0 0 0 0 0 0 0 0 0 0 0 0 0 0 0 0 0 0 0 0 0 0 0 0 0 0 0 0 0 0 0 0 0 0 0 0 0 0 0 0 0 0 0 0 0 0 0 0 0 0 0 0 0 0 0 0 0 0 0 0 0 0 0 0 0 0 0 0 0 0 0 0 0 0 0 0 0 0 0 0 0 0 0 0 0 0 0 
        </afc:VectorAttribute>
        <afc:VectorAttribute name="z_data">
          -25 -20 -15 -10 -5 0 5 10 15 20 25 
        </afc:VectorAttribute>
      </Spline3d>
    </CRTKinematicsData>
    <CRTKinematicsData name="front_right_main_damper" active="true" userDefined="false" kingpinMomentActiveFlag="false" useOutboundPointSpline="false" pointOnUpright="(14.402 399.656 502.679)" pointOnChassis="(14.402 568.696 470.909)" useWheelCenterAsRefSys="true">
      <Spline3d name="swa_spline_data" active="true" userDefined="false" interpolation_method="akima" xLabel="Steering Wheel Angle" yLabel="Component Displacement" xUnit="angle" yUnit="length" datablock="Component Displacement vs Steering Wheel Angle vs Wheel Travel" zLabel="Wheel Travel" zUnit="length">
        <afc:VectorAttribute name="x_data">
          -100 -80 -60 -40 -20 0 20 40 60 80 100 
        </afc:VectorAttribute>
        <afc:VectorAttribute name="y_data">
          0.0429998 0.0340726 0.0253096 0.0167101 0.00827376 0 -0.00811159 -0.0160614 -0.0238499 -0.0314774 -0.0389443 0.0451145 0.0357544 0.0265635 0.0175411 0.00868676 0 -0.00851965 -0.0168726 -0.0250594 -0.0330803 -0.0409356 0.0473104 0.0375006 0.0278651 0.0184036 0.00911538 0 -0.00894304 -0.0177142 -0.0263139 -0.0347425 -0.0430005 0.0495818 0.0393065 0.0292112 0.0192954 0.00955852 0 -0.00938066 -0.0185839 -0.0276103 -0.0364601 -0.0451338 0.0519197 0.0411651 0.0305965 0.0202131 0.0100145 0 -0.00983083 -0.0194785 -0.0289435 -0.0382263 -0.0473273 0.05431 0.0430652 0.0320125 0.0211511 0.0104805 0 -0.0102909 -0.0203926 -0.0303058 -0.0400309 -0.0495682 0.0567301 0.044989 0.0334461 0.0221007 0.0109522 0 -0.0107565 -0.0213179 -0.0316845 -0.0418571 -0.0518359 0.0591443 0.0469081 0.0348762 0.023048 0.0114228 0 -0.011221 -0.0222407 -0.0330598 -0.0436786 -0.0540977 0.0614953 0.0487769 0.0362689 0.0239705 0.0118811 0 -0.0116734 -0.0231397 -0.0343994 -0.045453 -0.0563011 0.0636891 0.0505212 0.037569 0.0248318 0.0123091 0 -0.012096 -0.0239795 -0.035651 -0.0471112 -0.0583605 0.0655675 0.0520152 0.038683 0.0255702 0.0126761 0 -0.0124587 -0.0247006 -0.0367263 -0.0485363 -0.0601311 
        </afc:VectorAttribute>
        <afc:VectorAttribute name="z_data">
          -25 -20 -15 -10 -5 0 5 10 15 20 25 
        </afc:VectorAttribute>
      </Spline3d>
      <Spline3d name="rack_spline_data" active="true" userDefined="false" interpolation_method="akima" xLabel="Rack Displacement" yLabel="Component Displacement" xUnit="length" yUnit="length" datablock="Component Displacement vs Rack Travel vs Wheel Travel" zLabel="Wheel Travel" zUnit="length">
        <afc:VectorAttribute name="x_data">
          -2.61802 -2.09442 -1.57081 -1.04721 -0.523604 0 0.523604 1.04721 1.57081 2.09442 2.61802 
        </afc:VectorAttribute>
        <afc:VectorAttribute name="y_data">
          0.0429998 0.0340726 0.0253096 0.0167101 0.00827376 0 -0.00811159 -0.0160614 -0.0238499 -0.0314774 -0.0389443 0.0451145 0.0357544 0.0265635 0.0175411 0.00868676 0 -0.00851965 -0.0168726 -0.0250594 -0.0330803 -0.0409356 0.0473104 0.0375006 0.0278651 0.0184036 0.00911538 0 -0.00894304 -0.0177142 -0.0263139 -0.0347425 -0.0430005 0.0495818 0.0393065 0.0292112 0.0192954 0.00955852 0 -0.00938066 -0.0185839 -0.0276103 -0.0364601 -0.0451338 0.0519197 0.0411651 0.0305965 0.0202131 0.0100145 0 -0.00983083 -0.0194785 -0.0289435 -0.0382263 -0.0473273 0.05431 0.0430652 0.0320125 0.0211511 0.0104805 0 -0.0102909 -0.0203926 -0.0303058 -0.0400309 -0.0495682 0.0567301 0.044989 0.0334461 0.0221007 0.0109522 0 -0.0107565 -0.0213179 -0.0316845 -0.0418571 -0.0518359 0.0591443 0.0469081 0.0348762 0.023048 0.0114228 0 -0.011221 -0.0222407 -0.0330598 -0.0436786 -0.0540977 0.0614953 0.0487769 0.0362689 0.0239705 0.0118811 0 -0.0116734 -0.0231397 -0.0343994 -0.045453 -0.0563011 0.0636891 0.0505212 0.037569 0.0248318 0.0123091 0 -0.012096 -0.0239795 -0.035651 -0.0471112 -0.0583605 0.0655675 0.0520152 0.038683 0.0255702 0.0126761 0 -0.0124587 -0.0247006 -0.0367263 -0.0485363 -0.0601311 
        </afc:VectorAttribute>
        <afc:VectorAttribute name="z_data">
          -25 -20 -15 -10 -5 0 5 10 15 20 25 
        </afc:VectorAttribute>
      </Spline3d>
      <Spline3d name="x_j1_j2_spline_data" active="true" userDefined="false" interpolation_method="akima" xLabel="Wheel Travel" yLabel="x location" xUnit="length" yUnit="length" datablock="X location vs. WheelTravel vs Opposite WheelTravel" zLabel="Opposite Wheel Travel" zUnit="length">
        <afc:VectorAttribute name="x_data">
          -25 -20 -15 -10 -5 0 5 10 15 20 25 
        </afc:VectorAttribute>
        <afc:VectorAttribute name="y_data">
          0 0 0 0 0 0 0 0 0 0 0 
        </afc:VectorAttribute>
        <afc:VectorAttribute name="z_data">
          0
        </afc:VectorAttribute>
      </Spline3d>
      <Spline3d name="y_j1_j2_spline_data" active="true" userDefined="false" interpolation_method="akima" xLabel="Wheel Travel" yLabel="y location" xUnit="length" yUnit="length" datablock="Y location vs. WheelTravel vs Opposite WheelTravel" zLabel="Opposite Wheel Travel" zUnit="length">
        <afc:VectorAttribute name="x_data">
          -25 -20 -15 -10 -5 0 5 10 15 20 25 
        </afc:VectorAttribute>
        <afc:VectorAttribute name="y_data">
          0 0 0 0 0 0 0 0 0 0 0 
        </afc:VectorAttribute>
        <afc:VectorAttribute name="z_data">
          0
        </afc:VectorAttribute>
      </Spline3d>
      <Spline3d name="z_j1_j2_spline_data" active="true" userDefined="false" interpolation_method="akima" xLabel="Wheel Travel" yLabel="z location" xUnit="length" yUnit="length" datablock="Z location vs. WheelTravel vs Opposite WheelTravel" zLabel="Opposite Wheel Travel" zUnit="length">
        <afc:VectorAttribute name="x_data">
          -25 -20 -15 -10 -5 0 5 10 15 20 25 
        </afc:VectorAttribute>
        <afc:VectorAttribute name="y_data">
          0 0 0 0 0 0 0 0 0 0 0 
        </afc:VectorAttribute>
        <afc:VectorAttribute name="z_data">
          0
        </afc:VectorAttribute>
      </Spline3d>
      <Spline3d name="x_swa_spline_data" active="true" userDefined="false" interpolation_method="akima" xLabel="Steering Wheel Angle" yLabel="x location" xUnit="angle" yUnit="length" datablock="X location vs. Steering Wheel Angle vs Wheel Travel" zLabel="Wheel Travel" zUnit="length">
        <afc:VectorAttribute name="x_data">
          -100 -80 -60 -40 -20 0 20 40 60 80 100 
        </afc:VectorAttribute>
        <afc:VectorAttribute name="y_data">
          0 0 0 0 0 0 0 0 0 0 0 0 0 0 0 0 0 0 0 0 0 0 0 0 0 0 0 0 0 0 0 0 0 0 0 0 0 0 0 0 0 0 0 0 0 0 0 0 0 0 0 0 0 0 0 0 0 0 0 0 0 0 0 0 0 0 0 0 0 0 0 0 0 0 0 0 0 0 0 0 0 0 0 0 0 0 0 0 0 0 0 0 0 0 0 0 0 0 0 0 0 0 0 0 0 0 0 0 0 0 0 0 0 0 0 0 0 0 0 0 0 
        </afc:VectorAttribute>
        <afc:VectorAttribute name="z_data">
          -25 -20 -15 -10 -5 0 5 10 15 20 25 
        </afc:VectorAttribute>
      </Spline3d>
      <Spline3d name="y_swa_spline_data" active="true" userDefined="false" interpolation_method="akima" xLabel="Steering Wheel Angle" yLabel="y location" xUnit="angle" yUnit="length" datablock="Y location vs. Steering Wheel Angle vs Wheel Travel" zLabel="Wheel Travel" zUnit="length">
        <afc:VectorAttribute name="x_data">
          -100 -80 -60 -40 -20 0 20 40 60 80 100 
        </afc:VectorAttribute>
        <afc:VectorAttribute name="y_data">
          0 0 0 0 0 0 0 0 0 0 0 0 0 0 0 0 0 0 0 0 0 0 0 0 0 0 0 0 0 0 0 0 0 0 0 0 0 0 0 0 0 0 0 0 0 0 0 0 0 0 0 0 0 0 0 0 0 0 0 0 0 0 0 0 0 0 0 0 0 0 0 0 0 0 0 0 0 0 0 0 0 0 0 0 0 0 0 0 0 0 0 0 0 0 0 0 0 0 0 0 0 0 0 0 0 0 0 0 0 0 0 0 0 0 0 0 0 0 0 0 0 
        </afc:VectorAttribute>
        <afc:VectorAttribute name="z_data">
          -25 -20 -15 -10 -5 0 5 10 15 20 25 
        </afc:VectorAttribute>
      </Spline3d>
      <Spline3d name="z_swa_spline_data" active="true" userDefined="false" interpolation_method="akima" xLabel="Steering Wheel Angle" yLabel="z location" xUnit="angle" yUnit="length" datablock="Z location vs. Steering Wheel Angle vs Wheel Travel" zLabel="Wheel Travel" zUnit="length">
        <afc:VectorAttribute name="x_data">
          -100 -80 -60 -40 -20 0 20 40 60 80 100 
        </afc:VectorAttribute>
        <afc:VectorAttribute name="y_data">
          0 0 0 0 0 0 0 0 0 0 0 0 0 0 0 0 0 0 0 0 0 0 0 0 0 0 0 0 0 0 0 0 0 0 0 0 0 0 0 0 0 0 0 0 0 0 0 0 0 0 0 0 0 0 0 0 0 0 0 0 0 0 0 0 0 0 0 0 0 0 0 0 0 0 0 0 0 0 0 0 0 0 0 0 0 0 0 0 0 0 0 0 0 0 0 0 0 0 0 0 0 0 0 0 0 0 0 0 0 0 0 0 0 0 0 0 0 0 0 0 0 
        </afc:VectorAttribute>
        <afc:VectorAttribute name="z_data">
          -25 -20 -15 -10 -5 0 5 10 15 20 25 
        </afc:VectorAttribute>
      </Spline3d>
      <Spline3d name="x_rack_spline_data" active="true" userDefined="false" interpolation_method="akima" xLabel="Rack Travel" yLabel="x location" xUnit="length" yUnit="length" datablock="X location vs. Rack Travel vs Wheel Travel" zLabel="Wheel Travel" zUnit="length">
        <afc:VectorAttribute name="x_data">
          -2.61802 -2.09442 -1.57081 -1.04721 -0.523604 0 0.523604 1.04721 1.57081 2.09442 2.61802 
        </afc:VectorAttribute>
        <afc:VectorAttribute name="y_data">
          0 0 0 0 0 0 0 0 0 0 0 0 0 0 0 0 0 0 0 0 0 0 0 0 0 0 0 0 0 0 0 0 0 0 0 0 0 0 0 0 0 0 0 0 0 0 0 0 0 0 0 0 0 0 0 0 0 0 0 0 0 0 0 0 0 0 0 0 0 0 0 0 0 0 0 0 0 0 0 0 0 0 0 0 0 0 0 0 0 0 0 0 0 0 0 0 0 0 0 0 0 0 0 0 0 0 0 0 0 0 0 0 0 0 0 0 0 0 0 0 0 
        </afc:VectorAttribute>
        <afc:VectorAttribute name="z_data">
          -25 -20 -15 -10 -5 0 5 10 15 20 25 
        </afc:VectorAttribute>
      </Spline3d>
      <Spline3d name="y_rack_spline_data" active="true" userDefined="false" interpolation_method="akima" xLabel="Rack Travel" yLabel="y location" xUnit="length" yUnit="length" datablock="Y location vs. Rack Travel vs Wheel Travel" zLabel="Wheel Travel" zUnit="length">
        <afc:VectorAttribute name="x_data">
          -2.61802 -2.09442 -1.57081 -1.04721 -0.523604 0 0.523604 1.04721 1.57081 2.09442 2.61802 
        </afc:VectorAttribute>
        <afc:VectorAttribute name="y_data">
          0 0 0 0 0 0 0 0 0 0 0 0 0 0 0 0 0 0 0 0 0 0 0 0 0 0 0 0 0 0 0 0 0 0 0 0 0 0 0 0 0 0 0 0 0 0 0 0 0 0 0 0 0 0 0 0 0 0 0 0 0 0 0 0 0 0 0 0 0 0 0 0 0 0 0 0 0 0 0 0 0 0 0 0 0 0 0 0 0 0 0 0 0 0 0 0 0 0 0 0 0 0 0 0 0 0 0 0 0 0 0 0 0 0 0 0 0 0 0 0 0 
        </afc:VectorAttribute>
        <afc:VectorAttribute name="z_data">
          -25 -20 -15 -10 -5 0 5 10 15 20 25 
        </afc:VectorAttribute>
      </Spline3d>
      <Spline3d name="z_rack_spline_data" active="true" userDefined="false" interpolation_method="akima" xLabel="Rack Travel" yLabel="z location" xUnit="length" yUnit="length" datablock="Z location vs. Rack Travel vs Wheel Travel" zLabel="Wheel Travel" zUnit="length">
        <afc:VectorAttribute name="x_data">
          -2.61802 -2.09442 -1.57081 -1.04721 -0.523604 0 0.523604 1.04721 1.57081 2.09442 2.61802 
        </afc:VectorAttribute>
        <afc:VectorAttribute name="y_data">
          0 0 0 0 0 0 0 0 0 0 0 0 0 0 0 0 0 0 0 0 0 0 0 0 0 0 0 0 0 0 0 0 0 0 0 0 0 0 0 0 0 0 0 0 0 0 0 0 0 0 0 0 0 0 0 0 0 0 0 0 0 0 0 0 0 0 0 0 0 0 0 0 0 0 0 0 0 0 0 0 0 0 0 0 0 0 0 0 0 0 0 0 0 0 0 0 0 0 0 0 0 0 0 0 0 0 0 0 0 0 0 0 0 0 0 0 0 0 0 0 0 
        </afc:VectorAttribute>
        <afc:VectorAttribute name="z_data">
          -25 -20 -15 -10 -5 0 5 10 15 20 25 
        </afc:VectorAttribute>
      </Spline3d>
    </CRTKinematicsData>
    <CRTKinematicsData name="front_right_main_bumpstop" active="true" userDefined="false" kingpinMomentActiveFlag="false" useOutboundPointSpline="false" pointOnUpright="(14.402 399.656 502.679)" pointOnChassis="(14.402 568.696 470.909)" useWheelCenterAsRefSys="true">
      <Spline3d name="swa_spline_data" active="true" userDefined="false" interpolation_method="akima" xLabel="Steering Wheel Angle" yLabel="Component Displacement" xUnit="angle" yUnit="length" datablock="Component Displacement vs Steering Wheel Angle vs Wheel Travel" zLabel="Wheel Travel" zUnit="length">
        <afc:VectorAttribute name="x_data">
          -100 -80 -60 -40 -20 0 20 40 60 80 100 
        </afc:VectorAttribute>
        <afc:VectorAttribute name="y_data">
          0.0429998 0.0340726 0.0253096 0.0167101 0.00827376 0 -0.00811159 -0.0160614 -0.0238499 -0.0314774 -0.0389443 0.0451145 0.0357544 0.0265635 0.0175411 0.00868676 0 -0.00851965 -0.0168726 -0.0250594 -0.0330803 -0.0409356 0.0473104 0.0375006 0.0278651 0.0184036 0.00911538 0 -0.00894304 -0.0177142 -0.0263139 -0.0347425 -0.0430005 0.0495818 0.0393065 0.0292112 0.0192954 0.00955852 0 -0.00938066 -0.0185839 -0.0276103 -0.0364601 -0.0451338 0.0519197 0.0411651 0.0305965 0.0202131 0.0100145 0 -0.00983083 -0.0194785 -0.0289435 -0.0382263 -0.0473273 0.05431 0.0430652 0.0320125 0.0211511 0.0104805 0 -0.0102909 -0.0203926 -0.0303058 -0.0400309 -0.0495682 0.0567301 0.044989 0.0334461 0.0221007 0.0109522 0 -0.0107565 -0.0213179 -0.0316845 -0.0418571 -0.0518359 0.0591443 0.0469081 0.0348762 0.023048 0.0114228 0 -0.011221 -0.0222407 -0.0330598 -0.0436786 -0.0540977 0.0614953 0.0487769 0.0362689 0.0239705 0.0118811 0 -0.0116734 -0.0231397 -0.0343994 -0.045453 -0.0563011 0.0636891 0.0505212 0.037569 0.0248318 0.0123091 0 -0.012096 -0.0239795 -0.035651 -0.0471112 -0.0583605 0.0655675 0.0520152 0.038683 0.0255702 0.0126761 0 -0.0124587 -0.0247006 -0.0367263 -0.0485363 -0.0601311 
        </afc:VectorAttribute>
        <afc:VectorAttribute name="z_data">
          -25 -20 -15 -10 -5 0 5 10 15 20 25 
        </afc:VectorAttribute>
      </Spline3d>
      <Spline3d name="rack_spline_data" active="true" userDefined="false" interpolation_method="akima" xLabel="Rack Displacement" yLabel="Component Displacement" xUnit="length" yUnit="length" datablock="Component Displacement vs Rack Travel vs Wheel Travel" zLabel="Wheel Travel" zUnit="length">
        <afc:VectorAttribute name="x_data">
          -2.61802 -2.09442 -1.57081 -1.04721 -0.523604 0 0.523604 1.04721 1.57081 2.09442 2.61802 
        </afc:VectorAttribute>
        <afc:VectorAttribute name="y_data">
          0.0429998 0.0340726 0.0253096 0.0167101 0.00827376 0 -0.00811159 -0.0160614 -0.0238499 -0.0314774 -0.0389443 0.0451145 0.0357544 0.0265635 0.0175411 0.00868676 0 -0.00851965 -0.0168726 -0.0250594 -0.0330803 -0.0409356 0.0473104 0.0375006 0.0278651 0.0184036 0.00911538 0 -0.00894304 -0.0177142 -0.0263139 -0.0347425 -0.0430005 0.0495818 0.0393065 0.0292112 0.0192954 0.00955852 0 -0.00938066 -0.0185839 -0.0276103 -0.0364601 -0.0451338 0.0519197 0.0411651 0.0305965 0.0202131 0.0100145 0 -0.00983083 -0.0194785 -0.0289435 -0.0382263 -0.0473273 0.05431 0.0430652 0.0320125 0.0211511 0.0104805 0 -0.0102909 -0.0203926 -0.0303058 -0.0400309 -0.0495682 0.0567301 0.044989 0.0334461 0.0221007 0.0109522 0 -0.0107565 -0.0213179 -0.0316845 -0.0418571 -0.0518359 0.0591443 0.0469081 0.0348762 0.023048 0.0114228 0 -0.011221 -0.0222407 -0.0330598 -0.0436786 -0.0540977 0.0614953 0.0487769 0.0362689 0.0239705 0.0118811 0 -0.0116734 -0.0231397 -0.0343994 -0.045453 -0.0563011 0.0636891 0.0505212 0.037569 0.0248318 0.0123091 0 -0.012096 -0.0239795 -0.035651 -0.0471112 -0.0583605 0.0655675 0.0520152 0.038683 0.0255702 0.0126761 0 -0.0124587 -0.0247006 -0.0367263 -0.0485363 -0.0601311 
        </afc:VectorAttribute>
        <afc:VectorAttribute name="z_data">
          -25 -20 -15 -10 -5 0 5 10 15 20 25 
        </afc:VectorAttribute>
      </Spline3d>
      <Spline3d name="x_j1_j2_spline_data" active="true" userDefined="false" interpolation_method="akima" xLabel="Wheel Travel" yLabel="x location" xUnit="length" yUnit="length" datablock="X location vs. WheelTravel vs Opposite WheelTravel" zLabel="Opposite Wheel Travel" zUnit="length">
        <afc:VectorAttribute name="x_data">
          -25 -20 -15 -10 -5 0 5 10 15 20 25 
        </afc:VectorAttribute>
        <afc:VectorAttribute name="y_data">
          0 0 0 0 0 0 0 0 0 0 0 
        </afc:VectorAttribute>
        <afc:VectorAttribute name="z_data">
          0
        </afc:VectorAttribute>
      </Spline3d>
      <Spline3d name="y_j1_j2_spline_data" active="true" userDefined="false" interpolation_method="akima" xLabel="Wheel Travel" yLabel="y location" xUnit="length" yUnit="length" datablock="Y location vs. WheelTravel vs Opposite WheelTravel" zLabel="Opposite Wheel Travel" zUnit="length">
        <afc:VectorAttribute name="x_data">
          -25 -20 -15 -10 -5 0 5 10 15 20 25 
        </afc:VectorAttribute>
        <afc:VectorAttribute name="y_data">
          0 0 0 0 0 0 0 0 0 0 0 
        </afc:VectorAttribute>
        <afc:VectorAttribute name="z_data">
          0
        </afc:VectorAttribute>
      </Spline3d>
      <Spline3d name="z_j1_j2_spline_data" active="true" userDefined="false" interpolation_method="akima" xLabel="Wheel Travel" yLabel="z location" xUnit="length" yUnit="length" datablock="Z location vs. WheelTravel vs Opposite WheelTravel" zLabel="Opposite Wheel Travel" zUnit="length">
        <afc:VectorAttribute name="x_data">
          -25 -20 -15 -10 -5 0 5 10 15 20 25 
        </afc:VectorAttribute>
        <afc:VectorAttribute name="y_data">
          0 0 0 0 0 0 0 0 0 0 0 
        </afc:VectorAttribute>
        <afc:VectorAttribute name="z_data">
          0
        </afc:VectorAttribute>
      </Spline3d>
      <Spline3d name="x_swa_spline_data" active="true" userDefined="false" interpolation_method="akima" xLabel="Steering Wheel Angle" yLabel="x location" xUnit="angle" yUnit="length" datablock="X location vs. Steering Wheel Angle vs Wheel Travel" zLabel="Wheel Travel" zUnit="length">
        <afc:VectorAttribute name="x_data">
          -100 -80 -60 -40 -20 0 20 40 60 80 100 
        </afc:VectorAttribute>
        <afc:VectorAttribute name="y_data">
          0 0 0 0 0 0 0 0 0 0 0 0 0 0 0 0 0 0 0 0 0 0 0 0 0 0 0 0 0 0 0 0 0 0 0 0 0 0 0 0 0 0 0 0 0 0 0 0 0 0 0 0 0 0 0 0 0 0 0 0 0 0 0 0 0 0 0 0 0 0 0 0 0 0 0 0 0 0 0 0 0 0 0 0 0 0 0 0 0 0 0 0 0 0 0 0 0 0 0 0 0 0 0 0 0 0 0 0 0 0 0 0 0 0 0 0 0 0 0 0 0 
        </afc:VectorAttribute>
        <afc:VectorAttribute name="z_data">
          -25 -20 -15 -10 -5 0 5 10 15 20 25 
        </afc:VectorAttribute>
      </Spline3d>
      <Spline3d name="y_swa_spline_data" active="true" userDefined="false" interpolation_method="akima" xLabel="Steering Wheel Angle" yLabel="y location" xUnit="angle" yUnit="length" datablock="Y location vs. Steering Wheel Angle vs Wheel Travel" zLabel="Wheel Travel" zUnit="length">
        <afc:VectorAttribute name="x_data">
          -100 -80 -60 -40 -20 0 20 40 60 80 100 
        </afc:VectorAttribute>
        <afc:VectorAttribute name="y_data">
          0 0 0 0 0 0 0 0 0 0 0 0 0 0 0 0 0 0 0 0 0 0 0 0 0 0 0 0 0 0 0 0 0 0 0 0 0 0 0 0 0 0 0 0 0 0 0 0 0 0 0 0 0 0 0 0 0 0 0 0 0 0 0 0 0 0 0 0 0 0 0 0 0 0 0 0 0 0 0 0 0 0 0 0 0 0 0 0 0 0 0 0 0 0 0 0 0 0 0 0 0 0 0 0 0 0 0 0 0 0 0 0 0 0 0 0 0 0 0 0 0 
        </afc:VectorAttribute>
        <afc:VectorAttribute name="z_data">
          -25 -20 -15 -10 -5 0 5 10 15 20 25 
        </afc:VectorAttribute>
      </Spline3d>
      <Spline3d name="z_swa_spline_data" active="true" userDefined="false" interpolation_method="akima" xLabel="Steering Wheel Angle" yLabel="z location" xUnit="angle" yUnit="length" datablock="Z location vs. Steering Wheel Angle vs Wheel Travel" zLabel="Wheel Travel" zUnit="length">
        <afc:VectorAttribute name="x_data">
          -100 -80 -60 -40 -20 0 20 40 60 80 100 
        </afc:VectorAttribute>
        <afc:VectorAttribute name="y_data">
          0 0 0 0 0 0 0 0 0 0 0 0 0 0 0 0 0 0 0 0 0 0 0 0 0 0 0 0 0 0 0 0 0 0 0 0 0 0 0 0 0 0 0 0 0 0 0 0 0 0 0 0 0 0 0 0 0 0 0 0 0 0 0 0 0 0 0 0 0 0 0 0 0 0 0 0 0 0 0 0 0 0 0 0 0 0 0 0 0 0 0 0 0 0 0 0 0 0 0 0 0 0 0 0 0 0 0 0 0 0 0 0 0 0 0 0 0 0 0 0 0 
        </afc:VectorAttribute>
        <afc:VectorAttribute name="z_data">
          -25 -20 -15 -10 -5 0 5 10 15 20 25 
        </afc:VectorAttribute>
      </Spline3d>
      <Spline3d name="x_rack_spline_data" active="true" userDefined="false" interpolation_method="akima" xLabel="Rack Travel" yLabel="x location" xUnit="length" yUnit="length" datablock="X location vs. Rack Travel vs Wheel Travel" zLabel="Wheel Travel" zUnit="length">
        <afc:VectorAttribute name="x_data">
          -2.61802 -2.09442 -1.57081 -1.04721 -0.523604 0 0.523604 1.04721 1.57081 2.09442 2.61802 
        </afc:VectorAttribute>
        <afc:VectorAttribute name="y_data">
          0 0 0 0 0 0 0 0 0 0 0 0 0 0 0 0 0 0 0 0 0 0 0 0 0 0 0 0 0 0 0 0 0 0 0 0 0 0 0 0 0 0 0 0 0 0 0 0 0 0 0 0 0 0 0 0 0 0 0 0 0 0 0 0 0 0 0 0 0 0 0 0 0 0 0 0 0 0 0 0 0 0 0 0 0 0 0 0 0 0 0 0 0 0 0 0 0 0 0 0 0 0 0 0 0 0 0 0 0 0 0 0 0 0 0 0 0 0 0 0 0 
        </afc:VectorAttribute>
        <afc:VectorAttribute name="z_data">
          -25 -20 -15 -10 -5 0 5 10 15 20 25 
        </afc:VectorAttribute>
      </Spline3d>
      <Spline3d name="y_rack_spline_data" active="true" userDefined="false" interpolation_method="akima" xLabel="Rack Travel" yLabel="y location" xUnit="length" yUnit="length" datablock="Y location vs. Rack Travel vs Wheel Travel" zLabel="Wheel Travel" zUnit="length">
        <afc:VectorAttribute name="x_data">
          -2.61802 -2.09442 -1.57081 -1.04721 -0.523604 0 0.523604 1.04721 1.57081 2.09442 2.61802 
        </afc:VectorAttribute>
        <afc:VectorAttribute name="y_data">
          0 0 0 0 0 0 0 0 0 0 0 0 0 0 0 0 0 0 0 0 0 0 0 0 0 0 0 0 0 0 0 0 0 0 0 0 0 0 0 0 0 0 0 0 0 0 0 0 0 0 0 0 0 0 0 0 0 0 0 0 0 0 0 0 0 0 0 0 0 0 0 0 0 0 0 0 0 0 0 0 0 0 0 0 0 0 0 0 0 0 0 0 0 0 0 0 0 0 0 0 0 0 0 0 0 0 0 0 0 0 0 0 0 0 0 0 0 0 0 0 0 
        </afc:VectorAttribute>
        <afc:VectorAttribute name="z_data">
          -25 -20 -15 -10 -5 0 5 10 15 20 25 
        </afc:VectorAttribute>
      </Spline3d>
      <Spline3d name="z_rack_spline_data" active="true" userDefined="false" interpolation_method="akima" xLabel="Rack Travel" yLabel="z location" xUnit="length" yUnit="length" datablock="Z location vs. Rack Travel vs Wheel Travel" zLabel="Wheel Travel" zUnit="length">
        <afc:VectorAttribute name="x_data">
          -2.61802 -2.09442 -1.57081 -1.04721 -0.523604 0 0.523604 1.04721 1.57081 2.09442 2.61802 
        </afc:VectorAttribute>
        <afc:VectorAttribute name="y_data">
          0 0 0 0 0 0 0 0 0 0 0 0 0 0 0 0 0 0 0 0 0 0 0 0 0 0 0 0 0 0 0 0 0 0 0 0 0 0 0 0 0 0 0 0 0 0 0 0 0 0 0 0 0 0 0 0 0 0 0 0 0 0 0 0 0 0 0 0 0 0 0 0 0 0 0 0 0 0 0 0 0 0 0 0 0 0 0 0 0 0 0 0 0 0 0 0 0 0 0 0 0 0 0 0 0 0 0 0 0 0 0 0 0 0 0 0 0 0 0 0 0 
        </afc:VectorAttribute>
        <afc:VectorAttribute name="z_data">
          -25 -20 -15 -10 -5 0 5 10 15 20 25 
        </afc:VectorAttribute>
      </Spline3d>
    </CRTKinematicsData>
    <CRTKinematicsData name="front_right_main_reboundstop" active="true" userDefined="false" kingpinMomentActiveFlag="false" useOutboundPointSpline="false" pointOnUpright="(14.402 399.656 502.679)" pointOnChassis="(14.402 568.696 470.909)" useWheelCenterAsRefSys="true">
      <Spline3d name="swa_spline_data" active="true" userDefined="false" interpolation_method="akima" xLabel="Steering Wheel Angle" yLabel="Component Displacement" xUnit="angle" yUnit="length" datablock="Component Displacement vs Steering Wheel Angle vs Wheel Travel" zLabel="Wheel Travel" zUnit="length">
        <afc:VectorAttribute name="x_data">
          -100 -80 -60 -40 -20 0 20 40 60 80 100 
        </afc:VectorAttribute>
        <afc:VectorAttribute name="y_data">
          0.0429998 0.0340726 0.0253096 0.0167101 0.00827376 0 -0.00811159 -0.0160614 -0.0238499 -0.0314774 -0.0389443 0.0451145 0.0357544 0.0265635 0.0175411 0.00868676 0 -0.00851965 -0.0168726 -0.0250594 -0.0330803 -0.0409356 0.0473104 0.0375006 0.0278651 0.0184036 0.00911538 0 -0.00894304 -0.0177142 -0.0263139 -0.0347425 -0.0430005 0.0495818 0.0393065 0.0292112 0.0192954 0.00955852 0 -0.00938066 -0.0185839 -0.0276103 -0.0364601 -0.0451338 0.0519197 0.0411651 0.0305965 0.0202131 0.0100145 0 -0.00983083 -0.0194785 -0.0289435 -0.0382263 -0.0473273 0.05431 0.0430652 0.0320125 0.0211511 0.0104805 0 -0.0102909 -0.0203926 -0.0303058 -0.0400309 -0.0495682 0.0567301 0.044989 0.0334461 0.0221007 0.0109522 0 -0.0107565 -0.0213179 -0.0316845 -0.0418571 -0.0518359 0.0591443 0.0469081 0.0348762 0.023048 0.0114228 0 -0.011221 -0.0222407 -0.0330598 -0.0436786 -0.0540977 0.0614953 0.0487769 0.0362689 0.0239705 0.0118811 0 -0.0116734 -0.0231397 -0.0343994 -0.045453 -0.0563011 0.0636891 0.0505212 0.037569 0.0248318 0.0123091 0 -0.012096 -0.0239795 -0.035651 -0.0471112 -0.0583605 0.0655675 0.0520152 0.038683 0.0255702 0.0126761 0 -0.0124587 -0.0247006 -0.0367263 -0.0485363 -0.0601311 
        </afc:VectorAttribute>
        <afc:VectorAttribute name="z_data">
          -25 -20 -15 -10 -5 0 5 10 15 20 25 
        </afc:VectorAttribute>
      </Spline3d>
      <Spline3d name="rack_spline_data" active="true" userDefined="false" interpolation_method="akima" xLabel="Rack Displacement" yLabel="Component Displacement" xUnit="length" yUnit="length" datablock="Component Displacement vs Rack Travel vs Wheel Travel" zLabel="Wheel Travel" zUnit="length">
        <afc:VectorAttribute name="x_data">
          -2.61802 -2.09442 -1.57081 -1.04721 -0.523604 0 0.523604 1.04721 1.57081 2.09442 2.61802 
        </afc:VectorAttribute>
        <afc:VectorAttribute name="y_data">
          0.0429998 0.0340726 0.0253096 0.0167101 0.00827376 0 -0.00811159 -0.0160614 -0.0238499 -0.0314774 -0.0389443 0.0451145 0.0357544 0.0265635 0.0175411 0.00868676 0 -0.00851965 -0.0168726 -0.0250594 -0.0330803 -0.0409356 0.0473104 0.0375006 0.0278651 0.0184036 0.00911538 0 -0.00894304 -0.0177142 -0.0263139 -0.0347425 -0.0430005 0.0495818 0.0393065 0.0292112 0.0192954 0.00955852 0 -0.00938066 -0.0185839 -0.0276103 -0.0364601 -0.0451338 0.0519197 0.0411651 0.0305965 0.0202131 0.0100145 0 -0.00983083 -0.0194785 -0.0289435 -0.0382263 -0.0473273 0.05431 0.0430652 0.0320125 0.0211511 0.0104805 0 -0.0102909 -0.0203926 -0.0303058 -0.0400309 -0.0495682 0.0567301 0.044989 0.0334461 0.0221007 0.0109522 0 -0.0107565 -0.0213179 -0.0316845 -0.0418571 -0.0518359 0.0591443 0.0469081 0.0348762 0.023048 0.0114228 0 -0.011221 -0.0222407 -0.0330598 -0.0436786 -0.0540977 0.0614953 0.0487769 0.0362689 0.0239705 0.0118811 0 -0.0116734 -0.0231397 -0.0343994 -0.045453 -0.0563011 0.0636891 0.0505212 0.037569 0.0248318 0.0123091 0 -0.012096 -0.0239795 -0.035651 -0.0471112 -0.0583605 0.0655675 0.0520152 0.038683 0.0255702 0.0126761 0 -0.0124587 -0.0247006 -0.0367263 -0.0485363 -0.0601311 
        </afc:VectorAttribute>
        <afc:VectorAttribute name="z_data">
          -25 -20 -15 -10 -5 0 5 10 15 20 25 
        </afc:VectorAttribute>
      </Spline3d>
      <Spline3d name="x_j1_j2_spline_data" active="true" userDefined="false" interpolation_method="akima" xLabel="Wheel Travel" yLabel="x location" xUnit="length" yUnit="length" datablock="X location vs. WheelTravel vs Opposite WheelTravel" zLabel="Opposite Wheel Travel" zUnit="length">
        <afc:VectorAttribute name="x_data">
          -25 -20 -15 -10 -5 0 5 10 15 20 25 
        </afc:VectorAttribute>
        <afc:VectorAttribute name="y_data">
          0 0 0 0 0 0 0 0 0 0 0 
        </afc:VectorAttribute>
        <afc:VectorAttribute name="z_data">
          0
        </afc:VectorAttribute>
      </Spline3d>
      <Spline3d name="y_j1_j2_spline_data" active="true" userDefined="false" interpolation_method="akima" xLabel="Wheel Travel" yLabel="y location" xUnit="length" yUnit="length" datablock="Y location vs. WheelTravel vs Opposite WheelTravel" zLabel="Opposite Wheel Travel" zUnit="length">
        <afc:VectorAttribute name="x_data">
          -25 -20 -15 -10 -5 0 5 10 15 20 25 
        </afc:VectorAttribute>
        <afc:VectorAttribute name="y_data">
          0 0 0 0 0 0 0 0 0 0 0 
        </afc:VectorAttribute>
        <afc:VectorAttribute name="z_data">
          0
        </afc:VectorAttribute>
      </Spline3d>
      <Spline3d name="z_j1_j2_spline_data" active="true" userDefined="false" interpolation_method="akima" xLabel="Wheel Travel" yLabel="z location" xUnit="length" yUnit="length" datablock="Z location vs. WheelTravel vs Opposite WheelTravel" zLabel="Opposite Wheel Travel" zUnit="length">
        <afc:VectorAttribute name="x_data">
          -25 -20 -15 -10 -5 0 5 10 15 20 25 
        </afc:VectorAttribute>
        <afc:VectorAttribute name="y_data">
          0 0 0 0 0 0 0 0 0 0 0 
        </afc:VectorAttribute>
        <afc:VectorAttribute name="z_data">
          0
        </afc:VectorAttribute>
      </Spline3d>
      <Spline3d name="x_swa_spline_data" active="true" userDefined="false" interpolation_method="akima" xLabel="Steering Wheel Angle" yLabel="x location" xUnit="angle" yUnit="length" datablock="X location vs. Steering Wheel Angle vs Wheel Travel" zLabel="Wheel Travel" zUnit="length">
        <afc:VectorAttribute name="x_data">
          -100 -80 -60 -40 -20 0 20 40 60 80 100 
        </afc:VectorAttribute>
        <afc:VectorAttribute name="y_data">
          0 0 0 0 0 0 0 0 0 0 0 0 0 0 0 0 0 0 0 0 0 0 0 0 0 0 0 0 0 0 0 0 0 0 0 0 0 0 0 0 0 0 0 0 0 0 0 0 0 0 0 0 0 0 0 0 0 0 0 0 0 0 0 0 0 0 0 0 0 0 0 0 0 0 0 0 0 0 0 0 0 0 0 0 0 0 0 0 0 0 0 0 0 0 0 0 0 0 0 0 0 0 0 0 0 0 0 0 0 0 0 0 0 0 0 0 0 0 0 0 0 
        </afc:VectorAttribute>
        <afc:VectorAttribute name="z_data">
          -25 -20 -15 -10 -5 0 5 10 15 20 25 
        </afc:VectorAttribute>
      </Spline3d>
      <Spline3d name="y_swa_spline_data" active="true" userDefined="false" interpolation_method="akima" xLabel="Steering Wheel Angle" yLabel="y location" xUnit="angle" yUnit="length" datablock="Y location vs. Steering Wheel Angle vs Wheel Travel" zLabel="Wheel Travel" zUnit="length">
        <afc:VectorAttribute name="x_data">
          -100 -80 -60 -40 -20 0 20 40 60 80 100 
        </afc:VectorAttribute>
        <afc:VectorAttribute name="y_data">
          0 0 0 0 0 0 0 0 0 0 0 0 0 0 0 0 0 0 0 0 0 0 0 0 0 0 0 0 0 0 0 0 0 0 0 0 0 0 0 0 0 0 0 0 0 0 0 0 0 0 0 0 0 0 0 0 0 0 0 0 0 0 0 0 0 0 0 0 0 0 0 0 0 0 0 0 0 0 0 0 0 0 0 0 0 0 0 0 0 0 0 0 0 0 0 0 0 0 0 0 0 0 0 0 0 0 0 0 0 0 0 0 0 0 0 0 0 0 0 0 0 
        </afc:VectorAttribute>
        <afc:VectorAttribute name="z_data">
          -25 -20 -15 -10 -5 0 5 10 15 20 25 
        </afc:VectorAttribute>
      </Spline3d>
      <Spline3d name="z_swa_spline_data" active="true" userDefined="false" interpolation_method="akima" xLabel="Steering Wheel Angle" yLabel="z location" xUnit="angle" yUnit="length" datablock="Z location vs. Steering Wheel Angle vs Wheel Travel" zLabel="Wheel Travel" zUnit="length">
        <afc:VectorAttribute name="x_data">
          -100 -80 -60 -40 -20 0 20 40 60 80 100 
        </afc:VectorAttribute>
        <afc:VectorAttribute name="y_data">
          0 0 0 0 0 0 0 0 0 0 0 0 0 0 0 0 0 0 0 0 0 0 0 0 0 0 0 0 0 0 0 0 0 0 0 0 0 0 0 0 0 0 0 0 0 0 0 0 0 0 0 0 0 0 0 0 0 0 0 0 0 0 0 0 0 0 0 0 0 0 0 0 0 0 0 0 0 0 0 0 0 0 0 0 0 0 0 0 0 0 0 0 0 0 0 0 0 0 0 0 0 0 0 0 0 0 0 0 0 0 0 0 0 0 0 0 0 0 0 0 0 
        </afc:VectorAttribute>
        <afc:VectorAttribute name="z_data">
          -25 -20 -15 -10 -5 0 5 10 15 20 25 
        </afc:VectorAttribute>
      </Spline3d>
      <Spline3d name="x_rack_spline_data" active="true" userDefined="false" interpolation_method="akima" xLabel="Rack Travel" yLabel="x location" xUnit="length" yUnit="length" datablock="X location vs. Rack Travel vs Wheel Travel" zLabel="Wheel Travel" zUnit="length">
        <afc:VectorAttribute name="x_data">
          -2.61802 -2.09442 -1.57081 -1.04721 -0.523604 0 0.523604 1.04721 1.57081 2.09442 2.61802 
        </afc:VectorAttribute>
        <afc:VectorAttribute name="y_data">
          0 0 0 0 0 0 0 0 0 0 0 0 0 0 0 0 0 0 0 0 0 0 0 0 0 0 0 0 0 0 0 0 0 0 0 0 0 0 0 0 0 0 0 0 0 0 0 0 0 0 0 0 0 0 0 0 0 0 0 0 0 0 0 0 0 0 0 0 0 0 0 0 0 0 0 0 0 0 0 0 0 0 0 0 0 0 0 0 0 0 0 0 0 0 0 0 0 0 0 0 0 0 0 0 0 0 0 0 0 0 0 0 0 0 0 0 0 0 0 0 0 
        </afc:VectorAttribute>
        <afc:VectorAttribute name="z_data">
          -25 -20 -15 -10 -5 0 5 10 15 20 25 
        </afc:VectorAttribute>
      </Spline3d>
      <Spline3d name="y_rack_spline_data" active="true" userDefined="false" interpolation_method="akima" xLabel="Rack Travel" yLabel="y location" xUnit="length" yUnit="length" datablock="Y location vs. Rack Travel vs Wheel Travel" zLabel="Wheel Travel" zUnit="length">
        <afc:VectorAttribute name="x_data">
          -2.61802 -2.09442 -1.57081 -1.04721 -0.523604 0 0.523604 1.04721 1.57081 2.09442 2.61802 
        </afc:VectorAttribute>
        <afc:VectorAttribute name="y_data">
          0 0 0 0 0 0 0 0 0 0 0 0 0 0 0 0 0 0 0 0 0 0 0 0 0 0 0 0 0 0 0 0 0 0 0 0 0 0 0 0 0 0 0 0 0 0 0 0 0 0 0 0 0 0 0 0 0 0 0 0 0 0 0 0 0 0 0 0 0 0 0 0 0 0 0 0 0 0 0 0 0 0 0 0 0 0 0 0 0 0 0 0 0 0 0 0 0 0 0 0 0 0 0 0 0 0 0 0 0 0 0 0 0 0 0 0 0 0 0 0 0 
        </afc:VectorAttribute>
        <afc:VectorAttribute name="z_data">
          -25 -20 -15 -10 -5 0 5 10 15 20 25 
        </afc:VectorAttribute>
      </Spline3d>
      <Spline3d name="z_rack_spline_data" active="true" userDefined="false" interpolation_method="akima" xLabel="Rack Travel" yLabel="z location" xUnit="length" yUnit="length" datablock="Z location vs. Rack Travel vs Wheel Travel" zLabel="Wheel Travel" zUnit="length">
        <afc:VectorAttribute name="x_data">
          -2.61802 -2.09442 -1.57081 -1.04721 -0.523604 0 0.523604 1.04721 1.57081 2.09442 2.61802 
        </afc:VectorAttribute>
        <afc:VectorAttribute name="y_data">
          0 0 0 0 0 0 0 0 0 0 0 0 0 0 0 0 0 0 0 0 0 0 0 0 0 0 0 0 0 0 0 0 0 0 0 0 0 0 0 0 0 0 0 0 0 0 0 0 0 0 0 0 0 0 0 0 0 0 0 0 0 0 0 0 0 0 0 0 0 0 0 0 0 0 0 0 0 0 0 0 0 0 0 0 0 0 0 0 0 0 0 0 0 0 0 0 0 0 0 0 0 0 0 0 0 0 0 0 0 0 0 0 0 0 0 0 0 0 0 0 0 
        </afc:VectorAttribute>
        <afc:VectorAttribute name="z_data">
          -25 -20 -15 -10 -5 0 5 10 15 20 25 
        </afc:VectorAttribute>
      </Spline3d>
    </CRTKinematicsData>
    <CRTKinematicsData name="front_right_anti_roll_force" active="true" userDefined="false" kingpinMomentActiveFlag="false" useOutboundPointSpline="true" pointOnUpright="(-0 -0 0)" pointOnChassis="(0 0 0)" useWheelCenterAsRefSys="true">
      <Spline3d name="swa_spline_data" active="true" userDefined="false" interpolation_method="akima" xLabel="Steering Wheel Angle" yLabel="ARB Deformation" xUnit="angle" yUnit="angle" datablock="ARB Deformation vs Steering Wheel Angle vs Wheel Travel" zLabel="Wheel Travel" zUnit="length">
        <afc:VectorAttribute name="x_data">
          -100 -80 -60 -40 -20 0 20 40 60 80 100 
        </afc:VectorAttribute>
        <afc:VectorAttribute name="y_data">
          0.089248 0.071393 0.0535416 0.0356929 0.017846 0 -0.017846 -0.0356929 -0.0535416 -0.071393 -0.089248 0.0918649 0.0734863 0.0551115 0.0367395 0.0183693 0 -0.0183693 -0.0367395 -0.0551115 -0.0734863 -0.0918649 0.0949866 0.0759835 0.0569842 0.0379879 0.0189935 0 -0.0189935 -0.0379879 -0.0569842 -0.0759835 -0.0949866 0.0986531 0.0789164 0.0591837 0.0394541 0.0197266 0 -0.0197266 -0.0394541 -0.0591837 -0.0789164 -0.0986531 0.10293 0.0823379 0.0617497 0.0411647 0.0205818 0 -0.0205818 -0.0411647 -0.0617497 -0.0823379 -0.10293 0.107917 0.0863268 0.0647411 0.0431589 0.0215789 0 -0.0215789 -0.0431589 -0.0647411 -0.0863268 -0.107917 0.113755 0.0909966 0.0682432 0.0454935 0.0227461 0 -0.0227461 -0.0454935 -0.0682432 -0.0909966 -0.113755 0.120648 0.0965109 0.0723786 0.0482502 0.0241245 0 -0.0241245 -0.0482502 -0.0723786 -0.0965109 -0.120648 0.128898 0.10311 0.0773275 0.0515493 0.0257739 0 -0.0257739 -0.0515493 -0.0773275 -0.10311 -0.128898 0.138961 0.111159 0.083364 0.0555733 0.0277859 0 -0.0277859 -0.0555733 -0.083364 -0.111159 -0.138961 0.151566 0.121242 0.0909255 0.060614 0.0303061 0 -0.0303061 -0.060614 -0.0909255 -0.121242 -0.151566 
        </afc:VectorAttribute>
        <afc:VectorAttribute name="z_data">
          -25 -20 -15 -10 -5 0 5 10 15 20 25 
        </afc:VectorAttribute>
      </Spline3d>
      <Spline3d name="rack_spline_data" active="true" userDefined="false" interpolation_method="akima" xLabel="Rack Displacement" yLabel="ARB Deformation" xUnit="length" yUnit="angle" datablock="ARB Deformation vs Rack Travel vs Wheel Travel" zLabel="Wheel Travel" zUnit="length">
        <afc:VectorAttribute name="x_data">
          -2.61802 -2.09442 -1.57081 -1.04721 -0.523604 0 0.523604 1.04721 1.57081 2.09442 2.61802 
        </afc:VectorAttribute>
        <afc:VectorAttribute name="y_data">
          0.089248 0.071393 0.0535416 0.0356929 0.017846 0 -0.017846 -0.0356929 -0.0535416 -0.071393 -0.089248 0.0918649 0.0734863 0.0551115 0.0367395 0.0183693 0 -0.0183693 -0.0367395 -0.0551115 -0.0734863 -0.0918649 0.0949866 0.0759835 0.0569842 0.0379879 0.0189935 0 -0.0189935 -0.0379879 -0.0569842 -0.0759835 -0.0949866 0.0986531 0.0789164 0.0591837 0.0394541 0.0197266 0 -0.0197266 -0.0394541 -0.0591837 -0.0789164 -0.0986531 0.10293 0.0823379 0.0617497 0.0411647 0.0205818 0 -0.0205818 -0.0411647 -0.0617497 -0.0823379 -0.10293 0.107917 0.0863268 0.0647411 0.0431589 0.0215789 0 -0.0215789 -0.0431589 -0.0647411 -0.0863268 -0.107917 0.113755 0.0909966 0.0682432 0.0454935 0.0227461 0 -0.0227461 -0.0454935 -0.0682432 -0.0909966 -0.113755 0.120648 0.0965109 0.0723786 0.0482502 0.0241245 0 -0.0241245 -0.0482502 -0.0723786 -0.0965109 -0.120648 0.128898 0.10311 0.0773275 0.0515493 0.0257739 0 -0.0257739 -0.0515493 -0.0773275 -0.10311 -0.128898 0.138961 0.111159 0.083364 0.0555733 0.0277859 0 -0.0277859 -0.0555733 -0.083364 -0.111159 -0.138961 0.151566 0.121242 0.0909255 0.060614 0.0303061 0 -0.0303061 -0.060614 -0.0909255 -0.121242 -0.151566 
        </afc:VectorAttribute>
        <afc:VectorAttribute name="z_data">
          -25 -20 -15 -10 -5 0 5 10 15 20 25 
        </afc:VectorAttribute>
      </Spline3d>
      <Spline3d name="x_j1_j2_spline_data" active="true" userDefined="false" interpolation_method="akima" xLabel="Wheel Travel" yLabel="x location" xUnit="length" yUnit="length" datablock="X location vs. WheelTravel vs Opposite WheelTravel" zLabel="Opposite Wheel Travel" zUnit="length">
        <afc:VectorAttribute name="x_data">
          -25 -20 -15 -10 -5 0 5 10 15 20 25 
        </afc:VectorAttribute>
        <afc:VectorAttribute name="y_data">
          0 0 0 0 0 0 0 0 0 0 0 
        </afc:VectorAttribute>
        <afc:VectorAttribute name="z_data">
          0
        </afc:VectorAttribute>
      </Spline3d>
      <Spline3d name="y_j1_j2_spline_data" active="true" userDefined="false" interpolation_method="akima" xLabel="Wheel Travel" yLabel="y location" xUnit="length" yUnit="length" datablock="Y location vs. WheelTravel vs Opposite WheelTravel" zLabel="Opposite Wheel Travel" zUnit="length">
        <afc:VectorAttribute name="x_data">
          -25 -20 -15 -10 -5 0 5 10 15 20 25 
        </afc:VectorAttribute>
        <afc:VectorAttribute name="y_data">
          0 0 0 0 0 0 0 0 0 0 0 
        </afc:VectorAttribute>
        <afc:VectorAttribute name="z_data">
          0
        </afc:VectorAttribute>
      </Spline3d>
      <Spline3d name="z_j1_j2_spline_data" active="true" userDefined="false" interpolation_method="akima" xLabel="Wheel Travel" yLabel="z location" xUnit="length" yUnit="length" datablock="Z location vs. WheelTravel vs Opposite WheelTravel" zLabel="Opposite Wheel Travel" zUnit="length">
        <afc:VectorAttribute name="x_data">
          -25 -20 -15 -10 -5 0 5 10 15 20 25 
        </afc:VectorAttribute>
        <afc:VectorAttribute name="y_data">
          0 0 0 0 0 0 0 0 0 0 0 
        </afc:VectorAttribute>
        <afc:VectorAttribute name="z_data">
          0
        </afc:VectorAttribute>
      </Spline3d>
      <Spline3d name="x_swa_spline_data" active="true" userDefined="false" interpolation_method="akima" xLabel="Steering Wheel Angle" yLabel="x location" xUnit="angle" yUnit="length" datablock="X location vs. Steering Wheel Angle vs Wheel Travel" zLabel="Wheel Travel" zUnit="length">
        <afc:VectorAttribute name="x_data">
          -100 -80 -60 -40 -20 0 20 40 60 80 100 
        </afc:VectorAttribute>
        <afc:VectorAttribute name="y_data">
          0 0 0 0 0 0 0 0 0 0 0 0 0 0 0 0 0 0 0 0 0 0 0 0 0 0 0 0 0 0 0 0 0 0 0 0 0 0 0 0 0 0 0 0 0 0 0 0 0 0 0 0 0 0 0 0 0 0 0 0 0 0 0 0 0 0 0 0 0 0 0 0 0 0 0 0 0 0 0 0 0 0 0 0 0 0 0 0 0 0 0 0 0 0 0 0 0 0 0 0 0 0 0 0 0 0 0 0 0 0 0 0 0 0 0 0 0 0 0 0 0 
        </afc:VectorAttribute>
        <afc:VectorAttribute name="z_data">
          -25 -20 -15 -10 -5 0 5 10 15 20 25 
        </afc:VectorAttribute>
      </Spline3d>
      <Spline3d name="y_swa_spline_data" active="true" userDefined="false" interpolation_method="akima" xLabel="Steering Wheel Angle" yLabel="y location" xUnit="angle" yUnit="length" datablock="Y location vs. Steering Wheel Angle vs Wheel Travel" zLabel="Wheel Travel" zUnit="length">
        <afc:VectorAttribute name="x_data">
          -100 -80 -60 -40 -20 0 20 40 60 80 100 
        </afc:VectorAttribute>
        <afc:VectorAttribute name="y_data">
          0 0 0 0 0 0 0 0 0 0 0 0 0 0 0 0 0 0 0 0 0 0 0 0 0 0 0 0 0 0 0 0 0 0 0 0 0 0 0 0 0 0 0 0 0 0 0 0 0 0 0 0 0 0 0 0 0 0 0 0 0 0 0 0 0 0 0 0 0 0 0 0 0 0 0 0 0 0 0 0 0 0 0 0 0 0 0 0 0 0 0 0 0 0 0 0 0 0 0 0 0 0 0 0 0 0 0 0 0 0 0 0 0 0 0 0 0 0 0 0 0 
        </afc:VectorAttribute>
        <afc:VectorAttribute name="z_data">
          -25 -20 -15 -10 -5 0 5 10 15 20 25 
        </afc:VectorAttribute>
      </Spline3d>
      <Spline3d name="z_swa_spline_data" active="true" userDefined="false" interpolation_method="akima" xLabel="Steering Wheel Angle" yLabel="z location" xUnit="angle" yUnit="length" datablock="Z location vs. Steering Wheel Angle vs Wheel Travel" zLabel="Wheel Travel" zUnit="length">
        <afc:VectorAttribute name="x_data">
          -100 -80 -60 -40 -20 0 20 40 60 80 100 
        </afc:VectorAttribute>
        <afc:VectorAttribute name="y_data">
          0 0 0 0 0 0 0 0 0 0 0 0 0 0 0 0 0 0 0 0 0 0 0 0 0 0 0 0 0 0 0 0 0 0 0 0 0 0 0 0 0 0 0 0 0 0 0 0 0 0 0 0 0 0 0 0 0 0 0 0 0 0 0 0 0 0 0 0 0 0 0 0 0 0 0 0 0 0 0 0 0 0 0 0 0 0 0 0 0 0 0 0 0 0 0 0 0 0 0 0 0 0 0 0 0 0 0 0 0 0 0 0 0 0 0 0 0 0 0 0 0 
        </afc:VectorAttribute>
        <afc:VectorAttribute name="z_data">
          -25 -20 -15 -10 -5 0 5 10 15 20 25 
        </afc:VectorAttribute>
      </Spline3d>
      <Spline3d name="x_rack_spline_data" active="true" userDefined="false" interpolation_method="akima" xLabel="Rack Travel" yLabel="x location" xUnit="length" yUnit="length" datablock="X location vs. Rack Travel vs Wheel Travel" zLabel="Wheel Travel" zUnit="length">
        <afc:VectorAttribute name="x_data">
          -2.61802 -2.09442 -1.57081 -1.04721 -0.523604 0 0.523604 1.04721 1.57081 2.09442 2.61802 
        </afc:VectorAttribute>
        <afc:VectorAttribute name="y_data">
          0 0 0 0 0 0 0 0 0 0 0 0 0 0 0 0 0 0 0 0 0 0 0 0 0 0 0 0 0 0 0 0 0 0 0 0 0 0 0 0 0 0 0 0 0 0 0 0 0 0 0 0 0 0 0 0 0 0 0 0 0 0 0 0 0 0 0 0 0 0 0 0 0 0 0 0 0 0 0 0 0 0 0 0 0 0 0 0 0 0 0 0 0 0 0 0 0 0 0 0 0 0 0 0 0 0 0 0 0 0 0 0 0 0 0 0 0 0 0 0 0 
        </afc:VectorAttribute>
        <afc:VectorAttribute name="z_data">
          -25 -20 -15 -10 -5 0 5 10 15 20 25 
        </afc:VectorAttribute>
      </Spline3d>
      <Spline3d name="y_rack_spline_data" active="true" userDefined="false" interpolation_method="akima" xLabel="Rack Travel" yLabel="y location" xUnit="length" yUnit="length" datablock="Y location vs. Rack Travel vs Wheel Travel" zLabel="Wheel Travel" zUnit="length">
        <afc:VectorAttribute name="x_data">
          -2.61802 -2.09442 -1.57081 -1.04721 -0.523604 0 0.523604 1.04721 1.57081 2.09442 2.61802 
        </afc:VectorAttribute>
        <afc:VectorAttribute name="y_data">
          0 0 0 0 0 0 0 0 0 0 0 0 0 0 0 0 0 0 0 0 0 0 0 0 0 0 0 0 0 0 0 0 0 0 0 0 0 0 0 0 0 0 0 0 0 0 0 0 0 0 0 0 0 0 0 0 0 0 0 0 0 0 0 0 0 0 0 0 0 0 0 0 0 0 0 0 0 0 0 0 0 0 0 0 0 0 0 0 0 0 0 0 0 0 0 0 0 0 0 0 0 0 0 0 0 0 0 0 0 0 0 0 0 0 0 0 0 0 0 0 0 
        </afc:VectorAttribute>
        <afc:VectorAttribute name="z_data">
          -25 -20 -15 -10 -5 0 5 10 15 20 25 
        </afc:VectorAttribute>
      </Spline3d>
      <Spline3d name="z_rack_spline_data" active="true" userDefined="false" interpolation_method="akima" xLabel="Rack Travel" yLabel="z location" xUnit="length" yUnit="length" datablock="Z location vs. Rack Travel vs Wheel Travel" zLabel="Wheel Travel" zUnit="length">
        <afc:VectorAttribute name="x_data">
          -2.61802 -2.09442 -1.57081 -1.04721 -0.523604 0 0.523604 1.04721 1.57081 2.09442 2.61802 
        </afc:VectorAttribute>
        <afc:VectorAttribute name="y_data">
          0 0 0 0 0 0 0 0 0 0 0 0 0 0 0 0 0 0 0 0 0 0 0 0 0 0 0 0 0 0 0 0 0 0 0 0 0 0 0 0 0 0 0 0 0 0 0 0 0 0 0 0 0 0 0 0 0 0 0 0 0 0 0 0 0 0 0 0 0 0 0 0 0 0 0 0 0 0 0 0 0 0 0 0 0 0 0 0 0 0 0 0 0 0 0 0 0 0 0 0 0 0 0 0 0 0 0 0 0 0 0 0 0 0 0 0 0 0 0 0 0 
        </afc:VectorAttribute>
        <afc:VectorAttribute name="z_data">
          -25 -20 -15 -10 -5 0 5 10 15 20 25 
        </afc:VectorAttribute>
      </Spline3d>
    </CRTKinematicsData>
  </Subsystem>
</afc>
