mtllib material.mtl

v -1187.67526534112 70.9823109 261.9894173014514
v -1187.67526534112 70.9823109 261.9894173014514
v -1187.67526534112 70.9823109 269.4948148410784
v -1187.67526534112 70.9823109 269.4948148410784
v -1193.7585190958432 70.9823109 257.97191160132115
v -1193.7585190958432 70.9823109 273.51229854658334
v -1201.2137407186533 70.9823109 258.92606395938395
v -1201.2137407186533 70.9823109 272.5581681831458
v -1207.2711082871865 70.9823109 263.3306565888154
v -1207.2711082871865 70.9823109 263.3306565888154
v -1207.2711082871865 70.9823109 268.15357555371435
v -1207.2711082871865 70.9823109 268.15357555371435
v -1046.5696644177258 140.56389216666668 185.09180226714042
v -1046.5696644177258 140.56389216666668 185.09180226714042
v -1048.9253073610441 140.56389216666668 177.03527132551383
v -1048.9253073610441 140.56389216666668 193.1477965399104
v -1052.549373427688 140.56389216666668 174.08374041789904
v -1052.549373427688 140.56389216666668 196.09932744752518
v -1069.9707767337684 140.56389216666668 181.3388347230061
v -1069.9707767337684 140.56389216666668 181.3388347230061
v -1069.9707767337684 140.56389216666668 188.84423314241812
v -1069.9707767337684 140.56389216666668 188.84423314241812
v -1144.1864725413946 772.8448856666666 251.48196280103485
v -1144.1864725413946 772.8448856666666 251.48196280103485
v -1146.5421154847131 772.8448856666666 243.42599052289017
v -1146.5421154847131 772.8448856666666 259.5384928628764
v -1150.1661815513569 772.8448856666666 240.4738780773832
v -1150.1661815513569 772.8448856666666 262.49002377049123
v -1167.5875848574372 772.8448856666666 247.72953192575716
v -1167.5875848574372 772.8448856666666 247.72953192575716
v -1167.5875848574372 772.8448856666666 247.72953192575716
v -1167.5875848574372 772.8448856666666 255.23495233979446
v -1167.5875848574372 772.8448856666666 255.23495233979446
v -1167.5875848574372 772.8448856666666 255.23495233979446
v -1172.946025398832 772.8448856666666 243.7114895567703
v -1172.946025398832 772.8448856666666 259.25243516551444
v -1180.3753608354518 772.8448856666666 244.666200578315
v -1180.3753608354518 772.8448856666666 258.29828280745164
v -1186.4327284039848 772.8448856666666 249.07079320774648
v -1186.4327284039848 772.8448856666666 249.07079320774648
v -1186.4327284039848 772.8448856666666 253.89369017802017
v -1186.4327284039848 772.8448856666666 253.89369017802017
v -1146.4903431123325 839.8850741666666 251.48196280103485
v -1146.4903431123325 839.8850741666666 251.48196280103485
v -1148.8459860556509 839.8850741666666 243.42599052289017
v -1148.8459860556509 839.8850741666666 259.5384928628764
v -1152.4700521222946 839.8850741666666 240.4738780773832
v -1152.4700521222946 839.8850741666666 262.49002377049123
v -1165.3872590312608 839.8850741666666 247.72953192575716
v -1165.3872590312608 839.8850741666666 255.23495233979446
v -1170.7456995726554 839.8850741666666 243.7120482202522
v -1170.7456995726554 839.8850741666666 259.25243516551444
v -1178.2009211954653 839.8850741666666 244.666200578315
v -1178.2009211954653 839.8850741666666 258.29828280745164
v -1184.2324025778082 839.8850741666666 249.07079320774648
v -1184.2324025778082 839.8850741666666 249.07079320774648
v -1184.2324025778082 839.8850741666666 253.89369017802017
v -1184.2324025778082 839.8850741666666 253.89369017802017
v -725.710386588801 -1044.6891136666666 287.2550850034238
v -725.710386588801 -1044.6891136666666 287.2550850034238
v -1035.2315148663688 -1042.0600866666666 498.182258634945
v -1035.2315148663688 -1042.0600866666666 498.182258634945
v -957.3658668059085 -1041.1837443333334 329.49887111866053
v -957.3658668059085 -1041.1837443333334 329.49887111866053
v -984.1321833266919 -1041.0961101 353.64124515487373
v -984.1321833266919 -1041.0961101 353.64124515487373
v -1008.0251331803504 -1041.0961101 399.5489029861932
v -1008.0251331803504 -1041.0961101 399.5489029861932
v -922.5230601937478 -1039.3434254333333 310.22819836662944
v -922.5230601937478 -1039.3434254333333 310.22819836662944
v -880.8980727997252 -1037.3278380666666 297.46794437273275
v -880.8980727997252 -1037.3278380666666 297.46794437273275
v -725.9174760783235 -1023.6568976666667 285.2576835794615
v -725.9174760783235 -1023.6568976666667 285.2576835794615
v -881.1310484754379 -804.7465827999999 297.3419327656246
v -881.1310484754379 -804.7465827999999 297.3419327656246
v -922.5230601937478 -782.8380244666666 310.22819836662944
v -922.5230601937478 -782.8380244666666 310.22819836662944
v -1037.0435478996908 -763.6461273666667 498.12891726973555
v -1037.0435478996908 -763.6461273666667 498.12891726973555
v -957.391752992099 -761.8934427 330.2452675251145
v -957.391752992099 -761.8934427 330.2452675251145
v -1008.6981740212985 -753.6558247666668 399.45808629866025
v -1008.6981740212985 -753.6558247666668 399.45808629866025
v -984.1321833266919 -751.114432 353.64124515487373
v -984.1321833266919 -751.114432 353.64124515487373
v -1033.988977929234 -815.4379592666667 151.15771050912056
v -1033.988977929234 -815.4379592666667 151.15771050912056
v -1192.6971854620404 -814.5616169333334 150.5685440011007
v -1192.6971854620404 -814.5616169333334 150.5685440011007
v -1192.6971854620404 -814.5616169333334 150.5685440011007
v -1033.9630917430436 -810.9686133666667 141.1094553962069
v -1033.9630917430436 -810.9686133666667 141.1094553962069
v -1192.6971854620404 -810.0922710333333 143.0631464614737
v -1192.6971854620404 -810.0922710333333 143.0631464614737
v -1192.6971854620404 -810.0922710333333 143.0631464614737
v -1033.7301160673308 -730.082216 151.3637684756584
v -1033.7301160673308 -730.082216 151.3637684756584
v -1033.9372055568533 -713.9575170666667 141.3030212953753
v -1033.9372055568533 -713.9575170666667 141.3030212953753
v -1191.9205998763312 -670.9291085 226.43765956521958
v -1191.9205998763312 -670.9291085 226.43765956521958
v -1191.9205998763312 -670.9291085 226.43765956521958
v -1191.6876242006183 -657.2581681 219.3068568875243
v -1191.6876242006183 -657.2581681 219.3068568875243
v -1191.6876242006183 -657.2581681 219.3068568875243
v -1192.826616392992 -639.4684187333334 150.5685440011007
v -1192.826616392992 -639.4684187333334 150.5685440011007
v -1192.826616392992 -639.4684187333334 150.5685440011007
v -1192.6971854620404 -625.9727468000001 142.04657951538414
v -1192.6971854620404 -625.9727468000001 142.04657951538414
v -1192.6971854620404 -625.9727468000001 142.04657951538414
v -1191.661738014428 -219.96334376666667 230.35183451582216
v -1191.661738014428 -219.96334376666667 230.35183451582216
v -1191.7911689453797 -216.28270596666667 236.99391925932954
v -1191.7911689453797 -216.28270596666667 236.99391925932954
v -1033.6783436949502 -215.93216903333334 151.36432713914033
v -1033.911319370663 -214.61765553333336 140.83360936346617
v -125.87568018687736 -508.3676056666667 236.50408311839288
v -125.87568018687736 -501.2692327666667 236.50408311839288
v -125.25441171830985 -438.34785323333335 159.0536366970113
v -125.25441171830985 -438.34785323333335 159.0536366970113
v -125.25441171830985 -432.21345690000004 159.0536366970113
v -125.25441171830985 -432.21345690000004 159.0536366970113
v -125.25441171830985 -432.21345690000004 159.0536366970113
v -72.26538858673995 -365.96197650000005 263.54520536049324
v -72.26538858673995 -365.96197650000005 263.54520536049324
v -72.9902018000687 -365.96197650000005 212.76070566117312
v -72.9902018000687 -365.96197650000005 212.76070566117312
v -5.7637762638268635 -301.63844923333335 211.84063177550667
v -5.7637762638268635 -301.63844923333335 211.84063177550667
v -125.25441171830985 -298.3083483666667 159.0536366970113
v -125.25441171830985 -298.3083483666667 159.0536366970113
v -72.86077086911713 -294.1895394 157.92127068821995
v -72.86077086911713 -294.1895394 157.92127068821995
v -72.86077086911713 -294.1895394 157.92127068821995
v -5.893207194778427 -229.2525725 157.57673192161485
v -5.893207194778427 -229.2525725 157.57673192161485
v -5.893207194778427 -229.2525725 157.57673192161485
v -5.893207194778427 -229.2525725 157.57673192161485
v -348.8592880302302 -194.46178186666668 439.69539864690256
v -348.8592880302302 -194.46178186666668 439.69539864690256
v -351.4737928354517 -194.46178186666668 439.69539864690256
v -351.4737928354517 -194.46178186666668 439.69539864690256
v -348.8592880302302 -175.70805593333336 426.21543036636183
v -348.8592880302302 -175.70805593333336 426.21543036636183
v -351.4737928354517 -175.70805593333336 426.21543036636183
v -351.4737928354517 -175.70805593333336 426.21543036636183
v -348.8592880302302 -161.59894436666667 421.3675272667239
v -348.8592880302302 -161.59894436666667 421.3675272667239
v -351.4737928354517 -161.59894436666667 421.3675272667239
v -351.4737928354517 -161.59894436666667 421.3675272667239
v -348.8592880302302 -160.72260203333335 568.2515982643264
v -348.8592880302302 -160.72260203333335 568.2515982643264
v -351.4737928354517 -160.72260203333335 568.2515982643264
v -351.4737928354517 -160.72260203333335 568.2515982643264
v -348.8592880302302 -159.40808853333334 447.35123414467967
v -348.8592880302302 -159.40808853333334 447.35123414467967
v -351.4737928354517 -159.40808853333334 447.35123414467967
v -351.4737928354517 -159.40808853333334 447.35123414467967
v -348.8592880302302 -155.28927956666666 443.7412844519137
v -348.8592880302302 -155.28927956666666 443.7412844519137
v -348.8592880302302 -155.28927956666666 443.7412844519137
v -351.4737928354517 -155.28927956666666 443.7412844519137
v -351.4737928354517 -155.28927956666666 443.7412844519137
v -351.4737928354517 -155.28927956666666 443.7412844519137
v -348.8592880302302 -151.78391023333333 420.988954896758
v -348.8592880302302 -151.78391023333333 420.988954896758
v -351.4737928354517 -151.78391023333333 420.988954896758
v -351.4737928354517 -151.78391023333333 420.988954896758
v -348.8592880302302 -149.067249 444.16526516564613
v -348.8592880302302 -149.067249 444.16526516564613
v -351.4737928354517 -149.067249 444.16526516564613
v -351.4737928354517 -149.067249 444.16526516564613
v -348.8592880302302 -148.5414436 562.8781265555351
v -348.8592880302302 -148.5414436 562.8781265555351
v -351.4737928354517 -148.5414436 562.8781265555351
v -351.4737928354517 -148.5414436 562.8781265555351
v -348.8592880302302 -146.7011247 576.8167135654714
v -348.8592880302302 -146.7011247 576.8167135654714
v -351.4737928354517 -146.7011247 576.8167135654714
v -351.4737928354517 -146.7011247 576.8167135654714
v -348.8592880302302 -139.6027518 489.35264916705455
v -348.8592880302302 -139.6027518 489.35264916705455
v -351.4737928354517 -139.6027518 489.35264916705455
v -351.4737928354517 -139.6027518 489.35264916705455
v -348.8592880302302 -139.2522148666667 567.2515008936405
v -348.8592880302302 -139.2522148666667 567.2515008936405
v -351.4737928354517 -139.2522148666667 567.2515008936405
v -351.4737928354517 -139.2522148666667 567.2515008936405
v -348.8592880302302 -136.53555363333334 422.26150057047266
v -348.8592880302302 -136.53555363333334 422.26150057047266
v -351.4737928354517 -136.53555363333334 422.26150057047266
v -351.4737928354517 -136.53555363333334 422.26150057047266
v -348.8592880302302 -135.922114 581.8854004731593
v -348.8592880302302 -135.922114 581.8854004731593
v -351.4737928354517 -135.922114 581.8854004731593
v -351.4737928354517 -135.922114 581.8854004731593
v -348.8592880302302 -134.8705032 513.3372346413518
v -348.8592880302302 -134.8705032 513.3372346413518
v -351.4737928354517 -134.8705032 513.3372346413518
v -351.4737928354517 -134.8705032 513.3372346413518
v -348.8592880302302 -129.17427803333334 449.73911846808517
v -348.8592880302302 -129.17427803333334 449.73911846808517
v -351.4737928354517 -129.17427803333334 449.73911846808517
v -351.4737928354517 -129.17427803333334 449.73911846808517
v -348.8592880302302 -128.73610686666666 482.19802543040475
v -348.8592880302302 -128.73610686666666 482.19802543040475
v -351.4737928354517 -128.73610686666666 482.19802543040475
v -351.4737928354517 -128.73610686666666 482.19802543040475
v -348.8592880302302 -128.47320416666668 566.6271385862605
v -348.8592880302302 -128.47320416666668 566.6271385862605
v -351.4737928354517 -128.47320416666668 566.6271385862605
v -351.4737928354517 -128.47320416666668 566.6271385862605
v -351.4737928354517 -127.15869066666667 500.0854245268221
v -351.4737928354517 -127.15869066666667 500.0854245268221
v -354.60602136447955 -127.15869066666667 500.0854245268221
v -354.60602136447955 -127.15869066666667 500.0854245268221
v -351.4737928354517 -126.89578796666667 499.15229991030435
v -351.4737928354517 -126.89578796666667 499.15229991030435
v -351.4737928354517 -126.89578796666667 501.01801247448327
v -351.4737928354517 -126.89578796666667 501.01801247448327
v -354.60602136447955 -126.89578796666667 499.15229991030435
v -354.60602136447955 -126.89578796666667 499.15229991030435
v -354.60602136447955 -126.89578796666667 501.01801247448327
v -354.60602136447955 -126.89578796666667 501.01801247448327
v -351.4737928354517 -126.36998256666668 498.2832878668842
v -351.4737928354517 -126.36998256666668 498.2832878668842
v -351.4737928354517 -126.36998256666668 501.88756118675997
v -351.4737928354517 -126.36998256666668 501.88756118675997
v -354.60602136447955 -126.36998256666668 498.2832878668842
v -354.60602136447955 -126.36998256666668 498.2832878668842
v -354.60602136447955 -126.36998256666668 501.88756118675997
v -354.60602136447955 -126.36998256666668 501.88756118675997
v -348.8592880302302 -125.58127446666667 583.2783051352872
v -348.8592880302302 -125.58127446666667 583.2783051352872
v -351.4737928354517 -125.58127446666667 583.2783051352872
v -351.4737928354517 -125.58127446666667 583.2783051352872
v -351.4737928354517 -125.49364023333334 497.53633191716335
v -351.4737928354517 -125.49364023333334 497.53633191716335
v -351.4737928354517 -125.49364023333334 502.63395759321395
v -351.4737928354517 -125.49364023333334 502.63395759321395
v -354.60602136447955 -125.49364023333334 497.53633191716335
v -354.60602136447955 -125.49364023333334 497.53633191716335
v -354.60602136447955 -125.49364023333334 502.63395759321395
v -354.60602136447955 -125.49364023333334 502.63395759321395
v -351.4737928354517 -124.35439520000001 496.9636129899219
v -351.4737928354517 -124.35439520000001 496.9636129899219
v -351.4737928354517 -124.35439520000001 503.2066774002405
v -351.4737928354517 -124.35439520000001 503.2066774002405
v -354.60602136447955 -124.35439520000001 496.9636129899219
v -354.60602136447955 -124.35439520000001 496.9636129899219
v -354.60602136447955 -124.35439520000001 503.2066774002405
v -354.60602136447955 -124.35439520000001 503.2066774002405
v -351.4737928354517 -123.03988170000001 496.60376596412743
v -351.4737928354517 -123.03988170000001 496.60376596412743
v -351.4737928354517 -123.03988170000001 503.56654554087515
v -351.4737928354517 -123.03988170000001 503.56654554087515
v -354.60602136447955 -123.03988170000001 496.60376596412743
v -354.60602136447955 -123.03988170000001 496.60376596412743
v -354.60602136447955 -123.03988170000001 503.56654554087515
v -354.60602136447955 -123.03988170000001 503.56654554087515
v -351.4737928354517 -121.55009973333334 496.4811512069464
v -351.4737928354517 -121.55009973333334 496.4811512069464
v -351.4737928354517 -121.55009973333334 503.68969784669787
v -351.4737928354517 -121.55009973333334 503.68969784669787
v -354.60602136447955 -121.55009973333334 496.4811512069464
v -354.60602136447955 -121.55009973333334 496.4811512069464
v -354.60602136447955 -121.55009973333334 503.68969784669787
v -354.60602136447955 -121.55009973333334 503.68969784669787
v -348.8592880302302 -121.1995628 456.9567594454941
v -348.8592880302302 -121.1995628 456.9567594454941
v -351.4737928354517 -121.1995628 456.9567594454941
v -351.4737928354517 -121.1995628 456.9567594454941
v -348.8592880302302 -120.23558623333335 473.85029620759764
v -348.8592880302302 -120.23558623333335 473.85029620759764
v -351.4737928354517 -120.23558623333335 473.85029620759764
v -351.4737928354517 -120.23558623333335 473.85029620759764
v -351.4737928354517 -120.147952 496.60376596412743
v -351.4737928354517 -120.147952 496.60376596412743
v -351.4737928354517 -120.147952 503.56654554087515
v -351.4737928354517 -120.147952 503.56654554087515
v -354.60602136447955 -120.147952 496.60376596412743
v -354.60602136447955 -120.147952 496.60376596412743
v -354.60602136447955 -120.147952 503.56654554087515
v -354.60602136447955 -120.147952 503.56654554087515
v -348.8592880302302 -119.70978083333334 563.3145993366369
v -348.8592880302302 -119.70978083333334 563.3145993366369
v -351.4737928354517 -119.70978083333334 563.3145993366369
v -351.4737928354517 -119.70978083333334 563.3145993366369
v -351.4737928354517 -118.74580426666668 496.9636129899219
v -351.4737928354517 -118.74580426666668 496.9636129899219
v -351.4737928354517 -118.74580426666668 503.2066774002405
v -351.4737928354517 -118.74580426666668 503.2066774002405
v -354.60602136447955 -118.74580426666668 496.9636129899219
v -354.60602136447955 -118.74580426666668 496.9636129899219
v -354.60602136447955 -118.74580426666668 503.2066774002405
v -354.60602136447955 -118.74580426666668 503.2066774002405
v -348.8592880302302 -118.39526733333334 464.6982710469856
v -348.8592880302302 -118.39526733333334 464.6982710469856
v -351.4737928354517 -118.39526733333334 464.6982710469856
v -351.4737928354517 -118.39526733333334 464.6982710469856
v -351.4737928354517 -117.60655923333333 497.53633191716335
v -351.4737928354517 -117.60655923333333 497.53633191716335
v -351.4737928354517 -117.60655923333333 502.63395759321395
v -351.4737928354517 -117.60655923333333 502.63395759321395
v -354.60602136447955 -117.60655923333333 497.53633191716335
v -354.60602136447955 -117.60655923333333 497.53633191716335
v -354.60602136447955 -117.60655923333333 502.63395759321395
v -354.60602136447955 -117.60655923333333 502.63395759321395
v -351.4737928354517 -116.73021690000002 498.2832878668842
v -351.4737928354517 -116.73021690000002 498.2832878668842
v -351.4737928354517 -116.73021690000002 501.88756118675997
v -351.4737928354517 -116.73021690000002 501.88756118675997
v -354.60602136447955 -116.73021690000002 498.2832878668842
v -354.60602136447955 -116.73021690000002 498.2832878668842
v -354.60602136447955 -116.73021690000002 501.88756118675997
v -354.60602136447955 -116.73021690000002 501.88756118675997
v -351.4737928354517 -116.2044115 499.15229991030435
v -351.4737928354517 -116.2044115 499.15229991030435
v -351.4737928354517 -116.2044115 501.01801247448327
v -351.4737928354517 -116.2044115 501.01801247448327
v -354.60602136447955 -116.2044115 499.15229991030435
v -354.60602136447955 -116.2044115 499.15229991030435
v -354.60602136447955 -116.2044115 501.01801247448327
v -354.60602136447955 -116.2044115 501.01801247448327
v -351.4737928354517 -116.02914303333333 500.0854245268221
v -351.4737928354517 -116.02914303333333 500.0854245268221
v -354.60602136447955 -116.02914303333333 500.0854245268221
v -354.60602136447955 -116.02914303333333 500.0854245268221
v -348.8592880302302 -115.59097186666668 518.8571650406891
v -348.8592880302302 -115.59097186666668 518.8571650406891
v -351.4737928354517 -115.59097186666668 518.8571650406891
v -351.4737928354517 -115.59097186666668 518.8571650406891
v -348.8592880302302 -110.24528363333333 553.1091134455041
v -348.8592880302302 -110.24528363333333 553.1091134455041
v -351.4737928354517 -110.24528363333333 553.1091134455041
v -351.4737928354517 -110.24528363333333 553.1091134455041
v -348.8592880302302 -106.7399143 523.1011309217595
v -348.8592880302302 -106.7399143 523.1011309217595
v -351.4737928354517 -106.7399143 523.1011309217595
v -351.4737928354517 -106.7399143 523.1011309217595
v -348.8592880302302 -102.62110533333333 542.2185275291953
v -348.8592880302302 -102.62110533333333 542.2185275291953
v -351.4737928354517 -102.62110533333333 542.2185275291953
v -351.4737928354517 -102.62110533333333 542.2185275291953
v -348.8592880302302 -101.744763 531.4766578317704
v -348.8592880302302 -101.744763 531.4766578317704
v -351.4737928354517 -101.744763 531.4766578317704
v -351.4737928354517 -101.744763 531.4766578317704
v -348.8592880302302 -100.9560549 426.5735785273002
v -348.8592880302302 -100.9560549 426.5735785273002
v -351.4737928354517 -100.9560549 426.5735785273002
v -351.4737928354517 -100.9560549 426.5735785273002
v -351.4737928354517 -98.8528333 543.7584504251361
v -351.4737928354517 -79.83620466666667 551.5396939975037
v -351.4737928354517 -66.60343543333333 531.7632970670245
v -351.4737928354517 -66.60343543333333 531.7632970670245
v -354.60602136447955 -66.60343543333333 531.7632970670245
v -354.60602136447955 -66.60343543333333 531.7632970670245
v -351.4737928354517 -66.42816696666668 530.8307311139886
v -351.4737928354517 -66.42816696666668 530.8307311139886
v -351.4737928354517 -66.42816696666668 532.6964436781676
v -351.4737928354517 -66.42816696666668 532.6964436781676
v -354.60602136447955 -66.42816696666668 530.8307311139886
v -354.60602136447955 -66.42816696666668 530.8307311139886
v -354.60602136447955 -66.42816696666668 532.6964436781676
v -354.60602136447955 -66.42816696666668 532.6964436781676
v -351.4737928354517 -65.90236156666667 529.9611604070867
v -351.4737928354517 -65.90236156666667 529.9611604070867
v -351.4737928354517 -65.90236156666667 533.5654337269624
v -351.4737928354517 -65.90236156666667 533.5654337269624
v -354.60602136447955 -65.90236156666667 529.9611604070867
v -354.60602136447955 -65.90236156666667 529.9611604070867
v -354.60602136447955 -65.90236156666667 533.5654337269624
v -354.60602136447955 -65.90236156666667 533.5654337269624
v -351.4737928354517 -65.02601923333333 529.2147640006326
v -351.4737928354517 -65.02601923333333 529.2147640006326
v -351.4737928354517 -65.02601923333333 534.3124116713086
v -351.4737928354517 -65.02601923333333 534.3124116713086
v -354.60602136447955 -65.02601923333333 529.2147640006326
v -354.60602136447955 -65.02601923333333 529.2147640006326
v -354.60602136447955 -65.02601923333333 534.3124116713086
v -354.60602136447955 -65.02601923333333 534.3124116713086
v -351.4737928354517 -63.886774200000005 528.6420670680164
v -351.4737928354517 -63.886774200000005 528.6420670680164
v -351.4737928354517 -63.886774200000005 534.8851086039248
v -351.4737928354517 -63.886774200000005 534.8851086039248
v -354.60602136447955 -63.886774200000005 528.6420670680164
v -354.60602136447955 -63.886774200000005 528.6420670680164
v -354.60602136447955 -63.886774200000005 534.8851086039248
v -354.60602136447955 -63.886774200000005 534.8851086039248
v -351.4737928354517 -62.48462646666667 528.2821980475968
v -351.4737928354517 -62.48462646666667 528.2821980475968
v -351.4737928354517 -62.48462646666667 535.2449776243445
v -351.4737928354517 -62.48462646666667 535.2449776243445
v -354.60602136447955 -62.48462646666667 528.2821980475968
v -354.60602136447955 -62.48462646666667 528.2821980475968
v -354.60602136447955 -62.48462646666667 535.2449776243445
v -354.60602136447955 -62.48462646666667 535.2449776243445
v -351.4737928354517 -61.08247873333334 528.1590237471487
v -351.4737928354517 -61.08247873333334 528.1590237471487
v -351.4737928354517 -61.08247873333334 535.3675703869003
v -351.4737928354517 -61.08247873333334 535.3675703869003
v -354.60602136447955 -61.08247873333334 528.1590237471487
v -354.60602136447955 -61.08247873333334 528.1590237471487
v -354.60602136447955 -61.08247873333334 535.3675703869003
v -354.60602136447955 -61.08247873333334 535.3675703869003
v -351.4737928354517 -59.59269676666667 528.2821980475968
v -351.4737928354517 -59.59269676666667 528.2821980475968
v -351.4737928354517 -59.59269676666667 535.2449776243445
v -351.4737928354517 -59.59269676666667 535.2449776243445
v -354.60602136447955 -59.59269676666667 528.2821980475968
v -354.60602136447955 -59.59269676666667 528.2821980475968
v -354.60602136447955 -59.59269676666667 535.2449776243445
v -354.60602136447955 -59.59269676666667 535.2449776243445
v -351.4737928354517 -58.27818326666667 528.6420670680164
v -351.4737928354517 -58.27818326666667 528.6420670680164
v -351.4737928354517 -58.27818326666667 534.8851086039248
v -351.4737928354517 -58.27818326666667 534.8851086039248
v -354.60602136447955 -58.27818326666667 528.6420670680164
v -354.60602136447955 -58.27818326666667 528.6420670680164
v -354.60602136447955 -58.27818326666667 534.8851086039248
v -354.60602136447955 -58.27818326666667 534.8851086039248
v -351.4737928354517 -57.138938233333334 529.2147640006326
v -351.4737928354517 -57.138938233333334 529.2147640006326
v -351.4737928354517 -57.138938233333334 534.3124116713086
v -351.4737928354517 -57.138938233333334 534.3124116713086
v -354.60602136447955 -57.138938233333334 529.2147640006326
v -354.60602136447955 -57.138938233333334 529.2147640006326
v -354.60602136447955 -57.138938233333334 534.3124116713086
v -354.60602136447955 -57.138938233333334 534.3124116713086
v -351.4737928354517 -56.2625959 529.9611604070867
v -351.4737928354517 -56.2625959 529.9611604070867
v -351.4737928354517 -56.2625959 533.5654337269624
v -351.4737928354517 -56.2625959 533.5654337269624
v -354.60602136447955 -56.2625959 529.9611604070867
v -354.60602136447955 -56.2625959 529.9611604070867
v -354.60602136447955 -56.2625959 533.5654337269624
v -354.60602136447955 -56.2625959 533.5654337269624
v -351.4737928354517 -55.64915626666667 530.8307311139886
v -351.4737928354517 -55.64915626666667 530.8307311139886
v -351.4737928354517 -55.64915626666667 532.6964436781676
v -351.4737928354517 -55.64915626666667 532.6964436781676
v -354.60602136447955 -55.64915626666667 530.8307311139886
v -354.60602136447955 -55.64915626666667 530.8307311139886
v -354.60602136447955 -55.64915626666667 532.6964436781676
v -354.60602136447955 -55.64915626666667 532.6964436781676
v -351.4737928354517 -55.4738878 531.7632970670245
v -351.4737928354517 -55.4738878 531.7632970670245
v -354.60602136447955 -55.4738878 531.7632970670245
v -354.60602136447955 -55.4738878 531.7632970670245
v -348.8592880302302 -48.46314913333334 433.86670681821255
v -348.8592880302302 -48.46314913333334 433.86670681821255
v -351.4737928354517 -48.46314913333334 433.86670681821255
v -351.4737928354517 -48.46314913333334 433.86670681821255
v -348.8592880302302 -2.1046397000000003 437.59924927353427
v -348.8592880302302 -2.1046397000000003 437.59924927353427
v -348.8592880302302 -2.1046397000000003 489.8805192937965
v -348.8592880302302 -2.1046397000000003 583.2783051352872
v -348.8592880302302 -2.1046397000000003 583.2783051352872
v -351.4737928354517 -2.1046397000000003 437.59924927353427
v -351.4737928354517 -2.1046397000000003 437.59924927353427
v -351.4737928354517 -2.1046397000000003 489.8805192937965
v -351.4737928354517 -2.1046397000000003 583.2783051352872
v -351.4737928354517 -2.1046397000000003 583.2783051352872
v -348.8592880302302 44.25386973333333 433.86670681821255
v -348.8592880302302 44.25386973333333 433.86670681821255
v -351.4737928354517 44.25386973333333 433.86670681821255
v -351.4737928354517 44.25386973333333 433.86670681821255
v -351.4737928354517 53.01729306666667 531.7632970670245
v -351.4737928354517 53.01729306666667 531.7632970670245
v -354.60602136447955 53.01729306666667 531.7632970670245
v -354.60602136447955 53.01729306666667 531.7632970670245
v -351.4737928354517 53.19256153333333 530.8307311139886
v -351.4737928354517 53.19256153333333 530.8307311139886
v -351.4737928354517 53.19256153333333 532.6964436781676
v -351.4737928354517 53.19256153333333 532.6964436781676
v -354.60602136447955 53.19256153333333 530.8307311139886
v -354.60602136447955 53.19256153333333 530.8307311139886
v -354.60602136447955 53.19256153333333 532.6964436781676
v -354.60602136447955 53.19256153333333 532.6964436781676
v -351.4737928354517 53.718366933333336 529.9611604070867
v -351.4737928354517 53.718366933333336 529.9611604070867
v -351.4737928354517 53.718366933333336 533.5654337269624
v -351.4737928354517 53.718366933333336 533.5654337269624
v -354.60602136447955 53.718366933333336 529.9611604070867
v -354.60602136447955 53.718366933333336 529.9611604070867
v -354.60602136447955 53.718366933333336 533.5654337269624
v -354.60602136447955 53.718366933333336 533.5654337269624
v -351.4737928354517 54.59470926666667 529.2147640006326
v -351.4737928354517 54.59470926666667 529.2147640006326
v -351.4737928354517 54.59470926666667 534.3124116713086
v -351.4737928354517 54.59470926666667 534.3124116713086
v -354.60602136447955 54.59470926666667 529.2147640006326
v -354.60602136447955 54.59470926666667 529.2147640006326
v -354.60602136447955 54.59470926666667 534.3124116713086
v -354.60602136447955 54.59470926666667 534.3124116713086
v -351.4737928354517 55.7339543 528.6420670680164
v -351.4737928354517 55.7339543 528.6420670680164
v -351.4737928354517 55.7339543 534.8851086039248
v -351.4737928354517 55.7339543 534.8851086039248
v -354.60602136447955 55.7339543 528.6420670680164
v -354.60602136447955 55.7339543 528.6420670680164
v -354.60602136447955 55.7339543 534.8851086039248
v -354.60602136447955 55.7339543 534.8851086039248
v -351.4737928354517 57.13610203333334 528.2821980475968
v -351.4737928354517 57.13610203333334 528.2821980475968
v -351.4737928354517 57.13610203333334 535.2449776243445
v -351.4737928354517 57.13610203333334 535.2449776243445
v -354.60602136447955 57.13610203333334 528.2821980475968
v -354.60602136447955 57.13610203333334 528.2821980475968
v -354.60602136447955 57.13610203333334 535.2449776243445
v -354.60602136447955 57.13610203333334 535.2449776243445
v -351.4737928354517 58.53824976666667 528.1590237471487
v -351.4737928354517 58.53824976666667 528.1590237471487
v -351.4737928354517 58.53824976666667 535.3675703869003
v -351.4737928354517 58.53824976666667 535.3675703869003
v -354.60602136447955 58.53824976666667 528.1590237471487
v -354.60602136447955 58.53824976666667 528.1590237471487
v -354.60602136447955 58.53824976666667 535.3675703869003
v -354.60602136447955 58.53824976666667 535.3675703869003
v -351.4737928354517 60.028031733333336 528.2821980475968
v -351.4737928354517 60.028031733333336 528.2821980475968
v -351.4737928354517 60.028031733333336 535.2449776243445
v -351.4737928354517 60.028031733333336 535.2449776243445
v -354.60602136447955 60.028031733333336 528.2821980475968
v -354.60602136447955 60.028031733333336 528.2821980475968
v -354.60602136447955 60.028031733333336 535.2449776243445
v -354.60602136447955 60.028031733333336 535.2449776243445
v -351.4737928354517 61.34254523333334 528.6420670680164
v -351.4737928354517 61.34254523333334 528.6420670680164
v -351.4737928354517 61.34254523333334 534.8851086039248
v -351.4737928354517 61.34254523333334 534.8851086039248
v -354.60602136447955 61.34254523333334 528.6420670680164
v -354.60602136447955 61.34254523333334 528.6420670680164
v -354.60602136447955 61.34254523333334 534.8851086039248
v -354.60602136447955 61.34254523333334 534.8851086039248
v -351.4737928354517 62.481790266666664 529.2147640006326
v -351.4737928354517 62.481790266666664 529.2147640006326
v -351.4737928354517 62.481790266666664 534.3124116713086
v -351.4737928354517 62.481790266666664 534.3124116713086
v -354.60602136447955 62.481790266666664 529.2147640006326
v -354.60602136447955 62.481790266666664 529.2147640006326
v -354.60602136447955 62.481790266666664 534.3124116713086
v -354.60602136447955 62.481790266666664 534.3124116713086
v -351.4737928354517 63.358132600000005 529.9611604070867
v -351.4737928354517 63.358132600000005 529.9611604070867
v -351.4737928354517 63.358132600000005 533.5654337269624
v -351.4737928354517 63.358132600000005 533.5654337269624
v -354.60602136447955 63.358132600000005 529.9611604070867
v -354.60602136447955 63.358132600000005 529.9611604070867
v -354.60602136447955 63.358132600000005 533.5654337269624
v -354.60602136447955 63.358132600000005 533.5654337269624
v -351.4737928354517 63.97157223333333 530.8307311139886
v -351.4737928354517 63.97157223333333 530.8307311139886
v -351.4737928354517 63.97157223333333 532.6964436781676
v -351.4737928354517 63.97157223333333 532.6964436781676
v -354.60602136447955 63.97157223333333 530.8307311139886
v -354.60602136447955 63.97157223333333 530.8307311139886
v -354.60602136447955 63.97157223333333 532.6964436781676
v -354.60602136447955 63.97157223333333 532.6964436781676
v -351.4737928354517 64.1468407 531.7632970670245
v -351.4737928354517 64.1468407 531.7632970670245
v -354.60602136447955 64.1468407 531.7632970670245
v -354.60602136447955 64.1468407 531.7632970670245
v -348.8592880302302 96.74677550000001 426.5735785273002
v -348.8592880302302 96.74677550000001 426.5735785273002
v -351.4737928354517 96.74677550000001 426.5735785273002
v -351.4737928354517 96.74677550000001 426.5735785273002
v -348.8592880302302 97.53548359999999 531.4766578317704
v -348.8592880302302 97.53548359999999 531.4766578317704
v -351.4737928354517 97.53548359999999 531.4766578317704
v -351.4737928354517 97.53548359999999 531.4766578317704
v -348.8592880302302 98.41182593333333 542.2185275291953
v -348.8592880302302 98.41182593333333 542.2185275291953
v -351.4737928354517 98.41182593333333 542.2185275291953
v -351.4737928354517 98.41182593333333 542.2185275291953
v -348.8592880302302 102.5306349 523.1011309217595
v -348.8592880302302 102.5306349 523.1011309217595
v -351.4737928354517 102.5306349 523.1011309217595
v -351.4737928354517 102.5306349 523.1011309217595
v -351.4737928354517 104.54622226666667 500.0854245268221
v -351.4737928354517 104.54622226666667 500.0854245268221
v -354.60602136447955 104.54622226666667 500.0854245268221
v -354.60602136447955 104.54622226666667 500.0854245268221
v -351.4737928354517 104.72149073333333 499.15229991030435
v -351.4737928354517 104.72149073333333 499.15229991030435
v -351.4737928354517 104.72149073333333 501.01801247448327
v -351.4737928354517 104.72149073333333 501.01801247448327
v -354.60602136447955 104.72149073333333 499.15229991030435
v -354.60602136447955 104.72149073333333 499.15229991030435
v -354.60602136447955 104.72149073333333 501.01801247448327
v -354.60602136447955 104.72149073333333 501.01801247448327
v -351.4737928354517 105.24729613333334 498.2832878668842
v -351.4737928354517 105.24729613333334 498.2832878668842
v -351.4737928354517 105.24729613333334 501.88756118675997
v -351.4737928354517 105.24729613333334 501.88756118675997
v -354.60602136447955 105.24729613333334 498.2832878668842
v -354.60602136447955 105.24729613333334 498.2832878668842
v -354.60602136447955 105.24729613333334 501.88756118675997
v -354.60602136447955 105.24729613333334 501.88756118675997
v -348.8592880302302 106.03600423333334 553.1091134455041
v -348.8592880302302 106.03600423333334 553.1091134455041
v -351.4737928354517 106.03600423333334 553.1091134455041
v -351.4737928354517 106.03600423333334 553.1091134455041
v -351.4737928354517 106.12363846666666 497.53633191716335
v -351.4737928354517 106.12363846666666 497.53633191716335
v -351.4737928354517 106.12363846666666 502.63395759321395
v -351.4737928354517 106.12363846666666 502.63395759321395
v -354.60602136447955 106.12363846666666 497.53633191716335
v -354.60602136447955 106.12363846666666 497.53633191716335
v -354.60602136447955 106.12363846666666 502.63395759321395
v -354.60602136447955 106.12363846666666 502.63395759321395
v -351.4737928354517 107.35051773333335 496.9636129899219
v -351.4737928354517 107.35051773333335 496.9636129899219
v -351.4737928354517 107.35051773333335 503.2066774002405
v -351.4737928354517 107.35051773333335 503.2066774002405
v -354.60602136447955 107.35051773333335 496.9636129899219
v -354.60602136447955 107.35051773333335 496.9636129899219
v -354.60602136447955 107.35051773333335 503.2066774002405
v -354.60602136447955 107.35051773333335 503.2066774002405
v -351.4737928354517 108.66503123333334 496.60376596412743
v -351.4737928354517 108.66503123333334 496.60376596412743
v -351.4737928354517 108.66503123333334 503.56654554087515
v -351.4737928354517 108.66503123333334 503.56654554087515
v -354.60602136447955 108.66503123333334 496.60376596412743
v -354.60602136447955 108.66503123333334 496.60376596412743
v -354.60602136447955 108.66503123333334 503.56654554087515
v -354.60602136447955 108.66503123333334 503.56654554087515
v -351.4737928354517 110.06717896666667 496.4811512069464
v -351.4737928354517 110.06717896666667 496.4811512069464
v -351.4737928354517 110.06717896666667 503.68969784669787
v -351.4737928354517 110.06717896666667 503.68969784669787
v -354.60602136447955 110.06717896666667 496.4811512069464
v -354.60602136447955 110.06717896666667 496.4811512069464
v -354.60602136447955 110.06717896666667 503.68969784669787
v -354.60602136447955 110.06717896666667 503.68969784669787
v -348.8592880302302 111.03115553333335 456.9567594454941
v -348.8592880302302 111.03115553333335 456.9567594454941
v -351.4737928354517 111.03115553333335 456.9567594454941
v -351.4737928354517 111.03115553333335 456.9567594454941
v -348.8592880302302 111.38169246666666 518.8571650406891
v -348.8592880302302 111.38169246666666 518.8571650406891
v -351.4737928354517 111.38169246666666 518.8566063772072
v -351.4737928354517 111.38169246666666 518.8566063772072
v -351.4737928354517 111.55696093333334 496.60376596412743
v -351.4737928354517 111.55696093333334 496.60376596412743
v -351.4737928354517 111.55696093333334 503.56654554087515
v -351.4737928354517 111.55696093333334 503.56654554087515
v -354.60602136447955 111.55696093333334 496.60376596412743
v -354.60602136447955 111.55696093333334 496.60376596412743
v -354.60602136447955 111.55696093333334 503.56654554087515
v -354.60602136447955 111.55696093333334 503.56654554087515
v -351.4737928354517 112.87147443333333 496.9636129899219
v -351.4737928354517 112.87147443333333 496.9636129899219
v -351.4737928354517 112.87147443333333 503.2066774002405
v -351.4737928354517 112.87147443333333 503.2066774002405
v -354.60602136447955 112.87147443333333 496.9636129899219
v -354.60602136447955 112.87147443333333 496.9636129899219
v -354.60602136447955 112.87147443333333 503.2066774002405
v -354.60602136447955 112.87147443333333 503.2066774002405
v -348.8592880302302 113.48491406666666 463.5994028524834
v -348.8592880302302 113.48491406666666 463.5994028524834
v -348.8592880302302 113.48491406666666 463.5994028524834
v -351.4737928354517 113.48491406666666 463.5994028524834
v -351.4737928354517 113.48491406666666 463.5994028524834
v -351.4737928354517 113.48491406666666 463.5994028524834
v -351.4737928354517 114.01071946666669 497.53633191716335
v -351.4737928354517 114.01071946666669 497.53633191716335
v -351.4737928354517 114.01071946666669 502.63395759321395
v -351.4737928354517 114.01071946666669 502.63395759321395
v -354.60602136447955 114.01071946666669 497.53633191716335
v -354.60602136447955 114.01071946666669 497.53633191716335
v -354.60602136447955 114.01071946666669 502.63395759321395
v -354.60602136447955 114.01071946666669 502.63395759321395
v -351.4737928354517 114.8870618 498.2832878668842
v -351.4737928354517 114.8870618 498.2832878668842
v -351.4737928354517 114.8870618 501.88756118675997
v -351.4737928354517 114.8870618 501.88756118675997
v -354.60602136447955 114.8870618 498.2832878668842
v -354.60602136447955 114.8870618 498.2832878668842
v -354.60602136447955 114.8870618 501.88756118675997
v -354.60602136447955 114.8870618 501.88756118675997
v -348.8592880302302 115.50050143333333 563.3145993366369
v -348.8592880302302 115.50050143333333 563.3145993366369
v -351.4737928354517 115.50050143333333 499.15229991030435
v -351.4737928354517 115.50050143333333 499.15229991030435
v -351.4737928354517 115.50050143333333 501.01801247448327
v -351.4737928354517 115.50050143333333 501.01801247448327
v -351.4737928354517 115.50050143333333 563.3145993366369
v -351.4737928354517 115.50050143333333 563.3145993366369
v -354.60602136447955 115.50050143333333 499.15229991030435
v -354.60602136447955 115.50050143333333 499.15229991030435
v -354.60602136447955 115.50050143333333 501.01801247448327
v -354.60602136447955 115.50050143333333 501.01801247448327
v -351.4737928354517 115.6757699 500.0854245268221
v -351.4737928354517 115.6757699 500.0854245268221
v -354.60602136447955 115.6757699 500.0854245268221
v -354.60602136447955 115.6757699 500.0854245268221
v -348.8592880302302 116.02630683333334 449.73911846808517
v -348.8592880302302 116.02630683333334 449.73911846808517
v -348.8592880302302 116.02630683333334 449.73911846808517
v -351.4737928354517 116.02630683333334 449.73911846808517
v -351.4737928354517 116.02630683333334 449.73911846808517
v -351.4737928354517 116.02630683333334 449.73911846808517
v -348.8592880302302 121.37199506666667 583.2783051352872
v -348.8592880302302 121.37199506666667 583.2783051352872
v -351.4737928354517 121.37199506666667 583.2783051352872
v -351.4737928354517 121.37199506666667 583.2783051352872
v -348.8592880302302 121.89780046666668 465.69897195018893
v -348.8592880302302 121.89780046666668 465.69897195018893
v -351.4737928354517 121.89780046666668 465.69897195018893
v -351.4737928354517 121.89780046666668 465.69897195018893
v -348.8592880302302 124.26392476666666 566.6271385862605
v -348.8592880302302 124.26392476666666 566.6271385862605
v -351.4737928354517 124.26392476666666 566.6271385862605
v -351.4737928354517 124.26392476666666 566.6271385862605
v -348.8592880302302 128.0321968 482.19802543040475
v -348.8592880302302 128.0321968 482.19802543040475
v -351.4737928354517 128.0321968 482.19802543040475
v -351.4737928354517 128.0321968 482.19802543040475
v -348.8592880302302 128.38273373333334 470.2079897817016
v -348.8592880302302 128.38273373333334 470.2079897817016
v -351.4737928354517 128.38273373333334 470.2079897817016
v -351.4737928354517 128.38273373333334 470.2079897817016
v -348.8592880302302 129.52197876666668 476.20300760605323
v -348.8592880302302 129.52197876666668 476.20300760605323
v -351.4737928354517 129.52197876666668 476.20300760605323
v -351.4737928354517 129.52197876666668 476.20300760605323
v -348.8592880302302 130.66122380000002 513.3372346413518
v -348.8592880302302 130.66122380000002 513.3372346413518
v -351.4737928354517 130.66122380000002 513.3372346413518
v -351.4737928354517 130.66122380000002 513.3372346413518
v -348.8592880302302 131.7128346 581.8854004731593
v -348.8592880302302 131.7128346 581.8854004731593
v -351.4737928354517 131.7128346 581.8854004731593
v -351.4737928354517 131.7128346 581.8854004731593
v -348.8592880302302 132.32627423333332 422.26150057047266
v -348.8592880302302 132.32627423333332 422.26150057047266
v -351.4737928354517 132.32627423333332 422.26150057047266
v -351.4737928354517 132.32627423333332 422.26150057047266
v -348.8592880302302 135.04293546666668 567.2515008936405
v -348.8592880302302 135.04293546666668 567.2515008936405
v -351.4737928354517 135.04293546666668 567.2515008936405
v -351.4737928354517 135.04293546666668 567.2515008936405
v -348.8592880302302 135.3934724 489.35264916705455
v -348.8592880302302 135.3934724 489.35264916705455
v -351.4737928354517 135.3934724 489.35264916705455
v -351.4737928354517 135.3934724 489.35264916705455
v -348.8592880302302 142.4918453 576.8167135654714
v -348.8592880302302 142.4918453 576.8167135654714
v -351.4737928354517 142.4918453 576.8167135654714
v -351.4737928354517 142.4918453 576.8167135654714
v -348.8592880302302 144.33216420000002 562.8781265555351
v -348.8592880302302 144.33216420000002 562.8781265555351
v -351.4737928354517 144.33216420000002 562.8781265555351
v -351.4737928354517 144.33216420000002 562.8781265555351
v -348.8592880302302 144.85796960000002 444.16526516564613
v -348.8592880302302 144.85796960000002 444.16526516564613
v -351.4737928354517 144.85796960000002 444.16526516564613
v -351.4737928354517 144.85796960000002 444.16526516564613
v -348.8592880302302 147.48699660000003 420.988954896758
v -348.8592880302302 147.48699660000003 420.988954896758
v -351.4737928354517 147.48699660000003 420.988954896758
v -351.4737928354517 147.48699660000003 420.988954896758
v -348.8592880302302 151.08000016666668 443.7412844519137
v -348.8592880302302 151.08000016666668 443.7412844519137
v -348.8592880302302 151.08000016666668 443.7412844519137
v -351.4737928354517 151.08000016666668 443.7412844519137
v -351.4737928354517 151.08000016666668 443.7412844519137
v -351.4737928354517 151.08000016666668 443.7412844519137
v -348.8592880302302 155.19880913333336 447.35123414467967
v -348.8592880302302 155.19880913333336 447.35123414467967
v -351.4737928354517 155.19880913333336 447.35123414467967
v -351.4737928354517 155.19880913333336 447.35123414467967
v -348.8592880302302 156.51332263333333 568.2515982643264
v -348.8592880302302 156.51332263333333 568.2515982643264
v -351.4737928354517 156.51332263333333 568.2515982643264
v -351.4737928354517 156.51332263333333 568.2515982643264
v -348.8592880302302 157.3896649666667 421.3675272667239
v -348.8592880302302 157.3896649666667 421.3675272667239
v -351.4737928354517 157.3896649666667 421.3675272667239
v -351.4737928354517 157.3896649666667 421.3675272667239
v -348.8592880302302 171.4111423 426.21543036636183
v -348.8592880302302 171.4111423 426.21543036636183
v -351.4737928354517 171.4111423 426.21543036636183
v -351.4737928354517 171.4111423 426.21543036636183
v -348.8592880302302 190.25250246666667 439.69539864690256
v -348.8592880302302 190.25250246666667 439.69539864690256
v -351.4737928354517 190.25250246666667 439.69539864690256
v -351.4737928354517 190.25250246666667 439.69539864690256
v -348.80751565784954 -223.4687131 502.88712188858926
v -348.80751565784954 -223.4687131 502.88712188858926
v -348.80751565784954 -220.66441763333336 474.9400929388527
v -348.80751565784954 -220.66441763333336 474.9400929388527
v -348.80751565784954 -220.40151493333335 520.320439306912
v -348.80751565784954 -220.40151493333335 520.320439306912
v -354.2436147578152 -219.43753836666667 502.76394758814126
v -354.2436147578152 -219.43753836666667 502.76394758814126
v -354.2436147578152 -216.72087713333335 475.21935693636067
v -354.2436147578152 -216.72087713333335 475.21935693636067
v -354.2436147578152 -216.45797443333333 520.003162438439
v -354.2436147578152 -216.45797443333333 520.003162438439
v -348.80751565784954 -212.68970240000002 542.1714212003578
v -348.80751565784954 -212.68970240000002 542.1714212003578
v -348.80751565784954 -211.55045736666668 457.39551174955915
v -348.80751565784954 -211.55045736666668 457.39551174955915
v -344.58806730882856 -209.4472357666667 502.45460462089636
v -344.58806730882856 -209.4472357666667 502.45460462089636
v -354.2436147578152 -208.83379613333335 541.6600206490195
v -354.2436147578152 -208.83379613333335 541.6600206490195
v -354.2436147578152 -207.6945511 457.94778447314786
v -354.2436147578152 -207.6945511 457.94778447314786
v -344.58806730882856 -206.8182087666667 475.919765220726
v -344.58806730882856 -206.8182087666667 475.919765220726
v -344.58806730882856 -206.64294030000002 519.5195613338744
v -344.58806730882856 -206.64294030000002 519.5195613338744
v -356.83223337684643 -200.50854396666668 502.17761926656647
v -356.83223337684643 -200.50854396666668 502.17761926656647
v -344.58806730882856 -199.10639623333336 540.3772404362734
v -344.58806730882856 -199.10639623333336 540.3772404362734
v -348.80751565784954 -198.84349353333332 561.2735113081744
v -348.80751565784954 -198.84349353333332 561.2735113081744
v -344.58806730882856 -197.9671512 459.3327332394223
v -344.58806730882856 -197.9671512 459.3327332394223
v -356.83223337684643 -197.87951696666667 476.54696483476613
v -356.83223337684643 -197.87951696666667 476.54696483476613
v -356.83223337684643 -197.79188273333332 519.106910491512
v -356.83223337684643 -197.79188273333332 519.106910491512
v -348.80751565784954 -196.47736923333335 437.47607497308627
v -348.80751565784954 -196.47736923333335 437.47607497308627
v -348.80751565784954 -196.47736923333335 437.47607497308627
v -354.2436147578152 -195.16285573333334 560.4845447443992
v -354.2436147578152 -195.16285573333334 560.4845447443992
v -354.2436147578152 -193.4978053 437.97444766798355
v -354.2436147578152 -193.4978053 437.97444766798355
v -354.2436147578152 -193.4978053 437.97444766798355
v -344.79515679835106 -190.51824136666667 519.0802283717022
v -344.79515679835106 -190.51824136666667 519.0802283717022
v -356.83223337684643 -190.3429729 539.2278461885965
v -356.83223337684643 -190.3429729 539.2278461885965
v -344.79515679835106 -189.90480173333336 488.6119291334908
v -344.79515679835106 -189.90480173333336 488.6119291334908
v -344.79515679835106 -189.90480173333336 488.6119291334908
v -356.83223337684643 -189.29136210000001 460.57294417463214
v -344.58806730882856 -185.78599276666668 558.5047530972146
v -344.58806730882856 -185.78599276666668 558.5047530972146
v -344.79515679835106 -185.52309006666667 477.4205139294873
v -344.79515679835106 -185.52309006666667 477.4205139294873
v -344.58806730882856 -184.20857656666666 439.8305063512381
v -344.58806730882856 -184.20857656666666 439.8305063512381
v -344.58806730882856 -184.20857656666666 439.8305063512381
v -354.60602136447955 -182.71879460000002 488.61760462659595
v -354.60602136447955 -182.71879460000002 488.61760462659595
v -354.60602136447955 -182.71879460000002 488.61760462659595
v -345.364652894538 -181.31664686666667 490.44812139141476
v -345.364652894538 -181.31664686666667 490.44812139141476
v -348.80751565784954 -179.56396220000002 579.1847543379566
v -348.80751565784954 -179.56396220000002 579.1847543379566
v -348.80751565784954 -179.56396220000002 579.1847543379566
v -354.60602136447955 -178.6876198666667 518.916763436896
v -354.60602136447955 -178.6876198666667 518.916763436896
v -354.60602136447955 -178.6876198666667 518.916763436896
v -354.60602136447955 -178.33708293333333 477.92339992149033
v -354.60602136447955 -178.33708293333333 477.92339992149033
v -344.79515679835106 -178.16181446666667 537.6277662329669
v -344.79515679835106 -178.16181446666667 537.6277662329669
v -345.364652894538 -177.54837483333336 517.1237219944005
v -345.364652894538 -177.54837483333336 517.1237219944005
v -356.83223337684643 -177.37310636666666 556.7321138691215
v -356.83223337684643 -177.37310636666666 556.7321138691215
v -344.79515679835106 -177.11020366666668 462.30015218454855
v -344.79515679835106 -177.11020366666668 462.30015218454855
v -349.2734670092751 -177.11020366666668 487.15942607515603
v -349.2734670092751 -177.11020366666668 487.15942607515603
v -349.2734670092751 -177.11020366666668 487.15942607515603
v -354.2436147578152 -176.49676403333336 577.8071790498583
v -354.2436147578152 -176.49676403333336 577.8071790498583
v -354.2436147578152 -176.49676403333336 577.8071790498583
v -353.95886670972175 -174.4811766666667 490.4299538309401
v -353.95886670972175 -174.4811766666667 490.4299538309401
v -349.2734670092751 -172.81612623333334 478.3122077102728
v -349.2734670092751 -172.81612623333334 478.3122077102728
v -349.2734670092751 -172.64085776666667 520.1041916703782
v -349.2734670092751 -172.64085776666667 520.1041916703782
v -349.2734670092751 -172.64085776666667 520.1041916703782
v -356.83223337684643 -172.02741813333333 442.380738282486
v -356.83223337684643 -172.02741813333333 442.380738282486
v -354.60602136447955 -171.1510758 536.7065530257114
v -354.60602136447955 -171.1510758 536.7065530257114
v -353.95886670972175 -170.80053886666667 516.7394503771342
v -353.95886670972175 -170.80053886666667 516.7394503771342
v -349.35112556784605 -170.27473346666667 488.9706579525364
v -354.60602136447955 -170.18709923333336 463.2945960567546
v -354.60602136447955 -170.18709923333336 463.2945960567546
v -344.58806730882856 -168.60968303333334 574.3510632853845
v -344.58806730882856 -168.60968303333334 574.3510632853845
v -344.58806730882856 -168.60968303333334 574.3510632853845
v -349.32523938165576 -166.1559245 518.5960686036557
v -349.2734670092751 -165.71775333333335 535.9942122172436
v -349.2734670092751 -165.71775333333335 535.9942122172436
v -344.79515679835106 -165.6301191 554.2636254025894
v -344.79515679835106 -165.6301191 554.2636254025894
v -349.2734670092751 -164.75377676666668 464.06369707498425
v -349.2734670092751 -164.75377676666668 464.06369707498425
v -344.79515679835106 -164.66614253333333 443.85650373629335
v -344.79515679835106 -164.66614253333333 443.85650373629335
v -356.83223337684643 -161.59894436666667 571.2559338682942
v -356.83223337684643 -161.59894436666667 571.2559338682942
v -356.83223337684643 -161.59894436666667 571.2559338682942
v -354.60602136447955 -158.88228313333335 552.8417819720987
v -354.60602136447955 -158.88228313333335 552.8417819720987
v -354.5283628059086 -156.86669576666668 445.5122028205256
v -354.5283628059086 -156.86669576666668 445.5122028205256
v -354.5283628059086 -156.86669576666668 445.5122028205256
v -349.2734670092751 -153.71186336666668 551.7434724410784
v -349.2734670092751 -153.71186336666668 551.7434724410784
v -344.79515679835106 -151.87154446666668 566.9461134398045
v -344.79515679835106 -151.87154446666668 566.9461134398045
v -344.79515679835106 -151.87154446666668 566.9461134398045
v -349.14403607832355 -151.78391023333333 446.65250273054505
v -349.14403607832355 -151.78391023333333 446.65250273054505
v -349.14403607832355 -151.78391023333333 446.65250273054505
v -354.60602136447955 -146.26295353333333 564.4639935843138
v -354.60602136447955 -146.26295353333333 564.4639935843138
v -354.60602136447955 -146.26295353333333 564.4639935843138
v -349.2734670092751 -141.88124186666667 562.5460798562995
v -349.2734670092751 -141.88124186666667 562.5460798562995
v -349.2734670092751 -141.88124186666667 562.5460798562995
v -348.47099523737546 -138.46350676666668 488.51373808799667
v -348.47099523737546 -138.46350676666668 488.51373808799667
v -348.47099523737546 -138.46350676666668 488.51373808799667
v -351.70676851116457 -138.46350676666668 488.4711679306753
v -351.70676851116457 -138.46350676666668 488.4711679306753
v -351.70676851116457 -138.46350676666668 488.4711679306753
v -348.5227676097561 -133.73125816666666 515.2455173628521
v -348.5227676097561 -133.73125816666666 515.2455173628521
v -348.5227676097561 -133.73125816666666 515.2455173628521
v -351.75854088354515 -133.73125816666666 514.9242638661299
v -351.75854088354515 -133.73125816666666 514.9242638661299
v -351.75854088354515 -133.73125816666666 514.9242638661299
v -351.65499613878393 -61.52064990000001 556.1020751888512
v -351.65499613878393 -61.52064990000001 562.0812049756914
v -351.65499613878393 -51.00454190000001 556.1020751888512
v -351.65499613878393 -51.00454190000001 562.0812049756914
v -1149.182506476125 -844.4448905 366.46849389756386
v -1149.182506476125 -844.4448905 366.46849389756386
v -1151.5381494194435 -844.4448905 358.411940961312
v -1151.5381494194435 -844.4448905 374.52446617570854
v -1155.1622154860872 -844.4448905 355.46041005369716
v -1155.1622154860872 -844.4448905 377.4765777414305
v -1168.1053085812434 -844.4448905 362.71550435880425
v -1168.1053085812434 -844.4448905 370.22090189843124
v -1173.463749122638 -844.4448905 358.6980206532993
v -1173.463749122638 -844.4448905 374.2389662620434
v -1180.8930845592579 -844.4448905 359.6521510167368
v -1180.8930845592579 -844.4448905 373.2842552404987
v -1186.950452127791 -844.4448905 364.0573243042754
v -1186.950452127791 -844.4448905 364.0573243042754
v -1186.950452127791 -844.4448905 368.8796626110672
v -1186.950452127791 -844.4448905 368.8796626110672
v -1146.8786359051871 -777.404702 366.46849389756386
v -1146.8786359051871 -777.404702 366.46849389756386
v -1149.2342788485057 -777.404702 358.411940961312
v -1149.2342788485057 -777.404702 374.52446617570854
v -1152.8583449151495 -777.404702 355.46041005369716
v -1152.8583449151495 -777.404702 377.4765777414305
v -1170.2797482212297 -777.404702 362.71550435880425
v -1170.2797482212297 -777.404702 362.71550435880425
v -1170.2797482212297 -777.404702 362.71550435880425
v -1170.2797482212297 -777.404702 370.22090189843124
v -1170.2797482212297 -777.404702 370.22090189843124
v -1170.2797482212297 -777.404702 370.22090189843124
v -1175.6381887626244 -777.404702 358.6980206532993
v -1175.6381887626244 -777.404702 374.2389662620434
v -1183.0675241992442 -777.404702 359.6521510167368
v -1183.0675241992442 -777.404702 373.2842552404987
v -1189.1248917677774 -777.404702 364.0573243042754
v -1189.1248917677774 -777.404702 364.0573243042754
v -1189.1248917677774 -777.404702 368.8796626110672
v -1189.1248917677774 -777.404702 368.8796626110672
v -1059.512757512882 -144.68553733333334 283.5985876453023
v -1059.512757512882 -144.68553733333334 283.5985876453023
v -1061.8684004562006 -144.68553733333334 275.5426153671576
v -1061.8684004562006 -144.68553733333334 291.6551405815542
v -1065.4924665228443 -144.68553733333334 272.5910844595428
v -1065.4924665228443 -144.68553733333334 294.60667148916895
v -1082.9138698289248 -144.68553733333334 279.8461787646499
v -1082.9138698289248 -144.68553733333334 279.8461787646499
v -1082.9138698289248 -144.68553733333334 287.3515771840619
v -1082.9138698289248 -144.68553733333334 287.3515771840619
v -1187.67526534112 -75.1915903 361.6586247837312
v -1187.67526534112 -75.1915903 361.6586247837312
v -1187.67526534112 -75.1915903 369.16404519776853
v -1187.67526534112 -75.1915903 369.16404519776853
v -1193.7585190958432 -75.1915903 357.64114107822627
v -1193.7585190958432 -75.1915903 373.1815280234885
v -1201.2137407186533 -75.1915903 358.5952943160741
v -1201.2137407186533 -75.1915903 372.2273756654257
v -1207.2711082871865 -75.1915903 362.99988606572055
v -1207.2711082871865 -75.1915903 362.99988606572055
v -1207.2711082871865 -75.1915903 367.82278303599423
v -1207.2711082871865 -75.1915903 367.82278303599423
v -660.3477664582617 -15.425043166666667 879.4303750607037
v -660.3477664582617 -15.425043166666667 879.4303750607037
v -673.2390871810375 -15.337408933333334 941.4806370761565
v -673.2390871810375 -15.337408933333334 941.4806370761565
v -704.3542829817932 2.014169266666667 878.5392399434
v -704.3542829817932 2.014169266666667 878.5392399434
v -712.534317817932 2.5399746666666667 936.7638632930351
v -712.534317817932 2.5399746666666667 936.7638632930351
v -655.7141391301958 3.4163170000000003 880.3896231335495
v -655.7141391301958 3.4163170000000003 880.3896231335495
v -668.6054598529715 3.5039512333333334 942.4455606421076
v -668.6054598529715 3.5039512333333334 942.4455606421076
v -660.3477664582617 16.911988933333333 879.4303750607037
v -660.3477664582617 16.911988933333333 879.4303750607037
v -673.2390871810375 16.999623166666666 941.4806370761565
v -673.2390871810375 16.999623166666666 941.4806370761565
v 123.71892706011678 188.67508626666668 166.53121367502433
v 123.71892706011678 188.67508626666668 166.53121367502433
v 123.71892706011678 188.67508626666668 166.53121367502433
v 123.71892706011678 208.56805723333332 166.53121367502433
v 123.71892706011678 208.56805723333332 166.53121367502433
v 123.71892706011678 208.56805723333332 166.53121367502433
v 123.71892706011678 226.0949039 166.53121367502433
v 123.71892706011678 226.0949039 166.53121367502433
v 123.71892706011678 226.0949039 166.53121367502433
v 123.71892706011678 226.0949039 166.53121367502433
v -10.423289778083133 232.05403176666667 153.47580676632313
v -10.423289778083133 232.05403176666667 153.47580676632313
v -10.423289778083133 232.05403176666667 153.47580676632313
v -6.2038414290621775 240.5545524 153.47580676632313
v -6.2038414290621775 240.5545524 153.47580676632313
v -10.423289778083133 244.41045866666667 153.47580676632313
v -10.423289778083133 244.41045866666667 153.47580676632313
v -10.423289778083133 244.41045866666667 153.47580676632313
v -10.423289778083133 244.41045866666667 153.47580676632313
v 123.02000003297836 389.2698463666667 327.0791878458219
v 123.02000003297836 389.2698463666667 327.0791878458219
v 123.02000003297836 389.2698463666667 327.0791878458219
v -10.656265453795946 462.70733390000004 313.1627010353587
v -10.656265453795946 462.70733390000004 313.1627010353587
v -10.656265453795946 462.70733390000004 313.1627010353587
v -1187.67526534112 70.9823109 361.6586247837312
v -1187.67526534112 70.9823109 361.6586247837312
v -1187.67526534112 70.9823109 369.16404519776853
v -1187.67526534112 70.9823109 369.16404519776853
v -1193.7585190958432 70.9823109 357.64114107822627
v -1193.7585190958432 70.9823109 373.1815280234885
v -1201.2137407186533 70.9823109 358.5952943160741
v -1201.2137407186533 70.9823109 372.2273756654257
v -1207.2711082871865 70.9823109 362.99988606572055
v -1207.2711082871865 70.9823109 362.99988606572055
v -1207.2711082871865 70.9823109 367.82278303599423
v -1207.2711082871865 70.9823109 367.82278303599423
v -1059.512757512882 140.47625793333333 283.5985876453023
v -1059.512757512882 140.47625793333333 283.5985876453023
v -1061.8684004562006 140.47625793333333 275.5426153671576
v -1061.8684004562006 140.47625793333333 291.6551405815542
v -1065.4924665228443 140.47625793333333 272.5910844595428
v -1065.4924665228443 140.47625793333333 294.60667148916895
v -1082.9138698289248 140.47625793333333 279.8461787646499
v -1082.9138698289248 140.47625793333333 279.8461787646499
v -1082.9138698289248 140.47625793333333 287.3515771840619
v -1082.9138698289248 140.47625793333333 287.3515771840619
v -1146.8786359051871 772.8448856666666 366.46849389756386
v -1146.8786359051871 772.8448856666666 366.46849389756386
v -1149.2342788485057 772.8448856666666 358.411940961312
v -1149.2342788485057 772.8448856666666 374.52446617570854
v -1152.8583449151495 772.8448856666666 355.46041005369716
v -1152.8583449151495 772.8448856666666 377.4765777414305
v -1170.2797482212297 772.8448856666666 362.71550435880425
v -1170.2797482212297 772.8448856666666 362.71550435880425
v -1170.2797482212297 772.8448856666666 362.71550435880425
v -1170.2797482212297 772.8448856666666 370.22090189843124
v -1170.2797482212297 772.8448856666666 370.22090189843124
v -1170.2797482212297 772.8448856666666 370.22090189843124
v -1175.6381887626244 772.8448856666666 358.6980206532993
v -1175.6381887626244 772.8448856666666 374.2389662620434
v -1183.0675241992442 772.8448856666666 359.6521510167368
v -1183.0675241992442 772.8448856666666 373.2842552404987
v -1189.1248917677774 772.8448856666666 364.0573243042754
v -1189.1248917677774 772.8448856666666 364.0573243042754
v -1189.1248917677774 772.8448856666666 368.8796626110672
v -1189.1248917677774 772.8448856666666 368.8796626110672
v -1149.182506476125 839.8850741666666 366.46849389756386
v -1149.182506476125 839.8850741666666 366.46849389756386
v -1151.5381494194435 839.8850741666666 358.411940961312
v -1151.5381494194435 839.8850741666666 374.52446617570854
v -1155.1622154860872 839.8850741666666 355.46041005369716
v -1155.1622154860872 839.8850741666666 377.4765777414305
v -1168.1053085812434 839.8850741666666 362.71550435880425
v -1168.1053085812434 839.8850741666666 370.22090189843124
v -1173.463749122638 839.8850741666666 358.6980206532993
v -1173.463749122638 839.8850741666666 374.2389662620434
v -1180.8930845592579 839.8850741666666 359.6521510167368
v -1180.8930845592579 839.8850741666666 373.2842552404987
v -1186.950452127791 839.8850741666666 364.0573243042754
v -1186.950452127791 839.8850741666666 364.0573243042754
v -1186.950452127791 839.8850741666666 368.8796626110672
v -1186.950452127791 839.8850741666666 368.8796626110672
v -409.7177117636551 -426.0790605666667 593.4423601906876
v -409.7177117636551 -426.0790605666667 593.4423601906876
v -419.7874381916867 -425.6408894 591.8587506902468
v -419.7874381916867 -425.6408894 591.8587506902468
v -413.57475350601163 -418.1919795666667 591.5562225376962
v -413.57475350601163 -418.1919795666667 591.5562225376962
v -419.73566581930606 -395.8452500666667 539.5332116478072
v -419.73566581930606 -395.8452500666667 539.5332116478072
v -413.522981133631 -378.40603763333337 541.3790577866555
v -413.522981133631 -378.40603763333337 541.3790577866555
v -409.6659393912745 -378.3184034 541.9716211446024
v -409.6659393912745 -378.3184034 541.9716211446024
v -589.2901853658536 -363.15768103333335 370.8458457437035
v -589.2901853658536 -363.15768103333335 370.8458457437035
v -631.7694169041566 -356.76038200000005 567.3474124161714
v -355.56381025352107 -331.6969912666667 364.17368291024417
v -355.56381025352107 -331.6969912666667 364.17368291024417
v -355.56381025352107 -331.6969912666667 364.17368291024417
v -296.80216760151154 -311.45348336666666 557.1964300862476
v -296.80216760151154 -311.45348336666666 557.1964300862476
v -586.9086562363449 -301.9013519333334 357.7875786539319
v -586.9086562363449 -301.9013519333334 357.7875786539319
v -343.216099440742 -239.06760663333333 351.1154158204726
v -343.216099440742 -239.06760663333333 351.1154158204726
v -523.5133862562693 -236.43857963333335 180.01064616649347
v -347.5908649069048 -218.12302486666667 285.30934895422536
v -279.87260183304704 -216.3703402 563.0631559007429
v -334.4147961360357 -215.93216903333334 338.05717072532633
v -5.893207194778427 236.17284073333335 157.56707804069046
v -5.893207194778427 236.17284073333335 157.56707804069046
v -5.893207194778427 236.17284073333335 157.56707804069046
v -5.893207194778427 236.17284073333335 157.56707804069046
v -5.7637762638268635 302.1614184333333 211.84063177550667
v -5.7637762638268635 302.1614184333333 211.84063177550667
v -72.86077086911713 309.6979625 157.92127068821995
v -72.86077086911713 309.6979625 157.92127068821995
v -72.86077086911713 309.6979625 157.92127068821995
v -72.86077086911713 309.6979625 157.92127068821995
v -125.25441171830985 312.2393552666667 159.0536366970113
v -125.25441171830985 312.2393552666667 159.0536366970113
v -72.26538858673995 367.7118249666667 263.54520536049324
v -72.26538858673995 367.7118249666667 263.54520536049324
v -72.26538858673995 367.7118249666667 263.54520536049324
v -72.9902018000687 367.7118249666667 212.76070566117312
v -72.9902018000687 367.7118249666667 212.76070566117312
v -125.25441171830985 439.3089936 159.0536366970113
v -125.25441171830985 439.3089936 159.0536366970113
v -125.25441171830985 439.3089936 159.0536366970113
v -125.25441171830985 439.3089936 159.0536366970113
v -125.25441171830985 441.32458096666664 159.0536366970113
v -125.25441171830985 441.32458096666664 159.0536366970113
v -125.25441171830985 446.4950007333333 159.0536366970113
v -125.25441171830985 446.4950007333333 159.0536366970113
v -125.25441171830985 446.4950007333333 159.0536366970113
v -125.87568018687736 495.9207083333334 236.50408311839288
v -125.87568018687736 495.9207083333334 236.50408311839288
v -125.87568018687736 495.9207083333334 236.50408311839288
v -125.87568018687736 503.01908123333334 236.50408311839288
v -125.87568018687736 503.01908123333334 236.50408311839288
v -125.87568018687736 503.01908123333334 236.50408311839288
v -1146.4903431123325 -844.4448905 251.48196280103485
v -1146.4903431123325 -844.4448905 251.48196280103485
v -1148.8459860556509 -844.4448905 243.42599052289017
v -1148.8459860556509 -844.4448905 259.5384928628764
v -1152.4700521222946 -844.4448905 240.4738780773832
v -1152.4700521222946 -844.4448905 262.49002377049123
v -1165.3872590312608 -844.4448905 247.72953192575716
v -1165.3872590312608 -844.4448905 255.23495233979446
v -1170.7456995726554 -844.4448905 243.7120482202522
v -1170.7456995726554 -844.4448905 259.25243516551444
v -1178.2009211954653 -844.4448905 244.666200578315
v -1178.2009211954653 -844.4448905 258.29828280745164
v -1184.2324025778082 -844.4448905 249.07079320774648
v -1184.2324025778082 -844.4448905 249.07079320774648
v -1184.2324025778082 -844.4448905 253.89369017802017
v -1184.2324025778082 -844.4448905 253.89369017802017
v -1144.1864725413946 -777.404702 251.48196280103485
v -1144.1864725413946 -777.404702 251.48196280103485
v -1146.5421154847131 -777.404702 243.42599052289017
v -1146.5421154847131 -777.404702 259.5384928628764
v -1150.1661815513569 -777.404702 240.4738780773832
v -1150.1661815513569 -777.404702 262.49002377049123
v -1167.5875848574372 -777.404702 247.72953192575716
v -1167.5875848574372 -777.404702 247.72953192575716
v -1167.5875848574372 -777.404702 247.72953192575716
v -1167.5875848574372 -777.404702 255.23495233979446
v -1167.5875848574372 -777.404702 255.23495233979446
v -1167.5875848574372 -777.404702 255.23495233979446
v -1172.946025398832 -777.404702 243.7120482202522
v -1172.946025398832 -777.404702 259.25243516551444
v -1180.3753608354518 -777.404702 244.666200578315
v -1180.3753608354518 -777.404702 258.29828280745164
v -1186.4327284039848 -777.404702 249.07079320774648
v -1186.4327284039848 -777.404702 249.07079320774648
v -1186.4327284039848 -777.404702 253.89369017802017
v -1186.4327284039848 -777.404702 253.89369017802017
v -1046.5696644177258 -144.77317156666666 185.09180226714042
v -1046.5696644177258 -144.77317156666666 185.09180226714042
v -1048.9253073610441 -144.77317156666666 177.03527132551383
v -1048.9253073610441 -144.77317156666666 193.1477965399104
v -1052.549373427688 -144.77317156666666 174.08374041789904
v -1052.549373427688 -144.77317156666666 196.09932744752518
v -1069.9707767337684 -144.77317156666666 181.3388347230061
v -1069.9707767337684 -144.77317156666666 181.3388347230061
v -1069.9707767337684 -144.77317156666666 188.84423314241812
v -1069.9707767337684 -144.77317156666666 188.84423314241812
v -1187.67526534112 -75.1915903 261.9894173014514
v -1187.67526534112 -75.1915903 261.9894173014514
v -1187.67526534112 -75.1915903 269.4948148410784
v -1187.67526534112 -75.1915903 269.4948148410784
v -1193.7585190958432 -75.1915903 257.97191160132115
v -1193.7585190958432 -75.1915903 273.51229854658334
v -1201.2137407186533 -75.1915903 258.92606395938395
v -1201.2137407186533 -75.1915903 272.5581681831458
v -1207.2711082871865 -75.1915903 263.3306565888154
v -1207.2711082871865 -75.1915903 263.3306565888154
v -1207.2711082871865 -75.1915903 268.15357555371435
v -1207.2711082871865 -75.1915903 268.15357555371435
v -911.7285205523874 -1049.5966307333333 542.0692526468296
v -911.7285205523874 -1049.5966307333333 542.0692526468296
v -880.1473734002061 -1049.3337280333333 532.5125316599235
v -880.1473734002061 -1049.3337280333333 532.5125316599235
v -886.3082857135005 -1049.3337280333333 525.3630247528971
v -887.0848712992099 -1049.3337280333333 529.3719938990668
v -900.675119049124 -1049.3337280333333 527.0454068367242
v -901.3222737038818 -1049.3337280333333 531.8501582411485
v -846.9353965180351 -807.2003413333334 439.0466346224608
v -846.9353965180351 -807.2003413333334 439.0466346224608
v -880.1473734002061 -802.6433612000001 532.5125316599235
v -880.1473734002061 -802.6433612000001 532.5125316599235
v -886.9813265544486 -800.1896026666667 528.4354504379967
v -877.0928034297491 -797.9987468333334 437.2064639767176
v -877.0928034297491 -797.9987468333334 437.2064639767176
v -901.2187289591205 -796.0707937000001 530.9130341219714
v -846.9353965180351 -794.3181090333335 439.15392000561235
v -846.9353965180351 -794.3181090333335 439.15392000561235
v -886.3082857135005 -791.7767162666667 525.3630247528971
v -900.675119049124 -791.2509108666668 527.0454068367242
v -880.1473734002061 -791.1632766333335 532.5125316599235
v -880.1473734002061 -791.1632766333335 532.5125316599235
v -880.1473734002061 -791.1632766333335 532.5125316599235
v -880.1473734002061 -791.1632766333335 532.5125316599235
v -911.5990896214358 -791.1632766333335 541.7111053656762
v -911.5990896214358 -791.1632766333335 541.7111053656762
v -911.5990896214358 -791.1632766333335 541.7111053656762
v -911.5990896214358 -791.1632766333335 541.7111053656762
v -887.0848712992099 -790.6374712333334 529.3719938990668
v -887.0848712992099 -790.6374712333334 529.3719938990668
v -901.3222737038818 -790.0240316000001 531.8501582411485
v -901.3222737038818 -790.0240316000001 531.8501582411485
v -183.0841516674682 -7.5379621666666665 558.7198605323744
v -183.0841516674682 -7.5379621666666665 558.7198605323744
v -183.34301352937135 -5.697643266666667 614.537850460237
v -183.34301352937135 -5.697643266666667 614.537850460237
v -183.34301352937135 -5.697643266666667 614.537850460237
v -191.31595887598763 -2.1922739333333334 614.5406886466822
v -191.31595887598763 -2.1922739333333334 614.5406886466822
v -191.62659311027136 -2.1922739333333334 558.7198605323744
v -191.62659311027136 -2.1922739333333334 558.7198605323744
v -183.16181022603917 2.9781458333333335 558.7198605323744
v -183.16181022603917 2.9781458333333335 558.7198605323744
v -665.5508898825145 -174.3059082 924.3617574600768
v -665.5508898825145 -174.3059082 924.3617574600768
v -665.5508898825145 -174.3059082 924.3617574600768
v -659.1570018935074 -172.29032083333334 943.484271776921
v -659.1570018935074 -172.29032083333334 943.484271776921
v -659.1570018935074 -172.29032083333334 943.484271776921
v -672.5401601538989 -172.29032083333334 957.0045544460152
v -672.5401601538989 -172.29032083333334 957.0045544460152
v -720.6884664678805 -172.29032083333334 936.2359931662932
v -720.6884664678805 -172.29032083333334 936.2359931662932
v -720.6884664678805 -172.29032083333334 936.2359931662932
v -659.1570018935074 175.96812243333335 943.484271776921
v -659.1570018935074 175.96812243333335 943.484271776921
v -659.1570018935074 175.96812243333335 943.484271776921
v -672.5401601538989 175.96812243333335 957.0045544460152
v -672.5401601538989 175.96812243333335 957.0045544460152
v -719.7565637650292 175.96812243333335 936.6389910075161
v -719.7565637650292 175.96812243333335 936.6389910075161
v -719.7565637650292 175.96812243333335 936.6389910075161
v -665.5508898825145 177.28263593333335 924.3617574600768
v -665.5508898825145 177.28263593333335 924.3617574600768
v -665.5508898825145 177.28263593333335 924.3617574600768
v -1191.7911689453797 212.07342656666668 236.99391925932954
v -1191.7911689453797 212.07342656666668 236.99391925932954
v -1191.661738014428 215.75406436666665 230.35183451582216
v -1191.661738014428 215.75406436666665 230.35183451582216
v -1033.911319370663 216.80567516666667 140.83360936346617
v -1033.6783436949502 218.12018866666668 151.36432713914033
v -1192.6971854620404 621.7634674000001 142.04657951538414
v -1192.6971854620404 621.7634674000001 142.04657951538414
v -1192.6971854620404 621.7634674000001 142.04657951538414
v -1192.826616392992 635.2591393333333 150.5685440011007
v -1192.826616392992 635.2591393333333 150.5685440011007
v -1192.826616392992 635.2591393333333 150.5685440011007
v -1191.6876242006183 653.0488887 219.3068568875243
v -1191.6876242006183 653.0488887 219.3068568875243
v -1191.6876242006183 653.0488887 219.3068568875243
v -1191.9205998763312 666.7198291 226.43765956521958
v -1191.9205998763312 666.7198291 226.43765956521958
v -1191.9205998763312 666.7198291 226.43765956521958
v -1033.9372055568533 709.7482376666667 141.3030212953753
v -1033.9372055568533 709.7482376666667 141.3030212953753
v -1033.7301160673308 725.8729366000001 151.3637684756584
v -1033.7301160673308 725.8729366000001 151.3637684756584
v -1192.6971854620404 805.8829916333334 143.0631464614737
v -1192.6971854620404 805.8829916333334 143.0631464614737
v -1192.6971854620404 805.8829916333334 143.0631464614737
v -1033.9630917430436 806.7593339666668 141.1094553962069
v -1033.9630917430436 806.7593339666668 141.1094553962069
v -1192.6971854620404 810.3523375333333 150.5685440011007
v -1192.6971854620404 810.3523375333333 150.5685440011007
v -1192.6971854620404 810.3523375333333 150.5685440011007
v -1033.988977929234 811.2286798666667 151.15771050912056
v -1033.988977929234 811.2286798666667 151.15771050912056
v -422.19485350738574 398.99724626666665 631.5131315668414
v -422.19485350738574 398.99724626666665 631.5131315668414
v -422.19485350738574 398.99724626666665 631.5131315668414
v -422.19485350738574 398.99724626666665 631.5131315668414
v -422.14308113500516 399.78595436666666 591.5953738504652
v -422.14308113500516 399.78595436666666 591.5953738504652
v -423.04909765166605 404.7811056666667 586.8786009471287
v -423.04909765166605 404.7811056666667 586.8786009471287
v -423.04909765166605 404.7811056666667 586.8786009471287
v -423.126756210237 405.0440083666667 635.4239096675169
v -423.126756210237 405.0440083666667 635.4239096675169
v -406.3007351865338 410.6525993000001 595.6883659843138
v -406.3007351865338 410.6525993000001 595.6883659843138
v -406.2748490003435 410.74023353333337 623.8175860928131
v -406.2748490003435 410.74023353333337 623.8175860928131
v -414.40311146410164 413.8950659333334 626.1606436103444
v -414.40311146410164 413.8950659333334 626.1606436103444
v -414.35133909172106 415.6477506 593.9719283025006
v -414.35133909172106 415.6477506 593.9719283025006
v -407.72447542700104 419.3283884 629.5004227634747
v -407.62093068223976 419.59129110000003 589.4838942232824
v -407.62093068223976 419.59129110000003 589.4838942232824
v -400.9681808313294 421.6945127 600.7661252350338
v -400.9681808313294 421.6945127 600.7661252350338
v -401.09761176228096 422.2203181 612.6959818294229
v -401.09761176228096 422.2203181 612.6959818294229
v -400.13982287323944 431.1590099 602.6335366640687
v -400.13982287323944 431.1590099 602.6335366640687
v -403.0131895403641 431.24664413333335 618.5638478452922
v -400.1139366870491 431.5095468333334 610.1588006290265
v -400.1139366870491 431.5095468333334 610.1588006290265
v -403.11673428512535 431.7724495333333 594.7557780366526
v -409.8212565084163 512.4835784333334 618.3016340812951
v -410.8567039560288 512.9217496 594.1138288269051
v -408.75992287461355 519.8448540333334 602.2782266895755
v -408.4234024541395 520.6335621333334 610.4210372674339
v -417.84597422741325 555.4243527666667 633.531514983528
v -417.84597422741325 555.4243527666667 633.531514983528
v -417.7942018550326 555.8625239333334 589.4838942232824
v -417.7942018550326 555.8625239333334 589.4838942232824
v -420.5640237773961 562.2598229666667 626.2162636187322
v -420.5640237773961 562.2598229666667 626.2162636187322
v -420.17573098454136 563.1361653 594.1172256768322
v -420.17573098454136 563.1361653 594.1172256768322
v -419.55446251597385 569.7087328 628.2721232375272
v -419.399145398832 570.6727093666667 594.487306361873
v -419.399145398832 570.6727093666667 594.487306361873
v -431.12558774304364 579.0855957666668 587.131764362719
v -431.12558774304364 579.0855957666668 587.131764362719
v -431.12558774304364 579.0855957666668 587.131764362719
v -431.12558774304364 579.0855957666668 587.131764362719
v -430.9443844397114 579.2608642333333 634.8773133168183
v -430.9443844397114 579.2608642333333 634.8773133168183
v -430.9443844397114 579.2608642333333 634.8773133168183
v -431.59153909446917 582.7662335666666 590.0514963209006
v -431.59153909446917 582.7662335666666 590.0514963209006
v -431.59153909446917 582.7662335666666 590.0514963209006
v -431.5138805358983 582.9415020333333 631.8678828778527
v -431.5138805358983 582.9415020333333 631.8678828778527
v -349.506442684988 -177.63600906666667 575.5628941157133
v -352.6127850278255 -175.70805593333336 574.8465757992113
v -352.6127850278255 -175.70805593333336 574.8465757992113
v -347.0990273692889 -174.65644513333336 574.4396004499542
v -347.0990273692889 -174.65644513333336 574.4396004499542
v -349.506442684988 -165.3672164 583.6625758727686
v -352.6127850278255 -163.70216596666668 582.7981228752749
v -352.6127850278255 -163.70216596666668 582.7981228752749
v -347.0990273692889 -162.7381894 582.3065658748569
v -347.0990273692889 -162.7381894 582.3065658748569
v -352.8457607035383 -157.30486693333336 567.9104783422736
v -352.8457607035383 -157.30486693333336 567.9104783422736
v -347.22845830024045 -157.2172327 567.8781207293584
v -347.22845830024045 -157.2172327 567.8781207293584
v -349.7653045468911 -154.67583993333335 566.9137778215147
v -349.5582150573686 -150.3817625 589.8482994152182
v -352.6127850278255 -148.89198053333334 588.9009627516347
v -352.6127850278255 -148.89198053333334 588.9009627516347
v -347.3061168588114 -148.10327243333333 588.3628800804863
v -347.3061168588114 -148.10327243333333 588.3628800804863
v -352.8457607035383 -147.66510126666668 574.4214328894795
v -352.8457607035383 -147.66510126666668 574.4214328894795
v -347.22845830024045 -147.57746703333333 574.3817009186033
v -347.22845830024045 -147.57746703333333 574.3817009186033
v -349.7653045468911 -145.29897696666666 573.217557955004
v -349.506442684988 -141.00489953333334 591.489809326795
v -352.6127850278255 -139.8656545 590.5878801271929
v -352.6127850278255 -139.8656545 590.5878801271929
v -347.0990273692889 -139.16458063333334 590.0753402542655
v -347.0990273692889 -139.16458063333334 590.0753402542655
v -347.43554778976295 -135.57157706666666 579.9839334461383
v -347.43554778976295 -135.57157706666666 579.9839334461383
v -352.819874517348 -135.57157706666666 580.0270842615668
v -352.819874517348 -135.57157706666666 580.0270842615668
v -349.8170769192717 -133.64362393333334 578.7085495859785
v -347.22845830024045 -128.56083840000002 581.8121935624041
v -347.22845830024045 -128.56083840000002 581.8121935624041
v -352.8457607035383 -128.56083840000002 581.8536235183514
v -352.8457607035383 -128.56083840000002 581.8536235183514
v -349.7653045468911 -126.9834222 580.598083209112
v -347.1249135554792 -2.1046397000000003 590.3937555645425
v -347.1249135554792 -2.1046397000000003 590.3937555645425
v -347.22845830024045 -2.1046397000000003 581.7429412852728
v -347.22845830024045 -2.1046397000000003 581.7429412852728
v -349.506442684988 -2.1046397000000003 591.7196874725023
v -349.7653045468911 -2.1046397000000003 580.6048989035912
v -352.6127850278255 -2.1046397000000003 590.8739606989651
v -352.6127850278255 -2.1046397000000003 590.8739606989651
v -352.819874517348 -2.1046397000000003 581.7821145926672
v -352.819874517348 -2.1046397000000003 581.7821145926672
v -349.7653045468911 122.7741428 580.598083209112
v -347.22845830024045 124.35155900000001 581.8121935624041
v -347.22845830024045 124.35155900000001 581.8121935624041
v -352.8457607035383 124.35155900000001 581.8536235183514
v -352.8457607035383 124.35155900000001 581.8536235183514
v -349.8170769192717 129.43434453333336 578.7085495859785
v -347.43554778976295 131.36229766666668 579.9839334461383
v -347.43554778976295 131.36229766666668 579.9839334461383
v -352.819874517348 131.36229766666668 580.0270842615668
v -352.819874517348 131.36229766666668 580.0270842615668
v -347.0990273692889 134.95530123333333 590.0753402542655
v -347.0990273692889 134.95530123333333 590.0753402542655
v -352.6127850278255 135.65637510000002 590.5878801271929
v -352.6127850278255 135.65637510000002 590.5878801271929
v -349.506442684988 136.79562013333333 591.489809326795
v -349.7653045468911 141.08969756666667 573.217557955004
v -347.22845830024045 143.36818763333335 574.3817009186033
v -347.22845830024045 143.36818763333335 574.3817009186033
v -352.8457607035383 143.45582186666667 574.4214328894795
v -352.8457607035383 143.45582186666667 574.4214328894795
v -347.3061168588114 143.89399303333335 588.3628800804863
v -347.3061168588114 143.89399303333335 588.3628800804863
v -352.6127850278255 144.68270113333332 588.9009627516347
v -352.6127850278255 144.68270113333332 588.9009627516347
v -349.5582150573686 146.1724831 589.8482994152182
v -349.7653045468911 150.46656053333334 566.9137778215147
v -347.22845830024045 153.0079533 567.8781207293584
v -347.22845830024045 153.0079533 567.8781207293584
v -352.8457607035383 153.09558753333334 567.9104783422736
v -352.8457607035383 153.09558753333334 567.9104783422736
v -347.0990273692889 158.52891 582.3065658748569
v -347.0990273692889 158.52891 582.3065658748569
v -352.6127850278255 159.49288656666667 582.7981228752749
v -352.6127850278255 159.49288656666667 582.7981228752749
v -349.506442684988 161.157937 583.6625758727686
v -347.0990273692889 170.44716573333332 574.4396004499542
v -347.0990273692889 170.44716573333332 574.4396004499542
v -352.6127850278255 171.49877653333334 574.8465757992113
v -352.6127850278255 171.49877653333334 574.8465757992113
v -349.506442684988 173.42672966666666 575.5628941157133
v -409.6659393912745 374.0214897666667 541.9716211446024
v -409.6659393912745 374.0214897666667 541.9716211446024
v -413.522981133631 374.19675823333336 541.3790577866555
v -413.522981133631 374.19675823333336 541.3790577866555
v -419.73566581930606 391.6359706666667 539.5332116478072
v -419.73566581930606 391.6359706666667 539.5332116478072
v -413.57475350601163 413.9827001666667 591.5562225376962
v -419.7874381916867 421.43161 591.8587506902468
v -419.7874381916867 421.43161 591.8587506902468
v -409.7177117636551 421.8697811666667 593.4423601906876
v -409.7177117636551 421.8697811666667 593.4423601906876
v -1034.739677328753 -1048.0192145333333 136.21274710287557
v -1034.739677328753 -1048.0192145333333 136.21274710287557
v -1034.739677328753 -1048.0192145333333 136.21274710287557
v -1034.739677328753 -1048.0192145333333 151.64584866498626
v -1034.739677328753 -1048.0192145333333 151.64584866498626
v -1034.739677328753 -1048.0192145333333 151.64584866498626
v -704.9755514503606 -1042.3229893666667 485.15862868105177
v -516.0840508196495 -1035.6627876333334 498.50181414659625
v -516.4205712401236 -1035.3122507 136.1974397234713
v -516.4205712401236 -1035.3122507 136.1974397234713
v -516.4205712401236 -1035.3122507 147.72883552793854
v -516.4205712401236 -1035.3122507 147.72883552793854
v -708.8843655650979 -1032.6832237 499.34358628650955
v -708.8843655650979 -1032.6832237 499.34358628650955
v -707.3311943936792 -1025.6724850333335 145.38066118078407
v -811.3677766925455 -1012.0015446333333 440.855028313396
v -811.3677766925455 -1012.0015446333333 440.855028313396
v -517.5854496186878 -996.2273826333334 511.6066297815084
v -470.42081837993817 -972.3032369333333 160.71896766754264
v -470.42081837993817 -972.3032369333333 160.71896766754264
v -476.1934379003779 -972.3032369333333 136.53572233886405
v -476.1934379003779 -972.3032369333333 136.53572233886405
v -471.43037964136033 -970.9887234333333 480.8618809780388
v -471.43037964136033 -970.9887234333333 480.8618809780388
v -473.83779495705943 -965.5554009666668 487.5539093570437
v -478.7302841470285 -943.8221111 507.9257298265402
v -478.7302841470285 -943.8221111 507.9257298265402
v -879.551991117829 -940.1414733 428.2122502524319
v -879.551991117829 -940.1414733 428.2122502524319
v -606.4268406238406 -915.5162537333333 494.6137397779114
v -606.4268406238406 -915.5162537333333 494.6137397779114
v -606.4268406238406 -915.5162537333333 494.6137397779114
v -604.563035218138 -913.8512033000001 274.88135927534637
v -604.563035218138 -913.8512033000001 274.88135927534637
v -604.563035218138 -913.8512033000001 274.88135927534637
v -890.3724169453795 -895.5356485333333 146.66572091649346
v -446.967933691515 -874.9416037 473.85825210345104
v -446.967933691515 -874.9416037 473.85825210345104
v -447.6409745324631 -874.0652613666666 184.9101697718596
v -453.2841631219512 -874.0652613666666 135.40449565166176
v -453.2841631219512 -874.0652613666666 135.40449565166176
v -449.7636418000687 -868.3690362 489.0359318418485
v -449.7636418000687 -868.3690362 489.0359318418485
v -449.7636418000687 -868.3690362 489.0359318418485
v -460.4805228828581 -836.7330779666668 507.9376403560174
v -882.6324472744761 -815.3503250333334 445.94244144504034
v -959.6697373768463 -795.7202567666667 393.995496767192
v -959.6697373768463 -795.7202567666667 393.995496767192
v -958.5566313706629 -790.8127397000001 146.77470516450103
v -958.9708103497079 -789.4982262 229.7308690583691
v -958.4272004397113 -761.5429057666666 408.60499374986404
v -955.8903541930607 -712.0295639333333 417.9148083521771
v -430.11602648162136 -705.6322649 249.1269727594011
v -430.11602648162136 -705.6322649 249.1269727594011
v -440.9623384953624 -697.6575496666668 508.4626722963143
v -428.6664000549639 -692.5747641333334 183.2130389721101
v -432.3940108663689 -692.5747641333334 135.40449565166176
v -432.3940108663689 -692.5747641333334 135.40449565166176
v -428.3557658206801 -686.0021966333334 490.31359522497144
v -428.3557658206801 -686.0021966333334 490.31359522497144
v -428.3557658206801 -685.1258543 220.12308622921677
v -428.3557658206801 -685.1258543 220.12308622921677
v -428.3557658206801 -685.1258543 220.12308622921677
v -1044.1622491020269 -640.8705664666667 146.91886233745845
v -1052.3940563105461 -623.2560855666667 380.0937824268465
v -1052.3940563105461 -623.2560855666667 380.0937824268465
v -1052.3940563105461 -623.2560855666667 380.0937824268465
v -412.6428508031604 -557.0046051666667 490.7239674241555
v -412.6428508031604 -557.0046051666667 490.7239674241555
v -1179.2881410154585 -542.1067855 368.55215208334766
v -1179.2881410154585 -542.1067855 368.55215208334766
v -1179.2881410154585 -542.1067855 368.55215208334766
v -1179.2881410154585 -542.1067855 368.55215208334766
v -423.56682137547233 -538.3385134666667 508.67552308292113
v -503.7104538206802 -529.2245532 521.4891404366526
v -612.6654114957059 -513.8885623666667 519.2488110159167
v -503.529250517348 -498.81547423333336 491.2121047002362
v -503.529250517348 -498.81547423333336 491.2121047002362
v -503.529250517348 -498.81547423333336 491.2121047002362
v -503.3221610278255 -498.28966883333334 248.92433363741554
v -503.3221610278255 -498.28966883333334 248.92433363741554
v -503.3221610278255 -498.28966883333334 248.92433363741554
v -502.90798204878047 -494.60903103333334 531.5839440947069
v -613.079590474751 -492.7687121333334 531.337036830329
v -438.6843541106149 -491.1036617 240.97620628568933
v -436.50991447062864 -490.05205090000004 490.83239300868115
v -436.50991447062864 -490.05205090000004 490.83239300868115
v -713.9580580583992 -486.8095842666667 509.06093402177663
v -396.5157568065957 -483.30421493333336 491.19621666272474
v -396.5157568065957 -483.30421493333336 491.19621666272474
v -396.5157568065957 -483.30421493333336 491.19621666272474
v -414.35133909172106 -476.0305735666667 182.68233153870804
v -414.35133909172106 -476.0305735666667 182.68233153870804
v -414.35133909172106 -476.0305735666667 182.68233153870804
v -414.35133909172106 -476.0305735666667 182.68233153870804
v -406.0418733246307 -471.2983249666667 243.65528801049038
v -415.38678653933357 -471.2983249666667 206.6748720290736
v -415.38678653933357 -471.2983249666667 206.6748720290736
v -415.38678653933357 -471.2983249666667 206.6748720290736
v -415.38678653933357 -471.2983249666667 206.6748720290736
v -419.6321210745448 -467.2671502333334 533.0937651465003
v -419.062624978358 -466.21553943333333 133.02566167666322
v -419.062624978358 -466.21553943333333 133.02566167666322
v -419.062624978358 -466.21553943333333 133.02566167666322
v -717.012628028856 -455.2612602666666 519.5456619157922
v -415.87862407694945 -434.5795812 564.5911453927961
v -513.2106841525249 -428.6204533333334 576.42111295662
v -513.0035946630023 -411.00597243333334 580.1684041278642
v -513.0035946630023 -411.00597243333334 580.1684041278642
v -286.08528651872206 -397.1597635666667 507.9768136634118
v -630.5786523394022 -396.3710554666667 633.1676913294845
v -289.03631174441773 -391.8140753333334 559.362949063711
v -1051.979877331501 -388.9221456333334 394.07835843865655
v -408.96701236413605 -387.87053483333335 579.5463213434473
v -630.2680181051185 -386.03021593333335 642.9786939387295
v -630.2680181051185 -386.03021593333335 642.9786939387295
v -1148.5612380075577 -358.2501639666667 208.088200900229
v -1148.5612380075577 -358.2501639666667 208.088200900229
v -1148.5612380075577 -358.2501639666667 208.088200900229
v -294.55006940295425 -340.28514613333334 582.7475968221
v -726.4093136159395 -322.2324940666667 620.3143420048766
v -726.4093136159395 -322.2324940666667 620.3143420048766
v -1060.2375707262108 -321.2685175 347.48050486737804
v -1060.2375707262108 -321.2685175 347.48050486737804
v -1060.2375707262108 -321.2685175 347.48050486737804
v -1060.2375707262108 -321.2685175 347.48050486737804
v -140.03542403297837 -320.04163823333334 561.355232778265
v -140.03542403297837 -320.04163823333334 561.355232778265
v -157.53448589762968 -319.86636976666665 264.0600247563838
v -157.53448589762968 -319.86636976666665 264.0600247563838
v -400.81286371418753 -316.97444006666666 582.2339167477986
v -400.81286371418753 -316.97444006666666 582.2339167477986
v -400.81286371418753 -316.97444006666666 582.2339167477986
v -400.7352051556166 -316.7991716 552.8605081960552
v -400.7352051556166 -316.7991716 552.8605081960552
v -140.00953784678802 -312.8556311 267.97306038539733
v -140.00953784678802 -312.8556311 267.97306038539733
v -510.6738379058743 -306.1954293666667 584.5605266845514
v -510.6738379058743 -306.1954293666667 584.5605266845514
v -406.94788984129167 -305.2314528 582.6363559255396
v -406.94788984129167 -305.2314528 582.6363559255396
v -407.3361826341463 -296.38039523333333 576.0981386004165
v -405.73123909034695 -296.2051267666667 536.0384803596359
v -405.73123909034695 -296.2051267666667 536.0384803596359
v -630.1385871741669 -292.61212320000004 645.328566270955
v -630.1385871741669 -292.61212320000004 645.328566270955
v -138.97409039917554 -292.0863178 566.0737265410827
v -511.0880168849193 -291.82341510000003 580.4158920503493
v -511.0880168849193 -291.82341510000003 580.4158920503493
v -520.8212228924768 -291.7357808666667 535.3778049259319
v -526.2573219924425 -291.7357808666667 563.6250825052559
v -347.38377541738237 -289.01911963333333 582.5211146465348
v -347.38377541738237 -289.01911963333333 582.5211146465348
v -347.40966160357266 -288.9314854 552.6811552237375
v -923.4808490827894 -284.81267643333337 465.57351812677774
v -630.1127009879766 -284.46213950000003 637.8254253798809
v -73.66324264101684 -283.7610656333334 106.15175841201042
v -73.66324264101684 -283.7610656333334 106.15175841201042
v -73.66324264101684 -283.7610656333334 106.15175841201042
v -415.07615230504973 -276.75032696666665 105.76232509608525
v -415.07615230504973 -276.75032696666665 105.76232509608525
v -961.3523394792168 -274.91000806666665 105.77946506766716
v -961.3523394792168 -274.91000806666665 105.77946506766716
v -412.0733547069736 -271.40463873333334 145.22173241749397
v -961.3005671068362 -269.56431983333334 146.82974451478157
v -923.6879385723119 -266.84765860000005 474.35944011038305
v -332.21447030985917 -265.27024240000003 583.6517826702551
v -332.21447030985917 -265.27024240000003 583.6517826702551
v -332.1626979374785 -265.1826081666667 552.9013803683056
v -613.1572490333218 -263.1670208 567.1839474813653
v -613.1572490333218 -263.1670208 567.1839474813653
v -613.1572490333218 -263.1670208 567.1839474813653
v -621.2337391246994 -261.76487306666667 579.7211381442489
v -621.2337391246994 -261.76487306666667 579.7211381442489
v -726.8234925949845 -259.04821183333337 627.7181525288676
v -726.8234925949845 -259.04821183333337 627.7181525288676
v -3.74465374098248 -257.47079563333335 560.5401647527868
v -3.74465374098248 -257.47079563333335 560.5401647527868
v -213.96637179251115 -253.70252360000003 234.57309578511678
v -213.96637179251115 -253.70252360000003 234.57309578511678
v -213.96637179251115 -253.70252360000003 234.57309578511678
v -176.94912554036412 -249.67134886666668 244.922738849207
v -139.9059931020268 -245.64017413333335 255.27240478770756
v -190.12519431123326 -239.1552408666667 239.74792875436702
v -4.4435807681209205 -238.454167 570.3290214137381
v -322.6106952332532 -237.40255620000002 584.6303376251647
v -322.6106952332532 -237.40255620000002 584.6303376251647
v -322.35183337135004 -237.31492196666667 559.6030626282349
v -1043.7998424953623 -226.97408243333336 160.85407537187822
v -1043.7998424953623 -226.97408243333336 160.85407537187822
v 87.29706309034697 -220.92732033333334 318.7717501371579
v 87.29706309034697 -220.92732033333334 318.7717501371579
v -1075.562192950876 -217.5972194666667 105.79667190290994
v -1075.562192950876 -217.5972194666667 105.79667190290994
v -1180.9448569316387 -217.5972194666667 105.79667190290994
v -1075.329217275163 -213.47841050000002 161.0107246122051
v -1074.4232007585022 -212.68970240000002 109.52552717925107
v -1181.1778326073515 -211.37518890000004 110.04039144417723
v -733.6833319354173 -209.4472357666667 631.749825407028
v -316.139148685675 -203.48810790000002 586.0221020859184
v -316.139148685675 -203.48810790000002 586.0221020859184
v -315.80262826520095 -203.4004736666667 560.8438322269267
v -1263.5735632511164 -201.20961783333337 136.37793289716302
v -1263.5735632511164 -201.20961783333337 136.37793289716302
v -729.3862250278255 -196.30210076666668 637.9758395838358
v -1122.1573280934388 -191.56985216666666 416.09792297631685
v -933.7317788141531 -179.3010595 542.7821749931896
v -1188.8919160920645 -177.11020366666668 393.8150044732852
v -1188.8919160920645 -177.11020366666668 393.8150044732852
v -619.9912021875643 -176.75966673333335 613.2550702474908
v -619.9912021875643 -176.75966673333335 613.2550702474908
v -619.9912021875643 -176.75966673333335 613.2550702474908
v -728.1695742768808 -171.67688120000003 666.5682365878722
v -613.9856069914118 -159.75862546666667 570.7581427112891
v -618.722779064239 -152.7478868 663.8437465193047
v -1122.9856860515285 -151.78391023333333 415.6926456121307
v -1122.9856860515285 -151.78391023333333 415.6926456121307
v -216.21846999106833 -147.31456433333332 156.84452468781632
v -216.21846999106833 -147.31456433333332 156.84452468781632
v 305.33640937135004 -143.19575536666667 171.76792368365966
v 305.33640937135004 -143.19575536666667 218.85165788246593
v 305.31052318515975 -142.7575842 224.16725117474664
v 267.49080516111303 -142.58231573333333 171.76792368365966
v 267.49080516111303 -142.58231573333333 218.85165788246593
v 267.49080516111303 -142.40704726666667 224.10083708406046
v 267.49080516111303 -141.88124186666667 229.33866529944464
v 267.49080516111303 -141.88124186666667 229.33866529944464
v 305.23286462658876 -141.7059734 229.4391349881169
v 305.23286462658876 -141.7059734 229.4391349881169
v -613.8820622466505 -141.00489953333334 661.2725088411371
v -613.8820622466505 -141.00489953333334 661.2725088411371
v 267.49080516111303 -140.9172653 234.55378890305306
v 305.12931988182754 -139.8656545 234.62418050177342
v 267.49080516111303 -139.6027518 239.7342973654085
v 267.49080516111303 -139.6027518 239.7342973654085
v 267.49080516111303 -137.85006713333334 244.8688168258903
v 267.49080516111303 -137.85006713333334 244.8688168258903
v 304.9481165784954 -137.41189596666666 239.68037534209176
v 304.9481165784954 -137.41189596666666 239.68037534209176
v 267.49080516111303 -135.83447976666668 249.94715761450246
v 267.49080516111303 -135.83447976666668 249.94715761450246
v -935.9838770127103 -134.43233203333332 559.607598799751
v -935.9838770127103 -134.43233203333332 559.607598799751
v 304.7410270889729 -134.2570635666667 244.56515023153554
v 304.7410270889729 -134.2570635666667 244.56515023153554
v 267.49080516111303 -133.38072123333333 254.9568267840905
v 267.49080516111303 -133.38072123333333 254.9568267840905
v 267.49080516111303 -130.5764257666667 259.88756868078264
v 267.49080516111303 -130.5764257666667 259.88756868078264
v 304.48216522706974 -130.4011573 249.23935297755065
v 304.48216522706974 -130.4011573 249.23935297755065
v 267.49080516111303 -127.50922760000002 264.72921474942314
v 267.49080516111303 -127.50922760000002 264.72921474942314
v 304.19741717897625 -125.93181140000002 253.66381115252776
v 304.19741717897625 -125.93181140000002 253.66381115252776
v 267.49080516111303 -124.00385826666667 269.4698315861244
v 267.49080516111303 -124.00385826666667 269.4698315861244
v -686.3374973933356 -121.02429433333333 740.3621856511322
v -686.3374973933356 -121.02429433333333 740.3621856511322
v 303.8608967585022 -120.93666010000001 257.80277029362475
v 303.8608967585022 -120.93666010000001 257.80277029362475
v 267.49080516111303 -120.147952 274.10032485322915
v -618.6451205056682 -117.25602230000001 696.5035717441286
v -636.687792280316 -116.55494843333334 770.18399950808
v -636.687792280316 -116.55494843333334 770.18399950808
v -313.1881234599794 -116.29204573333334 586.9944000098305
v -313.1881234599794 -116.29204573333334 586.9944000098305
v -312.825716853315 -116.2044115 561.0538448270884
v -312.825716853315 -116.2044115 561.0538448270884
v 267.49080516111303 -116.02914303333333 278.60936467936705
v 267.49080516111303 -116.02914303333333 278.60936467936705
v 267.49080516111303 -116.02914303333333 278.60936467936705
v 303.49849015183787 -115.32806916666667 261.62273258655244
v 303.49849015183787 -115.32806916666667 261.62273258655244
v -634.7463283160425 -109.8947467 772.8119973960095
v -634.7463283160425 -109.8947467 772.8119973960095
v 303.11019735898316 -109.19367283333334 265.091362413021
v 303.11019735898316 -109.19367283333334 265.091362413021
v -613.8561760604603 -107.17808546666667 692.405483895497
v -613.8561760604603 -107.17808546666667 692.405483895497
v 302.67013219374786 -102.70873956666667 268.18137500048806
v -633.8144256131912 -96.57434323333335 777.2449701303218
v -633.8144256131912 -96.57434323333335 777.2449701303218
v -633.8144256131912 -96.57434323333335 777.2449701303218
v 304.2233033651666 -95.78563513333334 313.8949082691572
v 304.2233033651666 -95.78563513333334 313.8949082691572
v 304.2233033651666 -95.78563513333334 313.8949082691572
v 302.23006702851256 -95.78563513333334 270.8661330981793
v 302.23006702851256 -95.78563513333334 270.8661330981793
v 302.23006702851256 -95.78563513333334 270.8661330981793
v 302.23006702851256 -95.78563513333334 270.8661330981793
v -636.2994994874613 -95.17219550000002 761.2726465754738
v -636.2994994874613 -95.17219550000002 761.2726465754738
v -650.3298124026107 -90.87811806666666 754.0413962037316
v -650.3298124026107 -90.87811806666666 754.0413962037316
v -650.3298124026107 -90.87811806666666 754.0413962037316
v -649.0355030930951 -90.26467843333333 707.475319587261
v -649.0355030930951 -90.26467843333333 707.475319587261
v -649.0355030930951 -90.26467843333333 707.475319587261
v -634.694555943662 -89.82650726666667 766.0859125392335
v 310.25478474750946 -89.73887303333333 312.5485741467952
v 310.25478474750946 -89.73887303333333 312.5485741467952
v 308.26154841085537 -89.73887303333333 269.519776101407
v 308.26154841085537 -89.73887303333333 269.519776101407
v 58.563396419099966 -87.5480172 293.68431808053936
v -634.3321493369975 -82.20232896666667 772.3522393450246
v -634.3321493369975 -82.20232896666667 772.3522393450246
v -687.7612376338028 -81.06308393333335 772.7268570813667
v -687.7612376338028 -81.06308393333335 772.7268570813667
v -687.7612376338028 -81.06308393333335 772.7268570813667
v -637.9562154036413 -80.88781546666667 873.8394943991641
v -637.9562154036413 -80.88781546666667 873.8394943991641
v 315.7167700336654 -79.1351308 311.3310669435761
v 315.7167700336654 -79.1351308 311.3310669435761
v 313.697647510821 -79.1351308 268.3022697779729
v 313.697647510821 -79.1351308 268.3022697779729
v -636.2477271150807 -75.1915903 870.2352210792883
v -1234.3221728560632 -74.22761373333334 385.2601008367614
v -1234.3221728560632 -74.22761373333334 385.2601008367614
v -1234.3221728560632 -74.22761373333334 385.2601008367614
v -763.9701697780831 -70.89751286666667 174.9697587055794
v 320.29862498935074 -64.50021383333333 310.3082438462742
v 320.29862498935074 -64.50021383333333 310.3082438462742
v 320.29862498935074 -64.50021383333333 310.3082438462742
v 318.27950246650636 -64.50021383333333 267.2794686752963
v 318.27950246650636 -64.50021383333333 267.2794686752963
v 318.27950246650636 -64.50021383333333 267.2794686752963
v -618.6710066918585 -64.06204266666667 708.8943248313066
v -635.6782310188938 -63.53623726666667 867.3858587252018
v -635.6782310188938 -63.53623726666667 867.3858587252018
v -613.9338346190312 -61.34538143333334 704.5010849476555
v -613.9338346190312 -61.34538143333334 704.5010849476555
v -1147.4740181875643 -55.12335086666667 470.7545861324001
v 323.7673739388526 -46.62283023333334 309.53572398349223
v 323.7673739388526 -46.62283023333334 309.53572398349223
v 321.7482514160082 -46.62283023333334 266.50694881251434
v 321.7482514160082 -46.62283023333334 266.50694881251434
v -638.1633048931639 -39.787360033333336 890.9981059861202
v -638.1633048931639 -39.787360033333336 890.9981059861202
v -636.3253856736517 -36.63252763333333 887.1838200660827
v -635.7041172050841 -35.318014133333335 880.2931309529114
v -635.7041172050841 -35.318014133333335 880.2931309529114
v -1311.4630077031948 -34.00350063333334 369.1089829730777
v -1311.4630077031948 -34.00350063333334 369.1089829730777
v 325.91592739264854 -26.554590800000003 309.0555417234799
v 325.91592739264854 -26.554590800000003 309.0555417234799
v 323.9226910559945 -26.554590800000003 266.026766552502
v 323.9226910559945 -26.554590800000003 266.026766552502
v -699.0993871851597 -22.085244900000003 881.7632200338286
v -752.4249307372037 -7.099791000000001 865.0189581540909
v 326.6666267921676 -5.3471063333333335 308.8932161102628
v 326.6666267921676 -5.3471063333333335 308.8932161102628
v 324.64750426932324 -5.3471063333333335 265.86441894465963
v 324.64750426932324 -5.3471063333333335 265.86441894465963
v -186.65644536173136 -3.9449586 156.84452468781632
v -186.65644536173136 -3.9449586 156.84452468781632
v -186.65644536173136 -3.9449586 156.84452468781632
v -613.8561760604603 -2.8933478000000004 661.2100731382701
v -614.0114931776021 -2.8933478000000004 710.9149886507414
v -614.0114931776021 -2.8933478000000004 710.9149886507414
v -643.0557940831329 -2.7180793333333337 759.3882077873384
v -643.0557940831329 -2.7180793333333337 759.3882077873384
v -634.280376964617 -2.5428108666666667 772.7041533493759
v -634.280376964617 -2.5428108666666667 772.7041533493759
v -613.9856069914118 -2.4551766333333336 571.0913296118988
v -641.2955334221917 -2.4551766333333336 713.9913918438752
v -641.2955334221917 -2.4551766333333336 713.9913918438752
v -295.35254117485397 -2.1922739333333334 582.5267910194249
v -295.35254117485397 -2.1922739333333334 582.5267910194249
v -295.35254117485397 -2.1922739333333334 582.5267910194249
v -312.1526760123669 -2.1922739333333334 590.9647773864981
v -312.20444838474754 -2.1922739333333334 553.5002007572498
v -634.7463283160425 -2.1922739333333334 765.8361679681954
v -1162.2291443160425 -1.9293712333333335 515.3908147371837
v -1162.2291443160425 -1.9293712333333335 515.3908147371837
v -1297.2514914847131 -1.841737 304.1440847142262
v -1297.2514914847131 -1.841737 304.1440847142262
v -6.954540828581243 -1.7541027666666666 584.3436983899104
v -154.7128916028856 -1.7541027666666666 590.0339094185331
v -618.7745514366197 -1.7541027666666666 714.2354609218081
v -960.9899328725522 -1.4912000666666665 697.5649874907176
v -960.9899328725522 -1.4912000666666665 697.5649874907176
v -177.8551420570251 -1.4035658333333336 237.67276225350824
v -177.8551420570251 -1.4035658333333336 237.67276225350824
v -177.8551420570251 -1.4035658333333336 237.67276225350824
v -1310.324015510821 -1.0530289000000002 377.8364238874399
v -1236.6001572408106 -0.0014181 443.7242562130282
v -1236.6001572408106 -0.0014181 443.7242562130282
v -635.8076619498454 1.0501927 884.6182587608054
v -635.8076619498454 1.0501927 884.6182587608054
v -636.273613301271 1.751266566666667 891.1513583765202
v -638.1633048931639 1.751266566666667 894.7329279644051
v -666.1980445372724 1.9265350333333333 880.4747634481922
v -666.1980445372724 1.9265350333333333 880.4747634481922
v -666.1980445372724 1.9265350333333333 880.4747634481922
v -666.1980445372724 1.9265350333333333 880.4747634481922
v -704.4837139127447 2.014169266666667 890.9470221492486
v -704.4837139127447 2.014169266666667 890.9470221492486
v -753.6674676743387 2.014169266666667 872.341025213366
v -753.6674676743387 2.014169266666667 872.341025213366
v -421.78067452834074 2.6276089000000002 133.08414274590632
v -752.4249307372037 10.689958366666668 865.0189581540909
v 325.91592739264854 15.948012366666669 309.058379909925
v 325.91592739264854 15.948012366666669 309.058379909925
v 323.9226910559945 15.948012366666669 266.0296038591621
v 323.9226910559945 15.948012366666669 266.0296038591621
v -699.0993871851597 25.7630465 881.7632200338286
v -1311.4630077031948 29.794221233333335 369.1089829730777
v -1311.4630077031948 29.794221233333335 369.1089829730777
v -1208.5913037828925 33.562493266666664 118.73674779453506
v -1208.5913037828925 33.562493266666664 118.73674779453506
v 323.7673739388526 36.016251800000006 309.54084169290047
v 323.7673739388526 36.016251800000006 309.54084169290047
v 323.7673739388526 36.016251800000006 309.54084169290047
v 321.77413760219855 36.016251800000006 266.5126243056195
v 321.77413760219855 36.016251800000006 266.5126243056195
v 321.77413760219855 36.016251800000006 266.5126243056195
v -635.7041172050841 45.480749 880.2931309529114
v -635.7041172050841 45.480749 880.2931309529114
v -636.3253856736517 46.7952625 887.1838200660827
v -638.1633048931639 49.9500949 890.9981059861202
v -638.1633048931639 49.9500949 890.9981059861202
v -1147.4740181875643 50.91407146666666 470.7545861324001
v 320.32451117554103 53.8936354 310.3161768677173
v 320.32451117554103 53.8936354 310.3161768677173
v 318.30538865269665 53.8936354 267.2874016967394
v 318.30538865269665 53.8936354 267.2874016967394
v -613.9338346190312 57.13610203333334 704.5010849476555
v -613.9338346190312 57.13610203333334 704.5010849476555
v -618.6710066918585 59.85276326666667 708.8943248313066
v -635.6782310188938 60.90437406666667 867.3858587252018
v -635.6782310188938 60.90437406666667 867.3858587252018
v 315.7426562198557 68.52855236666667 311.3406988298752
v 315.7426562198557 68.52855236666667 311.3406988298752
v 313.74941988320165 68.52855236666667 268.3119236588973
v 313.74941988320165 68.52855236666667 268.3119236588973
v -1234.3221728560632 70.01833433333334 385.2601008367614
v -1234.3221728560632 70.01833433333334 385.2601008367614
v -1234.3221728560632 70.01833433333334 385.2601008367614
v -636.2477271150807 72.5597271 870.2352210792883
v -687.7612376338028 76.85380453333333 772.7268570813667
v -687.7612376338028 76.85380453333333 772.7268570813667
v -687.7612376338028 76.85380453333333 772.7268570813667
v -634.3321493369975 77.99304956666667 772.3522393450246
v -634.3321493369975 77.99304956666667 772.3522393450246
v -637.9562154036413 78.25595226666667 873.8394943991641
v -637.9562154036413 78.25595226666667 873.8394943991641
v 310.28067093369975 79.13229460000001 312.55934447489835
v 310.28067093369975 79.13229460000001 312.55934447489835
v 308.28743459704566 79.21992883333334 269.53112796740237
v 308.28743459704566 79.21992883333334 269.53112796740237
v 58.563396419099966 83.3387378 293.68431808053936
v 304.2491895513569 85.26669093333334 313.9062601351526
v 304.2491895513569 85.26669093333334 313.9062601351526
v 304.2491895513569 85.26669093333334 313.9062601351526
v 302.2559532147028 85.26669093333334 270.87806562228184
v 302.2559532147028 85.26669093333334 270.87806562228184
v 302.2559532147028 85.26669093333334 270.87806562228184
v 302.2559532147028 85.26669093333334 270.87806562228184
v -634.694555943662 85.61722786666667 766.0859125392335
v -649.5532268169014 87.0193756 707.475319587261
v -649.5532268169014 87.0193756 707.475319587261
v -649.5532268169014 87.0193756 707.475319587261
v -650.3298124026107 88.68442603333334 754.0413962037316
v -650.3298124026107 88.68442603333334 754.0413962037316
v -650.3298124026107 88.68442603333334 754.0413962037316
v 302.69601837993815 92.10216113333334 268.1728604411528
v -636.2994994874613 92.10216113333334 761.2726465754738
v -636.2994994874613 92.10216113333334 761.2726465754738
v -633.8144256131912 92.36506383333332 777.2449701303218
v -633.8144256131912 92.36506383333332 777.2449701303218
v -633.8144256131912 92.36506383333332 777.2449701303218
v 303.1360835451735 98.5870944 265.0675184796562
v -613.8561760604603 102.96880606666667 692.405483895497
v -613.8561760604603 102.96880606666667 692.405483895497
v 303.52437633802816 104.6338565 261.5869781237103
v -634.7463283160425 105.6854673 772.8119973960095
v 267.49080516111303 106.03600423333334 278.6627289189869
v 267.49080516111303 106.03600423333334 278.6627289189869
v 267.49080516111303 106.03600423333334 278.6627289189869
v 267.49080516111303 110.06717896666667 274.12133060014884
v 303.8867829446925 110.24244743333334 257.7596414728215
v -312.825716853315 111.9951321 561.0538448270884
v -312.825716853315 111.9951321 561.0538448270884
v -313.1881234599794 112.08276633333334 586.9944000098305
v -313.1881234599794 112.08276633333334 586.9944000098305
v -636.687792280316 112.34566903333334 770.18399950808
v -636.687792280316 112.34566903333334 770.18399950808
v -618.6451205056682 113.04674290000001 696.5035717441286
v 267.49080516111303 113.74781676666667 269.4658540780903
v 304.2233033651666 115.23759873333334 253.6167048236903
v -686.3633835795259 116.81501493333334 740.4132694880038
v -686.3633835795259 116.81501493333334 740.4132694880038
v 267.49080516111303 117.07791763333333 264.7065101376474
v 304.50805141326003 119.6193104 249.1922466487132
v 267.49080516111303 120.1451158 259.85239487604775
v 267.49080516111303 122.86177703333334 254.91425662676914
v 304.7669132751631 123.47521666666667 244.52088120935815
v 267.49080516111303 125.22790133333334 249.90119060725408
v 304.9481165784954 126.63004906666667 239.64178269280458
v 267.49080516111303 127.2434887 244.82454868349794
v 267.49080516111303 128.8209049 239.69456539453222
v 305.12931988182754 129.0838076 234.59352087392932
v 267.49080516111303 130.13541840000002 234.52143041035296
v 305.23286462658876 130.9241265 229.41757057771525
v 267.49080516111303 131.01176073333335 229.31596068766888
v 267.49080516111303 131.6252003666667 224.08948521806508
v 267.49080516111303 131.80046883333333 171.76792368365966
v 267.49080516111303 131.80046883333333 218.85165788246593
v 305.31052318515975 131.9757373 224.15645797223317
v 305.33640937135004 132.32627423333332 171.76792368365966
v 305.33640937135004 132.32627423333332 218.85165788246593
v -613.8820622466505 136.79562013333333 661.2725088411371
v -935.9838770127103 138.81120750000002 559.607598799751
v -935.9838770127103 138.81120750000002 559.607598799751
v -216.5549904115424 143.45582186666667 156.54369627990667
v -216.5549904115424 143.45582186666667 156.54369627990667
v -618.722779064239 148.53860740000002 663.8437465193047
v -613.9856069914118 155.54934606666666 570.7581427112891
v -1122.4938485139126 165.45201443333335 416.5843622673265
v -619.9912021875643 172.55038733333333 613.2550702474908
v -619.9912021875643 172.55038733333333 613.2550702474908
v -619.9912021875643 172.55038733333333 613.2550702474908
v -1188.8919160920645 172.90092426666666 393.8150044732852
v -1188.8919160920645 172.90092426666666 393.8150044732852
v -728.1695742768808 173.77726660000002 666.5682365878722
v -933.058737973205 176.49392783333334 542.7821749931896
v -1122.1573280934388 192.1804556 416.09792297631685
v -729.3862250278255 194.10840873333333 637.9758395838358
v -315.80262826520095 199.19119426666666 560.8438322269267
v -316.139148685675 199.2788285 586.0221020859184
v -316.139148685675 199.2788285 586.0221020859184
v -1263.4182461339744 202.78419783333337 136.73722037969054
v -1263.4182461339744 202.78419783333337 136.73722037969054
v -733.7868766801786 205.15032213333333 631.282693877867
v -1181.6178977725867 209.44439956666668 109.68081275281116
v 88.28073816557884 212.86213466666666 318.7717501371579
v 88.28073816557884 212.86213466666666 318.7717501371579
v -1075.4068758337341 218.4707256 106.1561159871693
v -1075.4068758337341 218.4707256 106.1561159871693
v -1180.815426000687 218.4707256 106.1561159871693
v -1074.5526316894536 220.0481418 109.165948487885
v -1075.4327620199244 221.36265530000003 161.36661524480562
v -1043.7998424953623 225.2185615666667 158.39861476178717
v -1043.7998424953623 225.2185615666667 158.39861476178717
v -322.35183337135004 233.01800833333334 559.6030626282349
v -322.6106952332532 233.1932768 584.6303376251647
v -322.6106952332532 233.1932768 584.6303376251647
v -5.4272558433528 239.06477043333334 570.3290214137381
v -726.8234925949845 248.52926763333335 627.7181525288676
v -726.8234925949845 248.52926763333335 627.7181525288676
v -213.96637179251115 249.4932442 234.57309578511678
v -213.96637179251115 249.4932442 234.57309578511678
v -213.96637179251115 249.4932442 234.57309578511678
v -4.728328816214359 258.0813990666667 560.5401647527868
v -4.728328816214359 258.0813990666667 560.5401647527868
v -332.1626979374785 260.97332876666667 552.9013803683056
v -332.21447030985917 261.060963 583.6517826702551
v -332.21447030985917 261.060963 583.6517826702551
v -621.2337391246994 265.09213773333335 579.7211381442489
v -621.2337391246994 265.09213773333335 579.7211381442489
v -613.1572490333218 267.3706278 567.1839474813653
v -613.1572490333218 267.3706278 567.1839474813653
v -613.1572490333218 267.3706278 567.1839474813653
v -961.378225665407 269.82438633333334 106.13893114655187
v -961.378225665407 269.82438633333334 106.13893114655187
v -415.2314694221917 270.78836290000004 106.01059514744503
v -415.2314694221917 270.78836290000004 106.01059514744503
v -961.4041118515972 272.8039502666667 146.85984547914373
v -412.2286718241154 273.68029260000003 144.9918533920016
v -630.1127009879766 280.2528601 637.8254253798809
v -923.3255319656475 284.6345717666667 474.35944011038305
v -347.40966160357266 284.72220599999997 552.6811552237375
v -347.38377541738237 284.8098402333334 582.5211146465348
v -347.38377541738237 284.8098402333334 582.5211146465348
v -73.68912882720714 286.12435373333335 106.20306571427486
v -73.68912882720714 286.12435373333335 106.20306571427486
v -73.68912882720714 286.12435373333335 106.20306571427486
v -520.8212228924768 287.5265014666667 535.3778049259319
v -526.2573219924425 287.5265014666667 563.6250825052559
v -511.0880168849193 287.6141357 580.4158920503493
v -511.0880168849193 287.6141357 580.4158920503493
v -405.73123909034695 291.9958473666667 536.0384803596359
v -407.3361826341463 292.1711158333334 576.0981386004165
v -630.1385871741669 292.609287 645.328566270955
v -630.1385871741669 292.609287 645.328566270955
v -138.45636667536928 294.9754113 566.0737265410827
v -406.94788984129167 301.0221734 582.6363559255396
v -406.94788984129167 301.0221734 582.6363559255396
v -510.6738379058743 301.9861499666667 584.5605266845514
v -510.6738379058743 301.9861499666667 584.5605266845514
v -726.4093136159395 304.4399085 620.3166215278397
v -726.4093136159395 304.4399085 620.3166215278397
v -923.0925562899347 308.1205463 465.57351812677774
v -400.19159524562 308.4710832333334 552.8605081960552
v -400.19159524562 308.4710832333334 552.8605081960552
v -400.269253804191 308.5587174666667 582.2339167477986
v -400.269253804191 308.5587174666667 582.2339167477986
v -1060.2375707262108 312.7651606666667 347.3720801626374
v -1060.2375707262108 312.7651606666667 347.3720801626374
v -1060.2375707262108 312.7651606666667 347.3720801626374
v -156.9649898014428 321.4409497666667 264.0600247563838
v -156.9649898014428 321.4409497666667 264.0600247563838
v -139.49181412298176 322.93073173333335 561.355232778265
v -139.49181412298176 322.93073173333335 561.355232778265
v -294.1358904239093 336.0758667333333 582.7475968221
v -1148.5612380075577 354.0408845666667 208.088200900229
v -1148.5612380075577 354.0408845666667 208.088200900229
v -1148.5612380075577 354.0408845666667 208.088200900229
v -1051.8245602143593 375.4236375 393.36545896670674
v -630.2680181051185 375.51127173333333 642.9786939387295
v -630.2680181051185 375.51127173333333 642.9786939387295
v -630.5786523394022 383.39835273333335 633.1676913294845
v -408.96701236413605 383.66125543333334 579.5463213434473
v -288.5962465791824 389.70801753333336 559.362949063711
v -288.5962465791824 389.70801753333336 559.362949063711
v -286.08528651872206 392.9504841666667 507.9768136634118
v -513.0035946630023 396.2805850333334 580.1684041278642
v -513.0035946630023 396.2805850333334 580.1684041278642
v -511.8387162844383 419.5036568666667 574.550864220925
v -415.87862407694945 430.37030180000005 564.5911453927961
v -716.9608556564754 457.36164566666673 519.5019744315069
v -409.2776465984198 459.64013573333335 182.68233153870804
v -409.2776465984198 459.64013573333335 182.68233153870804
v -409.2776465984198 459.64013573333335 182.68233153870804
v -416.39634780075573 459.64013573333335 134.2732689644595
v -416.39634780075573 459.64013573333335 134.2732689644595
v -416.39634780075573 459.64013573333335 134.2732689644595
v -419.6321210745448 463.05787083333337 533.0937651465003
v -407.18086551700446 464.7229212666667 243.55823716637036
v -412.8499402926829 464.7229212666667 206.6748720290736
v -412.8499402926829 464.7229212666667 206.6748720290736
v -412.8499402926829 464.7229212666667 206.6748720290736
v -412.8499402926829 464.7229212666667 206.6748720290736
v -713.9580580583992 472.96053919999997 509.06093402177663
v -713.9580580583992 472.96053919999997 509.06093402177663
v -397.370000950876 475.76483466666673 491.19621666272474
v -397.370000950876 475.76483466666673 491.19621666272474
v -397.370000950876 475.76483466666673 491.19621666272474
v -613.1313628471315 479.44547246666673 531.337036830329
v -436.50991447062864 481.6363283 490.83239300868115
v -436.50991447062864 481.6363283 490.83239300868115
v -438.6843541106149 482.68793910000005 240.97620628568933
v -501.6913312978358 485.75513726666674 213.7369819729045
v -501.6913312978358 485.75513726666674 213.7369819729045
v -501.6913312978358 485.75513726666674 213.7369819729045
v -500.26759105736863 491.97716783333334 514.3441697011423
v -500.26759105736863 491.97716783333334 514.3441697011423
v -500.26759105736863 491.97716783333334 514.3441697011423
v -500.26759105736863 491.97716783333334 530.0156639682955
v -612.6654114957059 501.7922019666667 519.2488110159167
v -612.6654114957059 501.7922019666667 519.2488110159167
v -502.8562096763998 528.2577404333334 521.4891404366526
v -423.56682137547233 534.1292340666666 508.67552308292113
v -1179.2622548292682 543.5937312666667 368.9472169031275
v -1179.2622548292682 543.5937312666667 368.9472169031275
v -1179.2622548292682 543.5937312666667 368.9472169031275
v -1179.2622548292682 543.5937312666667 368.9472169031275
v -412.6428508031604 552.7953257666667 490.7239674241555
v -412.6428508031604 552.7953257666667 490.7239674241555
v -1052.4199424967364 591.3543884333333 380.233984086395
v -1052.4199424967364 591.3543884333333 380.233984086395
v -1044.1363629158366 608.3554297000001 152.87075134100678
v -428.3557658206801 680.9165749 220.12308622921677
v -428.3557658206801 680.9165749 220.12308622921677
v -428.3557658206801 680.9165749 220.12308622921677
v -428.3557658206801 681.7929172333334 490.31359522497144
v -428.3557658206801 681.7929172333334 490.31359522497144
v -428.6664000549639 688.3654847333333 183.2130389721101
v -432.3940108663689 688.3654847333333 135.40449565166176
v -432.3940108663689 688.3654847333333 135.40449565166176
v -440.9623384953624 693.4482702666667 508.4626722963143
v -430.11602648162136 701.4229855000001 249.1269727594011
v -430.11602648162136 701.4229855000001 249.1269727594011
v -958.6342899292339 771.3551037 147.48816329993272
v -959.0743550944692 779.0669162333334 229.2189098435489
v -438.529036993473 786.0776549000001 361.49232166248
v -438.529036993473 786.0776549000001 361.49232166248
v -959.6697373768463 787.1292657 394.83780557596185
v -959.6697373768463 787.1292657 394.83780557596185
v -882.9948538811404 815.2598545999999 444.82766145883147
v -460.4805228828581 832.5237985666666 507.9376403560174
v -889.906465593954 859.5151424333334 147.77991936481018
v -449.7636418000687 864.1597568000001 489.0359318418485
v -449.7636418000687 864.1597568000001 489.0359318418485
v -449.7636418000687 864.1597568000001 489.0359318418485
v -447.6409745324631 869.8559819666667 184.9101697718596
v -453.2841631219512 869.8559819666667 135.40449565166176
v -453.2841631219512 869.8559819666667 135.40449565166176
v -446.967933691515 870.7323243000001 473.85825210345104
v -446.967933691515 870.7323243000001 473.85825210345104
v -446.967933691515 870.7323243000001 473.85825210345104
v -446.967933691515 870.7323243000001 473.85825210345104
v -879.3707878144967 903.5075275666667 428.2122502524319
v -879.3707878144967 903.5075275666667 428.2122502524319
v -604.563035218138 909.6419239 274.88135927534637
v -604.563035218138 909.6419239 274.88135927534637
v -604.563035218138 909.6419239 274.88135927534637
v -606.4268406238406 911.3069743333334 494.6137397779114
v -606.4268406238406 911.3069743333334 494.6137397779114
v -606.4268406238406 911.3069743333334 494.6137397779114
v -478.67851177464786 931.3752137666667 507.9257298265402
v -473.83779495705943 961.3461215666666 487.5539093570437
v -471.43037964136033 966.7794440333333 480.8618809780388
v -471.43037964136033 966.7794440333333 480.8618809780388
v -470.42081837993817 968.0939575333334 160.71896766754264
v -470.42081837993817 968.0939575333334 160.71896766754264
v -476.1934379003779 968.0939575333334 136.53572233886405
v -476.1934379003779 968.0939575333334 136.53572233886405
v -810.5135325482652 991.7552005333334 441.3397467449244
v -810.5135325482652 991.7552005333334 441.3397467449244
v -517.5854496186878 993.2449825 511.6066297815084
v -707.3311943936792 1021.4632056333334 145.38066118078407
v -708.8843655650979 1025.1438434333334 499.34358628650955
v -708.8843655650979 1025.1438434333334 499.34358628650955
v -516.4205712401236 1031.1029713 136.1974397234713
v -516.4205712401236 1031.1029713 136.1974397234713
v -516.4205712401236 1031.1029713 147.72883552793854
v -516.4205712401236 1031.1029713 147.72883552793854
v -516.0840508196495 1031.4535082333334 498.50181414659625
v -516.0840508196495 1031.4535082333334 498.50181414659625
v -704.9755514503606 1038.1137099666666 485.15862868105177
v -1033.8854331844725 1065.1050538333334 136.21274710287557
v -1033.8854331844725 1065.1050538333334 136.21274710287557
v -1033.8854331844725 1065.1050538333334 136.21274710287557
v -1033.8854331844725 1065.1050538333334 151.64584866498626
v -1033.8854331844725 1065.1050538333334 151.64584866498626
v -1033.8854331844725 1065.1050538333334 151.64584866498626
v -348.5227676097561 129.52197876666668 515.2455173628521
v -348.5227676097561 129.52197876666668 515.2455173628521
v -348.5227676097561 129.52197876666668 515.2455173628521
v -351.75854088354515 129.52197876666668 514.9242638661299
v -351.75854088354515 129.52197876666668 514.9242638661299
v -351.75854088354515 129.52197876666668 514.9242638661299
v -348.47099523737546 134.25422736666667 488.51373808799667
v -348.47099523737546 134.25422736666667 488.51373808799667
v -348.47099523737546 134.25422736666667 488.51373808799667
v -351.70676851116457 134.25422736666667 488.4711679306753
v -351.70676851116457 134.25422736666667 488.4711679306753
v -351.70676851116457 134.25422736666667 488.4711679306753
v -349.2734670092751 137.67196246666668 562.5460798562995
v -349.2734670092751 137.67196246666668 562.5460798562995
v -349.2734670092751 137.67196246666668 562.5460798562995
v -354.60602136447955 142.05367413333335 564.4639935843138
v -354.60602136447955 142.05367413333335 564.4639935843138
v -354.60602136447955 142.05367413333335 564.4639935843138
v -349.14403607832355 147.57463083333334 446.65250273054505
v -349.14403607832355 147.57463083333334 446.65250273054505
v -349.14403607832355 147.57463083333334 446.65250273054505
v -344.79515679835106 147.66226506666666 566.9461134398045
v -344.79515679835106 147.66226506666666 566.9461134398045
v -344.79515679835106 147.66226506666666 566.9461134398045
v -349.2734670092751 149.5025839666667 551.7428909031862
v -349.2734670092751 149.5025839666667 551.7428909031862
v -354.5283628059086 152.65741636666667 445.5122028205256
v -354.5283628059086 152.65741636666667 445.5122028205256
v -354.5283628059086 152.65741636666667 445.5122028205256
v -354.60602136447955 154.67300373333336 552.8417819720987
v -354.60602136447955 154.67300373333336 552.8417819720987
v -356.83223337684643 157.3896649666667 571.2559338682942
v -356.83223337684643 157.3896649666667 571.2559338682942
v -356.83223337684643 157.3896649666667 571.2559338682942
v -344.79515679835106 160.45686313333334 443.85650373629335
v -344.79515679835106 160.45686313333334 443.85650373629335
v -349.2734670092751 160.54449736666666 464.06369707498425
v -349.2734670092751 160.54449736666666 464.06369707498425
v -344.79515679835106 161.42083970000002 554.2636254025894
v -344.79515679835106 161.42083970000002 554.2636254025894
v -349.2734670092751 161.50847393333333 535.9942122172436
v -349.2734670092751 161.50847393333333 535.9942122172436
v -349.32523938165576 161.9466451 518.5960686036557
v -344.58806730882856 164.40040363333335 574.3510632853845
v -344.58806730882856 164.40040363333335 574.3510632853845
v -344.58806730882856 164.40040363333335 574.3510632853845
v -354.60602136447955 165.97781983333334 463.2945960567546
v -354.60602136447955 165.97781983333334 463.2945960567546
v -349.35112556784605 166.0654540666667 488.9706579525364
v -353.95886670972175 166.59125946666668 516.7394503771342
v -353.95886670972175 166.59125946666668 516.7394503771342
v -354.60602136447955 166.94179640000002 536.7065530257114
v -354.60602136447955 166.94179640000002 536.7065530257114
v -356.83223337684643 167.81813873333334 442.380738282486
v -356.83223337684643 167.81813873333334 442.380738282486
v -349.2734670092751 168.43157836666666 520.1041916703782
v -349.2734670092751 168.43157836666666 520.1041916703782
v -349.2734670092751 168.43157836666666 520.1041916703782
v -349.2734670092751 168.60684683333335 478.3122077102728
v -349.2734670092751 168.60684683333335 478.3122077102728
v -353.95886670972175 170.27189726666668 490.4299538309401
v -353.95886670972175 170.27189726666668 490.4299538309401
v -354.2436147578152 172.28748463333335 577.8071790498583
v -354.2436147578152 172.28748463333335 577.8071790498583
v -354.2436147578152 172.28748463333335 577.8071790498583
v -344.79515679835106 172.90092426666666 462.30015218454855
v -344.79515679835106 172.90092426666666 462.30015218454855
v -349.2734670092751 172.90092426666666 487.15942607515603
v -349.2734670092751 172.90092426666666 487.15942607515603
v -349.2734670092751 172.90092426666666 487.15942607515603
v -356.83223337684643 173.16382696666668 556.7321138691215
v -356.83223337684643 173.16382696666668 556.7321138691215
v -345.364652894538 173.33909543333334 517.1237219944005
v -345.364652894538 173.33909543333334 517.1237219944005
v -344.79515679835106 173.95253506666668 537.6277662329669
v -354.60602136447955 174.12780353333335 477.92339992149033
v -354.60602136447955 174.12780353333335 477.92339992149033
v -354.60602136447955 174.47834046666668 518.916763436896
v -354.60602136447955 174.47834046666668 518.916763436896
v -354.60602136447955 174.47834046666668 518.916763436896
v -348.80751565784954 175.3546828 579.1847543379566
v -348.80751565784954 175.3546828 579.1847543379566
v -348.80751565784954 175.3546828 579.1847543379566
v -345.364652894538 177.1073674666667 490.44812139141476
v -345.364652894538 177.1073674666667 490.44812139141476
v -354.60602136447955 178.5095152 488.61760462659595
v -354.60602136447955 178.5095152 488.61760462659595
v -354.60602136447955 178.5095152 488.61760462659595
v -344.58806730882856 179.99929716666665 439.8305063512381
v -344.58806730882856 179.99929716666665 439.8305063512381
v -344.58806730882856 179.99929716666665 439.8305063512381
v -344.79515679835106 181.31381066666668 477.4205139294873
v -344.79515679835106 181.31381066666668 477.4205139294873
v -344.58806730882856 181.57671336666667 558.5047530972146
v -344.58806730882856 181.57671336666667 558.5047530972146
v -356.83223337684643 185.0820827 460.57294417463214
v -356.83223337684643 185.0820827 460.57294417463214
v -344.79515679835106 185.69552233333334 488.6119291334908
v -344.79515679835106 185.69552233333334 488.6119291334908
v -344.79515679835106 185.69552233333334 488.6119291334908
v -356.83223337684643 186.1336935 539.2278461885965
v -356.83223337684643 186.1336935 539.2278461885965
v -344.79515679835106 186.3089619666667 519.0802283717022
v -344.79515679835106 186.3089619666667 519.0802283717022
v -354.2436147578152 189.28852590000002 437.97444766798355
v -354.2436147578152 189.28852590000002 437.97444766798355
v -354.2436147578152 189.28852590000002 437.97444766798355
v -354.2436147578152 190.95357633333333 560.4845447443992
v -354.2436147578152 190.95357633333333 560.4845447443992
v -348.80751565784954 192.26808983333333 437.47607497308627
v -348.80751565784954 192.26808983333333 437.47607497308627
v -348.80751565784954 192.26808983333333 437.47607497308627
v -356.83223337684643 193.58260333333337 519.106910491512
v -356.83223337684643 193.58260333333337 519.106910491512
v -356.83223337684643 193.67023756666669 476.54696483476613
v -356.83223337684643 193.67023756666669 476.54696483476613
v -344.58806730882856 193.7578718 459.3327332394223
v -344.58806730882856 193.7578718 459.3327332394223
v -348.80751565784954 194.63421413333336 561.2735113081744
v -348.80751565784954 194.63421413333336 561.2735113081744
v -344.58806730882856 194.89711683333334 540.3772404362734
v -344.58806730882856 194.89711683333334 540.3772404362734
v -356.83223337684643 196.29926456666666 502.17761926656647
v -356.83223337684643 196.29926456666666 502.17761926656647
v -344.58806730882856 202.4336609 519.5195613338744
v -344.58806730882856 202.4336609 519.5195613338744
v -344.58806730882856 202.6089293666667 475.919765220726
v -344.58806730882856 202.6089293666667 475.919765220726
v -354.2436147578152 203.4852717 457.94778447314786
v -354.2436147578152 203.4852717 457.94778447314786
v -354.2436147578152 204.62451673333334 541.6600206490195
v -354.2436147578152 204.62451673333334 541.6600206490195
v -344.58806730882856 205.23795636666668 502.45460462089636
v -344.58806730882856 205.23795636666668 502.45460462089636
v -348.80751565784954 207.34117796666666 457.39551174955915
v -348.80751565784954 207.34117796666666 457.39551174955915
v -348.80751565784954 208.480423 542.1714212003578
v -348.80751565784954 208.480423 542.1714212003578
v -354.2436147578152 212.24869503333335 520.003162438439
v -354.2436147578152 212.24869503333335 520.003162438439
v -354.2436147578152 212.51159773333333 475.21935693636067
v -354.2436147578152 212.51159773333333 475.21935693636067
v -354.2436147578152 215.2282589666667 502.76338892465935
v -354.2436147578152 215.2282589666667 502.76338892465935
v -348.80751565784954 216.19223553333336 520.320439306912
v -348.80751565784954 216.19223553333336 520.320439306912
v -348.80751565784954 216.45513823333334 474.9400929388527
v -348.80751565784954 216.45513823333334 474.9400929388527
v -348.80751565784954 219.25943370000002 502.88712188858926
v -348.80751565784954 219.25943370000002 502.88712188858926
v -352.8716468897286 41.27430580000001 589.811404751002
v -352.9751916344898 41.27430580000001 583.122773221924
v -352.8716468897286 53.10492730000001 589.811404751002
v -352.9751916344898 53.10492730000001 583.122773221924
v -351.65499613878393 -61.52064990000001 564.9305673297779
v -351.65499613878393 -61.52064990000001 570.909696236833
v -351.65499613878393 -51.00454190000001 564.9305673297779
v -351.65499613878393 -51.00454190000001 570.909696236833
v -351.65499613878393 -61.52064990000001 547.3019860272158
v -351.65499613878393 -61.52064990000001 553.2805342761637
v -351.65499613878393 -51.00454190000001 547.3019860272158
v -351.65499613878393 -51.00454190000001 553.2805342761637
v -1033.833660812092 518.8808774666667 362.1320133438896
v -1033.833660812092 518.8808774666667 362.1320133438896
v -1140.6918374057025 558.6668194 374.4387671975839
v -1140.6918374057025 558.6668194 374.4387671975839
v -1162.85041278461 583.5549416666667 455.68930860677744
v -1162.85041278461 583.5549416666667 455.68930860677744
v -1069.3753944513912 586.3592371333334 373.67364368738833
v -1069.6342563132944 586.3592371333334 374.6924892766561
v -1069.6342563132944 586.3592371333334 374.6924892766561
v -1069.6342563132944 586.3592371333334 374.6924892766561
v -1035.7233524039848 633.0682835 374.293446948842
v -1035.7233524039848 633.0682835 374.293446948842
v -1035.7233524039848 633.0682835 374.293446948842
v -1035.7233524039848 633.0682835 374.293446948842
v -1178.2009211954653 652.6983517666666 543.0915179604345
v -1178.2009211954653 652.6983517666666 543.0915179604345
v -1191.3769899663346 688.4531189666667 574.3368732329441
v -1191.3769899663346 688.4531189666667 574.3368732329441
v -1086.2014154750943 734.1981887666667 575.646895108767
v -1086.2014154750943 734.1981887666667 575.646895108767
v -1065.544238895225 735.1621653333333 554.5792034062064
v -1065.544238895225 735.1621653333333 554.5792034062064
v -1051.306836490553 741.5594643666667 535.8608253723892
v -1051.306836490553 741.5594643666667 535.8608253723892
v -1004.1422052518035 746.0288102666667 391.1245700027038
v -1004.1422052518035 746.0288102666667 391.1245700027038
v -1004.1422052518035 746.0288102666667 391.1245700027038
v -1004.1422052518035 746.0288102666667 393.84564122671907
v -1036.059872824459 751.3744985 498.12891726973555
v -1036.059872824459 751.3744985 498.12891726973555
v -957.0034601992443 756.9830894333335 330.87472466749256
v -10.656265453795946 -475.5047681666667 313.42096016573197
v -10.656265453795946 -475.5047681666667 313.42096016573197
v -10.656265453795946 -475.5047681666667 313.42096016573197
v 123.02000003297836 -378.7565745666667 327.0791878458219
v 123.02000003297836 -378.7565745666667 327.0791878458219
v 123.02000003297836 -378.7565745666667 327.0791878458219
v -10.423289778083133 -240.11921743333332 153.47580676632313
v -10.423289778083133 -240.11921743333332 153.47580676632313
v -10.423289778083133 -240.11921743333332 153.47580676632313
v -6.2038414290621775 -233.28374723333334 153.47580676632313
v -10.423289778083133 -227.76279053333332 153.47580676632313
v -10.423289778083133 -227.76279053333332 153.47580676632313
v -10.423289778083133 -227.76279053333332 153.47580676632313
v 123.71892706011678 -199.98273856666665 166.53121367502433
v 123.71892706011678 -199.98273856666665 166.53121367502433
v 123.71892706011678 -199.98273856666665 166.53121367502433
v 123.71892706011678 -197.7042485 166.53121367502433
v 123.71892706011678 -197.7042485 166.53121367502433
v 123.71892706011678 -178.33708293333333 166.53121367502433
v 123.71892706011678 -178.33708293333333 166.53121367502433
v 123.71892706011678 -178.33708293333333 166.53121367502433
v -1158.7603953665407 -844.4448905 261.10507500421676
v -1158.7603953665407 -844.4448905 261.10507500421676
v -1160.3653389103401 -844.4448905 255.50568066312692
v -1160.3653389103401 -844.4448905 255.50568066312692
v -1160.3653389103401 -844.4448905 266.7044693453066
v -1160.3653389103401 -844.4448905 266.7044693453066
v -1164.3776977698385 -844.4448905 254.6440649722933
v -1164.3776977698385 -844.4448905 267.5661079105505
v -1172.3247569302646 -844.4448905 263.28750489360186
v -1172.3247569302646 -844.4448905 263.28750489360186
v -1173.463749122638 -844.4448905 258.92264511483165
v -1173.463749122638 -844.4448905 258.92264511483165
v -1135.2298521195464 -118.74580426666668 388.9114804854746
v -1135.2298521195464 -118.74580426666668 388.9114804854746
v -1136.8089094771556 -118.74580426666668 383.3120861443848
v -1136.8089094771556 -118.74580426666668 383.3120861443848
v -1136.8089094771556 -118.74580426666668 394.51087570634945
v -1136.8089094771556 -118.74580426666668 394.51087570634945
v -1140.821268336654 -118.74580426666668 382.4504704535512
v -1140.821268336654 -118.74580426666668 395.3724905173981
v -1148.7942136832703 -118.74580426666668 391.0939103748597
v -1148.7942136832703 -118.74580426666668 391.0939103748597
v -1149.933205875644 -118.74580426666668 386.72905059608956
v -1149.933205875644 -118.74580426666668 386.72905059608956
v -77.54617056956373 -2.8933478000000004 654.5464239843611
v -77.54617056956373 -2.8933478000000004 654.5464239843611
v -99.62708738990038 -2.8933478000000004 550.4158416682626
v -99.62708738990038 -2.8933478000000004 550.4158416682626
v -99.62708738990038 -2.8933478000000004 654.5464239843611
v -99.62708738990038 -2.8933478000000004 654.5464239843611
v -99.62708738990038 -2.8933478000000004 654.5464239843611
v -99.62708738990038 -2.8933478000000004 654.5464239843611
v -77.54617056956373 0.6120215333333334 657.3617307404616
v -77.54617056956373 0.6120215333333334 657.3617307404616
v -100.97316907179663 0.6120215333333334 550.4158416682626
v -100.97316907179663 0.6120215333333334 550.4158416682626
v -100.97316907179663 0.6120215333333334 657.3617307404616
v -100.97316907179663 0.6120215333333334 657.3617307404616
v -100.97316907179663 0.6120215333333334 657.3617307404616
v -100.97316907179663 0.6120215333333334 657.3617307404616
v -351.65499613878393 48.28504446666667 547.3019860272158
v -351.65499613878393 48.28504446666667 553.2805342761637
v -351.65499613878393 58.80115246666667 547.3019860272158
v -351.65499613878393 58.80115246666667 553.2805342761637
v -348.60042616832703 59.85276326666667 489.5785506845128
v -348.60042616832703 59.85276326666667 526.9988582915837
v -345.4681976392992 77.8177811 489.5785506845128
v -345.4681976392992 77.8177811 526.9988582915837
v -345.4681976392992 137.40905976666667 489.5785506845128
v -345.4681976392992 137.40905976666667 526.9988582915837
v -520.510588658193 -370.78185933333333 180.09804312968907
v -631.7694169041566 -356.76038200000005 567.3474124161714
v -520.510588658193 350.9736864 180.09804312968907
v -631.7694169041566 352.55110260000004 567.3474124161714
v -901.3222737038818 785.8147521999999 531.8501582411485
v -901.3222737038818 785.8147521999999 531.8501582411485
v -887.0848712992099 786.4281918333334 529.3719938990668
v -887.0848712992099 786.4281918333334 529.3719938990668
v -880.1473734002061 786.9539972333333 532.5125316599235
v -880.1473734002061 786.9539972333333 532.5125316599235
v -880.1473734002061 786.9539972333333 532.5125316599235
v -880.1473734002061 786.9539972333333 532.5125316599235
v -911.5990896214358 786.9539972333333 541.7111053656762
v -911.5990896214358 786.9539972333333 541.7111053656762
v -911.5990896214358 786.9539972333333 541.7111053656762
v -911.5990896214358 786.9539972333333 541.7111053656762
v -900.675119049124 787.0416314666667 527.0454068367242
v -886.3082857135005 787.5674368666668 525.3630247528971
v -846.9353965180351 790.1088296333334 439.15392000561235
v -846.9353965180351 790.1088296333334 439.15392000561235
v -901.2187289591205 791.8615143000001 530.9130341219714
v -877.0928034297491 793.7894674333335 437.2064639767176
v -877.0928034297491 793.7894674333335 437.2064639767176
v -886.9813265544486 795.9803232666667 528.4354504379967
v -880.1473734002061 798.4340818 532.5125316599235
v -880.1473734002061 798.4340818 532.5125316599235
v -880.1473734002061 798.4340818 532.5125316599235
v -846.9353965180351 802.9910619333333 439.0466346224608
v -846.9353965180351 802.9910619333333 439.0466346224608
v -880.1473734002061 1045.1244486333335 532.5125316599235
v -880.1473734002061 1045.1244486333335 532.5125316599235
v -886.3082857135005 1045.1244486333335 525.3630247528971
v -887.0848712992099 1045.1244486333335 529.3719938990668
v -900.675119049124 1045.1244486333335 527.0454068367242
v -901.3222737038818 1045.1244486333335 531.8501582411485
v -911.7285205523874 1045.3873513333333 542.0692526468296
v -911.7285205523874 1045.3873513333333 542.0692526468296
v -1180.9448569316387 -217.5972194666667 105.79667190290994
v -1312.5761137093782 -216.01980326666668 105.40297074989692
v -1312.5761137093782 -216.01980326666668 105.40297074989692
v -1311.4371215170045 -215.23109516666668 327.1688643319807
v -1311.4371215170045 -215.23109516666668 327.1688643319807
v -1311.4371215170045 -215.23109516666668 327.1688643319807
v -1034.662018770182 -214.61765553333336 135.79386122414118
v -1075.329217275163 -213.47841050000002 161.0107246122051
v -1180.7118812559256 -213.47841050000002 233.94135911977554
v -1180.7118812559256 -213.47841050000002 233.94135911977554
v -1180.8671983730676 -209.35960153333335 105.22417556127616
v -1181.2813773521125 -206.3800376 232.4797837184086
v -1181.2813773521125 -206.3800376 232.4797837184086
v -1312.0066176131913 -199.01876199999998 317.2046093323357
v -1312.0066176131913 -199.01876199999998 317.2046093323357
v -1312.0066176131913 -199.01876199999998 317.2046093323357
v -1312.4984551508073 -198.66822506666668 105.30507003345639
v -1312.4984551508073 -198.66822506666668 105.30507003345639
v -1312.4466827784265 194.19604296666665 105.08681120838773
v -1312.4466827784265 194.19604296666665 105.08681120838773
v -1312.0842761717622 194.98475106666666 315.4677465617099
v -1312.0842761717622 194.98475106666666 315.4677465617099
v -1312.0842761717622 194.98475106666666 315.4677465617099
v -1180.9448569316387 209.2691311 105.75926344424735
v -1034.7655635149433 211.89815810000002 136.15031140000855
v -1181.3590359106836 213.3879400666667 230.74292182756784
v -1181.3590359106836 213.3879400666667 230.74292182756784
v -1180.815426000687 218.4707256 106.1561159871693
v -1311.5406662617656 219.69760486666667 327.5253136280631
v -1311.5406662617656 219.69760486666667 327.5253136280631
v -1311.5406662617656 219.69760486666667 327.5253136280631
v -1312.4207965922362 219.96050756666665 105.76232509608525
v -1312.4207965922362 219.96050756666665 105.76232509608525
v -1075.4327620199244 221.36265530000003 161.36661524480562
v -1180.815426000687 221.36265530000003 234.29722775775076
v -1180.815426000687 221.36265530000003 234.29722775775076
v -352.8716468897286 21.644237533333335 589.811404751002
v -352.9751916344898 21.644237533333335 583.122773221924
v -352.8716468897286 33.47485903333334 589.811404751002
v -352.9751916344898 33.47485903333334 583.122773221924
v -352.14683367639986 48.28504446666667 556.1020751888512
v -352.14683367639986 48.28504446666667 562.0812049756914
v -352.14683367639986 58.80115246666667 556.1020751888512
v -352.14683367639986 58.80115246666667 562.0812049756914
v -345.8823766183442 -141.61833916666666 489.5785506845128
v -345.8823766183442 -141.61833916666666 526.9988582915837
v -345.8823766183442 -82.0270605 489.5785506845128
v -345.8823766183442 -82.0270605 526.9988582915837
v -348.98871896118175 -64.06204266666667 489.5785506845128
v -348.98871896118175 -64.06204266666667 526.9988582915837
v -351.65499613878393 -7.187425233333334 532.1827644836511
v -351.65499613878393 -7.187425233333334 538.1613127325991
v -351.65499613878393 2.9781458333333335 532.1827644836511
v -351.65499613878393 2.9781458333333335 538.1613127325991
v -1010.48432086843 -227.1493509 126.73459707593608
v -1010.48432086843 -227.1493509 126.73459707593608
v -1038.9332394915837 -222.24183383333335 378.1406720196868
v -1038.9332394915837 -222.24183383333335 378.1406720196868
v -1374.495871076606 -57.8400121 422.7258167875988
v -1374.495871076606 -57.8400121 422.7258167875988
v -1373.9522611666093 -57.3142067 347.1808157810575
v -1373.9522611666093 -57.3142067 347.1808157810575
v -1313.3268131088973 -33.390061 370.42014417048983
v -1313.3268131088973 -33.390061 370.42014417048983
v -1313.9221953912743 -33.390061 329.71795606185447
v -1313.9221953912743 -33.390061 329.71795606185447
v -1313.3268131088973 36.8049599 370.42014417048983
v -1313.3268131088973 36.8049599 370.42014417048983
v -1313.9221953912743 36.8049599 329.71795606185447
v -1313.9221953912743 36.8049599 329.71795606185447
v -1374.495871076606 52.05331650000001 422.6270450839975
v -1374.495871076606 52.05331650000001 422.6270450839975
v -1373.926374980419 52.491487666666664 347.00485877888184
v -1373.926374980419 52.491487666666664 347.00485877888184
v -1038.9332394915837 221.45028953333335 378.1406720196868
v -1038.9332394915837 221.45028953333335 378.1406720196868
v -1010.48432086843 226.35780660000003 126.73459707593608
v -1010.48432086843 226.35780660000003 126.73459707593608
v -351.65499613878393 -40.31316543333334 540.433419108143
v -351.65499613878393 -40.31316543333334 550.4623893336181
v -351.65499613878393 10.2517872 540.433419108143
v -351.65499613878393 10.2517872 550.4623893336181
v -524.5229475176915 -235.12406613333337 180.51864986790477
v -347.5908649069048 -218.12302486666667 285.30934895422536
v -347.5908649069048 -218.12302486666667 285.30934895422536
v -279.87260183304704 -216.3703402 563.0631559007429
v -13.141339328065957 -178.6876198666667 561.0197883493172
v -13.141339328065957 -178.6876198666667 561.0197883493172
v -13.037794583304708 -170.099465 307.7801349889099
v -13.037794583304708 -170.099465 307.7801349889099
v -13.037794583304708 -170.099465 307.7801349889099
v -13.037794583304708 157.21439650000002 307.7801349889099
v -13.037794583304708 157.21439650000002 307.7801349889099
v -13.037794583304708 157.21439650000002 307.7801349889099
v -13.141339328065957 160.71976583333333 561.0197883493172
v -13.141339328065957 160.71976583333333 561.0197883493172
v -279.87260183304704 212.16106080000003 563.0631559007429
v -347.5908649069048 213.91374546666668 285.30934895422536
v -347.5908649069048 213.91374546666668 285.30934895422536
v -524.5229475176915 230.91478673333333 180.51864986790477
v -1162.1514857574716 -844.4448905 315.1799680048666
v -1162.1514857574716 -844.4448905 315.1799680048666
v -1165.1025109831673 -844.4448905 303.9794804578309
v -1165.1025109831673 -844.4448905 303.9794804578309
v -1165.1025109831673 -844.4448905 326.3798968884204
v -1165.1025109831673 -844.4448905 326.3798968884204
v -1171.0045614345586 -844.4448905 303.9794804578309
v -1171.0045614345586 -844.4448905 303.9794804578309
v -1171.0045614345586 -844.4448905 326.3798968884204
v -1171.0045614345586 -844.4448905 326.3798968884204
v -1173.9555866602543 -844.4448905 315.1799680048666
v -1173.9555866602543 -844.4448905 315.1799680048666
v -1162.1514857574716 839.8850741666666 315.1799680048666
v -1162.1514857574716 839.8850741666666 315.1799680048666
v -1165.1025109831673 839.8850741666666 303.9794804578309
v -1165.1025109831673 839.8850741666666 303.9794804578309
v -1165.1025109831673 839.8850741666666 326.3798968884204
v -1165.1025109831673 839.8850741666666 326.3798968884204
v -1171.0045614345586 839.8850741666666 303.9794804578309
v -1171.0045614345586 839.8850741666666 303.9794804578309
v -1171.0045614345586 839.8850741666666 326.3798968884204
v -1171.0045614345586 839.8850741666666 326.3798968884204
v -1173.9555866602543 839.8850741666666 315.1799680048666
v -1173.9555866602543 839.8850741666666 315.1799680048666
v -352.8716468897286 61.34254523333334 589.811404751002
v -352.9751916344898 61.34254523333334 583.122773221924
v -352.8716468897286 73.08553250000001 589.811404751002
v -352.9751916344898 73.08553250000001 583.122773221924
v -352.8716468897286 2.5399746666666667 589.811404751002
v -352.9751916344898 2.5399746666666667 583.122773221924
v -352.8716468897286 14.370596166666667 589.811404751002
v -352.9751916344898 14.370596166666667 583.122773221924
v -509.87136613397456 -1029.9665624666668 145.8534690828352
v -509.87136613397456 -1029.9665624666668 145.8534690828352
v -509.87136613397456 -1029.9665624666668 145.8534690828352
v -367.75620394915836 -1012.7902527333333 151.80307856342034
v -367.75620394915836 -1012.7902527333333 151.80307856342034
v -367.75620394915836 -1012.7902527333333 151.80307856342034
v -381.91594779525934 -1010.7746653666668 165.68492735822022
v -381.91594779525934 -1010.7746653666668 165.68492735822022
v -381.91594779525934 989.301442 165.68492735822022
v -381.91594779525934 989.301442 165.68492735822022
v -367.75620394915836 990.5283212666667 151.80307856342034
v -367.75620394915836 990.5283212666667 151.80307856342034
v -367.75620394915836 990.5283212666667 151.80307856342034
v -516.5241159848849 1008.4933391 146.25818690375442
v -516.5241159848849 1008.4933391 146.25818690375442
v -516.5241159848849 1008.4933391 146.25818690375442
v -352.8716468897286 -19.018046733333335 583.122773221924
v -352.9751916344898 -19.018046733333335 589.811404751002
v -352.8716468897286 -7.187425233333334 583.122773221924
v -352.9751916344898 -7.187425233333334 589.811404751002
v -351.65499613878393 -40.31316543333334 551.8053274858382
v -351.65499613878393 -40.31316543333334 561.7151009188996
v -351.65499613878393 10.2517872 551.8053274858382
v -351.65499613878393 10.2517872 561.7151009188996
v 29.441436954998284 -404.60867340000004 299.15770081452104
v 29.441436954998284 -404.60867340000004 299.15770081452104
v 28.92371323119203 -404.60867340000004 286.578498657798
v 28.92371323119203 -404.60867340000004 286.578498657798
v 31.9523970154586 -402.85598873333333 291.5189164300398
v 31.9523970154586 -402.85598873333333 291.5189164300398
v 31.9523970154586 398.6467093333333 291.5189164300398
v 31.9523970154586 398.6467093333333 291.5189164300398
v 29.441436954998284 406.2708876333333 299.15770081452104
v 29.441436954998284 406.2708876333333 299.15770081452104
v 28.92371323119203 406.2708876333333 286.578498657798
v 28.92371323119203 406.2708876333333 286.578498657798
v -351.65499613878393 48.28504446666667 556.1020751888512
v -351.65499613878393 48.28504446666667 562.0812049756914
v -351.65499613878393 58.80115246666667 556.1020751888512
v -351.65499613878393 58.80115246666667 562.0812049756914
v -431.5138805358983 -588.7281976333334 631.8678828778527
v -431.5138805358983 -588.7281976333334 631.8678828778527
v -431.59153909446917 -588.5529291666667 590.0514963209006
v -431.59153909446917 -588.5529291666667 590.0514963209006
v -431.59153909446917 -588.5529291666667 590.0514963209006
v -430.9443844397114 -585.0475598333334 634.8773133168183
v -430.9443844397114 -585.0475598333334 634.8773133168183
v -430.9443844397114 -585.0475598333334 634.8773133168183
v -430.9443844397114 -585.0475598333334 634.8773133168183
v -431.12558774304364 -584.8722913666667 587.131764362719
v -431.12558774304364 -584.8722913666667 587.131764362719
v -431.12558774304364 -584.8722913666667 587.131764362719
v -431.12558774304364 -584.8722913666667 587.131764362719
v -419.399145398832 -576.4594049666667 594.487306361873
v -419.399145398832 -576.4594049666667 594.487306361873
v -419.399145398832 -576.4594049666667 594.487306361873
v -419.55446251597385 -575.4954284 628.2721232375272
v -420.17573098454136 -569.0104951333334 594.1172256768322
v -420.17573098454136 -569.0104951333334 594.1172256768322
v -420.5640237773961 -568.0465185666667 626.2162636187322
v -420.5640237773961 -568.0465185666667 626.2162636187322
v -417.7942018550326 -561.6492195333334 589.4838942232824
v -417.84597422741325 -561.2110483666668 633.531514983528
v -408.75992287461355 -527.9100397 602.2782266895755
v -408.4234024541395 -527.4718685333333 610.4210372674339
v -410.8567039560288 -520.9869352666667 594.1138288269051
v -409.8212565084163 -520.5487641000001 618.3016340812951
v -403.5309132641704 -436.06936316666673 594.7557780366526
v -400.5022294799038 -435.71882623333335 610.1588006290265
v -403.40148233321884 -435.45592353333336 618.5638478452922
v -400.5281156660941 -435.3682893 602.6335366640687
v -401.4859045551357 -426.4295975 612.6959818294229
v -401.4859045551357 -426.4295975 612.6959818294229
v -401.38235981037445 -425.90379210000003 600.7661252350338
v -401.38235981037445 -425.90379210000003 600.7661252350338
v -408.0092234750944 -423.80057050000005 589.4838942232824
v -408.0092234750944 -423.80057050000005 589.4838942232824
v -408.1127682198557 -423.5376678 629.5004227634747
v -414.35133909172106 -419.85703 593.9719283025006
v -414.35133909172106 -419.85703 593.9719283025006
v -414.40311146410164 -418.1043453333333 626.1606436103444
v -414.40311146410164 -418.1043453333333 626.1606436103444
v -406.6631417931982 -414.9495129333334 623.8175860928131
v -406.6631417931982 -414.9495129333334 623.8175860928131
v -406.6890279793885 -414.8618787 595.6883659843138
v -406.6890279793885 -414.8618787 595.6883659843138
v -423.126756210237 -409.25328776666674 635.4239096675169
v -423.126756210237 -409.25328776666674 635.4239096675169
v -423.04909765166605 -408.9903850666667 586.8786009471287
v -423.04909765166605 -408.9903850666667 586.8786009471287
v -423.04909765166605 -408.9903850666667 586.8786009471287
v -422.14308113500516 -403.9952337666667 591.5953738504652
v -422.14308113500516 -403.9952337666667 591.5953738504652
v -422.19485350738574 -403.20652566666666 631.5131315668414
v -422.19485350738574 -403.20652566666666 631.5131315668414
v -422.19485350738574 -403.20652566666666 631.5131315668414
v -351.65499613878393 -36.89543033333334 532.1827644836511
v -351.65499613878393 -36.89543033333334 538.1613127325991
v -351.65499613878393 -26.291688100000002 532.1827644836511
v -351.65499613878393 -26.291688100000002 538.1613127325991
v -351.65499613878393 -96.83724593333334 473.74415014603517
v -351.65499613878393 -96.83724593333334 520.1257560807799
v -351.65499613878393 -93.3318766 471.0752809656404
v -351.65499613878393 -93.3318766 522.7946252611746
v -351.65499613878393 89.1225972 471.0752809656404
v -351.65499613878393 89.1225972 522.7946252611746
v -351.65499613878393 92.62796653333334 473.74415014603517
v -351.65499613878393 92.62796653333334 520.1257560807799
v -352.8716468897286 -77.82061730000001 583.122773221924
v -352.9751916344898 -77.82061730000001 589.811404751002
v -352.8716468897286 -65.9899958 583.122773221924
v -352.9751916344898 -65.9899958 589.811404751002
v -1192.6971854620404 357.8091566 141.75312458565068
v -1192.6971854620404 357.8091566 141.75312458565068
v -1191.6876242006183 363.6806502333334 223.1273998385592
v -1191.6876242006183 363.6806502333334 223.1273998385592
v -1192.6971854620404 369.9903150333334 141.75312458565068
v -1192.6971854620404 369.9903150333334 141.75312458565068
v -1191.6876242006183 375.77417443333337 223.1273998385592
v -1191.6876242006183 375.77417443333337 223.1273998385592
v -1032.9535304816213 482.77557333333334 141.3030212953753
v -1032.9535304816213 482.77557333333334 141.3030212953753
v -1033.9372055568533 -544.7358125000001 141.3030212953753
v -1033.9372055568533 -544.7358125000001 141.3030212953753
v -1191.6876242006183 -379.98345383333333 223.1273998385592
v -1191.6876242006183 -379.98345383333333 223.1273998385592
v -1192.6971854620404 -374.1995944333334 141.75312458565068
v -1192.6971854620404 -374.1995944333334 141.75312458565068
v -1191.6876242006183 -367.88992963333334 223.1273998385592
v -1191.6876242006183 -367.88992963333334 223.1273998385592
v -1192.6971854620404 -362.018436 141.75312458565068
v -1192.6971854620404 -362.018436 141.75312458565068
v -351.65499613878393 48.28504446666667 564.9305673297779
v -351.65499613878393 48.28504446666667 570.909696236833
v -351.65499613878393 58.80115246666667 564.9305673297779
v -351.65499613878393 58.80115246666667 570.909696236833
v -345.4681976392992 -141.61833916666666 489.5785506845128
v -345.4681976392992 -141.61833916666666 526.9988582915837
v -345.4681976392992 -82.0270605 489.5785506845128
v -345.4681976392992 -82.0270605 526.9988582915837
v -348.60042616832703 -64.06204266666667 489.5785506845128
v -348.60042616832703 -64.06204266666667 526.9988582915837
v -879.6296496763998 1045.3873513333333 519.5013937733997
v -879.6296496763998 1045.3873513333333 519.5013937733997
v -879.65553586259 1045.3873513333333 538.2600844362004
v -879.65553586259 1045.3873513333333 538.2600844362004
v -882.710105833047 1045.3873513333333 515.895421588668
v -882.710105833047 1045.3873513333333 515.895421588668
v -882.7359920192373 1045.3873513333333 542.0334981839875
v -882.7359920192373 1045.3873513333333 542.0334981839875
v -911.7285205523874 1045.3873513333333 515.9323162528842
v -911.7285205523874 1045.3873513333333 515.9323162528842
v -911.7285205523874 1045.3873513333333 542.0692526468296
v -911.7285205523874 1045.3873513333333 542.0692526468296
v -879.6296496763998 -1049.5966307333333 519.5013937733997
v -879.6296496763998 -1049.5966307333333 519.5013937733997
v -879.65553586259 -1049.5966307333333 538.2600844362004
v -879.65553586259 -1049.5966307333333 538.2600844362004
v -882.710105833047 -1049.5966307333333 515.895421588668
v -882.710105833047 -1049.5966307333333 515.895421588668
v -882.7359920192373 -1049.5966307333333 542.0334981839875
v -882.7359920192373 -1049.5966307333333 542.0334981839875
v -911.7285205523874 -1049.5966307333333 515.9323162528842
v -911.7285205523874 -1049.5966307333333 515.9323162528842
v -911.7285205523874 -1049.5966307333333 542.0692526468296
v -911.7285205523874 -1049.5966307333333 542.0692526468296
v -351.65499613878393 22.082408700000002 532.1827644836511
v -351.65499613878393 22.082408700000002 538.1613127325991
v -351.65499613878393 32.68615093333334 532.1827644836511
v -351.65499613878393 32.68615093333334 538.1613127325991
v -352.8716468897286 -38.209943833333334 583.122773221924
v -352.9751916344898 -38.209943833333334 589.811404751002
v -352.8716468897286 -26.379322333333334 583.122773221924
v -352.9751916344898 -26.379322333333334 589.811404751002
v -348.98871896118175 59.85276326666667 489.5785506845128
v -348.98871896118175 59.85276326666667 526.9988582915837
v -345.8823766183442 77.8177811 489.5785506845128
v -345.8823766183442 77.8177811 526.9988582915837
v -345.8823766183442 137.40905976666667 489.5785506845128
v -345.8823766183442 137.40905976666667 526.9988582915837
v -1135.2298521195464 114.53652486666668 388.9114804854746
v -1135.2298521195464 114.53652486666668 388.9114804854746
v -1136.8089094771556 114.53652486666668 383.3120861443848
v -1136.8089094771556 114.53652486666668 383.3120861443848
v -1136.8089094771556 114.53652486666668 394.51087570634945
v -1136.8089094771556 114.53652486666668 394.51087570634945
v -1140.821268336654 114.53652486666668 382.4504704535512
v -1140.821268336654 114.53652486666668 395.3724905173981
v -1148.7942136832703 114.53652486666668 391.0939103748597
v -1148.7942136832703 114.53652486666668 391.0939103748597
v -1149.933205875644 114.53652486666668 386.72905059608956
v -1149.933205875644 114.53652486666668 386.72905059608956
v -1158.7603953665407 839.8850741666666 261.10507500421676
v -1158.7603953665407 839.8850741666666 261.10507500421676
v -1160.3653389103401 839.8850741666666 255.50568066312692
v -1160.3653389103401 839.8850741666666 255.50568066312692
v -1160.3653389103401 839.8850741666666 266.7044693453066
v -1160.3653389103401 839.8850741666666 266.7044693453066
v -1164.3776977698385 839.8850741666666 254.6440649722933
v -1164.3776977698385 839.8850741666666 267.5661079105505
v -1172.3247569302646 839.8850741666666 263.28750489360186
v -1172.3247569302646 839.8850741666666 263.28750489360186
v -1173.463749122638 839.8850741666666 258.92264511483165
v -1173.463749122638 839.8850741666666 258.92264511483165
v 239.40429314462384 -975.8962405000001 220.6810344459106
v 239.40429314462384 -975.8962405000001 220.6810344459106
v 234.25294209275162 -975.8962405000001 233.2908742358525
v 145.8775024390244 -952.1473632666667 313.7859460157749
v 145.8775024390244 -952.1473632666667 313.7859460157749
v 153.5139273651666 -396.98449510000006 301.9196433310017
v 153.5139273651666 -396.98449510000006 301.9196433310017
v 233.4504703208519 -355.7087712 216.95302816210494
v 238.60182137272415 -351.41469376666663 204.34316725732276
v 238.60182137272415 -351.41469376666663 204.34316725732276
v 167.4924679079354 -231.8815995 243.43052669440627
v 167.4924679079354 -231.8815995 243.43052669440627
v 238.60182137272415 -209.2719673 192.85831911821109
v 238.60182137272415 -209.2719673 192.85831911821109
v 233.4504703208519 -209.2719673 205.46815890815296
v 188.90034388732394 -47.14863563333334 212.07560563599708
v 188.90034388732394 -47.14863563333334 212.07560563599708
v 238.60182137272415 -40.7513366 181.10044201796347
v 238.60182137272415 -40.7513366 181.10044201796347
v 233.4504703208519 -40.7513366 193.71028092812034
v 188.90034388732394 29.794221233333335 212.07560563599708
v 188.90034388732394 29.794221233333335 212.07560563599708
v 238.60182137272415 29.881855466666668 181.10044201796347
v 238.60182137272415 29.881855466666668 181.10044201796347
v 233.4504703208519 29.881855466666668 193.71028092812034
v 238.60182137272415 198.4901204 192.85831911821109
v 238.60182137272415 198.4901204 192.85831911821109
v 233.4504703208519 198.4901204 205.46815890815296
v 167.4924679079354 221.09975260000002 243.43052669440627
v 167.4924679079354 221.09975260000002 243.43052669440627
v 238.60182137272415 340.6328468666667 204.34316725732276
v 238.60182137272415 340.6328468666667 204.34316725732276
v 233.4504703208519 344.9269243 216.95302816210494
v 153.5139273651666 386.2026482 301.9196433310017
v 153.5139273651666 386.2026482 301.9196433310017
v 145.8775024390244 950.2165739333333 313.7859460157749
v 145.8775024390244 950.2165739333333 313.7859460157749
v 239.11954509653037 972.2127665 220.6810344459106
v 239.11954509653037 972.2127665 220.6810344459106
v 233.9681940446582 972.2127665 233.2908742358525
v 131.355351986259 924.8902805 167.5608524668055
v 131.355351986259 924.8902805 167.5608524668055
v 131.355351986259 924.8902805 167.5608524668055
v 130.06104267674337 924.8902805 329.358668579327
v 130.06104267674337 924.8902805 329.358668579327
v 130.06104267674337 924.8902805 329.358668579327
v 131.20003486911713 955.2117252333334 244.27739366931752
v 131.20003486911713 955.2117252333334 244.27739366931752
v 130.3199045386465 956.9644099000001 329.358668579327
v 130.3199045386465 956.9644099000001 329.358668579327
v 130.3199045386465 956.9644099000001 329.358668579327
v 235.34016191274478 971.1611557000001 284.241117513157
v 235.34016191274478 971.1611557000001 284.241117513157
v 130.47522165578837 988.7756366000001 174.675745112364
v 130.47522165578837 988.7756366000001 174.675745112364
v 130.47522165578837 988.7756366000001 174.675745112364
v 235.36604809893504 998.0648653333333 285.0380170983754
v 235.36604809893504 998.0648653333333 285.0380170983754
v 331.9732949611817 1009.8078526 164.7989099503249
v 331.9732949611817 1009.8078526 164.7989099503249
v 332.02506733356233 1010.1583895333334 304.6776312138584
v 332.02506733356233 1010.1583895333334 304.6776312138584
v 332.02506733356233 1010.1583895333334 304.6776312138584
v 336.83989796496047 1026.8965281 168.45084826252003
v 336.83989796496047 1026.8965281 168.45084826252003
v 336.34806042734454 1026.9841623333334 289.7718191203825
v 336.34806042734454 1026.9841623333334 289.7718191203825
v 331.89563640261076 1049.6814287666668 304.6776312138584
v 331.89563640261076 1049.6814287666668 304.6776312138584
v 331.89563640261076 1049.6814287666668 304.6776312138584
v 331.86975021642047 1050.7330395666668 183.45371120011595
v 331.86975021642047 1050.7330395666668 183.45371120011595
v 331.86975021642047 1050.7330395666668 183.45371120011595
v 328.21979796358636 1077.0233095666667 170.1826153183628
v 328.21979796358636 1077.0233095666667 170.1826153183628
v 327.70207423978013 1079.9152392666667 165.36651204794313
v 327.70207423978013 1079.9152392666667 165.36651204794313
v 327.70207423978013 1079.9152392666667 165.36651204794313
v 130.8894006348334 1082.0184608666666 168.14776232627244
v 130.8894006348334 1082.0184608666666 168.14776232627244
v 130.8894006348334 1082.0184608666666 168.14776232627244
v 130.7340835176915 1082.0184608666666 174.53554257303045
v 130.7340835176915 1082.0184608666666 174.53554257303045
v 130.7340835176915 1082.0184608666666 174.53554257303045
v -351.4737928354517 76.5032676 551.5396939975037
v -351.4737928354517 76.5032676 551.5396939975037
v -354.60602136447955 76.5032676 551.5396939975037
v -354.60602136447955 76.5032676 551.5396939975037
v -351.4737928354517 76.94143876666668 549.7682169654099
v -351.4737928354517 76.94143876666668 549.7682169654099
v -351.4737928354517 76.94143876666668 553.3111939040078
v -351.4737928354517 76.94143876666668 553.3111939040078
v -354.60602136447955 76.94143876666668 549.7682169654099
v -354.60602136447955 76.94143876666668 549.7682169654099
v -354.60602136447955 76.94143876666668 553.3111939040078
v -354.60602136447955 76.94143876666668 553.3111939040078
v -351.4737928354517 77.99304956666667 548.1170531729088
v -351.4737928354517 77.99304956666667 548.1170531729088
v -351.4737928354517 77.99304956666667 554.9617761586168
v -351.4737928354517 77.99304956666667 554.9617761586168
v -354.60602136447955 77.99304956666667 548.1170531729088
v -354.60602136447955 77.99304956666667 548.1170531729088
v -354.60602136447955 77.99304956666667 554.9617761586168
v -354.60602136447955 77.99304956666667 554.9617761586168
v -351.4737928354517 79.6581 546.6997467937192
v -351.4737928354517 79.6581 546.6997467937192
v -351.4737928354517 79.6581 556.3796412012882
v -351.4737928354517 79.6581 556.3796412012882
v -354.60602136447955 79.6581 546.6997467937192
v -354.60602136447955 79.6581 546.6997467937192
v -354.60602136447955 79.6581 556.3796412012882
v -354.60602136447955 79.6581 556.3796412012882
v -351.4737928354517 81.84895583333333 545.6116709219455
v -351.4737928354517 81.84895583333333 545.6116709219455
v -351.4737928354517 81.84895583333333 557.4671584095801
v -351.4737928354517 81.84895583333333 557.4671584095801
v -354.60602136447955 81.84895583333333 545.6116709219455
v -354.60602136447955 81.84895583333333 545.6116709219455
v -354.60602136447955 81.84895583333333 557.4671584095801
v -354.60602136447955 81.84895583333333 557.4671584095801
v -351.4737928354517 84.39034860000001 544.9277102183585
v -351.4737928354517 84.39034860000001 544.9277102183585
v -351.4737928354517 84.39034860000001 558.151119113167
v -351.4737928354517 84.39034860000001 558.151119113167
v -354.60602136447955 84.39034860000001 544.9277102183585
v -354.60602136447955 84.39034860000001 544.9277102183585
v -354.60602136447955 84.39034860000001 558.151119113167
v -354.60602136447955 84.39034860000001 558.151119113167
v -351.4737928354517 87.10700983333334 544.694993886206
v -351.4737928354517 87.10700983333334 544.694993886206
v -351.4737928354517 87.10700983333334 558.3844169832117
v -351.4737928354517 87.10700983333334 558.3844169832117
v -354.60602136447955 87.10700983333334 544.694993886206
v -354.60602136447955 87.10700983333334 544.694993886206
v -354.60602136447955 87.10700983333334 558.3844169832117
v -354.60602136447955 87.10700983333334 558.3844169832117
v -351.4737928354517 89.82367106666666 544.9277102183585
v -351.4737928354517 89.82367106666666 544.9277102183585
v -351.4737928354517 89.82367106666666 558.151119113167
v -351.4737928354517 89.82367106666666 558.151119113167
v -354.60602136447955 89.82367106666666 544.9277102183585
v -354.60602136447955 89.82367106666666 544.9277102183585
v -354.60602136447955 89.82367106666666 558.151119113167
v -354.60602136447955 89.82367106666666 558.151119113167
v -351.4737928354517 92.36506383333332 545.6116709219455
v -351.4737928354517 92.36506383333332 545.6116709219455
v -351.4737928354517 92.36506383333332 557.4671584095801
v -351.4737928354517 92.36506383333332 557.4671584095801
v -354.60602136447955 92.36506383333332 545.6116709219455
v -354.60602136447955 92.36506383333332 545.6116709219455
v -354.60602136447955 92.36506383333332 557.4671584095801
v -354.60602136447955 92.36506383333332 557.4671584095801
v -351.4737928354517 94.55591966666668 546.6997467937192
v -351.4737928354517 94.55591966666668 546.6997467937192
v -351.4737928354517 94.55591966666668 556.3796412012882
v -351.4737928354517 94.55591966666668 556.3796412012882
v -354.60602136447955 94.55591966666668 546.6997467937192
v -354.60602136447955 94.55591966666668 546.6997467937192
v -354.60602136447955 94.55591966666668 556.3796412012882
v -354.60602136447955 94.55591966666668 556.3796412012882
v -351.4737928354517 96.2209701 548.1170531729088
v -351.4737928354517 96.2209701 548.1170531729088
v -351.4737928354517 96.2209701 554.9617761586168
v -351.4737928354517 96.2209701 554.9617761586168
v -354.60602136447955 96.2209701 548.1170531729088
v -354.60602136447955 96.2209701 548.1170531729088
v -354.60602136447955 96.2209701 554.9617761586168
v -354.60602136447955 96.2209701 554.9617761586168
v -351.4737928354517 97.36021513333334 549.7682169654099
v -351.4737928354517 97.36021513333334 549.7682169654099
v -351.4737928354517 97.36021513333334 553.3111939040078
v -351.4737928354517 97.36021513333334 553.3111939040078
v -354.60602136447955 97.36021513333334 549.7682169654099
v -354.60602136447955 97.36021513333334 549.7682169654099
v -354.60602136447955 97.36021513333334 553.3111939040078
v -354.60602136447955 97.36021513333334 553.3111939040078
v -351.4737928354517 97.71075206666667 551.5396939975037
v -351.4737928354517 97.71075206666667 551.5396939975037
v -354.60602136447955 97.71075206666667 551.5396939975037
v -354.60602136447955 97.71075206666667 551.5396939975037
v 332.3615877540364 -1030.9305390333334 186.42680651813234
v 332.3615877540364 -1030.9305390333334 186.42680651813234
v 330.3683514173823 -1030.9305390333334 183.64499757632112
v 324.20743910408794 -1030.9305390333334 202.0863902558084
v 210.64474028718652 -966.9575487000001 206.6771515520368
v 210.64474028718652 -966.9575487000001 206.6771515520368
v 334.1995069735486 -514.7649047 179.3017022079526
v 334.1995069735486 -514.7649047 179.3017022079526
v 330.1353757416695 -514.7649047 176.1543487526165
v 324.12978054551695 -514.7649047 195.32624892126128
v 209.76460995671593 -513.0998542666667 199.91645155400775
v 209.76460995671593 -513.0998542666667 199.91645155400775
v 334.32893790450015 -248.88264076666667 163.12050625431692
v 334.32893790450015 -248.88264076666667 163.12050625431692
v 330.21303430024045 -248.88264076666667 157.55914501924738
v 324.41452859361044 -248.88264076666667 175.66337241030573
v 210.5411955424253 -247.21759033333333 175.79620059167812
v 210.5411955424253 -247.21759033333333 175.79620059167812
v 324.41452859361044 -143.4586580666667 171.7020682564554
v 267.49080516111303 -142.58231573333333 171.76792368365966
v 334.32893790450015 -37.947041133333336 155.19678061965246
v 334.32893790450015 -37.947041133333336 155.19678061965246
v 330.21303430024045 -37.947041133333336 149.6359780480648
v 324.41452859361044 -37.947041133333336 167.74020631890815
v 210.5411955424253 -36.2819907 167.8724749570136
v 210.5411955424253 -36.2819907 167.8724749570136
v 210.5411955424253 25.500143800000004 167.8724749570136
v 210.5411955424253 25.500143800000004 167.8724749570136
v 334.32893790450015 27.165194233333334 155.19678061965246
v 334.32893790450015 27.165194233333334 155.19678061965246
v 330.21303430024045 27.165194233333334 149.6359780480648
v 324.41452859361044 27.165194233333334 167.74020631890815
v 267.49080516111303 131.80046883333333 171.76792368365966
v 210.5411955424253 236.43574343333333 175.79620059167812
v 210.5411955424253 236.43574343333333 175.79620059167812
v 334.32893790450015 238.10079386666666 163.12050625431692
v 334.32893790450015 238.10079386666666 163.12050625431692
v 330.21303430024045 238.10079386666666 157.55914501924738
v 324.41452859361044 238.10079386666666 175.66337241030573
v 209.76460995671593 502.2303731333334 199.91645155400775
v 209.76460995671593 502.2303731333334 199.91645155400775
v 334.1995069735486 503.8954235666667 179.3017022079526
v 334.1995069735486 503.8954235666667 179.3017022079526
v 330.1353757416695 503.8954235666667 176.1543487526165
v 324.12978054551695 503.8954235666667 195.32624892126128
v 211.343667314325 946.7112046 206.6771515520368
v 211.343667314325 946.7112046 206.6771515520368
v 330.3683514173823 1026.5459911666667 183.64499757632112
v 324.20743910408794 1026.5459911666667 202.0863902558084
v 331.99918114737204 1026.8088938666667 186.42680651813234
v 331.99918114737204 1026.8088938666667 186.42680651813234
v -1037.0435478996908 -763.6461273666667 498.12891726973555
v -1037.0435478996908 -763.6461273666667 498.12891726973555
v -957.391752992099 -761.8934427 330.2452675251145
v -1003.6503677141875 -754.9703382666667 389.51937321745106
v -1003.6503677141875 -754.9703382666667 389.51937321745106
v -1003.6503677141875 -754.9703382666667 389.51937321745106
v -1003.6503677141875 -754.9703382666667 392.2404673158766
v -1051.306836490553 -748.9235761666667 535.8608253723892
v -1051.306836490553 -748.9235761666667 535.8608253723892
v -1086.2014154750943 -738.4074681666666 575.646895108767
v -1086.2014154750943 -738.4074681666666 575.646895108767
v -1065.544238895225 -738.2321997 554.5792034062064
v -1065.544238895225 -738.2321997 554.5792034062064
v -1191.3769899663346 -687.1414416666667 574.3368732329441
v -1191.3769899663346 -687.1414416666667 574.3368732329441
v -1035.1279701216076 -659.7995608666666 374.293446948842
v -1035.1279701216076 -659.7995608666666 374.293446948842
v -1035.1279701216076 -659.7995608666666 374.293446948842
v -1035.1279701216076 -659.7995608666666 374.293446948842
v -1178.2009211954653 -654.3662384 543.0915179604345
v -1178.2009211954653 -654.3662384 543.0915179604345
v -1070.0225491061492 -612.9152460333333 373.4403458173437
v -1070.2814109680521 -612.9152460333333 374.4586327431295
v -1070.2814109680521 -612.9152460333333 374.4586327431295
v -1070.2814109680521 -612.9152460333333 374.4586327431295
v -1162.4103476193748 -587.8518553 454.87365992319224
v -1162.4103476193748 -587.8518553 454.87365992319224
v -1141.2872196880796 -567.082542 374.4387671975839
v -1141.2872196880796 -567.082542 374.4387671975839
v -1033.7818884397116 -547.8906449 361.3549573095915
v -1033.7818884397116 -547.8906449 361.3549573095915
v -268.6638832126417 -18.6675098 589.7302428241785
v -268.6638832126417 -18.6675098 589.7302428241785
v -268.6121108402611 -2.3675424 618.9799184119919
v -268.6121108402611 -2.3675424 618.9799184119919
v -268.6121108402611 -2.3675424 618.9799184119919
v -232.500881104775 -2.017005466666667 586.4636925764285
v -232.500881104775 -2.017005466666667 586.4636925764285
v -268.6638832126417 14.896401566666666 590.1037203591463
v -268.6638832126417 14.896401566666666 590.1037203591463
v -352.14683367639986 -61.52064990000001 556.1020751888512
v -352.14683367639986 -61.52064990000001 562.0812049756914
v -352.14683367639986 -51.00454190000001 556.1020751888512
v -352.14683367639986 -51.00454190000001 562.0812049756914
v -351.65499613878393 15.685109666666666 555.3965500748626
v -351.65499613878393 15.685109666666666 576.7781209161843
v -351.65499613878393 40.39796346666667 555.3965500748626
v -351.65499613878393 40.39796346666667 576.7781209161843
v -351.65499613878393 -40.31316543333334 563.0239825933485
v -351.65499613878393 -40.31316543333334 576.7781209161843
v -351.65499613878393 10.2517872 563.0239825933485
v -351.65499613878393 10.2517872 576.7781209161843
v -334.4147961360357 211.72288963333332 338.05717072532633
v -279.87260183304704 212.16106080000003 563.0631559007429
v -347.5908649069048 213.91374546666668 285.30934895422536
v -523.5133862562693 232.22930023333333 180.01064616649347
v -343.216099440742 234.85832723333334 351.1154158204726
v -343.216099440742 234.85832723333334 351.1154158204726
v -586.9086562363449 297.6920725333333 357.7875786539319
v -586.9086562363449 297.6920725333333 357.7875786539319
v -296.80216760151154 307.24420396666665 557.1964300862476
v -296.80216760151154 307.24420396666665 557.1964300862476
v -355.56381025352107 327.4877118666667 364.17368291024417
v -355.56381025352107 327.4877118666667 364.17368291024417
v -355.56381025352107 327.4877118666667 364.17368291024417
v -631.7694169041566 352.55110260000004 567.3474124161714
v -589.2901853658536 358.94840163333333 370.8458457437035
v -589.2901853658536 358.94840163333333 370.8458457437035
v -351.4737928354517 -100.60551796666667 547.3649803935647
v -351.4737928354517 -100.60551796666667 547.3649803935647
v -354.60602136447955 -100.60551796666667 547.3649803935647
v -354.60602136447955 -100.60551796666667 547.3649803935647
v -351.4737928354517 -100.34261526666667 549.2613525855877
v -351.4737928354517 -100.34261526666667 549.2613525855877
v -354.60602136447955 -100.34261526666667 549.2613525855877
v -354.60602136447955 -100.34261526666667 549.2613525855877
v -351.4737928354517 -100.07971256666667 545.4879159633904
v -351.4737928354517 -100.07971256666667 545.4879159633904
v -354.60602136447955 -100.07971256666667 545.4879159633904
v -354.60602136447955 -100.07971256666667 545.4879159633904
v -351.4737928354517 -99.29100446666668 551.0475783336038
v -351.4737928354517 -99.29100446666668 551.0475783336038
v -354.60602136447955 -99.29100446666668 551.0475783336038
v -354.60602136447955 -99.29100446666668 551.0475783336038
v -351.4737928354517 -98.8528333 543.7584504251361
v -351.4737928354517 -98.8528333 543.7584504251361
v -354.60602136447955 -98.8528333 543.7584504251361
v -354.60602136447955 -98.8528333 543.7584504251361
v -351.4737928354517 -97.62595403333334 552.6028086089489
v -351.4737928354517 -97.62595403333334 552.6028086089489
v -354.60602136447955 -97.62595403333334 552.6028086089489
v -354.60602136447955 -97.62595403333334 552.6028086089489
v -351.4737928354517 -97.0125144 542.2934561792167
v -351.4737928354517 -97.0125144 542.2934561792167
v -354.60602136447955 -97.0125144 542.2934561792167
v -354.60602136447955 -97.0125144 542.2934561792167
v -351.4737928354517 -95.34746396666667 553.8197562689011
v -351.4737928354517 -95.34746396666667 553.8197562689011
v -354.60602136447955 -95.34746396666667 553.8197562689011
v -354.60602136447955 -95.34746396666667 553.8197562689011
v -351.4737928354517 -94.6463901 541.1940064468224
v -351.4737928354517 -94.6463901 541.1940064468224
v -354.60602136447955 -94.6463901 541.1940064468224
v -354.60602136447955 -94.6463901 541.1940064468224
v -351.4737928354517 -92.71843696666667 554.6166787285297
v -351.4737928354517 -92.71843696666667 554.6166787285297
v -354.60602136447955 -92.71843696666667 554.6166787285297
v -354.60602136447955 -92.71843696666667 554.6166787285297
v -351.4737928354517 -91.84209463333333 540.5344703347074
v -351.4737928354517 -91.84209463333333 540.5344703347074
v -354.60602136447955 -91.84209463333333 540.5344703347074
v -354.60602136447955 -91.84209463333333 540.5344703347074
v -351.4737928354517 -89.82650726666667 554.9384908887339
v -351.4737928354517 -89.82650726666667 554.9384908887339
v -354.60602136447955 -89.82650726666667 554.9384908887339
v -354.60602136447955 -89.82650726666667 554.9384908887339
v -351.4737928354517 -88.95016493333334 540.3590719960137
v -351.4737928354517 -88.95016493333334 540.3590719960137
v -354.60602136447955 -88.95016493333334 540.3590719960137
v -354.60602136447955 -88.95016493333334 540.3590719960137
v -351.4737928354517 -86.84694333333334 554.7636740879323
v -351.4737928354517 -86.84694333333334 554.7636740879323
v -354.60602136447955 -86.84694333333334 554.7636740879323
v -354.60602136447955 -86.84694333333334 554.7636740879323
v -351.4737928354517 -86.05823523333333 540.6809070306281
v -351.4737928354517 -86.05823523333333 540.6809070306281
v -354.60602136447955 -86.05823523333333 540.6809070306281
v -354.60602136447955 -86.05823523333333 540.6809070306281
v -351.4737928354517 -84.1302821 554.1035573177102
v -351.4737928354517 -84.1302821 554.1035573177102
v -354.60602136447955 -84.1302821 554.1035573177102
v -354.60602136447955 -84.1302821 554.1035573177102
v -351.4737928354517 -83.341574 541.4778074956315
v -351.4737928354517 -83.341574 541.4778074956315
v -354.60602136447955 -83.341574 541.4778074956315
v -354.60602136447955 -83.341574 541.4778074956315
v -351.4737928354517 -81.67652356666667 553.0041075853158
v -351.4737928354517 -81.67652356666667 553.0041075853158
v -354.60602136447955 -81.67652356666667 553.0041075853158
v -354.60602136447955 -81.67652356666667 553.0041075853158
v -351.4737928354517 -81.06308393333335 542.6953138190656
v -351.4737928354517 -81.06308393333335 542.6953138190656
v -354.60602136447955 -81.06308393333335 542.6953138190656
v -354.60602136447955 -81.06308393333335 542.6953138190656
v -351.4737928354517 -79.83620466666667 551.5396939975037
v -351.4737928354517 -79.83620466666667 551.5396939975037
v -354.60602136447955 -79.83620466666667 551.5396939975037
v -354.60602136447955 -79.83620466666667 551.5396939975037
v -351.4737928354517 -79.3980335 544.2499845511436
v -351.4737928354517 -79.3980335 544.2499845511436
v -354.60602136447955 -79.3980335 544.2499845511436
v -354.60602136447955 -79.3980335 544.2499845511436
v -351.4737928354517 -78.6093254 549.8096469213572
v -351.4737928354517 -78.6093254 549.8096469213572
v -354.60602136447955 -78.6093254 549.8096469213572
v -354.60602136447955 -78.6093254 549.8096469213572
v -351.4737928354517 -78.3464227 546.03623317357
v -351.4737928354517 -78.3464227 546.03623317357
v -354.60602136447955 -78.3464227 546.03623317357
v -354.60602136447955 -78.3464227 546.03623317357
v -351.4737928354517 -78.08352000000001 547.9325824911829
v -351.4737928354517 -78.08352000000001 547.9325824911829
v -354.60602136447955 -78.08352000000001 547.9325824911829
v -354.60602136447955 -78.08352000000001 547.9325824911829
v 329.35879015596015 -1017.1719644000001 236.77197325528024
v 253.07219945310888 -983.5204188000001 269.9318682802874
v 311.9373868498798 -880.7254631000001 249.31144344112704
v 286.02531447337685 -807.7261467333334 257.9497885274376
v 252.83922377739609 -784.5907091333333 269.9318682802874
v -1346.6164485496392 -754.2692644 691.8492345436591
v -1346.6164485496392 -754.2692644 691.8492345436591
v -1348.6614572586739 -754.2692644 683.7325245477184
v -1348.6614572586739 -754.2692644 683.7325245477184
v -1355.0035728753005 -754.2692644 686.3775497947483
v -1355.0035728753005 -754.2692644 686.3775497947483
v -1356.5049716743388 -754.2692644 709.2859708065341
v -1376.3596764823085 -754.2692644 775.4910791208105
v -1376.3596764823085 -754.2692644 775.4910791208105
v -1346.6164485496392 748.7454715 691.8492345436591
v -1346.6164485496392 748.7454715 691.8492345436591
v -1348.6614572586739 748.7454715 683.7325245477184
v -1348.6614572586739 748.7454715 683.7325245477184
v -1355.0035728753005 748.7454715 686.3775497947483
v -1355.0035728753005 748.7454715 686.3775497947483
v -1356.5049716743388 748.7454715 709.2859708065341
v -1376.3596764823085 748.7454715 775.4910791208105
v -1376.3596764823085 748.7454715 775.4910791208105
v -1250.5269254111988 -754.2692644 639.4368563217208
v -1250.5269254111988 -754.2692644 639.4368563217208
v -1254.5133980845071 -754.2692644 650.8626867227327
v -1254.5133980845071 -754.2692644 650.8626867227327
v -1257.1020167035383 -754.2692644 629.1462301159453
v -1270.8734677567845 -754.2692644 653.4168961620148
v -1319.513611608382 -754.2692644 630.8547127816902
v -1325.0014830807281 -754.2692644 650.4880689863908
v -1354.071670172449 -754.2692644 678.8454701353114
v -1354.071670172449 -754.2692644 678.8454701353114
v -1250.5269254111988 748.7454715 639.4368563217208
v -1250.5269254111988 748.7454715 639.4368563217208
v -1254.5133980845071 748.7454715 650.8626867227327
v -1254.5133980845071 748.7454715 650.8626867227327
v -1257.1020167035383 748.7454715 629.1462301159453
v -1270.8734677567845 748.7454715 653.4168961620148
v -1319.513611608382 748.7454715 630.8547127816902
v -1325.0014830807281 748.7454715 650.4880689863908
v -1354.071670172449 748.7454715 678.8454701353114
v -1354.071670172449 748.7454715 678.8454701353114
v -1376.2820179237376 731.5691617666668 346.80731537167924
v -1376.2820179237376 731.5691617666668 346.80731537167924
v -1376.2820179237376 731.5691617666668 346.80731537167924
v -1275.2482332229474 746.2040787333334 347.6933556539849
v -1275.2482332229474 746.2040787333334 347.6933556539849
v -1275.2482332229474 746.2040787333334 347.6933556539849
v -1250.3457221078668 746.3793472 473.04769825486375
v -1250.3457221078668 746.3793472 473.04769825486375
v -1244.6507611459979 747.8691291666667 757.9010904675356
v -1244.6507611459979 747.8691291666667 757.9010904675356
v -1245.4532329178976 747.8691291666667 496.6627837022272
v -1245.4532329178976 747.8691291666667 496.6627837022272
v -1251.277624810718 747.8691291666667 775.8032602745004
v -1251.277624810718 747.8691291666667 775.8032602745004
v -1251.277624810718 747.8691291666667 775.8032602745004
v -1376.2820179237376 747.8691291666667 777.8182477210453
v -1376.2820179237376 747.8691291666667 777.8182477210453
v -1376.2820179237376 747.8691291666667 777.8182477210453
v -1376.747969275163 751.7250354333333 500.55483557894627
v -1376.747969275163 751.7250354333333 500.55483557894627
v -1376.2820179237376 751.8126696666667 346.80731537167924
v -1376.2820179237376 751.8126696666667 346.80731537167924
v -1376.2820179237376 751.8126696666667 346.80731537167924
v -1275.2482332229474 756.1067471 347.6933556539849
v -1275.2482332229474 756.1067471 347.6933556539849
v -1275.2482332229474 756.1067471 347.6933556539849
v -1250.3457221078668 756.2820155666666 473.04769825486375
v -1244.6507611459979 764.7825362 757.9010904675356
v -1244.6507611459979 764.7825362 757.9010904675356
v -1245.4532329178976 764.7825362 496.44653606569335
v -1245.4532329178976 764.7825362 496.44653606569335
v -1251.277624810718 764.7825362 775.8032602745004
v -1251.277624810718 764.7825362 775.8032602745004
v -1251.277624810718 764.7825362 775.8032602745004
v -1376.2820179237376 768.0250028333334 777.8182477210453
v -1376.2820179237376 768.0250028333334 777.8182477210453
v -1376.2820179237376 768.0250028333334 777.8182477210453
v -1376.825627833734 771.9685433333333 500.64735025155017
v -1376.825627833734 771.9685433333333 500.64735025155017
v 130.60465258673995 -1082.6347367 168.14776232627244
v 130.60465258673995 -1082.6347367 168.14776232627244
v 130.60465258673995 -1082.6347367 168.14776232627244
v 130.44933546959805 -1082.6347367 174.53554257303045
v 130.44933546959805 -1082.6347367 174.53554257303045
v 130.44933546959805 -1082.6347367 174.53554257303045
v 327.70207423978013 -1081.9336628333333 165.36651204794313
v 327.70207423978013 -1081.9336628333333 165.36651204794313
v 327.70207423978013 -1081.9336628333333 165.36651204794313
v 328.21979796358636 -1079.0417331333335 170.1826153183628
v 328.21979796358636 -1079.0417331333335 170.1826153183628
v 331.79209165784954 -1051.2616811666667 183.45371120011595
v 331.79209165784954 -1051.2616811666667 183.45371120011595
v 331.79209165784954 -1051.2616811666667 183.45371120011595
v 332.1803844507042 -1048.5450199333334 304.6776312138584
v 332.1803844507042 -1048.5450199333334 304.6776312138584
v 332.1803844507042 -1048.5450199333334 304.6776312138584
v 332.1803844507042 -1048.5450199333334 304.6776312138584
v 336.58103610305733 -1035.8380561 289.7718191203825
v 336.58103610305733 -1035.8380561 289.7718191203825
v 336.58103610305733 -1035.8380561 289.7718191203825
v 337.046987454483 -1035.7504218666668 168.45084826252003
v 337.046987454483 -1035.7504218666668 168.45084826252003
v 332.23215682308484 -1013.1407896666668 304.6776312138584
v 332.23215682308484 -1013.1407896666668 304.6776312138584
v 332.23215682308484 -1013.1407896666668 304.6776312138584
v 332.2580430092751 -1013.0531554333335 164.7989099503249
v 332.2580430092751 -1013.0531554333335 164.7989099503249
v 332.2580430092751 -1013.0531554333335 164.7989099503249
v 235.36604809893504 -1008.9343464666666 285.0380170983754
v 235.36604809893504 -1008.9343464666666 285.0380170983754
v 130.47522165578837 -999.5574835000001 174.675745112364
v 130.47522165578837 -999.5574835000001 174.675745112364
v 130.47522165578837 -999.5574835000001 174.675745112364
v 235.34016191274478 -978.5252675 284.241117513157
v 235.34016191274478 -978.5252675 284.241117513157
v 129.4915465805565 -951.7091921000001 329.358668579327
v 129.4915465805565 -951.7091921000001 329.358668579327
v 129.4915465805565 -951.7091921000001 329.358668579327
v 130.37167691102715 -949.9565074333333 244.27739366931752
v 130.37167691102715 -949.9565074333333 244.27739366931752
v 129.59509132531775 -923.4033347333334 329.358668579327
v 129.59509132531775 -923.4033347333334 329.358668579327
v 129.59509132531775 -923.4033347333334 329.358668579327
v 130.8894006348334 -923.3157005 167.5608524668055
v 130.8894006348334 -923.3157005 167.5608524668055
v 130.8894006348334 -923.3157005 167.5608524668055
v -1009.1900115589143 746.7298841333334 401.063283083913
v -1009.1900115589143 746.7298841333334 401.063283083913
v -984.1321833266919 746.9927868333334 353.64124515487373
v -984.1321833266919 746.9927868333334 353.64124515487373
v -1036.059872824459 751.3744985 498.12891726973555
v -1036.059872824459 751.3744985 498.12891726973555
v -957.3658668059085 756.9830894333335 329.49887111866053
v -957.3658668059085 756.9830894333335 329.49887111866053
v -922.5230601937478 786.8663630000001 310.22819836662944
v -922.5230601937478 786.8663630000001 310.22819836662944
v -881.1310484754379 816.3114654000001 297.3419327656246
v -881.1310484754379 816.3114654000001 297.3419327656246
v -725.9692484507042 1007.1788256000001 285.2576835794615
v -725.9692484507042 1007.1788256000001 285.2576835794615
v -726.0210208230848 1038.2013442 287.2550850034238
v -726.0210208230848 1038.2013442 287.2550850034238
v -880.8980727997252 1045.2997171 297.46794437273275
v -880.8980727997252 1045.2997171 297.46794437273275
v -922.5230601937478 1048.7174522 310.22819836662944
v -922.5230601937478 1048.7174522 310.22819836662944
v -957.3658668059085 1052.2228215333334 329.49887111866053
v -957.3658668059085 1052.2228215333334 329.49887111866053
v -984.1321833266919 1054.3260431333335 353.64124515487373
v -984.1321833266919 1054.3260431333335 353.64124515487373
v -1007.7662713184473 1056.0787278 398.84791404372066
v -1007.7662713184473 1056.0787278 398.84791404372066
v -1035.1797424939882 1056.1663620333334 498.10905172418984
v -1035.1797424939882 1056.1663620333334 498.10905172418984
v -429.831278433528 -585.6609994666667 588.1165543540006
v -429.85716461971833 -585.1351940666667 632.9730081033522
v -419.4509177712127 -410.3048985666667 588.6688261978043
v -419.4509177712127 -409.8667274 632.8339457653929
v -332.1626979374785 -271.2293702666667 570.8415841610758
v -332.1626979374785 -271.2293702666667 570.8415841610758
v -340.08387091171414 -268.33744056666666 601.0175686709279
v -340.08387091171414 -268.33744056666666 601.0175686709279
v -338.4530411817245 -265.27024240000003 603.3328267416853
v -338.4530411817245 -265.27024240000003 603.3328267416853
v -328.53863187083476 -265.1826081666667 567.7424772359514
v -328.53863187083476 -265.1826081666667 567.7424772359514
v -328.8233799189282 -237.40255620000002 605.9750146820552
v -328.8233799189282 -237.40255620000002 605.9750146820552
v -318.8054258632772 -237.22728773333336 568.4956673422593
v -318.8054258632772 -237.22728773333336 568.4956673422593
v -322.01531295087597 -203.48810790000002 607.4229586944635
v -322.01531295087597 -203.48810790000002 607.4229586944635
v -312.1526760123669 -203.4004736666667 568.8385072440084
v -312.1526760123669 -203.4004736666667 568.8385072440084
v -319.06428772518035 -116.29204573333334 608.0433434938095
v -319.06428772518035 -116.29204573333334 608.0433434938095
v -309.17576460048093 -116.2044115 569.8414647957646
v -309.17576460048093 -116.2044115 569.8414647957646
v -308.5544961319134 -2.017005466666667 570.3415134811077
v -308.5544961319134 -2.017005466666667 570.3415134811077
v -318.44301925661284 -2.017005466666667 608.1636796078124
v -318.44301925661284 -2.017005466666667 608.1636796078124
v -309.17576460048093 111.9951321 569.8414647957646
v -309.17576460048093 111.9951321 569.8414647957646
v -319.06428772518035 112.08276633333334 608.0433434938095
v -319.06428772518035 112.08276633333334 608.0433434938095
v -312.1526760123669 199.19119426666666 568.8385072440084
v -312.1526760123669 199.19119426666666 568.8385072440084
v -322.01531295087597 199.2788285 607.4229586944635
v -322.01531295087597 199.2788285 607.4229586944635
v -318.8313120494675 233.01800833333334 568.4956673422593
v -318.8313120494675 233.01800833333334 568.4956673422593
v -328.8233799189282 233.1932768 605.9750146820552
v -328.8233799189282 233.1932768 605.9750146820552
v -328.5127456846444 260.2722549 567.7424772359514
v -328.5127456846444 260.2722549 567.7424772359514
v -338.4271549955342 260.4475233666667 603.3328267416853
v -338.4271549955342 260.4475233666667 603.3328267416853
v -339.9803261669529 263.25181883333335 601.0175686709279
v -339.9803261669529 263.25181883333335 601.0175686709279
v -331.8779498893851 266.2313827666667 570.8415841610758
v -331.8779498893851 266.2313827666667 570.8415841610758
v -419.4509177712127 405.65744800000004 632.8339457653929
v -419.4509177712127 406.09561916666667 588.6688261978043
v -429.85716461971833 579.3484984666667 632.9730081033522
v -429.831278433528 579.8743038666667 588.1165543540006
v -1324.3802146121607 -753.2176536000001 370.96162281178005
v -1324.3802146121607 -753.2176536000001 370.96162281178005
v -1328.5737767749915 -753.2176536000001 382.3426264069177
v -1374.2887815870833 -753.2176536000001 396.02125542162486
v -1374.2887815870833 -753.2176536000001 396.02125542162486
v -1324.3802146121607 747.6938607000001 370.96162281178005
v -1324.3802146121607 747.6938607000001 370.96162281178005
v -1328.5737767749915 747.6938607000001 382.3426264069177
v -1374.2887815870833 747.6938607000001 396.02125542162486
v -1374.2887815870833 747.6938607000001 396.02125542162486
v -1376.825627833734 -777.404702 500.64735025155017
v -1376.825627833734 -777.404702 500.64735025155017
v -1376.2820179237376 -773.5487957333335 777.8182477210453
v -1376.2820179237376 -773.5487957333335 777.8182477210453
v -1376.2820179237376 -773.5487957333335 777.8182477210453
v -1244.6507611459979 -770.3063291 757.9010904675356
v -1244.6507611459979 -770.3063291 757.9010904675356
v -1245.4532329178976 -770.3063291 496.44653606569335
v -1245.4532329178976 -770.3063291 496.44653606569335
v -1251.277624810718 -770.3063291 775.8032602745004
v -1251.277624810718 -770.3063291 775.8032602745004
v -1251.277624810718 -770.3063291 775.8032602745004
v -1250.3457221078668 -761.8058084666667 473.04769825486375
v -1275.2482332229474 -761.5429057666666 347.6933556539849
v -1275.2482332229474 -761.5429057666666 347.6933556539849
v -1275.2482332229474 -761.5429057666666 347.6933556539849
v -1376.2820179237376 -757.2488283333333 346.80731537167924
v -1376.2820179237376 -757.2488283333333 346.80731537167924
v -1376.2820179237376 -757.2488283333333 346.80731537167924
v -1376.747969275163 -757.2488283333333 500.55483557894627
v -1376.747969275163 -757.2488283333333 500.55483557894627
v -1244.6507611459979 -753.3052878333334 757.9010904675356
v -1244.6507611459979 -753.3052878333334 757.9010904675356
v -1245.4532329178976 -753.3052878333334 496.6627837022272
v -1245.4532329178976 -753.3052878333334 496.6627837022272
v -1251.277624810718 -753.3052878333334 775.8032602745004
v -1251.277624810718 -753.3052878333334 775.8032602745004
v -1251.277624810718 -753.3052878333334 775.8032602745004
v -1376.2820179237376 -753.3052878333334 777.8182477210453
v -1376.2820179237376 -753.3052878333334 777.8182477210453
v -1376.2820179237376 -753.3052878333334 777.8182477210453
v -1250.3457221078668 -751.9031401 473.04769825486375
v -1250.3457221078668 -751.9031401 473.04769825486375
v -1275.2482332229474 -751.6402374 347.6933556539849
v -1275.2482332229474 -751.6402374 347.6933556539849
v -1275.2482332229474 -751.6402374 347.6933556539849
v -1376.2820179237376 -737.0929546666667 346.80731537167924
v -1376.2820179237376 -737.0929546666667 346.80731537167924
v -1376.2820179237376 -737.0929546666667 346.80731537167924
v -1328.884411009275 1.1378269333333333 654.2910030404329
v -1350.1887422439024 1.1378269333333333 677.6875622080843
v -1351.9231167186533 1.1378269333333333 698.6207268644166
v 254.00410215596014 781.2577720666667 269.9318682802874
v 287.1643066657506 812.0173879666667 257.9497885274376
v 311.08314270559947 869.6807134999999 249.31144344112704
v 253.07219945310888 972.7385719000001 269.9318682802874
v 329.3070177835795 1025.4943803666667 236.77197325528024
v -1328.884411009275 -4.7336667 654.2910030404329
v -1350.1887422439024 -4.7336667 677.9032503013511
v -1351.9231167186533 -4.7336667 698.6207268644166
v 131.43301054482995 -1083.9492502 322.78981362098506
v 131.43301054482995 -1083.9492502 322.78981362098506
v 131.43301054482995 -1083.9492502 322.78981362098506
v 131.7177585929234 -1083.1605421000002 326.7897104241226
v 131.7177585929234 -1083.1605421000002 326.7897104241226
v 131.7177585929234 -1083.1605421000002 326.7897104241226
v 240.28442347509446 -1073.0826052666666 249.8001622550999
v 240.28442347509446 -1073.0826052666666 249.8001622550999
v 240.46562677842664 -1072.2938971666667 254.10144612962898
v 240.46562677842664 -1072.2938971666667 254.10144612962898
v 239.7149273789076 -979.0510729 255.20315251057627
v 131.9248480824459 -950.4823128333334 326.5859319805479
v 131.9248480824459 -950.4823128333334 326.5859319805479
v 131.9248480824459 -950.4823128333334 326.5859319805479
v 132.20959613053932 953.5466748000001 326.5859319805479
v 132.20959613053932 953.5466748000001 326.5859319805479
v 132.20959613053932 953.5466748000001 326.5859319805479
v 240.3879682198557 974.7541592666666 249.78425134317817
v 240.49151296461696 1060.7233421666667 249.8001622550999
v 240.49151296461696 1060.7233421666667 249.8001622550999
v 240.46562677842664 1061.4244160333333 254.10144612962898
v 240.46562677842664 1061.4244160333333 254.10144612962898
v 132.00250664101682 1082.5442662666667 326.7897104241226
v 132.00250664101682 1082.5442662666667 326.7897104241226
v 132.00250664101682 1082.5442662666667 326.7897104241226
v 131.69187240673307 1083.3329743666668 322.78981362098506
v 131.69187240673307 1083.3329743666668 322.78981362098506
v 131.69187240673307 1083.3329743666668 322.78981362098506
v -1373.9522611666093 -57.3142067 347.1808157810575
v -1373.9522611666093 -57.051304 421.7126475712212
v -1374.495871076606 52.05331650000001 347.1808157810575
v -1374.495871076606 52.05331650000001 422.6270450839975
v -352.8716468897286 -57.8400121 583.122773221924
v -352.9751916344898 -57.8400121 589.811404751002
v -352.8716468897286 -46.0093906 583.122773221924
v -352.9751916344898 -46.0093906 589.811404751002



g Mesh2
usemtl RED
f 29  5 35
f  7 35  5
f 35  7 37
f 10 37  7
f 37 10 40
f 55 53 40
f  9 11 39
f 42 39 11
f 39 42 56
f 58 56 42
f  3 36  6
f 38  6 36
f  6 38  8
f 41  8 38
f  8 41 12
f 23 46 26
f 48 26 46
f 26 48 28
f 50 28 48
f 28 50 33
f 52 33 50
f 33 52 36
f 54 36 52
f 36 54 38
f 57 38 54
f 38 57 41
f  3 33 36
f  2 32  4
f  2 30 32
f 29  1  5
f 46 23 44
f 33 22 18
f 31 21 34
f 31 20 21
f 24 15 25
f 17 25 15
f 25 17 27
f 19 27 17
f 27 19 29
f 33 18 28
f 16 28 18
f 28 16 26
f 14 26 16
f 26 14 23
f 13 15 24
f 40 53 37
f 51 37 53
f 37 51 35
f 49 35 51
f 35 49 29
f 47 29 49
f 29 47 27
f 45 27 47
f 27 45 25
f 43 25 45
f 25 43 24
g Mesh3
usemtl RED
f 74 75 71
f 77 71 75
f 71 77 69
f 82 69 77
f 69 82 64
f 86 64 82
f 64 86 65
f 83 65 86
f 65 83 67
f 79 67 83
f 67 79 61
f 62 80 68
f 84 68 80
f 68 84 66
f 85 66 84
f 66 85 63
f 81 63 85
f 63 81 70
f 78 70 81
f 70 78 72
f 76 72 78
f 72 76 59
f 73 59 76
f 60 74 71
g Mesh4
usemtl RED
f 114 105 102
f 111 102 105
f 102 111 108
f 95 108 111
f 108 95 91
f 94 88 90
f 94 92 88
f 93 96 112
f 99 110 106
f 93 112 100
f 113 100 104
f 100 113 118
f 115 114 102
f 103 117 116
f 103 97 117
f 101 109 98
f 107 87 97
f 107 89 87
g Mesh5
usemtl RED
f 134 131 128
f 131 134 139
f 129 138 136
f 138 129 130
f 135 133 137
f 133 135 123
f 123 135 122
f 136 124 120
f 137 123 135
f 125 140 132
f 126 136 120
f 127 121 134
f 121 127 119
g Mesh6
usemtl RED
f 170 164 193
f 173 193 164
f 193 173 354
f 205 354 173
f 354 205 464
f 273 464 205
f 464 273 302
f 456 354 464
f 146 150 163
f 168 163 150
f 163 168 172
f 192 172 168
f 172 192 203
f 352 203 192
f 203 352 454
f 454 458 203
f 459 203 458
f 203 459 272
f 299 272 459
f 701 459 458
f 639 459 701
f 664 459 639
f 712 459 664
f 723 459 712
f 727 459 723
f 719 459 727
f 719 748 459
f 668 665 641
f 640 641 665
f 641 640 706
f 703 706 640
f 702 759 705
f 467 567 701
f 740 701 567
f 701 740 760
f 763 760 740
f 760 763 767
f 781 767 763
f 767 781 786
f 792 790 788
f 785 788 790
f 788 785 783
f 782 783 785
f 783 782 765
f 764 765 782
f 765 764 739
f 773 786 789
f 773 767 786
f 775 768 774
f 775 772 768
f 791 770 776
f 791 787 770
f 784 770 787
f 784 766 770
f 742 770 766
f 770 742 762
f 569 762 742
f 762 569 704
f 464 704 569
f 704 464 642
f 667 642 464
f 765 739 741
f 568 741 739
f 741 568 570
f 470 570 568
f 470 568 468
f 464 569 469
f 464 714 667
f 464 726 714
f 464 730 726
f 464 721 730
f 464 749 721
f 615 624 464
f 631 464 624
f 464 631 749
f 647 749 631
f 749 647 655
f 655 670 749
f 677 749 670
f 749 677 734
f 687 734 677
f 734 687 698
f 688 678 682 694
f 678 669 673 682
f 669 656 660 673
f 656 648 651 660
f 648 632 635 651
f 632 623 627 635
f 615 464 608
f 608 464 596
f 596 464 588
f 588 464 583
f 583 464 590
f 590 464 598
f 633 626 734
f 617 734 626
f 734 617 464
f 610 464 617
f 464 610 598
f 646 734 464
f 580 459 643
f 572 459 580
f 572 576 459
f 692 606 578 465
f 756 752 744
f 736 744 752
f 744 736 716
f 708 716 736
f 716 708 685
f 460 685 708
f 685 460 459
f 287 459 460
f 459 287 336
f 459 604 685
f 576 604 459
f 154 176 179
f 187 179 176
f 179 187 196
f 211 196 187
f 196 211 235
f 287 235 211
f 235 287 460
f 156 153 181
f 180 181 153
f 181 180 198
f 195 198 180
f 198 195 238
f 236 238 195
f 238 236 461
f 178 155 189
f 182 189 155
f 189 182 213
f 197 213 182
f 213 197 289
f 237 289 197
f 289 237 465
f 465 337 289
f 346 337 465 356 355
f 343 459 336
f 348 459 343
f 348 339 459
f 341 464 334
f 201 334 464
f 321 464 327
f 327 464 320
f 320 464 312
f 312 464 304
f 304 464 291
f 247 255 185
f 264 185 255
f 185 264 464
f 279 464 264
f 464 279 291
f 247 185 240
f 222 215 201
f 219 201 215
f 201 219 185
f 228 185 219
f 185 228 240
f 222 201 230
f 230 201 242
f 242 201 249
f 249 201 258
f 258 201 266
f 201 282 266
f 321 314 464
f 305 464 314
f 464 305 201
f 293 201 305
f 201 293 282
f 294 306 309 297
f 306 313 317 309
f 313 322 325 317
f 322 328 330 325
f 328 319 324 330
f 319 311 316 324
f 311 303 307 316
f 303 292 295 307
f 292 280 283 295
f 280 263 268 283
f 263 256 260 268
f 256 248 251 260
f 248 239 243 251
f 239 227 232 243
f 227 220 223 232
f 220 216 217 223
f 216 221 225 217
f 221 229 234 225
f 229 241 245 234
f 241 250 253 245
f 250 257 262 253
f 257 265 270 262
f 265 281 286 270
f 281 294 297 286
f 218 226 233 246 254 261 269 285 298 310 318 326 329 323 315 308 296 284 267 259 252 244 231 224
f 464 209 185
f 278 209 464
f 276 459 207
f 299 459 276
f 171 206 174
f 162 174 166
f 171 174 162
f 148 164 151
f 148 143 164
f 146 157 141
f 163 157 146
f 161 159 158
f 161 165 159
f 143 160 164
f 164 170 151
f 194 191 169
f 351 191 194
f 191 167 169
f 149 169 167
f 169 149 152
f 145 152 149
f 152 145 147
f 142 147 145
f 147 142 144
f 468 457 463
f 453 463 457
f 463 453 455
f 351 455 453
f 455 351 353
f 194 353 351
f 464 302 278
f 184 207 459
f 171 204 206
f 271 206 204
f 206 271 274
f 300 274 271
f 274 300 301
f 275 301 300
f 301 275 277
f 208 277 275
f 277 208 210
f 183 210 208
f 210 183 186
f 184 459 199
f 199 459 332
f 339 332 459
f 425 433 464
f 465 464 433
f 464 465 483
f 476 483 465
f 442 465 433
f 465 442 450
f 441 434 437 445
f 434 426 429 437
f 426 417 421 429
f 417 410 413 421
f 410 402 405 413
f 394 401 341
f 409 341 401
f 341 409 464
f 418 464 409
f 464 418 425
f 394 341 385
f 385 341 378
f 378 341 369
f 369 341 362
f 362 341 358
f 358 341 364
f 396 388 465
f 380 465 388
f 465 380 341
f 371 341 380
f 341 371 364
f 465 341 350
f 350 346 355 356 465
f 396 465 403
f 465 412 403
f 465 419 412
f 465 428 419
f 465 436 428
f 465 443 436
f 465 450 443
f 449 441 445 451
f 408 415 423 432 439 447 452 446 438 430 422 414 406 398 390 381 373 365 360 368 376 383 392 400
f 404 411 416 407
f 411 420 424 416
f 420 427 431 424
f 427 435 440 431
f 435 444 448 440
f 444 449 451 448
f 395 404 407 399
f 387 395 399 391
f 379 387 391 384
f 372 379 384 375
f 363 372 375 367
f 357 363 367 359
f 361 357 359 366
f 370 361 366 374
f 377 370 374 382
f 386 377 382 389
f 393 386 389 397
f 402 393 397 405
f 471 476 465
f 492 464 483
f 492 499 464
f 507 464 499
f 464 507 581
f 515 581 507
f 581 515 523
f 516 508 512 520
f 508 500 504 512
f 500 491 495 504
f 491 484 488 495
f 484 475 479 488
f 471 465 478
f 478 465 486
f 486 465 494
f 494 465 501
f 501 465 510
f 510 465 518
f 465 526 518
f 558 550 581
f 541 581 550
f 581 541 465
f 534 465 541
f 465 534 526
f 558 581 564
f 564 581 555
f 555 581 548
f 548 581 540
f 540 581 532
f 532 581 523
f 524 516 520 527
f 522 530 537 545 554 561 565 559 551 544 535 528 519 511 503 496 487 480 474 482 490 498 506 514
f 517 525 529 521
f 525 533 538 529
f 533 542 546 538
f 542 549 553 546
f 549 557 562 553
f 557 563 566 562
f 563 556 560 566
f 556 547 552 560
f 547 539 543 552
f 539 531 536 543
f 531 524 527 536
f 509 517 521 513
f 502 509 513 505
f 493 502 505 497
f 485 493 497 489
f 477 485 489 481
f 472 477 481 473
f 475 472 473 479
f 578 574 465
f 581 465 574
f 464 581 646
f 288 338 335
f 345 335 338
f 335 345 344
f 349 344 345
f 344 349 347
f 342 347 349
f 347 342 340
f 333 340 342
f 340 333 331
f 202 331 333
f 331 202 200
f 175 177 188
f 190 188 177
f 188 190 212
f 214 212 190
f 212 214 288
f 290 288 214
f 288 290 338
f 238 461 466
f 466 461 709
f 461 707 709
f 735 709 707
f 709 735 738
f 751 738 735
f 738 751 753
f 778 753 751
f 753 778 780
f 465 710 692
f 737 692 710
f 692 737 717
f 754 717 737
f 717 754 745
f 779 745 754
f 745 779 757
f 777 752 756
f 686 718 715
f 746 715 718
f 715 746 743
f 758 743 746
f 743 758 755
f 459 731 643
f 748 731 459
f 732 733 644
f 645 644 733
f 644 645 579
f 582 579 645
f 579 582 571
f 573 571 582
f 571 573 575
f 577 575 573
f 575 577 603
f 605 603 577
f 603 605 686
f 691 686 605
f 686 691 718
f 734 649 633
f 734 658 649
f 734 671 658
f 734 680 671
f 734 689 680
f 734 698 689
f 697 688 694 699
f 637 653 661 676 684 696 700 693 681 674 659 652 636 628 620 612 600 592 586 594 601 614 622 630
f 634 650 654 638
f 650 657 662 654
f 657 672 675 662
f 672 679 683 675
f 679 690 695 683
f 690 697 699 695
f 625 634 638 629
f 618 625 629 621
f 609 618 621 613
f 597 609 613 602
f 589 597 602 593
f 584 589 593 585
f 587 584 585 591
f 595 587 591 599
f 607 595 599 611
f 616 607 611 619
f 623 616 619 627
f 663 666 711
f 713 711 666
f 711 713 724
f 725 724 713
f 724 725 728
f 729 728 725
f 728 729 720
f 722 720 729
f 720 722 747
f 750 747 722
f 769 771 761
f 761 759 769
f 761 705 759
f 469 462 464
f 468 463 470
f 467 701 458
f 464 462 456
g Mesh7
usemtl RED
f 898 859 848
f 823 848 859
f 848 823 822
f 806 822 823
f 822 806 817
f 797 817 806
f 817 797 810
f 794 810 797
f 810 794 816
f 795 816 794
f 816 795 825
f 807 825 795
f 825 807 853
f 831 853 807
f 879 911 834
f 871 834 911
f 834 871 811
f 842 811 871
f 811 841 803
f 889 836 846
f 814 846 836
f 846 814 827
f 802 827 814
f 827 802 819
f 799 819 802
f 819 799 829
f 803 829 799
f 829 803 842
f 909 926 872
f 913 872 926
f 872 913 841
f 891 841 913
f 841 891 829
f 863 830 891
f 830 863 820
f 941 934 892
f 881 892 934
f 892 881 863
f 856 863 881
f 863 856 819
f 820 856 828
f 915 889 896
f 846 896 889
f 896 846 865
f 827 865 846
f 865 827 856
f 940 937 935
f 900 869 938
f 839 869 900
f 851 907 826
f 873 826 907
f 826 873 815
f 850 815 873
f 815 850 809
f 844 809 850
f 809 844 840
f 833 837 852
f 888 852 837
f 852 888 908
f 914 908 888
f 908 914 922
f 894 875 854
f 935 937 931
f 894 882 936
f 854 882 894
f 921 899 904
f 847 904 899
f 904 847 867
f 821 867 847
f 867 821 840
f 818 840 821
f 840 818 809
f 840 843 870
f 857 870 843
f 870 857 939
f 933 939 857
f 936 932 894
f 858 894 932
f 894 858 875
f 845 875 858
f 877 843 884
f 849 884 843
f 884 849 906
f 874 906 849
f 906 874 924
f 907 924 873
f 855 876 866
f 883 866 876
f 866 883 895
f 905 895 883
f 895 905 916
f 923 916 905
f 930 925 920
f 910 920 925
f 920 910 897
f 880 897 910
f 897 880 861
f 927 928 912
f 917 912 928
f 912 917 890
f 901 890 917
f 890 901 862
f 887 862 901
f 929 919 918
f 903 918 919
f 918 903 902
f 868 902 903
f 902 868 885
f 840 885 867
f 900 886 839
f 938 942 900
f 893 900 942
f 900 893 886
f 864 886 893
f 860 878 824
f 835 824 878
f 824 835 805
f 812 805 835
f 805 812 798
f 804 798 812
f 798 804 793
f 800 793 804
f 793 800 796
f 801 796 800
f 796 801 808
f 813 808 801
f 808 813 832
f 838 832 813
g Mesh8
usemtl RED
f 943 944 945
f 943 944 945
f 945 944 946
f 945 944 946
g Mesh10
usemtl RED
f 1003 980 982
f 1003 1001 980
f 979 1002 977
f 999 977 1002
f 977 999 975
f 997 975 999
f 975 997 969
f 994 969 997
f 969 990 967
f 987 967 990
f 967 987 965
f 985 965 987
f 965 985 964
f 984 964 985
f 948 963 950
f 966 950 963
f 950 966 952
f 968 952 966
f 952 968 954
f 972 954 968
f 954 972 956
f 976 956 972
f 956 976 958
f 978 958 976
f 958 978 962
f 981 962 978
f 963 983 966
f 986 966 983
f 966 986 968
f 988 968 986
f 968 988 972
f 992 972 988
f 973 993 996
f 973 971 993
f 991 970 974
f 991 989 970
f 972 995 976
f 998 976 995
f 976 998 978
f 1000 978 998
f 978 1000 981
f 1004 981 1000
f 982 960 961
f 960 982 980
f 964 947 965
f 949 965 947
f 965 949 967
f 951 967 949
f 967 951 969
f 953 969 951
f 969 953 975
f 955 975 953
f 975 955 977
f 957 977 955
f 977 957 979
f 959 979 957
g Mesh12
usemtl RED
f 1017 1019 1014
f 1020 1018 1011
f 1018 1010 1011
f 1009 1007 1012
f 1009 1005 1007
f 1016 1008 1006
f 1016 1006 1013
f 1019 1015 1014
g Mesh13
usemtl RED
f 1044 1040 1022
f 1031 1042 1045
f 1031 1028 1042
f 1034 1029 1032
f 1035 1025 1027
f 1037 1026 1034
f 1036 1023 1025
f 1044 1022 1037
f 1038 1033 1043
f 1039 1034 1032
f 1024 1021 1041 1030
g Mesh14
usemtl RED
f 1076 1066 1079
f 1076 1064 1066
f 1068 1060 1070
f 1062 1070 1060
f 1070 1062 1072
f 1065 1072 1062
f 1072 1065 1074
f 1085 1098 1082
f 1096 1082 1098
f 1082 1096 1080
f 1094 1080 1096
f 1080 1094 1074
f 1092 1074 1094
f 1074 1092 1072
f 1090 1072 1092
f 1072 1090 1070
f 1088 1070 1090
f 1070 1088 1068
f 1050 1074 1047
f 1046 1075 1078
f 1046 1078 1049
f 1087 1053 1083
f 1051 1083 1053
f 1083 1051 1081
f 1048 1081 1051
f 1081 1048 1077
f 1077 1067 1063
f 1077 1063 1073
f 1061 1073 1063
f 1073 1061 1071
f 1059 1071 1061
f 1071 1059 1069
f 1058 1060 1068
f 1091 1069 1089
f 1069 1091 1071
f 1093 1071 1091
f 1071 1093 1073
f 1095 1073 1093
f 1073 1095 1077
f 1097 1077 1095
f 1077 1097 1081
f 1099 1081 1097
f 1081 1099 1083
f 1102 1083 1099
f 1083 1102 1087
f 1057 1053 1087
f 1103 1100 1086
f 1084 1086 1100
f 1086 1084 1056
f 1055 1056 1084
f 1101 1098 1085
f 1074 1050 1080
f 1052 1080 1050
f 1080 1052 1082
f 1054 1082 1052
f 1082 1054 1085
g Mesh15
usemtl RED
f 1104 1114 1112
f 1105 1111 1115
f 1105 1106 1111
f 1108 1110 1107
f 1108 1112 1110
f 1113 1109 1104
g Mesh16
usemtl RED
f 1118 1123 1119
f 1126 1121 1122
f 1116 1120 1127
f 1117 1118 1119
f 1124 1116 1127
f 1124 1127 1131
f 1131 1126 1130
f 1126 1122 1130
f 1129 1125 1131
f 1125 1129 1128
g Mesh18
usemtl RED
f 1155 1150 1159
f 1156 1141 1154
f 1139 1157 1161
f 1162 1155 1159
f 1163 1158 1146
f 1160 1152 1145
f 1152 1138 1145
f 1151 1154 1141
f 1154 1134 1143 1151
f 1133 1153 1140
f 1153 1149 1140
f 1142 1140 1149
f 1140 1142 1133
f 1137 1138 1135
f 1138 1137 1148
f 1132 1147 1136
f 1147 1132 1139
f 1144 1139 1161
g Mesh19
usemtl RED
f 1208 1186 1189
f 1208 1207 1186
f 1187 1206 1184
f 1204 1184 1206
f 1184 1204 1182
f 1202 1182 1204
f 1182 1202 1180
f 1201 1180 1202
f 1165 1181 1167
f 1183 1167 1181
f 1167 1183 1169
f 1185 1169 1183
f 1169 1185 1171
f 1190 1171 1185
f 1171 1190 1173
f 1193 1173 1190
f 1173 1193 1175
f 1195 1175 1193
f 1175 1195 1178
f 1198 1178 1195
f 1181 1200 1183
f 1203 1183 1200
f 1183 1203 1185
f 1205 1185 1203
f 1185 1205 1190
f 1209 1190 1205
f 1191 1210 1212
f 1191 1188 1210
f 1211 1187 1214
f 1192 1214 1187
f 1214 1192 1216
f 1194 1216 1192
f 1216 1194 1219
f 1196 1219 1194
f 1180 1164 1182
f 1166 1182 1164
f 1182 1166 1184
f 1168 1184 1166
f 1184 1168 1187
f 1170 1187 1168
f 1187 1170 1192
f 1172 1192 1170
f 1192 1172 1194
f 1174 1194 1172
f 1194 1174 1196
f 1177 1196 1174
f 1176 1199 1197
f 1199 1176 1179
f 1221 1197 1199
f 1221 1218 1197
f 1190 1213 1193
f 1215 1193 1213
f 1193 1215 1195
f 1217 1195 1215
f 1195 1217 1198
f 1220 1198 1217
g Mesh20
usemtl RED
f 1223 1229 1253
f 1227 1253 1229
f 1253 1227 1251
f 1225 1251 1227
f 1251 1225 1242
f 1247 1223 1253
f 1248 1241 1222
f 1244 1224 1240
f 1226 1240 1224
f 1240 1226 1241
f 1228 1241 1226
f 1241 1228 1222
f 1235 1252 1250
f 1235 1246 1252
f 1249 1236 1237
f 1234 1237 1236
f 1234 1236 1232
f 1230 1232 1236
f 1238 1233 1231
f 1233 1238 1245
f 1239 1235 1243
f 1243 1235 1250
g Mesh21
usemtl RED
f 1257 1263 1261
f 1256 1254 1264
f 1258 1259 1255
f 1260 1257 1261
f 1259 1262 1255
g Mesh22
usemtl RED
f 1283 1274 1271
f 1282 1284 1273
f 1286 1281 1278
f 1281 1279 1278
f 1280 1283 1271
f 1271 1269 1280
f 1272 1275 1270
f 1275 1266 1270
f 1284 1267 1273
f 1265 1285 1277
f 1268 1265 1277
f 1269 1276 1280
g Mesh23
usemtl RED
f 1290 1305 1291
f 1305 1290 1301
f 1315 1309 1297
f 1293 1297 1309
f 1297 1293 1302
f 1300 1302 1293
f 1302 1300 1289
f 1304 1308 1298
f 1292 1307 1303
f 1292 1303 1287
f 1288 1302 1289
f 1317 1296 1307
f 1317 1316 1296
f 1310 1314 1318
f 1294 1311 1312
f 1310 1318 1313
f 1294 1312 1305
f 1306 1299 1295
g Mesh25
usemtl RED
f 1353 1346 1352
f 1350 1352 1346
f 1352 1350 1357
f 1340 1357 1350
f 1351 1338 1347
f 1343 1347 1338
f 1347 1343 1348
f 1345 1348 1343
f 1348 1345 1353
f 1354 1348 1353
f 1328 1371 1359
f 1376 1360 1372
f 1360 1376 1361
f 1373 1361 1376
f 1361 1373 1366
f 1358 1368 1374
f 1357 1339 1367
f 1345 1343 1341
f 1354 1347 1349
f 1347 1354 1351
f 1351 1355 1338
f 1344 1332 1341
f 1331 1341 1332
f 1345 1342 1350
f 1330 1350 1342
f 1350 1330 1339
f 1323 1339 1330
f 1339 1323 1327
f 1324 1336 1325
f 1337 1324 1322
f 1321 1323 1331
f 1321 1331 1332
f 1329 1319 1333
f 1328 1335 1320
f 1359 1335 1328
f 1334 1337 1322
f 1365 1377 1363
f 1370 1363 1377
f 1363 1370 1355
f 1329 1355 1370
f 1355 1329 1338
f 1333 1338 1329
f 1338 1333 1343
f 1369 1325 1336
f 1326 1367 1339
f 1336 1362 1369
f 1352 1358 1364
f 1357 1374 1364
f 1377 1365 1375
f 1352 1364 1353
f 1363 1353 1364
f 1353 1363 1354
f 1356 1354 1363
f 1354 1356 1351
g Mesh26
usemtl RED
f 1457 1453 1447
f 1443 1447 1453
f 1447 1443 1436
f 1433 1436 1443
f 1436 1433 1428
f 1430 1428 1433
f 1428 1430 1420
f 1453 1454 1443
f 1444 1443 1454
f 1443 1444 1433
f 1435 1433 1444
f 1433 1435 1430
f 1455 1464 1445
f 1459 1445 1464
f 1445 1459 1434
f 1449 1434 1459
f 1434 1449 1439
f 1406 1419 1422
f 1438 1422 1419
f 1422 1438 1442
f 1448 1442 1438
f 1442 1448 1452
f 1458 1452 1448
f 1452 1458 1462
f 1463 1462 1458
f 1462 1463 1467
f 1397 1406 1403
f 1422 1403 1406
f 1403 1422 1425
f 1442 1425 1422
f 1425 1442 1440
f 1452 1440 1442
f 1440 1452 1450
f 1462 1450 1452
f 1450 1462 1461
f 1467 1461 1462
f 1461 1467 1465
f 1434 1439 1429
f 1418 1429 1439
f 1429 1418 1421
f 1413 1421 1418
f 1408 1412 1414
f 1417 1414 1412
f 1414 1417 1420
f 1423 1420 1417
f 1420 1423 1428
f 1432 1428 1423
f 1428 1432 1436
f 1400 1402 1412
f 1410 1412 1402
f 1412 1410 1417
f 1415 1417 1410
f 1417 1415 1423
f 1427 1423 1415
f 1423 1427 1432
f 1379 1378 1384
f 1383 1384 1378
f 1384 1383 1395
f 1393 1395 1383
f 1395 1393 1405
f 1403 1405 1393
f 1405 1403 1425
f 1378 1381 1383
f 1387 1383 1381
f 1383 1387 1393
f 1397 1393 1387
f 1393 1397 1403
f 1446 1466 1456
f 1413 1418 1407
f 1413 1407 1409
f 1407 1396 1409
f 1386 1409 1396
f 1409 1386 1401
f 1382 1401 1386
f 1401 1382 1391
f 1402 1399 1410
f 1400 1412 1408
f 1400 1390 1402
f 1392 1402 1390
f 1402 1392 1399
f 1389 1399 1392
f 1466 1446 1460
f 1437 1460 1446
f 1460 1437 1451
f 1431 1451 1437
f 1451 1431 1441
f 1426 1441 1431
f 1441 1426 1424
f 1416 1424 1426
f 1424 1416 1404
f 1411 1404 1416
f 1404 1411 1394
f 1398 1394 1411
f 1394 1398 1385
f 1388 1385 1398
f 1385 1388 1380
g Mesh27
usemtl RED
f 1470 1468 1478
f 1469 1472 1477
f 1472 1475 1477
f 1473 1474 1476
f 1473 1471 1474
f 1470 1478 1474
g Mesh28
usemtl RED
f 1931 2027 1856
f 2065 1856 2027
f 1856 2065 1857
f 1964 1857 2065
f 1857 1964 1849
f 1848 1850 1747
f 1848 1962 1850
f 2075 2073 2053
f 2051 2053 2073
f 2053 2051 2036
f 2035 2036 2051
f 2036 2035 2026
f 2024 2026 2035
f 2026 2024 2009
f 2008 2009 2024
f 2009 2008 1963
f 1961 1963 2008
f 1963 1961 1847
f 2038 2040 2049
f 2059 2049 2040
f 2049 2059 2068
f 2066 2068 2059
f 2068 2066 2092
f 2076 2092 2066
f 2092 2076 2084
f 2052 2084 2076
f 2084 2052 2037
f 2037 2025 2084
f 2065 2084 2025
f 2084 2065 2093
f 2083 2093 2065
f 2010 2065 2025
f 2065 2010 1964
f 1856 1927 1931
f 1856 1912 1927
f 1856 1902 1912
f 1856 1890 1902
f 1856 1882 1890
f 1882 1856 1830
f 1856 1824 1830
f 1824 1856 1812
f 1812 1856 1801
f 1801 1856 1792
f 1605 1656 1663
f 1763 1663 1656
f 1663 1763 1856
f 1779 1856 1763
f 1856 1779 1792
f 1849 1744 1857
f 1625 1857 1744
f 1857 1625 1856
f 1663 1856 1625
f 1744 1679 1625
f 1664 1625 1679
f 1625 1664 1598
f 1645 1598 1664
f 1598 1645 1630
f 1846 1746 1745
f 1680 1745 1746
f 1745 1680 1678
f 1666 1678 1680
f 1678 1666 1665
f 1647 1665 1666
f 1665 1647 1646
f 1632 1646 1647
f 1646 1632 1631
f 1613 1631 1632
f 1631 1613 1611
f 1630 1609 1598
f 1592 1598 1609
f 1598 1592 1584
f 1585 1584 1592
f 1584 1585 1579
f 1561 1579 1585
f 1579 1561 1552
f 1553 1552 1561
f 1552 1553 1533
f 1523 1533 1553
f 1533 1523 1538
f 1520 1538 1523
f 1618 1626 1616
f 1634 1616 1626
f 1616 1634 1623
f 1654 1623 1634
f 1634 1626 1648
f 1627 1629 1648
f 1626 1620 1629
f 1620 1626 1619
f 1619 1610 1620
f 1621 1620 1610
f 1620 1621 1629
f 1628 1629 1621
f 1610 1612 1622
f 1634 1648 1652
f 1650 1688 1651
f 1649 1692 1689
f 1708 1689 1692
f 1688 1708 1693
f 1758 1693 1708
f 1693 1758 1741
f 1809 1741 1758
f 1741 1809 1806
f 1837 1806 1809
f 1806 1837 1858
f 1908 1858 1837
f 1858 1908 1940
f 1967 1940 1908
f 1940 1967 2004
f 1996 2004 1967
f 2004 1996 2007
f 1999 2007 1996
f 2007 1999 2013
f 1908 1837 1906
f 1838 1836 1907
f 1836 1838 1810
f 1836 1810 1757
f 1836 1757 1709
f 1836 1709 1692
f 1692 1843 1836
f 1997 1836 1843
f 1836 1997 1991
f 2000 1991 1997
f 1992 2004 2007
f 2007 2013 1992
f 2013 2070 1993
f 2096 2089 2063
f 2070 2063 2089
f 2063 2070 2029
f 2013 2029 2070
f 2029 2013 2001
f 2028 2049 2064
f 2029 1999 2039
f 2000 2041 2039
f 2000 1997 2042
f 2028 2038 2049
f 2058 2060 2040
f 2059 2058 2062
f 2061 2062 2058
f 2062 2061 2075
f 2074 2075 2061
f 2067 2059 2062
f 2057 2061 2058
f 1931 2034 2027
f 2083 2027 2034
f 2027 2083 2065
f 2084 2099 2092
f 2098 2092 2099
f 2092 2098 2096
f 2091 2096 2098
f 2084 2093 2099
f 2107 2099 2093
f 2099 2107 2098
f 2128 2098 2107
f 2098 2128 2091
f 2118 2091 2128
f 2091 2118 2100
f 2129 2100 2118
f 2100 2129 2113
f 2138 2150 2132
f 2131 2132 2150
f 2132 2131 2128
f 2129 2128 2131
f 2128 2129 2118
f 2107 2132 2128
f 2107 2094 2095
f 2082 2095 2094
f 2095 2082 2081
f 2033 2081 2082
f 2081 2033 2016
f 1934 1958 2016 2033
f 2015 1957 1937 1767
f 1959 1936 1956
f 1937 1959 1945
f 1959 1951 1945
f 1959 1968 1951
f 1972 1951 1968
f 1951 1972 1954
f 1960 1954 1972
f 1972 1974 1960
f 1975 1960 1974
f 1960 1975 1969
f 1973 1969 1975
f 1975 1977 1973
f 1979 1973 1977
f 1973 1979 1976
f 1978 1976 1979
f 1979 1980 1978
f 1982 1978 1980
f 1978 1982 1981
f 1983 1981 1982
f 1982 1984 1983
f 1985 1983 1984
f 1983 1985 1988
f 1990 1988 1985
f 1990 1985 1987
f 1989 1990 1987 1986
f 1935 1768 1782 1794 1804 1814 1826 1832 1883 1893 1905 1913 1929
f 1781 1766 1764 1780
f 1655 1769 1765
f 1769 1655 1670 1750
f 1614 1670 1655 1607
f 1669 1615 1661
f 1660 1661 1615 1608 1659
f 1661 1660 1662 1783 1669
f 1659 1662 1660
f 1861 1783 1662 1659
f 1930 1669 1783
f 1669 1930 2015
f 1783 1861 1930
f 2030 1930 1861
f 1930 2030 2015
f 2080 2015 2030
f 1834 2032 1863
f 1834 1994 2031
f 1995 1835 2055
f 1697 2055 1835
f 2055 1697 1635
f 1570 1635 1697
f 1696 1833 1657
f 1833 1862 1657
f 1696 1657 1573
f 1571 1658 1575
f 1659 1608 1578
f 1563 1574 1607 1588
f 1607 1574 1575
f 1563 1575 1574
f 1575 1563 1559
f 1565 1559 1563
f 1559 1565 1557
f 1558 1540 1577
f 1558 1513 1540
f 1508 1511 1560
f 1510 1516 1512
f 1510 1521 1516
f 1522 1509 1537
f 1555 1508 1560
f 1565 1563 1568
f 1588 1568 1563
f 1606 1590 1588
f 1579 1588 1590
f 1588 1579 1567
f 1552 1567 1579
f 1567 1552 1547
f 1533 1547 1552
f 1547 1533 1538
f 1520 1504 1503
f 1505 1496 1503
f 1486 1503 1496
f 1503 1486 1501
f 1497 1501 1486
f 1501 1497 1517
f 1499 1517 1497
f 1517 1499 1519
f 1491 1486 1496
f 1494 1485 1492
f 1687 1548 1591
f 1544 1591 1548
f 1591 1544 1530
f 1529 1530 1544
f 1530 1529 1524
f 1507 1524 1529
f 1524 1507 1495
f 1514 1525 1528
f 1543 1528 1525
f 1528 1543 1527
f 1542 1527 1543
f 1514 1528 1527
f 1545 1597 1542
f 1595 1543 1550
f 1799 1604 1548
f 1596 1549 1603
f 1596 1603 1668
f 2078 1667 1602
f 1667 2078 2022
f 2079 2086 2023
f 2086 2079 2135
f 2134 2077 2002
f 1551 1686 1601
f 1796 1601 1686
f 1601 1796 2077
f 1915 2077 1796
f 2077 1915 2002
f 1797 1687 1684
f 1591 1684 1687
f 1684 1591 1633
f 1530 1633 1591
f 1633 1530 1524
f 1694 1798 1684
f 1495 1491 1524
f 1633 1524 1491
f 1590 1584 1579
f 1607 1606 1588
f 1606 1607 1655
f 1625 1605 1663
f 1605 1625 1590
f 1598 1590 1625
f 1590 1598 1584
f 1553 1561 1554
f 1520 1523 1504
f 1553 1504 1523
f 1504 1553 1496
f 1554 1496 1553
f 1496 1554 1491
f 1566 1491 1554
f 1491 1566 1633
f 1644 1633 1566
f 1633 1644 1694
f 1593 1624 1600
f 1653 1599 1624
f 1599 1653 1677
f 1690 1677 1653
f 1654 1634 1652
f 1653 1651 1688
f 1599 1677 1721
f 1806 1777 1741
f 1691 1741 1777
f 1741 1691 1693
f 1683 1693 1691
f 1693 1683 1688
f 1875 1878 1828
f 1860 1828 1878
f 1828 1860 1691
f 1720 1691 1860
f 1691 1720 1683
f 1677 1683 1720
f 1683 1677 1688
f 1720 1860 1852
f 1870 1899 1875
f 1885 1875 1899
f 1875 1885 1880
f 2004 1880 1885
f 1880 2004 1859
f 1992 1859 2004
f 1859 1992 1853
f 1901 1853 1992
f 1853 1901 1866
f 1916 1866 1901
f 1866 1916 1887
f 1901 1992 2005
f 2070 2005 1992
f 2005 2070 2050
f 2100 2050 2070
f 2050 2100 2113
f 2100 2070 2091
f 2090 2091 2071
f 2090 2097 2091
f 2068 2096 2063
f 2096 2068 2092
f 2067 2062 2075
f 2069 2064 2049
f 2163 2174 2171
f 2163 2179 2174
f 2178 2164 2145
f 2107 2117 2132
f 2138 2132 2117
f 2146 2150 2138
f 2150 2146 2160
f 2162 2160 2146
f 2169 2181 2162
f 2180 2162 2181
f 2162 2180 2160
f 2131 2160 2180
f 2160 2131 2150
f 2190 2198 2192
f 2120 2137 2116
f 2145 2137 2120
f 2145 2120 2178
f 2127 2145 2120
f 2145 2127 2178
f 2178 2120 2127
f 2176 2177 2122
f 2119 2122 2177
f 2107 2095 2115
f 2121 2115 2095
f 2115 2121 2119
f 2123 2119 2121
f 2119 2123 2126
f 2122 2177 2125
f 2095 2081 2108 2121
f 2081 2110 2108
f 2109 2080 2030
f 2101 2110 2031
f 2143 2124 2111
f 2124 2143 2175
f 2174 2142 2151
f 2142 2168 2174
f 2168 2142 2151 2156
f 2112 2102 2144
f 2147 2144 2102
f 2144 2147 2152
f 2165 2152 2147
f 2102 2106 2147
f 2148 2147 2106
f 2147 2148 2165
f 2167 2165 2148
f 2165 2167 2184
f 2186 2184 2167
f 2184 2186 2196
f 2194 2196 2186
f 2196 2194 2205
f 2202 2205 2194
f 2104 1536 2149
f 1518 2149 1536
f 2149 1518 2166
f 1500 2166 1518
f 2166 1500 2187
f 1488 2187 1500
f 2187 1488 2195
f 1481 2195 1488
f 2195 1481 2203
f 1517 1519 1534
f 1535 1534 1519
f 1534 1535 1572
f 1582 1572 1535
f 1576 1539 1572
f 1581 1536 2104
f 1580 1636 1571
f 1581 1879 1637
f 1889 1854 2017
f 2021 2017 1854
f 2017 2021 2044
f 2047 2044 2021
f 2044 2047 2045
f 2048 2045 2047
f 2045 2048 2056
f 2054 1637 2046
f 1639 2046 1637
f 2046 1639 2043
f 1641 2043 1639
f 2043 1641 2018
f 1672 2018 1641
f 2018 1672 2019
f 1673 2019 1672
f 2019 1673 2012
f 1681 2012 1673
f 1855 1888 1674
f 1671 1674 1888
f 1674 1671 1643
f 1640 1643 1671
f 1643 1640 1642
f 1638 1642 1640
f 1642 1638 1636
f 2011 1682 2014
f 1676 2014 1682
f 2014 1676 2020
f 1675 2020 1676
f 1541 1512 1532
f 1512 1516 1532
f 1572 1539 1534
f 1531 1534 1539
f 1534 1531 1517
f 1515 1517 1531
f 1517 1515 1501
f 1503 1502 1515
f 1498 2185 1490
f 2197 1490 2185
f 1490 2197 1483
f 2206 1483 2197
f 2172 2159 2188
f 2003 2006 2088
f 2072 2088 2006
f 2088 2072 2159
f 2192 2159 2072
f 2159 2192 2188
f 2182 2198 2181
f 2190 2181 2198
f 2181 2190 2180
f 2131 2180 2190
f 2131 2190 2130
f 2192 2130 2190
f 2130 2192 2114
f 2072 2114 2192
f 2113 2072 2050
f 1998 2050 2072
f 2050 1998 2005
f 1901 2005 1998
f 2006 1998 2072
f 1998 2006 1917
f 2006 2003 1916
f 2172 2157 2159
f 2140 2159 2157
f 2159 2140 2088
f 2133 2088 2140
f 2088 2133 2003
f 2139 2158 2154
f 2161 2154 2158
f 2161 2153 2154
f 2141 2154 2153
f 2154 2141 2139
f 2087 2139 2141
f 2139 2085 2136
f 1998 1916 1901
f 1866 1887 1864
f 1886 1796 1821
f 1796 1886 1915
f 1694 1684 1633
f 1811 1685 1720
f 1720 1685 1599
f 1811 1720 1852
f 1811 1852 1865
f 1587 1594 1589
f 1599 1589 1594
f 1562 1589 1583
f 1599 1583 1589
f 1583 1599 1644
f 1685 1644 1599
f 1644 1685 1695
f 1811 1695 1685
f 1695 1811 1797
f 1865 1797 1811
f 1797 1865 1822
f 1864 1822 1865
f 1618 1617 1592
f 1586 1592 1617
f 1592 1586 1585
f 1589 1585 1586
f 1585 1589 1561
f 1562 1561 1589
f 1561 1562 1554
f 1583 1554 1562
f 1554 1583 1566
f 1644 1566 1583
f 2193 2200 2189
f 2193 2198 2200
f 2169 2183 2181
f 2158 2173 2161
f 2189 2161 2173
f 2161 2189 2191
f 2200 2191 2189
f 2191 2200 2196
f 2199 2196 2200
f 2196 2199 2184
f 2182 2184 2199
f 2184 2182 2165
f 2169 2165 2182
f 2152 2165 2170 2155
f 2168 2174 2151 2156
f 2201 1479 1482
f 1489 1484 1480
f 2201 1482 2204
f 1489 1480 1487
f 1492 1485 1486
f 1489 1486 1485
f 1486 1489 1497
f 1487 1497 1489
f 1497 1487 1499
f 1489 1485 1493
f 1494 1493 1485
f 1493 1494 1514
f 1506 1514 1494
f 1514 1506 1525
f 1520 1503 1515
f 2101 2056 2105
f 2103 1995 2055
f 2101 2030 1994
f 1879 2104 2054
f 2123 2121 2110
f 2121 2108 2110
f 2115 2108 2121
f 1875 1827 1817
f 1790 1817 1827
f 1875 1828 1827
f 1691 1827 1828
f 1827 1691 1736
f 1772 1736 1691
f 1827 1736 1790
f 1742 1790 1736
f 1772 1691 1776
f 1858 1777 1806
f 1777 1858 1845
f 1940 1845 1858
f 1939 1839 1844
f 1939 1942 1839
f 1899 1924 1885
f 1970 1885 1924
f 1885 1970 2004
f 1944 2004 1970
f 2004 1944 1941
f 1908 1906 1967
f 1953 1967 1906
f 1967 1953 1996
f 1991 1996 1953
f 1996 1991 1999
f 1952 1907 1836
f 1952 1836 1991
f 1970 1924 1966
f 1859 1877 1880
f 1876 1880 1877
f 1737 1770 1743
f 1737 1773 1770
f 1840 1770 1773
f 1770 1840 1851
f 1946 1851 1840
f 1851 1946 1938
f 1839 1774 1775
f 1775 1844 1839
f 1949 1923 1938
f 1841 1938 1923
f 1938 1841 1851
f 1778 1851 1841
f 1851 1778 1770
f 1840 1943 1946
f 1971 1946 1943
f 1971 1965 1946
f 1875 1816 1870
f 1869 1870 1816
f 1870 1869 1900
f 1898 1900 1869
f 1900 1898 1925
f 1918 1925 1898
f 1925 1918 1965
f 1869 1816 1818
f 1789 1818 1816
f 1818 1789 1795
f 1743 1795 1789
f 1742 1754 1795
f 1743 1771 1753
f 1778 1753 1771
f 1841 1784 1778
f 1760 1778 1784
f 1778 1760 1753
f 1807 1753 1760
f 1753 1807 1795
f 1819 1795 1807
f 1795 1819 1818
f 1868 1818 1819
f 1818 1868 1869
f 1898 1869 1868
f 1761 1785 1786
f 1842 1786 1785
f 1786 1842 1921
f 1922 1921 1842
f 1921 1922 1948
f 1787 1808 1762
f 1787 1873 1808
f 1920 1874 1788
f 1909 1872 1919
f 1872 1909 1897
f 1949 1955 1910
f 1918 1910 1955
f 1910 1918 1896
f 1898 1896 1918
f 1896 1898 1868
f 1919 1950 1909
f 1949 1938 1955
f 1947 1955 1938
f 1965 1955 1946
f 1966 1918 1955
f 1867 1871 1897
f 1871 1867 1820
f 1808 1871 1820
f 1609 1618 1592
f 1624 1586 1617
f 1586 1624 1593
f 1529 1526 1507
f 1526 1529 1544
f 1509 1556 1537
f 1564 1537 1556
f 1537 1564 1546
f 1569 1546 1564
f 1574 1568 1563
f 2015 1767 1749 1669
f 1748 1759 1768
f 1759 1748 1740
f 1735 1759 1740
f 1759 1735 1756
f 1751 1734 1755
f 1734 1751 1731
f 1727 1752 1730
f 1752 1727 1739
f 1732 1726 1738
f 1726 1732 1725
f 1719 1733 1724
f 1733 1719 1728
f 1723 1718 1729
f 1718 1723 1715
f 1712 1722 1714
f 1722 1712 1716
f 1711 1713 1717
f 1713 1711 1710
f 1711 1705 1710
f 1705 1711 1707
f 1704 1700 1706
f 1700 1704 1703
f 1702 1700 1703
f 1700 1702 1699
f 1699 1702 1701 1698
f 1793 1781 1780 1791
f 1803 1793 1791 1802
f 1813 1800 1805 1815
f 1823 1813 1815 1825
f 1829 1823 1825 1831
f 1881 1829 1831 1884
f 1892 1881 1884 1894
f 1904 1895 1891 1903
f 1914 1904 1903 1911
f 1928 1914 1911 1926
f 1936 1928 1926 1933
f 1934 2033 1932
g Mesh29
usemtl RED
f 2291 2214 2255
f 2279 2304 2309
f 2304 2279 2290
f 2207 2290 2279
f 2290 2207 2215
f 2209 2218 2213
f 2209 2211 2218
f 2208 2249 2212
f 2280 2249 2208
f 2309 2304 2340
f 2298 2340 2304
f 2340 2298 2334
f 2272 2334 2298
f 2334 2272 2324
f 2242 2324 2272
f 2324 2242 2297
f 2226 2234 2241
f 2260 2241 2234
f 2241 2260 2295
f 2311 2295 2260
f 2295 2311 2318
f 2239 2314 2278
f 2338 2278 2314
f 2278 2338 2308
f 2346 2308 2338
f 2308 2346 2320
f 2349 2320 2346
f 2320 2349 2330
f 2347 2330 2349
f 2330 2347 2321
f 2335 2322 2347
f 2322 2335 2302
f 2312 2302 2335
f 2302 2312 2261
f 2239 2271 2314
f 2288 2269 2251
f 2238 2251 2269
f 2251 2238 2228
f 2222 2228 2238
f 2228 2222 2221
f 2296 2341 2323
f 2354 2323 2341
f 2323 2354 2333
f 2355 2333 2354
f 2333 2355 2339
f 2351 2339 2355
f 2339 2351 2332
f 2344 2332 2351
f 2332 2344 2328
f 2326 2328 2344
f 2328 2326 2300
f 2287 2300 2326
f 2300 2287 2252
f 2296 2316 2341
f 2270 2325 2315
f 2343 2315 2325
f 2315 2343 2337
f 2352 2337 2343
f 2337 2352 2345
f 2356 2345 2352
f 2345 2356 2350
f 2353 2350 2356
f 2350 2353 2348
f 2342 2348 2353
f 2348 2342 2336
f 2317 2336 2342
f 2336 2317 2313
f 2325 2270 2289
f 2340 2331 2309
f 2327 2309 2331
f 2309 2327 2281
f 2301 2281 2327
f 2281 2301 2246
f 2250 2246 2301
f 2246 2250 2230
f 2261 2254 2303
f 2282 2303 2254
f 2303 2282 2321
f 2292 2321 2282
f 2321 2292 2329
f 2284 2329 2292
f 2329 2284 2319
f 2258 2319 2284
f 2319 2258 2307
f 2236 2307 2258
f 2307 2236 2277
f 2223 2277 2236
f 2277 2223 2240
f 2267 2284 2292
f 2267 2257 2284
f 2217 2257 2267
f 2217 2210 2257
f 2249 2256 2212
f 2219 2237 2232
f 2259 2232 2237
f 2232 2259 2248
f 2285 2248 2259
f 2248 2285 2263
f 2229 2231 2245
f 2247 2245 2231
f 2245 2247 2281
f 2264 2281 2247
f 2281 2264 2309
f 2280 2310 2249
f 2262 2249 2310
f 2249 2262 2256
f 2286 2256 2262
f 2231 2229 2220
f 2224 2237 2219
f 2268 2255 2216
f 2305 2291 2274
f 2255 2274 2291
f 2274 2255 2293
f 2268 2293 2255
f 2216 2255 2214
f 2254 2261 2235
f 2275 2283 2266
f 2253 2266 2283
f 2266 2253 2243
f 2233 2243 2253
f 2243 2233 2227
f 2283 2275 2294
f 2272 2225 2242
f 2225 2273 2244
f 2299 2244 2273
f 2244 2299 2265
f 2306 2265 2299
f 2265 2306 2276
g Mesh30
usemtl RED
f 2358 2359 2360
f 2359 2358 2357
g Mesh31
usemtl RED
f 2363 2362 2364
f 2361 2362 2363
f 2361 2362 2363
f 2363 2362 2364
g Mesh32
usemtl RED
f 2365 2366 2367
f 2365 2366 2367
f 2367 2366 2368
f 2367 2366 2368
g Mesh34
usemtl RED
f 2382 2370 2378
f 2393 2370 2382
f 2369 2399 2394
f 2369 2396 2381
f 2375 2369 2381
f 2398 2380 2394
f 2398 2392 2380
f 2389 2380 2392
f 2380 2389 2376
f 2373 2376 2389
f 2376 2373 2372
f 2384 2373 2389
f 2384 2389 2387
f 2384 2387 2385
f 2386 2388 2383
f 2390 2383 2388
f 2383 2390 2374
f 2377 2374 2390
f 2374 2377 2371
f 2377 2390 2379
f 2391 2379 2390
f 2379 2391 2397
f 2379 2397 2395
g Mesh35
usemtl RED
f 2410 2403 2419
f 2410 2400 2403
f 2412 2408 2402
f 2417 2420 2404 2413
f 2401 2414 2405
f 2401 2407 2414
f 2418 2416 2411
f 2409 2411 2416
f 2411 2409 2406
f 2416 2406 2409
f 2406 2416 2415
g Mesh36
usemtl RED
f 2441 2432 2430
f 2441 2443 2432
f 2431 2444 2427
f 2439 2427 2444
f 2427 2439 2424
f 2436 2424 2439
f 2422 2423 2435
f 2422 2435 2434
f 2425 2421 2433
f 2425 2433 2438
f 2426 2437 2428
f 2440 2428 2437
f 2428 2440 2429
f 2442 2429 2440
g Mesh37
usemtl RED
f 2446 2453 2452
f 2445 2459 2454
f 2459 2445 2451
f 2460 2452 2453
f 2449 2458 2447
f 2457 2450 2455
f 2450 2448 2455
f 2458 2456 2447
g Mesh38
usemtl RED
f 2464 2461 2462
f 2464 2461 2462
f 2461 2464 2463
f 2464 2463 2461
g Mesh39
usemtl RED
f 2466 2465 2468
f 2467 2468 2465
f 2468 2467 2470
f 2469 2470 2467
g Mesh40
usemtl RED
f 2474 2472 2471
f 2474 2471 2473
g Mesh41
usemtl RED
f 2489 2495 2479
f 2498 2495 2489
f 2497 2499 2493
f 2497 2493 2494
f 2493 2491 2494
f 2493 2486 2491
f 2484 2492 2475
f 2477 2475 2492
f 2481 2488 2500 2496
f 2500 2488 2502
f 2487 2502 2488
f 2502 2487 2504
f 2507 2504 2487
f 2507 2487 2485
f 2476 2506 2483
f 2482 2501 2478
f 2503 2478 2501
f 2478 2503 2476
f 2505 2476 2503
f 2476 2505 2506
f 2492 2480 2477
f 2480 2492 2490
g Mesh42
usemtl RED
f 2523 2528 2519
f 2533 2519 2528
f 2519 2533 2515
f 2541 2515 2533
f 2534 2530 2526
f 2524 2511 2521
f 2536 2521 2511
f 2521 2536 2529
f 2539 2529 2536
f 2529 2539 2527
f 2535 2540 2537
f 2535 2537 2543
f 2524 2509 2511
f 2517 2513 2510
f 2538 2512 2542
f 2516 2542 2512
f 2542 2516 2532
f 2514 2532 2516
f 2517 2510 2508
f 2518 2525 2522
f 2518 2522 2520
f 2534 2526 2531
g Mesh43
usemtl RED
f 2545 2546 2547
f 2546 2545 2544
g Mesh44
usemtl RED
f 2551 2548 2549
f 2551 2550 2548
g Mesh45
usemtl RED
f 2553 2555 2552
f 2552 2555 2554
f 2554 2555 2557
f 2554 2557 2556
g Mesh46
usemtl RED
f 2561 2558 2559
f 2559 2561 2558
f 2558 2561 2560
f 2561 2560 2558
g Mesh47
usemtl RED
f 2569 2580 2573
f 2577 2573 2580
f 2573 2577 2562
f 2585 2562 2577
f 2581 2578 2576
f 2575 2576 2578
f 2576 2575 2584
f 2583 2584 2575
f 2579 2566 2574
f 2571 2574 2566
f 2574 2571 2582
f 2565 2582 2571
f 2567 2568 2570
f 2572 2570 2568
f 2570 2572 2564
f 2563 2564 2572
g Mesh48
usemtl RED
f 2586 2587 2588
f 2588 2587 2589
g Mesh49
usemtl RED
f 2596 2605 2592
f 2605 2596 2601
f 2597 2602 2599
f 2594 2602 2597
f 2595 2598 2593
f 2591 2593 2598
f 2604 2600 2603
f 2604 2606 2600
f 2607 2592 2605
f 2607 2590 2592
g Mesh50
usemtl RED
f 2609 2611 2622
f 2627 2623 2610
f 2627 2610 2614
f 2630 2626 2615
f 2630 2615 2619
f 2629 2631 2618
f 2629 2618 2617
f 2616 2625 2628
f 2616 2613 2625
f 2612 2621 2624
f 2612 2608 2621
f 2609 2622 2620
g Mesh51
usemtl RED
f 2634 2633 2632
f 2633 2634 2635
g Mesh52
usemtl RED
f 2637 2638 2639
f 2638 2637 2636
g Mesh53
usemtl RED
f 2642 2652 2644
f 2642 2653 2652
f 2647 2654 2640
f 2654 2647 2648
f 2643 2648 2647
f 2643 2650 2648
f 2651 2655 2649
f 2641 2645 2646
g Mesh54
usemtl RED
f 2658 2656 2659
f 2659 2656 2657
g Mesh55
usemtl RED
f 2663 2660 2661
f 2662 2660 2663
g Mesh56
usemtl RED
f 2664 2675 2666
f 2673 2675 2664
f 2668 2672 2665
f 2671 2672 2668
f 2670 2669 2674
f 2674 2669 2667
g Mesh57
usemtl RED
f 2676 2679 2678
f 2679 2676 2677
f 2679 2678 2676
f 2679 2676 2677
g Mesh58
usemtl RED
f 2686 2700 2681
f 2697 2681 2700
f 2681 2697 2684
f 2691 2684 2697
f 2718 2689 2698
f 2689 2718 2728
f 2732 2728 2718
f 2729 2731 2716
f 2731 2725 2715
f 2707 2715 2725
f 2715 2707 2701
f 2705 2701 2707
f 2701 2705 2695
f 2735 2732 2719
f 2721 2735 2719
f 2733 2727 2723
f 2717 2723 2727
f 2723 2717 2711
f 2709 2711 2717
f 2711 2709 2708
f 2704 2708 2709
f 2708 2704 2703
f 2696 2703 2704
f 2703 2696 2693
f 2680 2693 2696
f 2693 2680 2682
f 2694 2683 2701
f 2682 2692 2701
f 2690 2715 2701
f 2690 2730 2715
f 2725 2714 2707
f 2710 2707 2714
f 2707 2710 2705
f 2703 2705 2710
f 2705 2703 2694
f 2710 2713 2711
f 2731 2734 2724
f 2722 2724 2734
f 2724 2722 2713
f 2712 2713 2722
f 2708 2710 2711
f 2708 2703 2710
f 2709 2706 2704
f 2702 2704 2706
f 2704 2702 2696
f 2685 2696 2702
f 2696 2685 2680
f 2702 2727 2687
f 2702 2717 2727
f 2702 2706 2717
f 2709 2717 2706
f 2699 2688 2726
f 2720 2699 2726
g Mesh59
usemtl RED
f 2738 2737 2739
f 2736 2737 2738
f 2736 2737 2738
f 2738 2737 2739
g Mesh60
usemtl RED
f 2741 2743 2742
f 2745 2742 2743
f 2742 2745 2744
f 2747 2744 2745
f 2744 2747 2746
f 2741 2742 2740
g Mesh61
usemtl RED
f 2748 2751 2750
f 2751 2748 2749
g Mesh62
usemtl RED
f 2754 2758 2756
f 2759 2761 2757
f 2754 2756 2753
f 2752 2760 2755
g Mesh63
usemtl RED
f 2765 2767 2762
f 2768 2766 2764
f 2768 2771 2766
f 2769 2763 2770
g Mesh64
usemtl RED
f 2772 2775 2774
f 2775 2772 2773
g Mesh65
usemtl RED
f 2780 2779 2778
f 2781 2779 2780
f 2778 2779 2777
f 2778 2777 2776
g Mesh66
usemtl RED
f 2793 2788 2791
f 2782 2785 2787
f 2789 2787 2785
f 2787 2789 2790
f 2792 2790 2789
f 2791 2788 2786
f 2788 2784 2786
f 2786 2784 2783
g Mesh67
usemtl RED
f 2804 2801 2803
f 2803 2801 2798
f 2805 2802 2800
f 2799 2800 2802
f 2800 2799 2796
f 2795 2796 2799
f 2801 2797 2798
f 2798 2797 2794
g Mesh68
usemtl RED
f 2809 2808 2806
f 2809 2808 2806
f 2809 2806 2807
f 2807 2809 2806
g Mesh69
usemtl RED
f 2810 2813 2812
f 2813 2810 2811
g Mesh70
usemtl RED
f 2814 2815 2816
f 2817 2816 2815
f 2816 2817 2818
f 2819 2818 2817
g Mesh71
usemtl RED
f 2827 2840 2829
f 2840 2827 2839
f 2824 2839 2827
f 2824 2837 2839
f 2820 2836 2825
f 2836 2820 2833
f 2822 2832 2821
f 2822 2835 2832
f 2826 2834 2823
f 2834 2826 2838
f 2830 2838 2826
f 2830 2842 2838
f 2843 2831 2828
f 2843 2828 2841
g Mesh72
usemtl RED
f 2873 2865 2868
f 2859 2868 2865
f 2868 2859 2863
f 2854 2863 2859
f 2863 2854 2858
f 2849 2858 2854
f 2858 2849 2851
f 2848 2851 2849
f 2851 2848 2846
f 2882 2876 2874
f 2871 2874 2876
f 2874 2871 2869
f 2868 2869 2871
f 2869 2868 2867
f 2863 2867 2868
f 2867 2863 2861
f 2858 2861 2863
f 2861 2858 2857
f 2851 2857 2858
f 2857 2851 2852
f 2846 2852 2851
f 2852 2846 2845
f 2870 2866 2864
f 2862 2864 2866
f 2864 2862 2860
f 2856 2860 2862
f 2860 2856 2855
f 2853 2855 2856
f 2855 2853 2850
f 2847 2850 2853
f 2844 2847 2853
f 2864 2872 2870
f 2877 2870 2872
f 2870 2877 2875
f 2879 2875 2877
f 2875 2879 2881
f 2882 2883 2876
f 2878 2876 2883
f 2876 2878 2871
f 2873 2871 2878
f 2871 2873 2868
f 2883 2880 2878
g Mesh73
usemtl RED
f 2888 2892 2884
f 2894 2887 2900
f 2895 2900 2887
f 2900 2895 2911
f 2904 2911 2895
f 2908 2909 2902
f 2905 2902 2909
f 2902 2905 2885
f 2896 2885 2905
f 2885 2896 2889
f 2903 2886 2922
f 2925 2924 2884
f 2923 2927 2920
f 2927 2917 2920
f 2926 2916 2917
f 2916 2926 2899
f 2925 2884 2898
f 2891 2898 2884
f 2890 2914 2897
f 2890 2901 2914
f 2893 2901 2890
f 2891 2884 2892
f 2901 2913 2914
f 2906 2910 2912
f 2907 2912 2910
f 2912 2907 2915
f 2918 2915 2907
f 2907 2921 2918
f 2922 2919 2903
g Mesh74
usemtl RED
f 2928 2934 2938 2930
f 2983 2975 2967 2958 2951 2943 2935 2929 2932 2941 2949 2956 2965 2973 2981 2989 2997 3005 3012 3021 3015 3007 2999 2991
f 2974 2982 2986 2978
f 2982 2990 2994 2986
f 2990 2998 3003 2994
f 2998 3006 3011 3003
f 3006 3014 3018 3011
f 3014 3020 3022 3018
f 3020 3013 3017 3022
f 3013 3004 3009 3017
f 3004 2996 3000 3009
f 2996 2988 2993 3000
f 2988 2980 2985 2993
f 2980 2972 2977 2985
f 2972 2964 2968 2977
f 2964 2957 2960 2968
f 2957 2948 2952 2960
f 2948 2940 2945 2952
f 2940 2933 2937 2945
f 2933 2928 2930 2937
f 2979 2987 2995 3002 3010 3019 3023 3016 3008 3001 2992 2984 2976 2969 2961 2953 2944 2936 2931 2939 2947 2954 2963 2970
f 2934 2942 2946 2938
f 2942 2950 2955 2946
f 2950 2959 2962 2955
f 2959 2966 2971 2962
f 2966 2974 2978 2971
g Mesh75
usemtl RED
f 3026 3034 3032
f 3040 3032 3034
f 3032 3040 3038
f 3048 3038 3040
f 3038 3048 3046
f 3050 3046 3048
f 3046 3050 3054
f 3058 3054 3050
f 3054 3058 3061
f 3063 3061 3058
f 3061 3063 3067
f 3070 3067 3063
f 3067 3070 3071
f 3064 3057 3068
f 3062 3068 3057
f 3068 3062 3066
f 3059 3066 3062
f 3056 3055 3062 3057
f 3051 3055 3056 3057
f 3047 3055 3051 3049
f 3044 3053 3047
f 3071 3065 3067
f 3060 3067 3065
f 3067 3060 3061
f 3052 3061 3060
f 3061 3052 3054
f 3045 3054 3052
f 3054 3045 3046
f 3037 3046 3045
f 3046 3037 3038
f 3031 3038 3037
f 3038 3031 3032
f 3024 3032 3031
f 3032 3024 3026
f 3044 3047 3042 3039
f 3039 3042 3047 3043 3041
f 3047 3049 3041 3043
f 3025 3030 3027
f 3033 3027 3030
f 3027 3033 3028
f 3035 3028 3033
f 3044 3039 3036
f 3030 3036 3033
f 3039 3033 3036
f 3033 3039 3035
f 3041 3035 3039
f 3029 3034 3026
f 3071 3073 3065
f 3047 3053 3055
f 3059 3055 3053
f 3055 3059 3062
f 3066 3074 3068
f 3072 3068 3074
f 3068 3072 3064
f 3069 3064 3072
g Mesh76
usemtl RED
f 3076 3082 3090
f 3086 3090 3082
f 3090 3086 3098
f 3100 3098 3086
f 3098 3100 3103
f 3102 3101 3097
f 3087 3097 3101
f 3097 3087 3091
f 3083 3091 3087
f 3091 3083 3075
f 3095 3087 3101
f 3084 3087 3095
f 3086 3085 3094
f 3095 3089 3084
f 3085 3088 3094
f 3086 3094 3100
f 3099 3104 3092
f 3104 3080 3092
f 3105 3078 3077
f 3091 3075 3078
f 3090 3079 3076
f 3081 3105 3093
f 3093 3105 3096
g Mesh77
usemtl RED
f 3112 3113 3110
f 3114 3106 3108
f 3111 3109 3107
g Mesh78
usemtl RED
f 3115 3116 3117
f 3117 3116 3118
g Mesh79
usemtl RED
f 3122 3119 3120
f 3121 3119 3122
g Mesh80
usemtl RED
f 3125 3123 3126
f 3126 3123 3124
g Mesh81
usemtl RED
f 3139 3140 3141
f 3139 3135 3140
f 3132 3136 3138
f 3136 3132 3128
f 3132 3127 3128
f 3127 3131 3133
f 3131 3142 3134
f 3131 3137 3142
f 3127 3133 3129
f 3130 3129 3133
g Mesh82
usemtl RED
f 3191 3184 3185 3194
f 3228 3220 3212 3204 3196 3188 3179 3171 3163 3156 3148 3144 3151 3160 3167 3175 3183 3192 3200 3208 3215 3223 3232 3236
f 3219 3227 3229 3222
f 3227 3235 3237 3229
f 3235 3231 3233 3237
f 3231 3224 3225 3233
f 3224 3216 3217 3225
f 3216 3207 3210 3217
f 3207 3199 3202 3210
f 3199 3191 3194 3202
f 3221 3230 3238 3234 3226 3218 3209 3201 3193 3186 3178 3170 3162 3154 3146 3150 3158 3165 3173 3182 3189 3198 3206 3213
f 3184 3176 3177 3185
f 3176 3168 3169 3177
f 3168 3159 3161 3169
f 3159 3152 3153 3161
f 3152 3143 3145 3153
f 3143 3147 3149 3145
f 3147 3155 3157 3149
f 3155 3164 3166 3157
f 3164 3172 3174 3166
f 3172 3180 3181 3174
f 3180 3187 3190 3181
f 3187 3195 3197 3190
f 3195 3203 3205 3197
f 3203 3211 3214 3205
f 3211 3219 3222 3214
g Mesh83
usemtl RED
f 3243 3240 3242
f 3240 3241 3242
f 3241 3240 3239
g Mesh84
usemtl RED
f 3253 3244 3246
f 3245 3254 3259
f 3259 3250 3245
f 3250 3259 3260
f 3260 3251 3250
f 3257 3252 3261
f 3248 3252 3257
f 3256 3249 3258
f 3249 3256 3247
f 3246 3255 3253
g Mesh85
usemtl RED
f 3265 3262 3274
f 3274 3262 3272
f 3271 3278 3268
f 3276 3268 3278
f 3268 3276 3266
f 3273 3266 3276
f 3266 3273 3263
f 3271 3281 3278
f 3264 3277 3267
f 3279 3267 3277
f 3267 3279 3269
f 3280 3269 3279
f 3269 3280 3270
f 3275 3277 3264
g Mesh86
usemtl RED
f 3319 3315 3311
f 3318 3315 3319
f 3298 3314 3316
f 3314 3298 3296
f 3295 3297 3300
f 3317 3301 3299
f 3301 3317 3320
f 3320 3302 3301
f 3319 3306 3303
f 3311 3306 3319
f 3308 3293 3289
f 3300 3288 3292
f 3288 3300 3285
f 3300 3284 3285
f 3301 3302 3283
f 3307 3282 3304
f 3282 3307 3286
f 3290 3293 3312
f 3308 3312 3293
f 3312 3308 3305
f 3287 3305 3308
f 3287 3308 3289
f 3291 3300 3292
f 3300 3291 3295
f 3309 3294 3290
f 3294 3309 3313
f 3311 3315 3310
f 3290 3312 3309
g Mesh87
usemtl RED
f 3347 3327 3322
f 3324 3323 3329
f 3321 3325 3365
f 3352 3365 3325
f 3352 3361 3365
f 3332 3360 3354
f 3332 3350 3360
f 3337 3350 3332
f 3355 3351 3335
f 3351 3355 3363
f 3366 3364 3356
f 3365 3358 3362
f 3358 3365 3361
f 3360 3350 3359
f 3351 3363 3357
f 3356 3344 3366
f 3355 3335 3345
f 3338 3339 3346
f 3340 3336 3342
f 3333 3342 3336
f 3342 3333 3331
f 3324 3330 3334
f 3330 3324 3329
f 3331 3328 3342
f 3353 3326 3334
f 3341 3343 3348
f 3348 3346 3339
f 3349 3366 3344
f 3367 3347 3322
g Mesh88
usemtl RED
f 3394 3373 3393
f 3368 3393 3373
f 3393 3368 3391
f 3370 3391 3368
f 3391 3370 3388
f 3374 3388 3370
f 3388 3374 3387
f 3377 3387 3374
f 3387 3377 3384
f 3378 3384 3377
f 3384 3378 3380
f 3392 3372 3395
f 3372 3392 3369
f 3390 3369 3392
f 3369 3390 3371
f 3389 3371 3390
f 3371 3389 3375
f 3386 3375 3389
f 3375 3386 3376
f 3385 3376 3386
f 3376 3385 3379
f 3382 3379 3385
f 3379 3382 3381
f 3383 3384 3380
g Mesh89
usemtl RED
f 3399 3398 3396
f 3399 3396 3397
g Mesh90
usemtl RED
f 3403 3401 3404
f 3407 3404 3401
f 3404 3407 3409
f 3411 3409 3407
f 3409 3411 3413
f 3414 3413 3411
f 3413 3414 3416
f 3418 3416 3414
f 3416 3418 3423
f 3421 3423 3418
f 3423 3421 3424
f 3423 3424 3426
f 3429 3426 3424
f 3426 3429 3431
f 3433 3431 3429
f 3431 3433 3434
f 3437 3434 3433
f 3434 3437 3438
f 3443 3438 3437
f 3438 3443 3440
f 3441 3442 3439
f 3436 3439 3442
f 3439 3436 3435
f 3432 3435 3436
f 3435 3432 3430
f 3428 3430 3432
f 3430 3428 3427
f 3425 3427 3428
f 3427 3425 3422
f 3425 3420 3422
f 3419 3422 3420
f 3422 3419 3417
f 3415 3417 3419
f 3417 3415 3412
f 3410 3412 3415
f 3412 3410 3408
f 3406 3408 3410
f 3408 3406 3405
f 3400 3405 3406
f 3405 3400 3402
g Mesh91
usemtl RED
f 3444 3447 3445
f 3444 3446 3447
g Mesh92
usemtl RED
f 3456 3451 3455
f 3450 3455 3451
f 3455 3450 3453
f 3449 3453 3450
f 3448 3457 3454
f 3457 3448 3452
g Mesh93
usemtl RED
f 3491 3489 3470
f 3481 3470 3489
f 3470 3481 3466
f 3480 3466 3481
f 3466 3480 3463
f 3484 3463 3480
f 3463 3484 3469
f 3464 3467 3465
f 3458 3465 3467
f 3465 3458 3473
f 3474 3473 3458
f 3462 3458 3467
f 3461 3477 3459
f 3477 3461 3488
f 3468 3486 3460
f 3486 3468 3483
f 3485 3478 3487
f 3478 3485 3479
f 3482 3478 3479
f 3478 3482 3490
f 3466 3472 3470
f 3459 3494 3475
f 3477 3494 3459
f 3478 3492 3496
f 3492 3478 3490
f 3491 3470 3472
f 3471 3495 3493
f 3495 3471 3476
g Mesh94
usemtl RED
f 3498 3499 3497
g Mesh95
usemtl RED
f 3504 3503 3502
f 3501 3502 3503
f 3501 3503 3500
g Mesh96
usemtl RED
f 3507 3506 3505
g Mesh97
usemtl RED
f 3517 3511 3514
f 3516 3521 3512
f 3518 3521 3516
f 3513 3519 3508
f 3515 3509 3520
f 3514 3511 3510
g Mesh98
usemtl RED
f 3526 3531 3529
f 3533 3531 3526
f 3535 3523 3532
f 3524 3534 3527
f 3530 3522 3528
f 3528 3522 3525
g Mesh99
usemtl RED
f 3538 3539 3537 3536
g Mesh100
usemtl RED
f 3543 3540 3541
f 3542 3540 3543
