mtllib material.mtl

v -1754.0580759532806 71.8532595 252.23532196629168
v -1754.0580759532806 71.8532595 252.23532196629168
v -1754.0580759532806 71.8532595 260.6279797910297
v -1754.0580759532806 71.8532595 260.6279797910297
v -1763.04233342494 71.8532595 247.74288162957316
v -1763.04233342494 71.8532595 265.12039553299985
v -1774.0528276880798 71.8532595 248.80983034369632
v -1774.0528276880798 71.8532595 264.05347141362506
v -1782.9988542768808 71.8532595 253.73511759210754
v -1782.9988542768808 71.8532595 253.73511759210754
v -1782.9988542768808 71.8532595 259.12818416521384
v -1782.9988542768808 71.8532595 259.12818416521384
v -1545.6615334936448 142.2886025 166.24715583465735
v -1545.6615334936448 142.2886025 166.24715583465735
v -1549.140543833734 142.2886025 157.2382116594169
v -1549.140543833734 142.2886025 175.25549989803764
v -1554.4928674338714 142.2886025 153.93776170510563
v -1554.4928674338714 142.2886025 178.55594985234887
v -1580.2222515973892 142.2886025 162.05052637446326
v -1580.2222515973892 142.2886025 162.05052637446326
v -1580.2222515973892 142.2886025 170.44318518299124
v -1580.2222515973892 142.2886025 170.44318518299124
v -1689.8301927516318 782.327645 240.48571513129082
v -1689.8301927516318 782.327645 240.48571513129082
v -1693.3092030917212 782.327645 231.4773956626589
v -1693.3092030917212 782.327645 249.49465832274132
v -1698.6615266918586 782.327645 228.1762954232008
v -1698.6615266918586 782.327645 252.79510827705258
v -1724.390910855376 782.327645 236.2896857829569
v -1724.390910855376 782.327645 236.2896857829569
v -1724.390910855376 782.327645 236.2896857829569
v -1724.390910855376 782.327645 244.68236918623325
v -1724.390910855376 782.327645 244.68236918623325
v -1724.390910855376 782.327645 244.68236918623325
v -1732.304703607008 782.327645 231.79664533437824
v -1732.304703607008 782.327645 249.17478394441343
v -1743.2769669872896 782.327645 232.86421875510993
v -1743.2769669872896 782.327645 248.10783523029028
v -1752.2229935760909 782.327645 237.78950600352113
v -1752.2229935760909 782.327645 237.78950600352113
v -1752.2229935760909 782.327645 243.1825479818791
v -1752.2229935760909 782.327645 243.1825479818791
v -1693.2327413260048 850.1904125 240.48571513129082
v -1693.2327413260048 850.1904125 240.48571513129082
v -1696.7117516660942 850.1904125 231.4773956626589
v -1696.7117516660942 850.1904125 249.49465832274132
v -1702.0640752662316 850.1904125 228.1762954232008
v -1702.0640752662316 850.1904125 252.79510827705258
v -1721.1412858124356 850.1904125 236.2896857829569
v -1721.1412858124356 850.1904125 244.68236918623325
v -1729.0550785640673 850.1904125 231.79727004098677
v -1729.0550785640673 850.1904125 249.17478394441343
v -1740.065572827207 850.1904125 232.86421875510993
v -1740.065572827207 850.1904125 248.10783523029028
v -1748.97336853315 850.1904125 237.78950600352113
v -1748.97336853315 850.1904125 237.78950600352113
v -1748.97336853315 850.1904125 243.1825479818791
v -1748.97336853315 850.1904125 243.1825479818791
v -1071.7897404671933 -1057.5073849999999 280.48780327945724
v -1071.7897404671933 -1057.5073849999999 280.48780327945724
v -1528.9164068017863 -1054.8461 516.3500057653298
v -1528.9164068017863 -1054.8461 516.3500057653298
v -1413.917911164548 -1053.959005 327.7254932505368
v -1413.917911164548 -1053.959005 327.7254932505368
v -1453.448644039849 -1053.8702955 354.7218892832575
v -1453.448644039849 -1053.8702955 354.7218892832575
v -1488.7357489178976 -1053.8702955 406.05658030784093
v -1488.7357489178976 -1053.8702955 406.05658030784093
v -1362.459142837513 -1052.0961055 306.17671297522327
v -1362.459142837513 -1052.0961055 306.17671297522327
v -1300.983883201649 -1050.055787 291.90798903860355
v -1300.983883201649 -1050.055787 291.90798903860355
v -1072.0955875300583 -1036.217105 278.25427646073086
v -1072.0955875300583 -1036.217105 278.25427646073086
v -1301.327961147372 -814.620774 291.7670808062521
v -1301.327961147372 -814.620774 291.7670808062521
v -1362.459142837513 -792.4433989999999 306.17671297522327
v -1362.459142837513 -792.4433989999999 306.17671297522327
v -1531.592568601855 -773.0160185000001 516.290358581587
v -1531.592568601855 -773.0160185000001 516.290358581587
v -1413.9561420474065 -771.2418285 328.560125874313
v -1413.9561420474065 -771.2418285 328.560125874313
v -1489.729751872209 -762.9031355000001 405.95502760803845
v -1489.729751872209 -762.9031355000001 405.95502760803845
v -1453.448644039849 -760.33056 354.7218892832575
v -1453.448644039849 -760.33056 354.7218892832575
v -1527.0813244245962 -825.4433329999999 128.30150149527654
v -1527.0813244245962 -825.4433329999999 128.30150149527654
v -1761.4748672277567 -824.556238 127.64268590589575
v -1761.4748672277567 -824.556238 127.64268590589575
v -1761.4748672277567 -824.556238 127.64268590589575
v -1527.0430935417382 -820.9191485 117.0653788977585
v -1527.0430935417382 -820.9191485 117.0653788977585
v -1761.4748672277567 -820.0320535 119.2500280811577
v -1761.4748672277567 -820.0320535 119.2500280811577
v -1761.4748672277567 -820.0320535 119.2500280811577
v -1526.699015596015 -739.0402799999999 128.53191887104947
v -1526.699015596015 -739.0402799999999 128.53191887104947
v -1527.0048626588803 -722.717732 117.28182744024821
v -1527.0048626588803 -722.717732 117.28182744024821
v -1760.3279407420132 -679.1613675 212.48076717118258
v -1760.3279407420132 -679.1613675 212.48076717118258
v -1760.3279407420132 -679.1613675 212.48076717118258
v -1759.98386279629 -665.3226855 204.506987424854
v -1759.98386279629 -665.3226855 204.506987424854
v -1759.98386279629 -665.3226855 204.506987424854
v -1761.6660216420473 -647.314657 127.64268590589575
v -1761.6660216420473 -647.314657 127.64268590589575
v -1761.6660216420473 -647.314657 127.64268590589575
v -1761.4748672277567 -633.653394 118.11328635769496
v -1761.4748672277567 -633.653394 118.11328635769496
v -1761.4748672277567 -633.653394 118.11328635769496
v -1759.945631913432 -222.6622805 216.857661380067
v -1759.945631913432 -222.6622805 216.857661380067
v -1760.1367863277226 -218.93648149999999 224.28494876902266
v -1760.1367863277226 -218.93648149999999 224.28494876902266
v -1526.622553830299 -218.5816435 128.53254357765806
v -1526.966631776022 -217.251001 116.75692336920304
v -185.90372287873583 -514.605245 223.73720601464274
v -185.90372287873583 -507.41977549999996 223.73720601464274
v -184.98618169014085 -443.7263545 137.130854817932
v -184.98618169014085 -443.7263545 137.130854817932
v -184.98618169014085 -437.51668950000004 137.130854817932
v -184.98618169014085 -437.51668950000004 137.130854817932
v -184.98618169014085 -437.51668950000004 137.130854817932
v -106.72756447956029 -370.4523075 253.97502952454056
v -106.72756447956029 -370.4523075 253.97502952454056
v -107.79802919958777 -370.4523075 197.18697445796118
v -107.79802919958777 -370.4523075 197.18697445796118
v -8.512426417038819 -305.3395345 196.1581328469598
v -8.512426417038819 -305.3395345 196.1581328469598
v -184.98618169014085 -301.9685735 137.130854817932
v -184.98618169014085 -301.9685735 137.130854817932
v -107.60687478529714 -297.799227 135.8646246956802
v -107.60687478529714 -297.799227 135.8646246956802
v -107.60687478529714 -297.799227 135.8646246956802
v -8.70358083132944 -232.06548750000002 135.4793558328109
v -8.70358083132944 -232.06548750000002 135.4793558328109
v -8.70358083132944 -232.06548750000002 135.4793558328109
v -8.70358083132944 -232.06548750000002 135.4793558328109
v -515.224547818619 -196.847816 450.94904591858466
v -515.224547818619 -196.847816 450.94904591858466
v -519.0858669872896 -196.847816 450.94904591858466
v -519.0858669872896 -196.847816 450.94904591858466
v -515.224547818619 -177.86398300000002 435.87552573932925
v -515.224547818619 -177.86398300000002 435.87552573932925
v -519.0858669872896 -177.86398300000002 435.87552573932925
v -519.0858669872896 -177.86398300000002 435.87552573932925
v -515.224547818619 -163.5817535 430.4545214996565
v -515.224547818619 -163.5817535 430.4545214996565
v -519.0858669872896 -163.5817535 430.4545214996565
v -519.0858669872896 -163.5817535 430.4545214996565
v -515.224547818619 -162.6946585 594.7026830765416
v -515.224547818619 -162.6946585 594.7026830765416
v -519.0858669872896 -162.6946585 594.7026830765416
v -519.0858669872896 -162.6946585 594.7026830765416
v -515.224547818619 -161.364016 459.509925919422
v -515.224547818619 -161.364016 459.509925919422
v -519.0858669872896 -161.364016 459.509925919422
v -519.0858669872896 -161.364016 459.509925919422
v -515.224547818619 -157.1946695 455.4732213510177
v -515.224547818619 -157.1946695 455.4732213510177
v -515.224547818619 -157.1946695 455.4732213510177
v -519.0858669872896 -157.1946695 455.4732213510177
v -519.0858669872896 -157.1946695 455.4732213510177
v -519.0858669872896 -157.1946695 455.4732213510177
v -515.224547818619 -153.6462895 430.0311957069521
v -515.224547818619 -153.6462895 430.0311957069521
v -519.0858669872896 -153.6462895 430.0311957069521
v -519.0858669872896 -153.6462895 430.0311957069521
v -515.224547818619 -150.896295 455.94732349362334
v -515.224547818619 -150.896295 455.94732349362334
v -519.0858669872896 -150.896295 455.94732349362334
v -519.0858669872896 -150.896295 455.94732349362334
v -515.224547818619 -150.364038 588.6939794542898
v -515.224547818619 -150.364038 588.6939794542898
v -519.0858669872896 -150.364038 588.6939794542898
v -519.0858669872896 -150.364038 588.6939794542898
v -515.224547818619 -148.5011385 604.280334569671
v -515.224547818619 -148.5011385 604.280334569671
v -519.0858669872896 -148.5011385 604.280334569671
v -519.0858669872896 -148.5011385 604.280334569671
v -515.224547818619 -141.31566899999999 506.4765925851726
v -515.224547818619 -141.31566899999999 506.4765925851726
v -519.0858669872896 -141.31566899999999 506.4765925851726
v -519.0858669872896 -141.31566899999999 506.4765925851726
v -515.224547818619 -140.960831 593.584357900657
v -515.224547818619 -140.960831 593.584357900657
v -519.0858669872896 -140.960831 593.584357900657
v -519.0858669872896 -140.960831 593.584357900657
v -515.224547818619 -138.2108365 431.4541770146642
v -515.224547818619 -138.2108365 431.4541770146642
v -519.0858669872896 -138.2108365 431.4541770146642
v -519.0858669872896 -138.2108365 431.4541770146642
v -515.224547818619 -137.58987 609.9482228610443
v -515.224547818619 -137.58987 609.9482228610443
v -519.0858669872896 -137.58987 609.9482228610443
v -519.0858669872896 -137.58987 609.9482228610443
v -515.224547818619 -136.525356 533.2965468768894
v -515.224547818619 -136.525356 533.2965468768894
v -519.0858669872896 -136.525356 533.2965468768894
v -519.0858669872896 -136.525356 533.2965468768894
v -515.224547818619 -130.7592385 462.18009707898915
v -515.224547818619 -130.7592385 462.18009707898915
v -519.0858669872896 -130.7592385 462.18009707898915
v -519.0858669872896 -130.7592385 462.18009707898915
v -515.224547818619 -130.315691 498.4761757425713
v -515.224547818619 -130.315691 498.4761757425713
v -519.0858669872896 -130.315691 498.4761757425713
v -519.0858669872896 -130.315691 498.4761757425713
v -515.224547818619 -130.0495625 592.8861857949373
v -515.224547818619 -130.0495625 592.8861857949373
v -519.0858669872896 -130.0495625 592.8861857949373
v -519.0858669872896 -130.0495625 592.8861857949373
v -519.0858669872896 -128.71892 518.4781568765673
v -519.0858669872896 -128.71892 518.4781568765673
v -523.7118038131226 -128.71892 518.4781568765673
v -523.7118038131226 -128.71892 518.4781568765673
v -519.0858669872896 -128.45279150000002 517.4347217256742
v -519.0858669872896 -128.45279150000002 517.4347217256742
v -519.0858669872896 -128.45279150000002 519.5209919156002
v -519.0858669872896 -128.45279150000002 519.5209919156002
v -523.7118038131226 -128.45279150000002 517.4347217256742
v -523.7118038131226 -128.45279150000002 517.4347217256742
v -523.7118038131226 -128.45279150000002 519.5209919156002
v -523.7118038131226 -128.45279150000002 519.5209919156002
v -519.0858669872896 -127.9205345 516.4629782986946
v -519.0858669872896 -127.9205345 516.4629782986946
v -519.0858669872896 -127.9205345 520.4933354544401
v -519.0858669872896 -127.9205345 520.4933354544401
v -523.7118038131226 -127.9205345 516.4629782986946
v -523.7118038131226 -127.9205345 516.4629782986946
v -523.7118038131226 -127.9205345 520.4933354544401
v -523.7118038131226 -127.9205345 520.4933354544401
v -515.224547818619 -127.12214900000001 611.5057915507772
v -515.224547818619 -127.12214900000001 611.5057915507772
v -519.0858669872896 -127.12214900000001 611.5057915507772
v -519.0858669872896 -127.12214900000001 611.5057915507772
v -519.0858669872896 -127.0334395 515.6277199845199
v -519.0858669872896 -127.0334395 515.6277199845199
v -519.0858669872896 -127.0334395 521.3279680782163
v -519.0858669872896 -127.0334395 521.3279680782163
v -523.7118038131226 -127.0334395 515.6277199845199
v -523.7118038131226 -127.0334395 515.6277199845199
v -523.7118038131226 -127.0334395 521.3279680782163
v -523.7118038131226 -127.0334395 521.3279680782163
v -519.0858669872896 -125.880216 514.9872963479689
v -519.0858669872896 -125.880216 514.9872963479689
v -519.0858669872896 -125.880216 521.9683926985572
v -519.0858669872896 -125.880216 521.9683926985572
v -523.7118038131226 -125.880216 514.9872963479689
v -523.7118038131226 -125.880216 514.9872963479689
v -523.7118038131226 -125.880216 521.9683926985572
v -523.7118038131226 -125.880216 521.9683926985572
v -519.0858669872896 -124.5495735 514.5849095402353
v -519.0858669872896 -124.5495735 514.5849095402353
v -519.0858669872896 -124.5495735 522.3708031172492
v -519.0858669872896 -124.5495735 522.3708031172492
v -523.7118038131226 -124.5495735 514.5849095402353
v -523.7118038131226 -124.5495735 514.5849095402353
v -523.7118038131226 -124.5495735 522.3708031172492
v -523.7118038131226 -124.5495735 522.3708031172492
v -519.0858669872896 -123.041512 514.4477997208219
v -519.0858669872896 -123.041512 514.4477997208219
v -519.0858669872896 -123.041512 522.5085140323127
v -519.0858669872896 -123.041512 522.5085140323127
v -523.7118038131226 -123.041512 514.4477997208219
v -523.7118038131226 -123.041512 514.4477997208219
v -523.7118038131226 -123.041512 522.5085140323127
v -523.7118038131226 -123.041512 522.5085140323127
v -515.224547818619 -122.686674 470.2509808270354
v -515.224547818619 -122.686674 470.2509808270354
v -519.0858669872896 -122.686674 470.2509808270354
v -519.0858669872896 -122.686674 470.2509808270354
v -515.224547818619 -121.7108695 489.1416089044143
v -515.224547818619 -121.7108695 489.1416089044143
v -519.0858669872896 -121.7108695 489.1416089044143
v -519.0858669872896 -121.7108695 489.1416089044143
v -519.0858669872896 -121.62216 514.5849095402353
v -519.0858669872896 -121.62216 514.5849095402353
v -519.0858669872896 -121.62216 522.3708031172492
v -519.0858669872896 -121.62216 522.3708031172492
v -523.7118038131226 -121.62216 514.5849095402353
v -523.7118038131226 -121.62216 514.5849095402353
v -523.7118038131226 -121.62216 522.3708031172492
v -523.7118038131226 -121.62216 522.3708031172492
v -515.224547818619 -121.17861250000001 589.1820504301786
v -515.224547818619 -121.17861250000001 589.1820504301786
v -519.0858669872896 -121.17861250000001 589.1820504301786
v -519.0858669872896 -121.17861250000001 589.1820504301786
v -519.0858669872896 -120.202808 514.9872963479689
v -519.0858669872896 -120.202808 514.9872963479689
v -519.0858669872896 -120.202808 521.9683926985572
v -519.0858669872896 -120.202808 521.9683926985572
v -523.7118038131226 -120.202808 514.9872963479689
v -523.7118038131226 -120.202808 514.9872963479689
v -523.7118038131226 -120.202808 521.9683926985572
v -523.7118038131226 -120.202808 521.9683926985572
v -515.224547818619 -119.84797 478.90766524308657
v -515.224547818619 -119.84797 478.90766524308657
v -519.0858669872896 -119.84797 478.90766524308657
v -519.0858669872896 -119.84797 478.90766524308657
v -519.0858669872896 -119.0495845 515.6277199845199
v -519.0858669872896 -119.0495845 515.6277199845199
v -519.0858669872896 -119.0495845 521.3279680782163
v -519.0858669872896 -119.0495845 521.3279680782163
v -523.7118038131226 -119.0495845 515.6277199845199
v -523.7118038131226 -119.0495845 515.6277199845199
v -523.7118038131226 -119.0495845 521.3279680782163
v -523.7118038131226 -119.0495845 521.3279680782163
v -519.0858669872896 -118.1624895 516.4629782986946
v -519.0858669872896 -118.1624895 516.4629782986946
v -519.0858669872896 -118.1624895 520.4933354544401
v -519.0858669872896 -118.1624895 520.4933354544401
v -523.7118038131226 -118.1624895 516.4629782986946
v -523.7118038131226 -118.1624895 516.4629782986946
v -523.7118038131226 -118.1624895 520.4933354544401
v -523.7118038131226 -118.1624895 520.4933354544401
v -519.0858669872896 -117.6302325 517.4347217256742
v -519.0858669872896 -117.6302325 517.4347217256742
v -519.0858669872896 -117.6302325 519.5209919156002
v -519.0858669872896 -117.6302325 519.5209919156002
v -523.7118038131226 -117.6302325 517.4347217256742
v -523.7118038131226 -117.6302325 517.4347217256742
v -523.7118038131226 -117.6302325 519.5209919156002
v -523.7118038131226 -117.6302325 519.5209919156002
v -519.0858669872896 -117.45281349999999 518.4781568765673
v -519.0858669872896 -117.45281349999999 518.4781568765673
v -523.7118038131226 -117.45281349999999 518.4781568765673
v -523.7118038131226 -117.45281349999999 518.4781568765673
v -515.224547818619 -117.00926600000001 539.4690229933657
v -515.224547818619 -117.00926600000001 539.4690229933657
v -519.0858669872896 -117.00926600000001 539.4690229933657
v -519.0858669872896 -117.00926600000001 539.4690229933657
v -515.224547818619 -111.59798649999999 577.7701098144753
v -515.224547818619 -111.59798649999999 577.7701098144753
v -519.0858669872896 -111.59798649999999 577.7701098144753
v -519.0858669872896 -111.59798649999999 577.7701098144753
v -515.224547818619 -108.0496065 544.2146947944435
v -515.224547818619 -108.0496065 544.2146947944435
v -519.0858669872896 -108.0496065 544.2146947944435
v -519.0858669872896 -108.0496065 544.2146947944435
v -515.224547818619 -103.88025999999999 565.5920791873282
v -515.224547818619 -103.88025999999999 565.5920791873282
v -519.0858669872896 -103.88025999999999 565.5920791873282
v -519.0858669872896 -103.88025999999999 565.5920791873282
v -515.224547818619 -102.993165 553.5803454593782
v -515.224547818619 -102.993165 553.5803454593782
v -519.0858669872896 -102.993165 553.5803454593782
v -519.0858669872896 -102.993165 553.5803454593782
v -515.224547818619 -102.1947795 436.2760128486989
v -515.224547818619 -102.1947795 436.2760128486989
v -519.0858669872896 -102.1947795 436.2760128486989
v -519.0858669872896 -102.1947795 436.2760128486989
v -519.0858669872896 -100.0657515 567.3140460616842
v -519.0858669872896 -80.81579 576.0151594149777
v -519.0858669872896 -67.4206555 553.9008701228529
v -519.0858669872896 -67.4206555 553.9008701228529
v -523.7118038131226 -67.4206555 553.9008701228529
v -523.7118038131226 -67.4206555 553.9008701228529
v -519.0858669872896 -67.24323650000001 552.8580596785683
v -519.0858669872896 -67.24323650000001 552.8580596785683
v -519.0858669872896 -67.24323650000001 554.9443298684945
v -519.0858669872896 -67.24323650000001 554.9443298684945
v -523.7118038131226 -67.24323650000001 552.8580596785683
v -523.7118038131226 -67.24323650000001 552.8580596785683
v -523.7118038131226 -67.24323650000001 554.9443298684945
v -523.7118038131226 -67.24323650000001 554.9443298684945
v -519.0858669872896 -66.71097950000001 551.8856915449802
v -519.0858669872896 -66.71097950000001 551.8856915449802
v -519.0858669872896 -66.71097950000001 555.9160487007257
v -519.0858669872896 -66.71097950000001 555.9160487007257
v -523.7118038131226 -66.71097950000001 551.8856915449802
v -523.7118038131226 -66.71097950000001 551.8856915449802
v -523.7118038131226 -66.71097950000001 555.9160487007257
v -523.7118038131226 -66.71097950000001 555.9160487007257
v -519.0858669872896 -65.82388449999999 551.051058921204
v -519.0858669872896 -65.82388449999999 551.051058921204
v -519.0858669872896 -65.82388449999999 556.7513316096488
v -519.0858669872896 -65.82388449999999 556.7513316096488
v -523.7118038131226 -65.82388449999999 551.051058921204
v -523.7118038131226 -65.82388449999999 551.051058921204
v -523.7118038131226 -65.82388449999999 556.7513316096488
v -523.7118038131226 -65.82388449999999 556.7513316096488
v -519.0858669872896 -64.670661 550.4106598794015
v -519.0858669872896 -64.670661 550.4106598794015
v -519.0858669872896 -64.670661 557.3917306514513
v -519.0858669872896 -64.670661 557.3917306514513
v -523.7118038131226 -64.670661 550.4106598794015
v -523.7118038131226 -64.670661 550.4106598794015
v -523.7118038131226 -64.670661 557.3917306514513
v -523.7118038131226 -64.670661 557.3917306514513
v -519.0858669872896 -63.251309 550.0082484769194
v -519.0858669872896 -63.251309 550.0082484769194
v -519.0858669872896 -63.251309 557.7941420539333
v -519.0858669872896 -63.251309 557.7941420539333
v -523.7118038131226 -63.251309 550.0082484769194
v -523.7118038131226 -63.251309 550.0082484769194
v -523.7118038131226 -63.251309 557.7941420539333
v -523.7118038131226 -63.251309 557.7941420539333
v -519.0858669872896 -61.831957 549.8705129671075
v -519.0858669872896 -61.831957 549.8705129671075
v -519.0858669872896 -61.831957 557.9312272785984
v -519.0858669872896 -61.831957 557.9312272785984
v -523.7118038131226 -61.831957 549.8705129671075
v -523.7118038131226 -61.831957 549.8705129671075
v -523.7118038131226 -61.831957 557.9312272785984
v -523.7118038131226 -61.831957 557.9312272785984
v -519.0858669872896 -60.3238955 550.0082484769194
v -519.0858669872896 -60.3238955 550.0082484769194
v -519.0858669872896 -60.3238955 557.7941420539333
v -519.0858669872896 -60.3238955 557.7941420539333
v -523.7118038131226 -60.3238955 550.0082484769194
v -523.7118038131226 -60.3238955 550.0082484769194
v -523.7118038131226 -60.3238955 557.7941420539333
v -523.7118038131226 -60.3238955 557.7941420539333
v -519.0858669872896 -58.993253 550.4106598794015
v -519.0858669872896 -58.993253 550.4106598794015
v -519.0858669872896 -58.993253 557.3917306514513
v -519.0858669872896 -58.993253 557.3917306514513
v -523.7118038131226 -58.993253 550.4106598794015
v -523.7118038131226 -58.993253 550.4106598794015
v -523.7118038131226 -58.993253 557.3917306514513
v -523.7118038131226 -58.993253 557.3917306514513
v -519.0858669872896 -57.84002949999999 551.051058921204
v -519.0858669872896 -57.84002949999999 551.051058921204
v -519.0858669872896 -57.84002949999999 556.7513316096488
v -519.0858669872896 -57.84002949999999 556.7513316096488
v -523.7118038131226 -57.84002949999999 551.051058921204
v -523.7118038131226 -57.84002949999999 551.051058921204
v -523.7118038131226 -57.84002949999999 556.7513316096488
v -523.7118038131226 -57.84002949999999 556.7513316096488
v -519.0858669872896 -56.9529345 551.8856915449802
v -519.0858669872896 -56.9529345 551.8856915449802
v -519.0858669872896 -56.9529345 555.9160487007257
v -519.0858669872896 -56.9529345 555.9160487007257
v -523.7118038131226 -56.9529345 551.8856915449802
v -523.7118038131226 -56.9529345 551.8856915449802
v -523.7118038131226 -56.9529345 555.9160487007257
v -523.7118038131226 -56.9529345 555.9160487007257
v -519.0858669872896 -56.331968 552.8580596785683
v -519.0858669872896 -56.331968 552.8580596785683
v -519.0858669872896 -56.331968 554.9443298684945
v -519.0858669872896 -56.331968 554.9443298684945
v -523.7118038131226 -56.331968 552.8580596785683
v -523.7118038131226 -56.331968 552.8580596785683
v -523.7118038131226 -56.331968 554.9443298684945
v -523.7118038131226 -56.331968 554.9443298684945
v -519.0858669872896 -56.154549 553.9008701228529
v -519.0858669872896 -56.154549 553.9008701228529
v -523.7118038131226 -56.154549 553.9008701228529
v -523.7118038131226 -56.154549 553.9008701228529
v -515.224547818619 -49.057789 444.43130774072483
v -515.224547818619 -49.057789 444.43130774072483
v -519.0858669872896 -49.057789 444.43130774072483
v -519.0858669872896 -49.057789 444.43130774072483
v -515.224547818619 -2.1304635 448.6050975337942
v -515.224547818619 -2.1304635 448.6050975337942
v -515.224547818619 -2.1304635 507.06686556222087
v -515.224547818619 -2.1304635 611.5057915507772
v -515.224547818619 -2.1304635 611.5057915507772
v -519.0858669872896 -2.1304635 448.6050975337942
v -519.0858669872896 -2.1304635 448.6050975337942
v -519.0858669872896 -2.1304635 507.06686556222087
v -519.0858669872896 -2.1304635 611.5057915507772
v -519.0858669872896 -2.1304635 611.5057915507772
v -515.224547818619 44.796862 444.43130774072483
v -515.224547818619 44.796862 444.43130774072483
v -519.0858669872896 44.796862 444.43130774072483
v -519.0858669872896 44.796862 444.43130774072483
v -519.0858669872896 53.667812 553.9008701228529
v -519.0858669872896 53.667812 553.9008701228529
v -523.7118038131226 53.667812 553.9008701228529
v -523.7118038131226 53.667812 553.9008701228529
v -519.0858669872896 53.845231 552.8580596785683
v -519.0858669872896 53.845231 552.8580596785683
v -519.0858669872896 53.845231 554.9443298684945
v -519.0858669872896 53.845231 554.9443298684945
v -523.7118038131226 53.845231 552.8580596785683
v -523.7118038131226 53.845231 552.8580596785683
v -523.7118038131226 53.845231 554.9443298684945
v -523.7118038131226 53.845231 554.9443298684945
v -519.0858669872896 54.377488 551.8856915449802
v -519.0858669872896 54.377488 551.8856915449802
v -519.0858669872896 54.377488 555.9160487007257
v -519.0858669872896 54.377488 555.9160487007257
v -523.7118038131226 54.377488 551.8856915449802
v -523.7118038131226 54.377488 551.8856915449802
v -523.7118038131226 54.377488 555.9160487007257
v -523.7118038131226 54.377488 555.9160487007257
v -519.0858669872896 55.264583 551.051058921204
v -519.0858669872896 55.264583 551.051058921204
v -519.0858669872896 55.264583 556.7513316096488
v -519.0858669872896 55.264583 556.7513316096488
v -523.7118038131226 55.264583 551.051058921204
v -523.7118038131226 55.264583 551.051058921204
v -523.7118038131226 55.264583 556.7513316096488
v -523.7118038131226 55.264583 556.7513316096488
v -519.0858669872896 56.4178065 550.4106598794015
v -519.0858669872896 56.4178065 550.4106598794015
v -519.0858669872896 56.4178065 557.3917306514513
v -519.0858669872896 56.4178065 557.3917306514513
v -523.7118038131226 56.4178065 550.4106598794015
v -523.7118038131226 56.4178065 550.4106598794015
v -523.7118038131226 56.4178065 557.3917306514513
v -523.7118038131226 56.4178065 557.3917306514513
v -519.0858669872896 57.8371585 550.0082484769194
v -519.0858669872896 57.8371585 550.0082484769194
v -519.0858669872896 57.8371585 557.7941420539333
v -519.0858669872896 57.8371585 557.7941420539333
v -523.7118038131226 57.8371585 550.0082484769194
v -523.7118038131226 57.8371585 550.0082484769194
v -523.7118038131226 57.8371585 557.7941420539333
v -523.7118038131226 57.8371585 557.7941420539333
v -519.0858669872896 59.2565105 549.8705129671075
v -519.0858669872896 59.2565105 549.8705129671075
v -519.0858669872896 59.2565105 557.9312272785984
v -519.0858669872896 59.2565105 557.9312272785984
v -523.7118038131226 59.2565105 549.8705129671075
v -523.7118038131226 59.2565105 549.8705129671075
v -523.7118038131226 59.2565105 557.9312272785984
v -523.7118038131226 59.2565105 557.9312272785984
v -519.0858669872896 60.764572 550.0082484769194
v -519.0858669872896 60.764572 550.0082484769194
v -519.0858669872896 60.764572 557.7941420539333
v -519.0858669872896 60.764572 557.7941420539333
v -523.7118038131226 60.764572 550.0082484769194
v -523.7118038131226 60.764572 550.0082484769194
v -523.7118038131226 60.764572 557.7941420539333
v -523.7118038131226 60.764572 557.7941420539333
v -519.0858669872896 62.0952145 550.4106598794015
v -519.0858669872896 62.0952145 550.4106598794015
v -519.0858669872896 62.0952145 557.3917306514513
v -519.0858669872896 62.0952145 557.3917306514513
v -523.7118038131226 62.0952145 550.4106598794015
v -523.7118038131226 62.0952145 550.4106598794015
v -523.7118038131226 62.0952145 557.3917306514513
v -523.7118038131226 62.0952145 557.3917306514513
v -519.0858669872896 63.24843799999999 551.051058921204
v -519.0858669872896 63.24843799999999 551.051058921204
v -519.0858669872896 63.24843799999999 556.7513316096488
v -519.0858669872896 63.24843799999999 556.7513316096488
v -523.7118038131226 63.24843799999999 551.051058921204
v -523.7118038131226 63.24843799999999 551.051058921204
v -523.7118038131226 63.24843799999999 556.7513316096488
v -523.7118038131226 63.24843799999999 556.7513316096488
v -519.0858669872896 64.13553300000001 551.8856915449802
v -519.0858669872896 64.13553300000001 551.8856915449802
v -519.0858669872896 64.13553300000001 555.9160487007257
v -519.0858669872896 64.13553300000001 555.9160487007257
v -523.7118038131226 64.13553300000001 551.8856915449802
v -523.7118038131226 64.13553300000001 551.8856915449802
v -523.7118038131226 64.13553300000001 555.9160487007257
v -523.7118038131226 64.13553300000001 555.9160487007257
v -519.0858669872896 64.7564995 552.8580596785683
v -519.0858669872896 64.7564995 552.8580596785683
v -519.0858669872896 64.7564995 554.9443298684945
v -519.0858669872896 64.7564995 554.9443298684945
v -523.7118038131226 64.7564995 552.8580596785683
v -523.7118038131226 64.7564995 552.8580596785683
v -523.7118038131226 64.7564995 554.9443298684945
v -523.7118038131226 64.7564995 554.9443298684945
v -519.0858669872896 64.9339185 553.9008701228529
v -519.0858669872896 64.9339185 553.9008701228529
v -523.7118038131226 64.9339185 553.9008701228529
v -523.7118038131226 64.9339185 553.9008701228529
v -515.224547818619 97.9338525 436.2760128486989
v -515.224547818619 97.9338525 436.2760128486989
v -519.0858669872896 97.9338525 436.2760128486989
v -519.0858669872896 97.9338525 436.2760128486989
v -515.224547818619 98.732238 553.5803454593782
v -515.224547818619 98.732238 553.5803454593782
v -519.0858669872896 98.732238 553.5803454593782
v -519.0858669872896 98.732238 553.5803454593782
v -515.224547818619 99.619333 565.5920791873282
v -515.224547818619 99.619333 565.5920791873282
v -519.0858669872896 99.619333 565.5920791873282
v -519.0858669872896 99.619333 565.5920791873282
v -515.224547818619 103.7886795 544.2146947944435
v -515.224547818619 103.7886795 544.2146947944435
v -519.0858669872896 103.7886795 544.2146947944435
v -519.0858669872896 103.7886795 544.2146947944435
v -519.0858669872896 105.828998 518.4781568765673
v -519.0858669872896 105.828998 518.4781568765673
v -523.7118038131226 105.828998 518.4781568765673
v -523.7118038131226 105.828998 518.4781568765673
v -519.0858669872896 106.006417 517.4347217256742
v -519.0858669872896 106.006417 517.4347217256742
v -519.0858669872896 106.006417 519.5209919156002
v -519.0858669872896 106.006417 519.5209919156002
v -523.7118038131226 106.006417 517.4347217256742
v -523.7118038131226 106.006417 517.4347217256742
v -523.7118038131226 106.006417 519.5209919156002
v -523.7118038131226 106.006417 519.5209919156002
v -519.0858669872896 106.53867399999999 516.4629782986946
v -519.0858669872896 106.53867399999999 516.4629782986946
v -519.0858669872896 106.53867399999999 520.4933354544401
v -519.0858669872896 106.53867399999999 520.4933354544401
v -523.7118038131226 106.53867399999999 516.4629782986946
v -523.7118038131226 106.53867399999999 516.4629782986946
v -523.7118038131226 106.53867399999999 520.4933354544401
v -523.7118038131226 106.53867399999999 520.4933354544401
v -515.224547818619 107.3370595 577.7701098144753
v -515.224547818619 107.3370595 577.7701098144753
v -519.0858669872896 107.3370595 577.7701098144753
v -519.0858669872896 107.3370595 577.7701098144753
v -519.0858669872896 107.425769 515.6277199845199
v -519.0858669872896 107.425769 515.6277199845199
v -519.0858669872896 107.425769 521.3279680782163
v -519.0858669872896 107.425769 521.3279680782163
v -523.7118038131226 107.425769 515.6277199845199
v -523.7118038131226 107.425769 515.6277199845199
v -523.7118038131226 107.425769 521.3279680782163
v -523.7118038131226 107.425769 521.3279680782163
v -519.0858669872896 108.667702 514.9872963479689
v -519.0858669872896 108.667702 514.9872963479689
v -519.0858669872896 108.667702 521.9683926985572
v -519.0858669872896 108.667702 521.9683926985572
v -523.7118038131226 108.667702 514.9872963479689
v -523.7118038131226 108.667702 514.9872963479689
v -523.7118038131226 108.667702 521.9683926985572
v -523.7118038131226 108.667702 521.9683926985572
v -519.0858669872896 109.9983445 514.5849095402353
v -519.0858669872896 109.9983445 514.5849095402353
v -519.0858669872896 109.9983445 522.3708031172492
v -519.0858669872896 109.9983445 522.3708031172492
v -523.7118038131226 109.9983445 514.5849095402353
v -523.7118038131226 109.9983445 514.5849095402353
v -523.7118038131226 109.9983445 522.3708031172492
v -523.7118038131226 109.9983445 522.3708031172492
v -519.0858669872896 111.4176965 514.4477997208219
v -519.0858669872896 111.4176965 514.4477997208219
v -519.0858669872896 111.4176965 522.5085140323127
v -519.0858669872896 111.4176965 522.5085140323127
v -523.7118038131226 111.4176965 514.4477997208219
v -523.7118038131226 111.4176965 514.4477997208219
v -523.7118038131226 111.4176965 522.5085140323127
v -523.7118038131226 111.4176965 522.5085140323127
v -515.224547818619 112.393501 470.2509808270354
v -515.224547818619 112.393501 470.2509808270354
v -519.0858669872896 112.393501 470.2509808270354
v -519.0858669872896 112.393501 470.2509808270354
v -515.224547818619 112.74833899999999 539.4690229933657
v -515.224547818619 112.74833899999999 539.4690229933657
v -519.0858669872896 112.74833899999999 539.4683982867571
v -519.0858669872896 112.74833899999999 539.4683982867571
v -519.0858669872896 112.925758 514.5849095402353
v -519.0858669872896 112.925758 514.5849095402353
v -519.0858669872896 112.925758 522.3708031172492
v -519.0858669872896 112.925758 522.3708031172492
v -523.7118038131226 112.925758 514.5849095402353
v -523.7118038131226 112.925758 514.5849095402353
v -523.7118038131226 112.925758 522.3708031172492
v -523.7118038131226 112.925758 522.3708031172492
v -519.0858669872896 114.2564005 514.9872963479689
v -519.0858669872896 114.2564005 514.9872963479689
v -519.0858669872896 114.2564005 521.9683926985572
v -519.0858669872896 114.2564005 521.9683926985572
v -523.7118038131226 114.2564005 514.9872963479689
v -523.7118038131226 114.2564005 514.9872963479689
v -523.7118038131226 114.2564005 521.9683926985572
v -523.7118038131226 114.2564005 521.9683926985572
v -515.224547818619 114.87736699999999 477.67889292259963
v -515.224547818619 114.87736699999999 477.67889292259963
v -515.224547818619 114.87736699999999 477.67889292259963
v -519.0858669872896 114.87736699999999 477.67889292259963
v -519.0858669872896 114.87736699999999 477.67889292259963
v -519.0858669872896 114.87736699999999 477.67889292259963
v -519.0858669872896 115.40962400000001 515.6277199845199
v -519.0858669872896 115.40962400000001 515.6277199845199
v -519.0858669872896 115.40962400000001 521.3279680782163
v -519.0858669872896 115.40962400000001 521.3279680782163
v -523.7118038131226 115.40962400000001 515.6277199845199
v -523.7118038131226 115.40962400000001 515.6277199845199
v -523.7118038131226 115.40962400000001 521.3279680782163
v -523.7118038131226 115.40962400000001 521.3279680782163
v -519.0858669872896 116.296719 516.4629782986946
v -519.0858669872896 116.296719 516.4629782986946
v -519.0858669872896 116.296719 520.4933354544401
v -519.0858669872896 116.296719 520.4933354544401
v -523.7118038131226 116.296719 516.4629782986946
v -523.7118038131226 116.296719 516.4629782986946
v -523.7118038131226 116.296719 520.4933354544401
v -523.7118038131226 116.296719 520.4933354544401
v -515.224547818619 116.91768549999999 589.1820504301786
v -515.224547818619 116.91768549999999 589.1820504301786
v -519.0858669872896 116.91768549999999 517.4347217256742
v -519.0858669872896 116.91768549999999 517.4347217256742
v -519.0858669872896 116.91768549999999 519.5209919156002
v -519.0858669872896 116.91768549999999 519.5209919156002
v -519.0858669872896 116.91768549999999 589.1820504301786
v -519.0858669872896 116.91768549999999 589.1820504301786
v -523.7118038131226 116.91768549999999 517.4347217256742
v -523.7118038131226 116.91768549999999 517.4347217256742
v -523.7118038131226 116.91768549999999 519.5209919156002
v -523.7118038131226 116.91768549999999 519.5209919156002
v -519.0858669872896 117.0951045 518.4781568765673
v -519.0858669872896 117.0951045 518.4781568765673
v -523.7118038131226 117.0951045 518.4781568765673
v -523.7118038131226 117.0951045 518.4781568765673
v -515.224547818619 117.44994249999999 462.18009707898915
v -515.224547818619 117.44994249999999 462.18009707898915
v -515.224547818619 117.44994249999999 462.18009707898915
v -519.0858669872896 117.44994249999999 462.18009707898915
v -519.0858669872896 117.44994249999999 462.18009707898915
v -519.0858669872896 117.44994249999999 462.18009707898915
v -515.224547818619 122.861222 611.5057915507772
v -515.224547818619 122.861222 611.5057915507772
v -519.0858669872896 122.861222 611.5057915507772
v -519.0858669872896 122.861222 611.5057915507772
v -515.224547818619 123.393479 480.02666529886636
v -515.224547818619 123.393479 480.02666529886636
v -519.0858669872896 123.393479 480.02666529886636
v -519.0858669872896 123.393479 480.02666529886636
v -515.224547818619 125.7886355 592.8861857949373
v -515.224547818619 125.7886355 592.8861857949373
v -519.0858669872896 125.7886355 592.8861857949373
v -519.0858669872896 125.7886355 592.8861857949373
v -515.224547818619 129.60314400000001 498.4761757425713
v -515.224547818619 129.60314400000001 498.4761757425713
v -519.0858669872896 129.60314400000001 498.4761757425713
v -519.0858669872896 129.60314400000001 498.4761757425713
v -515.224547818619 129.957982 485.0687225097904
v -515.224547818619 129.957982 485.0687225097904
v -519.0858669872896 129.957982 485.0687225097904
v -519.0858669872896 129.957982 485.0687225097904
v -515.224547818619 131.1112055 491.77244912618085
v -515.224547818619 131.1112055 491.77244912618085
v -519.0858669872896 131.1112055 491.77244912618085
v -519.0858669872896 131.1112055 491.77244912618085
v -515.224547818619 132.264429 533.2965468768894
v -515.224547818619 132.264429 533.2965468768894
v -519.0858669872896 132.264429 533.2965468768894
v -519.0858669872896 132.264429 533.2965468768894
v -515.224547818619 133.328943 609.9482228610443
v -515.224547818619 133.328943 609.9482228610443
v -519.0858669872896 133.328943 609.9482228610443
v -519.0858669872896 133.328943 609.9482228610443
v -515.224547818619 133.9499095 431.4541770146642
v -515.224547818619 133.9499095 431.4541770146642
v -519.0858669872896 133.9499095 431.4541770146642
v -519.0858669872896 133.9499095 431.4541770146642
v -515.224547818619 136.699904 593.584357900657
v -515.224547818619 136.699904 593.584357900657
v -519.0858669872896 136.699904 593.584357900657
v -519.0858669872896 136.699904 593.584357900657
v -515.224547818619 137.054742 506.4765925851726
v -515.224547818619 137.054742 506.4765925851726
v -519.0858669872896 137.054742 506.4765925851726
v -519.0858669872896 137.054742 506.4765925851726
v -515.224547818619 144.2402115 604.280334569671
v -515.224547818619 144.2402115 604.280334569671
v -519.0858669872896 144.2402115 604.280334569671
v -519.0858669872896 144.2402115 604.280334569671
v -515.224547818619 146.103111 588.6939794542898
v -515.224547818619 146.103111 588.6939794542898
v -519.0858669872896 146.103111 588.6939794542898
v -519.0858669872896 146.103111 588.6939794542898
v -515.224547818619 146.635368 455.94732349362334
v -515.224547818619 146.635368 455.94732349362334
v -519.0858669872896 146.635368 455.94732349362334
v -519.0858669872896 146.635368 455.94732349362334
v -515.224547818619 149.296653 430.0311957069521
v -515.224547818619 149.296653 430.0311957069521
v -519.0858669872896 149.296653 430.0311957069521
v -519.0858669872896 149.296653 430.0311957069521
v -515.224547818619 152.9337425 455.4732213510177
v -515.224547818619 152.9337425 455.4732213510177
v -515.224547818619 152.9337425 455.4732213510177
v -519.0858669872896 152.9337425 455.4732213510177
v -519.0858669872896 152.9337425 455.4732213510177
v -519.0858669872896 152.9337425 455.4732213510177
v -515.224547818619 157.103089 459.509925919422
v -515.224547818619 157.103089 459.509925919422
v -519.0858669872896 157.103089 459.509925919422
v -519.0858669872896 157.103089 459.509925919422
v -515.224547818619 158.4337315 594.7026830765416
v -515.224547818619 158.4337315 594.7026830765416
v -519.0858669872896 158.4337315 594.7026830765416
v -519.0858669872896 158.4337315 594.7026830765416
v -515.224547818619 159.3208265 430.4545214996565
v -515.224547818619 159.3208265 430.4545214996565
v -519.0858669872896 159.3208265 430.4545214996565
v -519.0858669872896 159.3208265 430.4545214996565
v -515.224547818619 173.5143465 435.87552573932925
v -515.224547818619 173.5143465 435.87552573932925
v -519.0858669872896 173.5143465 435.87552573932925
v -519.0858669872896 173.5143465 435.87552573932925
v -515.224547818619 192.58688899999999 450.94904591858466
v -515.224547818619 192.58688899999999 450.94904591858466
v -519.0858669872896 192.58688899999999 450.94904591858466
v -519.0858669872896 192.58688899999999 450.94904591858466
v -515.1480860529027 -226.2106605 521.6110605184645
v -515.1480860529027 -226.2106605 521.6110605184645
v -515.1480860529027 -223.3719565 490.36023736688423
v -515.1480860529027 -223.3719565 490.36023736688423
v -515.1480860529027 -223.10582799999997 541.105280121028
v -515.1480860529027 -223.10582799999997 541.105280121028
v -523.1765714531089 -222.1300235 521.4733250086525
v -523.1765714531089 -222.1300235 521.4733250086525
v -523.1765714531089 -219.380029 490.6725149193361
v -523.1765714531089 -219.380029 490.6725149193361
v -523.1765714531089 -219.11390049999997 540.7504959568662
v -523.1765714531089 -219.11390049999997 540.7504959568662
v -515.1480860529027 -215.299392 565.5394041228529
v -515.1480860529027 -215.299392 565.5394041228529
v -515.1480860529027 -214.14616850000002 470.74160080264517
v -515.1480860529027 -214.14616850000002 470.74160080264517
v -508.91645214702845 -212.0171405 521.1274126621221
v -508.91645214702845 -212.0171405 521.1274126621221
v -523.1765714531089 -211.396174 564.9675476933828
v -523.1765714531089 -211.396174 564.9675476933828
v -523.1765714531089 -210.2429505 471.35916116111304
v -523.1765714531089 -210.2429505 471.35916116111304
v -508.91645214702845 -209.3558555 491.45572287564414
v -508.91645214702845 -209.3558555 491.45572287564414
v -508.91645214702845 -209.1784365 540.2097253217537
v -508.91645214702845 -209.1784365 540.2097253217537
v -526.9996597389213 -202.9687715 520.8176831256012
v -526.9996597389213 -202.9687715 520.8176831256012
v -508.91645214702845 -201.54941950000003 563.53312195736
v -508.91645214702845 -201.54941950000003 563.53312195736
v -515.1480860529027 -201.283291 586.8996725384533
v -515.1480860529027 -201.283291 586.8996725384533
v -508.91645214702845 -200.39619599999997 472.9078334384661
v -508.91645214702845 -200.39619599999997 472.9078334384661
v -526.9996597389213 -200.30748649999998 492.1570677039033
v -526.9996597389213 -200.30748649999998 492.1570677039033
v -526.9996597389213 -200.218777 539.7482924259275
v -526.9996597389213 -200.218777 539.7482924259275
v -515.1480860529027 -198.8881345 448.46736202398233
v -515.1480860529027 -198.8881345 448.46736202398233
v -515.1480860529027 -198.8881345 448.46736202398233
v -523.1765714531089 -197.55749200000002 586.0174372711053
v -523.1765714531089 -197.55749200000002 586.0174372711053
v -523.1765714531089 -195.87201149999999 449.02465049209894
v -523.1765714531089 -195.87201149999999 449.02465049209894
v -523.1765714531089 -195.87201149999999 449.02465049209894
v -509.22229920989355 -192.8558885 539.718456044787
v -509.22229920989355 -192.8558885 539.718456044787
v -526.9996597389213 -192.6784695 562.2478505809215
v -526.9996597389213 -192.6784695 562.2478505809215
v -509.22229920989355 -192.234922 505.6483073740553
v -509.22229920989355 -192.234922 505.6483073740553
v -509.22229920989355 -192.234922 505.6483073740553
v -526.9996597389213 -191.6139555 474.2946575147071
v -508.91645214702845 -188.06557550000002 583.8036019917124
v -508.91645214702845 -188.06557550000002 583.8036019917124
v -509.22229920989355 -187.799447 493.13388453557627
v -509.22229920989355 -187.799447 493.13388453557627
v -508.91645214702845 -186.4688045 451.10012555507126
v -508.91645214702845 -186.4688045 451.10012555507126
v -508.91645214702845 -186.4688045 451.10012555507126
v -523.7118038131226 -184.960743 505.65465380292426
v -523.7118038131226 -184.960743 505.65465380292426
v -523.7118038131226 -184.960743 505.65465380292426
v -510.06337863277224 -183.54139099999998 507.7015674765115
v -510.06337863277224 -183.54139099999998 507.7015674765115
v -515.1480860529027 -181.76720100000003 606.9283163472603
v -515.1480860529027 -181.76720100000003 606.9283163472603
v -515.1480860529027 -181.76720100000003 606.9283163472603
v -523.7118038131226 -180.880106 539.5356668911242
v -523.7118038131226 -180.880106 539.5356668911242
v -523.7118038131226 -180.880106 539.5356668911242
v -523.7118038131226 -180.52526799999998 493.69621984605806
v -523.7118038131226 -180.52526799999998 493.69621984605806
v -509.22229920989355 -180.347849 560.4586151021986
v -509.22229920989355 -180.347849 560.4586151021986
v -510.06337863277224 -179.72688250000002 537.5306587335967
v -510.06337863277224 -179.72688250000002 537.5306587335967
v -526.9996597389213 -179.54946349999997 581.8214079227714
v -526.9996597389213 -179.54946349999997 581.8214079227714
v -509.22229920989355 -179.283335 476.2260496552087
v -509.22229920989355 -179.283335 476.2260496552087
v -515.836241944349 -179.283335 504.02409478656386
v -515.836241944349 -179.283335 504.02409478656386
v -515.836241944349 -179.283335 504.02409478656386
v -523.1765714531089 -178.6623685 605.3878892133503
v -523.1765714531089 -178.6623685 605.3878892133503
v -523.1765714531089 -178.6623685 605.3878892133503
v -522.7560317416695 -176.62205 507.68125221435935
v -522.7560317416695 -176.62205 507.68125221435935
v -515.836241944349 -174.9365695 494.1309910508631
v -515.836241944349 -174.9365695 494.1309910508631
v -515.836241944349 -174.7591505 540.8634684902311
v -515.836241944349 -174.7591505 540.8634684902311
v -515.836241944349 -174.7591505 540.8634684902311
v -526.9996597389213 -174.138184 453.95183645508416
v -526.9996597389213 -174.138184 453.95183645508416
v -523.7118038131226 -173.251089 559.4284994832317
v -523.7118038131226 -173.251089 559.4284994832317
v -522.7560317416695 -172.896251 537.1009599496952
v -522.7560317416695 -172.896251 537.1009599496952
v -515.9509345929233 -172.363994 506.04944378478183
v -523.7118038131226 -172.2752845 477.3380529969727
v -523.7118038131226 -172.2752845 477.3380529969727
v -508.91645214702845 -170.6785135 601.5232042501932
v -508.91645214702845 -170.6785135 601.5232042501932
v -508.91645214702845 -170.6785135 601.5232042501932
v -515.9127037100653 -168.1946475 539.177060703066
v -515.836241944349 -167.7511 558.631948384039
v -515.836241944349 -167.7511 558.631948384039
v -509.22229920989355 -167.66239050000001 579.0611038969641
v -509.22229920989355 -167.66239050000001 579.0611038969641
v -515.836241944349 -166.7752955 478.19807428759447
v -515.836241944349 -166.7752955 478.19807428759447
v -509.22229920989355 -166.686586 455.6020614322398
v -509.22229920989355 -166.686586 455.6020614322398
v -526.9996597389213 -163.5817535 598.0621801027353
v -526.9996597389213 -163.5817535 598.0621801027353
v -526.9996597389213 -163.5817535 598.0621801027353
v -523.7118038131226 -160.831759 577.4711754049081
v -523.7118038131226 -160.831759 577.4711754049081
v -523.5971111645483 -158.7914405 457.4534911268464
v -523.5971111645483 -158.7914405 457.4534911268464
v -523.5971111645483 -158.7914405 457.4534911268464
v -515.836241944349 -155.5978985 576.2430277910297
v -515.836241944349 -155.5978985 576.2430277910297
v -509.22229920989355 -153.734999 593.2428686736731
v -509.22229920989355 -153.734999 593.2428686736731
v -509.22229920989355 -153.734999 593.2428686736731
v -515.6450875300584 -153.6462895 458.7285930667296
v -515.6450875300584 -153.6462895 458.7285930667296
v -515.6450875300584 -153.6462895 458.7285930667296
v -523.7118038131226 -148.057591 590.4673218066171
v -523.7118038131226 -148.057591 590.4673218066171
v -523.7118038131226 -148.057591 590.4673218066171
v -515.836241944349 -143.622116 588.3226794247037
v -515.836241944349 -143.622116 588.3226794247037
v -515.836241944349 -143.622116 588.3226794247037
v -514.6510845757472 -140.1624455 505.5385085470199
v -514.6510845757472 -140.1624455 505.5385085470199
v -514.6510845757472 -140.1624455 505.5385085470199
v -519.4299449330127 -140.1624455 505.4909059034481
v -519.4299449330127 -140.1624455 505.4909059034481
v -519.4299449330127 -140.1624455 505.4909059034481
v -514.7275463414634 -135.3721325 535.4304197103874
v -514.7275463414634 -135.3721325 535.4304197103874
v -514.7275463414634 -135.3721325 535.4304197103874
v -519.5064066987289 -135.3721325 535.0711888157206
v -519.5064066987289 -135.3721325 535.0711888157206
v -519.5064066987289 -135.3721325 535.0711888157206
v -519.3534831672964 -62.275504500000004 581.1168884043927
v -519.3534831672964 -62.275504500000004 587.802848758352
v -519.3534831672964 -51.630364500000006 581.1168884043927
v -519.3534831672964 -51.630364500000006 587.802848758352
v -1697.2087531432496 -854.8061775000001 369.06552783961695
v -1697.2087531432496 -854.8061775000001 369.06552783961695
v -1700.687763483339 -854.8061775000001 360.0565590696281
v -1700.687763483339 -854.8061775000001 378.0738473082489
v -1706.0400870834765 -854.8061775000001 356.7561091153169
v -1706.0400870834765 -854.8061775000001 381.37494656391704
v -1725.1555285125385 -854.8061775000001 364.8688737846745
v -1725.1555285125385 -854.8061775000001 373.2615316094126
v -1733.0693212641704 -854.8061775000001 360.37645804270437
v -1733.0693212641704 -854.8061775000001 377.7545966527396
v -1744.0415846444519 -854.8061775000001 361.44338216207916
v -1744.0415846444519 -854.8061775000001 376.6870232320079
v -1752.9876112332533 -854.8061775000001 366.3693187118473
v -1752.9876112332533 -854.8061775000001 366.3693187118473
v -1752.9876112332533 -854.8061775000001 371.7617359835967
v -1752.9876112332533 -854.8061775000001 371.7617359835967
v -1693.8062045688766 -786.9434100000001 369.06552783961695
v -1693.8062045688766 -786.9434100000001 369.06552783961695
v -1697.285214908966 -786.9434100000001 360.0565590696281
v -1697.285214908966 -786.9434100000001 378.0738473082489
v -1702.6375385091035 -786.9434100000001 356.7561091153169
v -1702.6375385091035 -786.9434100000001 381.37494656391704
v -1728.366922672621 -786.9434100000001 364.8688737846745
v -1728.366922672621 -786.9434100000001 364.8688737846745
v -1728.366922672621 -786.9434100000001 364.8688737846745
v -1728.366922672621 -786.9434100000001 373.2615316094126
v -1728.366922672621 -786.9434100000001 373.2615316094126
v -1728.366922672621 -786.9434100000001 373.2615316094126
v -1736.2807154242528 -786.9434100000001 360.37645804270437
v -1736.2807154242528 -786.9434100000001 377.7545966527396
v -1747.2529788045347 -786.9434100000001 361.44338216207916
v -1747.2529788045347 -786.9434100000001 376.6870232320079
v -1756.1990053933357 -786.9434100000001 366.3693187118473
v -1756.1990053933357 -786.9434100000001 366.3693187118473
v -1756.1990053933357 -786.9434100000001 371.7617359835967
v -1756.1990053933357 -786.9434100000001 371.7617359835967
v -1564.7769749227068 -146.46081999999998 276.39904835318623
v -1564.7769749227068 -146.46081999999998 276.39904835318623
v -1568.2559852627962 -146.46081999999998 267.3907288845543
v -1568.2559852627962 -146.46081999999998 285.408017123175
v -1573.6083088629337 -146.46081999999998 264.090278930243
v -1573.6083088629337 -146.46081999999998 288.70846707748626
v -1599.3376930264515 -146.46081999999998 272.2030435996007
v -1599.3376930264515 -146.46081999999998 272.2030435996007
v -1599.3376930264515 -146.46081999999998 280.59570240812866
v -1599.3376930264515 -146.46081999999998 280.59570240812866
v -1754.0580759532806 -76.1141865 363.6870538226125
v -1754.0580759532806 -76.1141865 363.6870538226125
v -1754.0580759532806 -76.1141865 372.0797372258889
v -1754.0580759532806 -76.1141865 372.0797372258889
v -1763.04233342494 -76.1141865 359.1946380806424
v -1763.04233342494 -76.1141865 376.572151984069
v -1774.0528276880798 -76.1141865 360.2615877785555
v -1774.0528276880798 -76.1141865 375.50520326994587
v -1782.9988542768808 -76.1141865 365.1868740431768
v -1782.9988542768808 -76.1141865 365.1868740431768
v -1782.9988542768808 -76.1141865 370.5799160215347
v -1782.9988542768808 -76.1141865 370.5799160215347
v -975.2567612504295 -15.614307499999999 942.667861760778
v -975.2567612504295 -15.614307499999999 942.667861760778
v -994.2957409137754 -15.525598 1012.0534758180607
v -994.2957409137754 -15.525598 1012.0534758180607
v -1040.2492621092408 2.038883 941.6713799520998
v -1040.2492621092408 2.038883 941.6713799520998
v -1052.330221092408 2.57114 1006.7791025167897
v -1052.330221092408 2.57114 1006.7791025167897
v -968.4134332188252 3.458235 943.7405085862032
v -968.4134332188252 3.458235 943.7405085862032
v -987.4524128821711 3.5469445 1013.1324690723549
v -987.4524128821711 3.5469445 1013.1324690723549
v -975.2567612504295 17.119498 942.667861760778
v -975.2567612504295 17.119498 942.667861760778
v -994.2957409137754 17.2082075 1012.0534758180607
v -994.2957409137754 17.2082075 1012.0534758180607
v 182.7184496392992 190.990118 145.492403237354
v 182.7184496392992 190.990118 145.492403237354
v 182.7184496392992 190.990118 145.492403237354
v 182.7184496392992 211.1271745 145.492403237354
v 182.7184496392992 211.1271745 145.492403237354
v 182.7184496392992 211.1271745 145.492403237354
v 182.7184496392992 228.86907449999998 145.492403237354
v 182.7184496392992 228.86907449999998 145.492403237354
v 182.7184496392992 228.86907449999998 145.492403237354
v 182.7184496392992 228.86907449999998 145.492403237354
v -15.393985331501202 234.9013205 130.89363450206116
v -15.393985331501202 234.9013205 130.89363450206116
v -15.393985331501202 234.9013205 130.89363450206116
v -9.162351425626932 243.50614199999998 130.89363450206116
v -9.162351425626932 243.50614199999998 130.89363450206116
v -15.393985331501202 247.40936 130.89363450206116
v -15.393985331501202 247.40936 130.89363450206116
v -15.393985331501202 247.40936 130.89363450206116
v -15.393985331501202 247.40936 130.89363450206116
v 181.68621580212985 394.0461635 325.0197639875687
v 181.68621580212985 394.0461635 325.0197639875687
v 181.68621580212985 394.0461635 325.0197639875687
v -15.73806327722432 468.3847245 309.4581216753478
v -15.73806327722432 468.3847245 309.4581216753478
v -15.73806327722432 468.3847245 309.4581216753478
v -1754.0580759532806 71.8532595 363.6870538226125
v -1754.0580759532806 71.8532595 363.6870538226125
v -1754.0580759532806 71.8532595 372.0797372258889
v -1754.0580759532806 71.8532595 372.0797372258889
v -1763.04233342494 71.8532595 359.1946380806424
v -1763.04233342494 71.8532595 376.572151984069
v -1774.0528276880798 71.8532595 360.2615877785555
v -1774.0528276880798 71.8532595 375.50520326994587
v -1782.9988542768808 71.8532595 365.1868740431768
v -1782.9988542768808 71.8532595 365.1868740431768
v -1782.9988542768808 71.8532595 370.5799160215347
v -1782.9988542768808 71.8532595 370.5799160215347
v -1564.7769749227068 142.199893 276.39904835318623
v -1564.7769749227068 142.199893 276.39904835318623
v -1568.2559852627962 142.199893 267.3907288845543
v -1568.2559852627962 142.199893 285.408017123175
v -1573.6083088629337 142.199893 264.090278930243
v -1573.6083088629337 142.199893 288.70846707748626
v -1599.3376930264515 142.199893 272.2030435996007
v -1599.3376930264515 142.199893 272.2030435996007
v -1599.3376930264515 142.199893 280.59570240812866
v -1599.3376930264515 142.199893 280.59570240812866
v -1693.8062045688766 782.327645 369.06552783961695
v -1693.8062045688766 782.327645 369.06552783961695
v -1697.285214908966 782.327645 360.0565590696281
v -1697.285214908966 782.327645 378.0738473082489
v -1702.6375385091035 782.327645 356.7561091153169
v -1702.6375385091035 782.327645 381.37494656391704
v -1728.366922672621 782.327645 364.8688737846745
v -1728.366922672621 782.327645 364.8688737846745
v -1728.366922672621 782.327645 364.8688737846745
v -1728.366922672621 782.327645 373.2615316094126
v -1728.366922672621 782.327645 373.2615316094126
v -1728.366922672621 782.327645 373.2615316094126
v -1736.2807154242528 782.327645 360.37645804270437
v -1736.2807154242528 782.327645 377.7545966527396
v -1747.2529788045347 782.327645 361.44338216207916
v -1747.2529788045347 782.327645 376.6870232320079
v -1756.1990053933357 782.327645 366.3693187118473
v -1756.1990053933357 782.327645 366.3693187118473
v -1756.1990053933357 782.327645 371.7617359835967
v -1756.1990053933357 782.327645 371.7617359835967
v -1697.2087531432496 850.1904125 369.06552783961695
v -1697.2087531432496 850.1904125 369.06552783961695
v -1700.687763483339 850.1904125 360.0565590696281
v -1700.687763483339 850.1904125 378.0738473082489
v -1706.0400870834765 850.1904125 356.7561091153169
v -1706.0400870834765 850.1904125 381.37494656391704
v -1725.1555285125385 850.1904125 364.8688737846745
v -1725.1555285125385 850.1904125 373.2615316094126
v -1733.0693212641704 850.1904125 360.37645804270437
v -1733.0693212641704 850.1904125 377.7545966527396
v -1744.0415846444519 850.1904125 361.44338216207916
v -1744.0415846444519 850.1904125 376.6870232320079
v -1752.9876112332533 850.1904125 366.3693187118473
v -1752.9876112332533 850.1904125 366.3693187118473
v -1752.9876112332533 850.1904125 371.7617359835967
v -1752.9876112332533 850.1904125 371.7617359835967
v -605.1053534180694 -431.3070245 622.8714035308742
v -605.1053534180694 -431.3070245 622.8714035308742
v -619.9771668498798 -430.863477 621.1005855835194
v -619.9771668498798 -430.863477 621.1005855835194
v -610.80175496393 -423.3231695 620.7622936738234
v -610.80175496393 -423.3231695 620.7622936738234
v -619.9007050841635 -400.70224700000006 562.589315213157
v -619.9007050841635 -400.70224700000006 562.589315213157
v -610.7252931982136 -383.0490565 564.6533704425669
v -610.7252931982136 -383.0490565 564.6533704425669
v -605.0288916523532 -382.960347 565.3159844448858
v -605.0288916523532 -382.960347 565.3159844448858
v -870.312987804878 -367.6136035 373.9603540002791
v -870.312987804878 -367.6136035 373.9603540002791
v -933.0498665750602 -361.13781000000006 593.6916077279715
v -525.1263464788732 -335.76689300000004 366.49943280103486
v -525.1263464788732 -335.76689300000004 366.49943280103486
v -525.1263464788732 -335.76689300000004 366.49943280103486
v -438.34224239093095 -315.2749985 582.3406138825146
v -438.34224239093095 -315.2749985 582.3406138825146
v -866.7957465819305 -305.605663 359.35838696390846
v -866.7957465819305 -305.605663 359.35838696390846
v -506.8902153555479 -242.00095149999999 351.8974657646642
v -506.8902153555479 -242.00095149999999 351.8974657646642
v -773.168314462384 -239.3396665 160.5653242885392
v -513.3512345585709 -220.79938099999998 278.3120495246479
v -413.3392450017176 -219.02519099999998 588.9008822830427
v -493.8917151837856 -218.5816435 337.2955233230419
v -8.70358083132944 239.070667 135.4685607058571
v -8.70358083132944 239.070667 135.4685607058571
v -8.70358083132944 239.070667 135.4685607058571
v -8.70358083132944 239.070667 135.4685607058571
v -8.512426417038819 305.8689205 196.1581328469598
v -8.512426417038819 305.8689205 196.1581328469598
v -107.60687478529714 313.49793750000003 135.8646246956802
v -107.60687478529714 313.49793750000003 135.8646246956802
v -107.60687478529714 313.49793750000003 135.8646246956802
v -107.60687478529714 313.49793750000003 135.8646246956802
v -184.98618169014085 316.070513 137.130854817932
v -184.98618169014085 316.070513 137.130854817932
v -106.72756447956029 372.2236265 253.97502952454056
v -106.72756447956029 372.2236265 253.97502952454056
v -106.72756447956029 372.2236265 253.97502952454056
v -107.79802919958777 372.2236265 197.18697445796118
v -107.79802919958777 372.2236265 197.18697445796118
v -184.98618169014085 444.699288 137.130854817932
v -184.98618169014085 444.699288 137.130854817932
v -184.98618169014085 444.699288 137.130854817932
v -184.98618169014085 444.699288 137.130854817932
v -184.98618169014085 446.7396065 137.130854817932
v -184.98618169014085 446.7396065 137.130854817932
v -184.98618169014085 451.97346699999997 137.130854817932
v -184.98618169014085 451.97346699999997 137.130854817932
v -184.98618169014085 451.97346699999997 137.130854817932
v -185.90372287873583 502.005625 223.73720601464274
v -185.90372287873583 502.005625 223.73720601464274
v -185.90372287873583 502.005625 223.73720601464274
v -185.90372287873583 509.19109449999996 223.73720601464274
v -185.90372287873583 509.19109449999996 223.73720601464274
v -185.90372287873583 509.19109449999996 223.73720601464274
v -1693.2327413260048 -854.8061775000001 240.48571513129082
v -1693.2327413260048 -854.8061775000001 240.48571513129082
v -1696.7117516660942 -854.8061775000001 231.4773956626589
v -1696.7117516660942 -854.8061775000001 249.49465832274132
v -1702.0640752662316 -854.8061775000001 228.1762954232008
v -1702.0640752662316 -854.8061775000001 252.79510827705258
v -1721.1412858124356 -854.8061775000001 236.2896857829569
v -1721.1412858124356 -854.8061775000001 244.68236918623325
v -1729.0550785640673 -854.8061775000001 231.79727004098677
v -1729.0550785640673 -854.8061775000001 249.17478394441343
v -1740.065572827207 -854.8061775000001 232.86421875510993
v -1740.065572827207 -854.8061775000001 248.10783523029028
v -1748.97336853315 -854.8061775000001 237.78950600352113
v -1748.97336853315 -854.8061775000001 237.78950600352113
v -1748.97336853315 -854.8061775000001 243.1825479818791
v -1748.97336853315 -854.8061775000001 243.1825479818791
v -1689.8301927516318 -786.9434100000001 240.48571513129082
v -1689.8301927516318 -786.9434100000001 240.48571513129082
v -1693.3092030917212 -786.9434100000001 231.4773956626589
v -1693.3092030917212 -786.9434100000001 249.49465832274132
v -1698.6615266918586 -786.9434100000001 228.1762954232008
v -1698.6615266918586 -786.9434100000001 252.79510827705258
v -1724.390910855376 -786.9434100000001 236.2896857829569
v -1724.390910855376 -786.9434100000001 236.2896857829569
v -1724.390910855376 -786.9434100000001 236.2896857829569
v -1724.390910855376 -786.9434100000001 244.68236918623325
v -1724.390910855376 -786.9434100000001 244.68236918623325
v -1724.390910855376 -786.9434100000001 244.68236918623325
v -1732.304703607008 -786.9434100000001 231.79727004098677
v -1732.304703607008 -786.9434100000001 249.17478394441343
v -1743.2769669872896 -786.9434100000001 232.86421875510993
v -1743.2769669872896 -786.9434100000001 248.10783523029028
v -1752.2229935760909 -786.9434100000001 237.78950600352113
v -1752.2229935760909 -786.9434100000001 237.78950600352113
v -1752.2229935760909 -786.9434100000001 243.1825479818791
v -1752.2229935760909 -786.9434100000001 243.1825479818791
v -1545.6615334936448 -146.5495295 166.24715583465735
v -1545.6615334936448 -146.5495295 166.24715583465735
v -1549.140543833734 -146.5495295 157.2382116594169
v -1549.140543833734 -146.5495295 175.25549989803764
v -1554.4928674338714 -146.5495295 153.93776170510563
v -1554.4928674338714 -146.5495295 178.55594985234887
v -1580.2222515973892 -146.5495295 162.05052637446326
v -1580.2222515973892 -146.5495295 162.05052637446326
v -1580.2222515973892 -146.5495295 170.44318518299124
v -1580.2222515973892 -146.5495295 170.44318518299124
v -1754.0580759532806 -76.1141865 252.23532196629168
v -1754.0580759532806 -76.1141865 252.23532196629168
v -1754.0580759532806 -76.1141865 260.6279797910297
v -1754.0580759532806 -76.1141865 260.6279797910297
v -1763.04233342494 -76.1141865 247.74288162957316
v -1763.04233342494 -76.1141865 265.12039553299985
v -1774.0528276880798 -76.1141865 248.80983034369632
v -1774.0528276880798 -76.1141865 264.05347141362506
v -1782.9988542768808 -76.1141865 253.73511759210754
v -1782.9988542768808 -76.1141865 253.73511759210754
v -1782.9988542768808 -76.1141865 259.12818416521384
v -1782.9988542768808 -76.1141865 259.12818416521384
v -1346.5168646856748 -1062.475117 565.4251575815226
v -1346.5168646856748 -1062.475117 565.4251575815226
v -1299.8751875987632 -1062.2089885 554.7386764529585
v -1299.8751875987632 -1062.2089885 554.7386764529585
v -1308.9741377189969 -1062.2089885 546.7439813326176
v -1310.1210642047406 -1062.2089885 551.2268759555994
v -1330.192277705256 -1062.2089885 548.6252483921547
v -1331.148049776709 -1062.2089885 553.9979997031089
v -1250.82496489179 -817.10464 450.22358741523533
v -1250.82496489179 -817.10464 450.22358741523533
v -1299.8751875987632 -812.491746 554.7386764529585
v -1299.8751875987632 -812.491746 554.7386764529585
v -1309.9681406733082 -810.00788 550.1796177970199
v -1295.3639434215045 -807.7901425 448.16587861469424
v -1295.3639434215045 -807.7901425 448.16587861469424
v -1330.9951262452764 -805.8385335 552.9500922431724
v -1250.82496489179 -804.0643435000001 450.343555678826
v -1250.82496489179 -804.0643435000001 450.343555678826
v -1308.9741377189969 -801.491768 546.7439813326176
v -1330.192277705256 -800.959511 548.6252483921547
v -1299.8751875987632 -800.8708015000001 554.7386764529585
v -1299.8751875987632 -800.8708015000001 554.7386764529585
v -1299.8751875987632 -800.8708015000001 554.7386764529585
v -1299.8751875987632 -800.8708015000001 554.7386764529585
v -1346.3257102713842 -800.8708015000001 565.024671455943
v -1346.3257102713842 -800.8708015000001 565.024671455943
v -1346.3257102713842 -800.8708015000001 565.024671455943
v -1346.3257102713842 -800.8708015000001 565.024671455943
v -1310.1210642047406 -800.3385445 551.2268759555994
v -1310.1210642047406 -800.3385445 551.2268759555994
v -1331.148049776709 -799.717578 553.9979997031089
v -1331.148049776709 -799.717578 553.9979997031089
v -270.39397399519066 -7.6304525 584.044138630754
v -270.39397399519066 -7.6304525 584.044138630754
v -270.7762828237719 -5.7675529999999995 646.4607244885779
v -270.7762828237719 -5.7675529999999995 646.4607244885779
v -270.7762828237719 -5.7675529999999995 646.4607244885779
v -282.55139474407423 -2.219173 646.4638981949072
v -282.55139474407423 -2.219173 646.4638981949072
v -283.0101653383717 -2.219173 584.044138630754
v -283.0101653383717 -2.219173 584.044138630754
v -270.508666643765 3.0146875 584.044138630754
v -270.508666643765 3.0146875 584.044138630754
v -982.9411687049123 -176.444631 992.9108656895396
v -982.9411687049123 -176.444631 992.9108656895396
v -982.9411687049123 -176.444631 992.9108656895396
v -973.4981406389556 -174.4043125 1014.2939727884748
v -973.4981406389556 -174.4043125 1014.2939727884748
v -973.4981406389556 -174.4043125 1014.2939727884748
v -993.263507076606 -174.4043125 1029.4125731739093
v -993.263507076606 -174.4043125 1029.4125731739093
v -1064.3729491927174 -174.4043125 1006.1888295397415
v -1064.3729491927174 -174.4043125 1006.1888295397415
v -1064.3729491927174 -174.4043125 1006.1888295397415
v -973.4981406389556 178.12724050000003 1014.2939727884748
v -973.4981406389556 178.12724050000003 1014.2939727884748
v -973.4981406389556 178.12724050000003 1014.2939727884748
v -993.263507076606 178.12724050000003 1029.4125731739093
v -993.263507076606 178.12724050000003 1029.4125731739093
v -1062.9966374098249 178.12724050000003 1006.6394682924039
v -1062.9966374098249 178.12724050000003 1006.6394682924039
v -1062.9966374098249 178.12724050000003 1006.6394682924039
v -982.9411687049123 179.457883 992.9108656895396
v -982.9411687049123 179.457883 992.9108656895396
v -982.9411687049123 179.457883 992.9108656895396
v -1760.1367863277226 214.6755545 224.28494876902266
v -1760.1367863277226 214.6755545 224.28494876902266
v -1759.945631913432 218.4013535 216.857661380067
v -1759.945631913432 218.4013535 216.857661380067
v -1526.966631776022 219.4658675 116.75692336920304
v -1526.622553830299 220.79651 128.53254357765806
v -1761.4748672277567 629.392467 118.11328635769496
v -1761.4748672277567 629.392467 118.11328635769496
v -1761.4748672277567 629.392467 118.11328635769496
v -1761.6660216420473 643.05373 127.64268590589575
v -1761.6660216420473 643.05373 127.64268590589575
v -1761.6660216420473 643.05373 127.64268590589575
v -1759.98386279629 661.0617585 204.506987424854
v -1759.98386279629 661.0617585 204.506987424854
v -1759.98386279629 661.0617585 204.506987424854
v -1760.3279407420132 674.9004405 212.48076717118258
v -1760.3279407420132 674.9004405 212.48076717118258
v -1760.3279407420132 674.9004405 212.48076717118258
v -1527.0048626588803 718.456805 117.28182744024821
v -1527.0048626588803 718.456805 117.28182744024821
v -1526.699015596015 734.779353 128.53191887104947
v -1526.699015596015 734.779353 128.53191887104947
v -1761.4748672277567 815.7711265 119.2500280811577
v -1761.4748672277567 815.7711265 119.2500280811577
v -1761.4748672277567 815.7711265 119.2500280811577
v -1527.0430935417382 816.6582215000001 117.0653788977585
v -1527.0430935417382 816.6582215000001 117.0653788977585
v -1761.4748672277567 820.295311 127.64268590589575
v -1761.4748672277567 820.295311 127.64268590589575
v -1761.4748672277567 820.295311 127.64268590589575
v -1527.0813244245962 821.182406 128.30150149527654
v -1527.0813244245962 821.182406 128.30150149527654
v -623.5326389556852 403.89291799999995 665.4427604239522
v -623.5326389556852 403.89291799999995 665.4427604239522
v -623.5326389556852 403.89291799999995 665.4427604239522
v -623.5326389556852 403.89291799999995 665.4427604239522
v -623.4561771899691 404.6913035 620.8060733097088
v -623.4561771899691 404.6913035 620.8060733097088
v -624.7942580900034 409.747745 615.5317009922278
v -624.7942580900034 409.747745 615.5317009922278
v -624.7942580900034 409.747745 615.5317009922278
v -624.9089507385778 410.01387350000005 669.8158562198987
v -624.9089507385778 410.01387350000005 669.8158562198987
v -600.0588768807969 415.69128150000006 625.3829238066171
v -600.0588768807969 415.69128150000006 625.3829238066171
v -600.0206459979389 415.779991 656.837476080621
v -600.0206459979389 415.779991 656.837476080621
v -612.0251432153898 418.97353300000003 659.4575211754336
v -612.0251432153898 418.97353300000003 659.4575211754336
v -611.9486814496737 420.74772299999995 623.4635752224965
v -611.9486814496737 420.74772299999995 623.4635752224965
v -602.1615754379939 424.473522 663.1921166441515
v -602.0086519065613 424.73965050000004 618.4449823853057
v -602.0086519065613 424.73965050000004 618.4449823853057
v -592.1833150120233 426.8686785 631.0609569397973
v -592.1833150120233 426.8686785 631.0609569397973
v -592.3744694263139 427.4009355 644.4011169734628
v -592.3744694263139 427.4009355 644.4011169734628
v -590.9599267605633 436.4493045 633.1491268280874
v -590.9599267605633 436.4493045 633.1491268280874
v -595.2035547578151 436.538014 650.9626603657463
v -590.9216958777052 436.8041425 641.5639996133416
v -590.9216958777052 436.8041425 641.5639996133416
v -595.3564782892477 437.070271 624.3400887675841
v -605.2582769495019 518.7717205 650.6694486622295
v -606.7875122638269 519.215268 623.6222507010691
v -603.6908107523188 526.2233185 632.7518134250472
v -603.1938092751632 527.021704 641.8572368953967
v -617.1098506355205 562.2393755 667.699749648832
v -617.1098506355205 562.2393755 667.699749648832
v -617.0333888698042 562.6829230000001 618.4449823853057
v -617.0333888698042 562.6829230000001 618.4449823853057
v -621.1240933356235 569.1587165 659.5197163751074
v -621.1240933356235 569.1587165 659.5197163751074
v -620.5506300927516 570.0458115 623.6260491140072
v -620.5506300927516 570.0458115 623.6260491140072
v -619.6330889041566 576.699024 661.8186120998369
v -619.403703607008 577.6748285 624.0398793662616
v -619.403703607008 577.6748285 624.0398793662616
v -636.7222935417383 586.1909405 615.8147924486859
v -636.7222935417383 586.1909405 615.8147924486859
v -636.7222935417383 586.1909405 615.8147924486859
v -636.7222935417383 586.1909405 615.8147924486859
v -636.4546773617313 586.3683595 669.2046432740897
v -636.4546773617313 586.3683595 669.2046432740897
v -636.4546773617313 586.3683595 669.2046432740897
v -637.4104494331845 589.9167395 619.0796842995964
v -637.4104494331845 589.9167395 619.0796842995964
v -637.4104494331845 589.9167395 619.0796842995964
v -637.29575678461 590.0941584999999 665.8394491203838
v -637.29575678461 590.0941584999999 665.8394491203838
v -516.1803198900722 -179.815592 602.8782932307197
v -520.7680258330471 -177.86398300000002 602.077294417232
v -520.7680258330471 -177.86398300000002 602.077294417232
v -512.6248477842665 -176.79946900000002 601.6222079502747
v -512.6248477842665 -176.79946900000002 601.6222079502747
v -516.1803198900722 -167.39626199999998 611.9354893508888
v -520.7680258330471 -165.7107815 610.9688439233511
v -520.7680258330471 -165.7107815 610.9688439233511
v -512.6248477842665 -164.734977 610.4191768758587
v -512.6248477842665 -164.734977 610.4191768758587
v -521.1121037787702 -159.23498800000002 594.3212372213586
v -521.1121037787702 -159.23498800000002 594.3212372213586
v -512.8160021985572 -159.1462785 594.2850544113492
v -512.8160021985572 -159.1462785 594.2850544113492
v -516.5626287186534 -156.573703 593.2067104584121
v -516.2567816557884 -152.2269375 618.8524662086911
v -520.7680258330471 -150.718876 617.7931389151925
v -520.7680258330471 -150.718876 617.7931389151925
v -512.9306948471316 -149.9204905 617.1914461045817
v -512.9306948471316 -149.9204905 617.1914461045817
v -521.1121037787702 -149.476943 601.6018926881227
v -521.1121037787702 -149.476943 601.6018926881227
v -512.8160021985572 -149.3882335 601.5574637508803
v -512.8160021985572 -149.3882335 601.5574637508803
v -516.5626287186534 -147.0817865 600.2557001199759
v -516.1803198900722 -142.735021 620.6880293392305
v -520.7680258330471 -141.5817975 619.679477411843
v -520.7680258330471 -141.5817975 619.679477411843
v -512.6248477842665 -140.8721215 619.1063469744074
v -512.6248477842665 -140.8721215 619.1063469744074
v -513.1218492614222 -137.235032 607.8219714481708
v -513.1218492614222 -137.235032 607.8219714481708
v -521.073872895912 -137.235032 607.8702233930994
v -521.073872895912 -137.235032 607.8702233930994
v -516.6390904843696 -135.283423 606.3958164341291
v -512.8160021985572 -130.138272 609.8663617005755
v -512.8160021985572 -130.138272 609.8663617005755
v -521.1121037787702 -130.138272 609.9126893523917
v -521.1121037787702 -130.138272 609.9126893523917
v -516.5626287186534 -128.541501 608.508723720328
v -512.6630786671246 -2.1304635 619.4624041627447
v -512.6630786671246 -2.1304635 619.4624041627447
v -512.8160021985572 -2.1304635 609.7889226758631
v -512.8160021985572 -2.1304635 609.7889226758631
v -516.1803198900722 -2.1304635 620.9450828274862
v -516.5626287186534 -2.1304635 608.5163451409524
v -520.7680258330471 -2.1304635 619.9993773687092
v -520.7680258330471 -2.1304635 619.9993773687092
v -521.073872895912 -2.1304635 609.8327269064969
v -521.073872895912 -2.1304635 609.8327269064969
v -516.5626287186534 124.280574 608.508723720328
v -512.8160021985572 125.877345 609.8663617005755
v -512.8160021985572 125.877345 609.8663617005755
v -521.1121037787702 125.877345 609.9126893523917
v -521.1121037787702 125.877345 609.9126893523917
v -516.6390904843696 131.02249600000002 606.3958164341291
v -513.1218492614222 132.974105 607.8219714481708
v -513.1218492614222 132.974105 607.8219714481708
v -521.073872895912 132.974105 607.8702233930994
v -521.073872895912 132.974105 607.8702233930994
v -512.6248477842665 136.61119449999998 619.1063469744074
v -512.6248477842665 136.61119449999998 619.1063469744074
v -520.7680258330471 137.3208705 619.679477411843
v -520.7680258330471 137.3208705 619.679477411843
v -516.1803198900722 138.474094 620.6880293392305
v -516.5626287186534 142.82085949999998 600.2557001199759
v -512.8160021985572 145.1273065 601.5574637508803
v -512.8160021985572 145.1273065 601.5574637508803
v -521.1121037787702 145.216016 601.6018926881227
v -521.1121037787702 145.216016 601.6018926881227
v -512.9306948471316 145.65956350000002 617.1914461045817
v -512.9306948471316 145.65956350000002 617.1914461045817
v -520.7680258330471 146.45794899999999 617.7931389151925
v -520.7680258330471 146.45794899999999 617.7931389151925
v -516.2567816557884 147.9660105 618.8524662086911
v -516.5626287186534 152.31277599999999 593.2067104584121
v -512.8160021985572 154.88535149999998 594.2850544113492
v -512.8160021985572 154.88535149999998 594.2850544113492
v -521.1121037787702 154.974061 594.3212372213586
v -521.1121037787702 154.974061 594.3212372213586
v -512.6248477842665 160.47405 610.4191768758587
v -512.6248477842665 160.47405 610.4191768758587
v -520.7680258330471 161.4498545 610.9688439233511
v -520.7680258330471 161.4498545 610.9688439233511
v -516.1803198900722 163.135335 611.9354893508888
v -512.6248477842665 172.538542 601.6222079502747
v -512.6248477842665 172.538542 601.6222079502747
v -520.7680258330471 173.60305599999998 602.077294417232
v -520.7680258330471 173.60305599999998 602.077294417232
v -516.1803198900722 175.554665 602.8782932307197
v -605.0288916523532 378.61071050000004 565.3159844448858
v -605.0288916523532 378.61071050000004 565.3159844448858
v -610.7252931982136 378.7881295 564.6533704425669
v -610.7252931982136 378.7881295 564.6533704425669
v -619.9007050841635 396.44132 562.589315213157
v -619.9007050841635 396.44132 562.589315213157
v -610.80175496393 419.06224249999997 620.7622936738234
v -619.9771668498798 426.60254999999995 621.1005855835194
v -619.9771668498798 426.60254999999995 621.1005855835194
v -605.1053534180694 427.0460975 622.8714035308742
v -605.1053534180694 427.0460975 622.8714035308742
v -1528.190020027482 -1060.878346 111.5897998952465
v -1528.190020027482 -1060.878346 111.5897998952465
v -1528.190020027482 -1060.878346 111.5897998952465
v -1528.190020027482 -1060.878346 128.84734553508247
v -1528.190020027482 -1060.878346 128.84734553508247
v -1528.190020027482 -1060.878346 128.84734553508247
v -1041.1668032978357 -1055.1122285 501.78677053868944
v -762.1960510821024 -1048.3703065 516.7073379454225
v -762.6930525592579 -1048.0154685 111.57268293417212
v -762.6930525592579 -1048.0154685 111.57268293417212
v -762.6930525592579 -1048.0154685 124.46727761986861
v -762.6930525592579 -1048.0154685 124.46727761986861
v -1046.9396666094126 -1045.3541835 517.648621268443
v -1046.9396666094126 -1045.3541835 517.648621268443
v -1044.6458136379251 -1038.2574235 121.84151080279545
v -1198.295731844727 -1024.4187415 452.24576270712384
v -1198.295731844727 -1024.4187415 452.24576270712384
v -764.4134422878736 -1008.4510315 531.3613563234499
v -694.756773720371 -984.233338 138.9930550447441
v -694.756773720371 -984.233338 138.9930550447441
v -703.2822605977327 -984.233338 111.95095606681554
v -703.2822605977327 -984.233338 111.95095606681554
v -696.2477781518379 -982.9026954999999 496.98207724426743
v -696.2477781518379 -982.9026954999999 496.98207724426743
v -699.8032502576434 -977.4027065 504.4652124202379
v -707.028887117829 -955.4027504999999 527.2453140157592
v -707.028887117829 -955.4027504999999 527.2453140157592
v -1298.9958772930265 -951.6769515 438.1084022729088
v -1298.9958772930265 -951.6769515 438.1084022729088
v -895.6218322569563 -926.7495819999999 512.3596298325317
v -895.6218322569563 -926.7495819999999 512.3596298325317
v -895.6218322569563 -926.7495819999999 512.3596298325317
v -892.8692086911714 -925.0641015000001 266.65130154792166
v -892.8692086911714 -925.0641015000001 266.65130154792166
v -892.8692086911714 -925.0641015000001 266.65130154792166
v -1314.9763863277224 -906.5238159999999 123.27848553853917
v -660.1195938509104 -885.6770835 489.15050531679407
v -660.1195938509104 -885.6770835 489.15050531679407
v -661.1135968052216 -884.7899884999999 166.04405141884232
v -669.4479292682927 -884.7899884999999 110.68599995252922
v -669.4479292682927 -884.7899884999999 110.68599995252922
v -664.2485291995878 -879.023871 506.12243411140935
v -664.2485291995878 -879.023871 506.12243411140935
v -664.2485291995878 -879.023871 506.12243411140935
v -680.0761147028512 -846.9997415 527.2586325638956
v -1303.5453523531432 -825.3546235000001 457.9345909672578
v -1417.3204597389213 -805.4836955000001 399.8466709843482
v -1417.3204597389213 -805.4836955000001 399.8466709843482
v -1415.6765317760219 -800.5159635 123.40035350049382
v -1416.288225901752 -799.1853209999999 216.1632876872853
v -1415.4853773617313 -770.8869905 416.1832485633159
v -1411.738750841635 -720.766123 426.5936349494375
v -635.2312891102713 -714.2903295 237.85232689359327
v -635.2312891102713 -714.2903295 237.85232689359327
v -651.2500290278255 -706.2177650000001 527.8457318346144
v -633.0903596702165 -701.072614 164.1462921048394
v -638.5956068017863 -701.072614 110.68599995252922
v -638.5956068017863 -701.072614 110.68599995252922
v -632.6315890759189 -694.4194014999999 507.55113812517175
v -632.6315890759189 -694.4194014999999 507.55113812517175
v -632.6315890759189 -693.5323065 205.41970837469944
v -632.6315890759189 -693.5323065 205.41970837469944
v -632.6315890759189 -693.5323065 205.41970837469944
v -1542.1060613878392 -648.734009 123.56155240024907
v -1554.2634821367226 -630.9033995 384.3015474889213
v -1554.2634821367226 -630.9033995 384.3015474889213
v -1554.2634821367226 -630.9033995 384.3015474889213
v -609.4254431810374 -563.8390175 508.01002300506696
v -609.4254431810374 -563.8390175 508.01002300506696
v -1741.6712699072482 -548.7584025 371.39550837491413
v -1741.6712699072482 -548.7584025 371.39550837491413
v -1741.6712699072482 -548.7584025 371.39550837491413
v -1741.6712699072482 -548.7584025 371.39550837491413
v -625.558875747166 -544.943894 528.0837450524734
v -743.921689075919 -535.7181059999999 542.4121407675841
v -904.8354750257643 -520.1939435 539.9069679045001
v -743.654072895912 -504.9359095 508.55586606108295
v -743.654072895912 -504.9359095 508.55586606108295
v -743.654072895912 -504.9359095 508.55586606108295
v -743.3482258330471 -504.4036525 237.6257325255067
v -743.3482258330471 -504.4036525 237.6257325255067
v -743.3482258330471 -504.4036525 237.6257325255067
v -742.7365317073171 -500.67785349999997 553.7003147067588
v -905.4471691514942 -498.814954 553.4242189805265
v -647.8857113363106 -497.12947349999996 228.73800701086395
v -644.6743171762281 -496.0649595 508.1312662604131
v -644.6743171762281 -496.0649595 508.1312662604131
v -1054.4329196496049 -492.782708 528.5147178443405
v -585.607603160426 -489.234328 508.5380997986517
v -585.607603160426 -489.234328 508.5380997986517
v -585.607603160426 -489.234328 508.5380997986517
v -611.9486814496737 -481.8714395 163.55284640525164
v -611.9486814496737 -481.8714395 163.55284640525164
v -611.9486814496737 -481.8714395 163.55284640525164
v -611.9486814496737 -481.8714395 163.55284640525164
v -599.6765680522158 -477.08112650000004 231.73379984955773
v -613.4779167639986 -477.08112650000004 190.38169612555825
v -613.4779167639986 -477.08112650000004 190.38169612555825
v -613.4779167639986 -477.08112650000004 190.38169612555825
v -613.4779167639986 -477.08112650000004 190.38169612555825
v -619.747781552731 -473.0004895 555.388621208498
v -618.9067021298523 -471.9359755 108.0259490400206
v -618.9067021298523 -471.9359755 108.0259490400206
v -618.9067021298523 -471.9359755 108.0259490400206
v -1058.9441638268636 -460.84728799999993 540.2389114177473
v -614.204303538303 -439.91184599999997 590.609505030724
v -757.9524230848505 -433.87960000000004 603.83796752278
v -757.6465760219855 -416.04899049999995 608.0282495703152
v -757.6465760219855 -416.04899049999995 608.0282495703152
v -422.51465688766746 -402.0328895 527.3024367945294
v -931.2912459635863 -401.234504 667.2929161105934
v -426.8729775334936 -396.62161000000003 584.7632507052344
v -1553.6517880109927 -393.69419650000003 399.9393282555608
v -603.9966578151838 -392.6296825 607.3326264643164
v -930.8324753692889 -390.76678300000003 678.2637390926227
v -930.8324753692889 -390.76678300000003 678.2637390926227
v -1696.291211954655 -362.6458715 191.9621034986259
v -1696.291211954655 -362.6458715 191.9621034986259
v -1696.291211954655 -362.6458715 191.9621034986259
v -435.0161555822741 -344.460424 610.9123448673995
v -1072.8219743043628 -326.186267 652.9200914582402
v -1072.8219743043628 -326.186267 652.9200914582402
v -1565.8474396427346 -325.2104625 347.8328491082317
v -1565.8474396427346 -325.2104625 347.8328491082317
v -1565.8474396427346 -325.2104625 347.8328491082317
v -1565.8474396427346 -325.2104625 347.8328491082317
v -206.81601580212987 -323.9685295 586.9910548179105
v -206.81601580212987 -323.9685295 586.9910548179105
v -232.66009261422192 -323.7911105 254.550708961697
v -232.66009261422192 -323.7911105 254.550708961697
v -591.9539297148747 -320.863697 610.3379394382084
v -591.9539297148747 -320.863697 610.3379394382084
v -591.9539297148747 -320.863697 610.3379394382084
v -591.8392370663003 -320.686278 577.4921153736689
v -591.8392370663003 -320.686278 577.4921153736689
v -206.7777849192717 -316.6943505 258.92632916261596
v -206.7777849192717 -316.6943505 258.92632916261596
v -754.2057965647545 -309.9524285 612.9395925801914
v -754.2057965647545 -309.9524285 612.9395925801914
v -601.0146489522501 -308.976624 610.7879534842623
v -601.0146489522501 -308.976624 610.7879534842623
v -601.5881121951219 -300.0169645 603.4768123350009
v -599.2177974579182 -299.8395455 558.6814497421848
v -599.2177974579182 -299.8395455 558.6814497421848
v -930.6413209549982 -296.20245600000004 680.8914046242701
v -930.6413209549982 -296.20245600000004 680.8914046242701
v -205.24854960494676 -295.670199 592.267351428504
v -754.8174906904844 -295.4040705 608.3049945979044
v -754.8174906904844 -295.4040705 608.3049945979044
v -769.1923026451392 -295.315361 557.9426717069091
v -777.2207880453452 -295.315361 589.5292377684644
v -513.045387495706 -292.5653665 610.6590888082918
v -513.045387495706 -292.5653665 610.6590888082918
v -513.0836183785641 -292.476657 577.2915599575747
v -1363.8736855032635 -288.30731049999997 479.88638078933354
v -930.6030900721402 -287.9524725 672.5012702207146
v -108.792032153899 -287.2427965 77.9751125154371
v -108.792032153899 -287.2427965 77.9751125154371
v -108.792032153899 -287.2427965 77.9751125154371
v -613.0191461697011 -280.1460365 77.5396418359885
v -613.0191461697011 -280.1460365 77.5396418359885
v -1419.8054671246994 -278.283137 77.55880803149694
v -1419.8054671246994 -278.283137 77.55880803149694
v -608.5843637581587 -274.734757 121.66379407003609
v -1419.7290053589832 -272.8718575 123.46189939881054
v -1364.1795325661283 -270.121863 489.71094191270186
v -490.6420901408451 -268.525092 611.9234202159696
v -490.6420901408451 -268.525092 611.9234202159696
v -490.5656283751288 -268.4363825 577.5378193026665
v -905.5618618000686 -266.396064 593.5088185743086
v -905.5618618000686 -266.396064 593.5088185743086
v -905.5618618000686 -266.396064 593.5088185743086
v -917.4898972518035 -264.976712 607.528109459507
v -917.4898972518035 -264.976712 607.528109459507
v -1073.4336684300927 -262.2267175 661.1991530267949
v -1073.4336684300927 -262.2267175 661.1991530267949
v -5.530417554105118 -260.62994649999996 586.079632470779
v -5.530417554105118 -260.62994649999996 586.079632470779
v -316.00341724493296 -256.81543800000003 221.57794451429922
v -316.00341724493296 -256.81543800000003 221.57794451429922
v -316.00341724493296 -256.81543800000003 221.57794451429922
v -261.3332547578152 -252.734801 233.15108402975784
v -206.62486138783922 -248.654164 244.72424912375473
v -280.79277413260047 -242.089661 227.36452706129768
v -6.562651391274476 -241.379985 597.0256914925712
v -476.45843260048093 -240.315471 613.0176563115124
v -476.45843260048093 -240.315471 613.0176563115124
v -476.0761237718997 -240.2267615 585.0317496055909
v -1541.5708290278253 -229.75904050000003 139.1441346812307
v -1541.5708290278253 -229.75904050000003 139.1441346812307
v 128.92759745791824 -223.63808500000002 315.73025177705256
v 128.92759745791824 -223.63808500000002 315.73025177705256
v -1588.4801222947442 -220.26712400000002 77.57804899504038
v -1588.4801222947442 -220.26712400000002 77.57804899504038
v -1744.1180464101683 -220.26712400000002 77.57804899504038
v -1588.136044349021 -216.0977775 139.31930241426915
v -1586.7979634489866 -215.299392 81.74771572449328
v -1744.4621243558915 -213.96874950000003 82.32344533493642
v -1083.5648523874956 -212.0171405 665.7074353328323
v -466.9007118859499 -205.9848945 614.5739500094899
v -466.9007118859499 -205.9848945 614.5739500094899
v -466.40371040879427 -205.896185 586.4191983884403
v -1866.151024493301 -203.6784475 111.77451334202163
v -1866.151024493301 -203.6784475 111.77451334202163
v -1077.2185258330471 -198.7107155 672.6694658344855
v -1657.295711439368 -193.9204025 424.5619641170989
v -1379.0131151150806 -181.5010725 566.2223589658622
v -1755.8549274476125 -179.283335 399.64484156028857
v -1755.8549274476125 -179.283335 399.64484156028857
v -915.6548148746135 -178.928497 645.026298752555
v -915.6548148746135 -178.928497 645.026298752555
v -915.6548148746135 -178.928497 645.026298752555
v -1075.421674338715 -173.783346 704.6419500602672
v -906.7852500515287 -161.71885400000002 597.5055419197655
v -913.7815016145654 -154.622094 701.5953808716721
v -1658.519099690828 -153.6462895 424.1087763647157
v -1658.519099690828 -153.6462895 424.1087763647157
v -319.3295040535898 -149.122105 134.66058977310206
v -319.3295040535898 -149.122105 134.66058977310206
v 450.94632377189964 -144.9527585 151.34817769804192
v 450.94632377189964 -144.9527585 203.99797648020441
v 450.9080928890416 -144.509211 209.9419595140201
v 395.0527730333219 -144.331792 151.34817769804192
v 395.0527730333219 -144.331792 203.99797648020441
v 395.0527730333219 -144.154373 209.86769419563726
v 395.0527730333219 -143.622116 215.7247190533322
v 395.0527730333219 -143.622116 215.7247190533322
v 450.7934002404672 -143.444697 215.83706589629853
v 450.7934002404672 -143.444697 215.83706589629853
v -906.6323265200962 -142.735021 698.7201810031776
v -906.6323265200962 -142.735021 698.7201810031776
v 395.0527730333219 -142.6463115 221.55635524418156
v 450.64047670903466 -141.5817975 221.63506827685933
v 395.0527730333219 -141.31566899999999 227.34928422004896
v 395.0527730333219 -141.31566899999999 227.34928422004896
v 395.0527730333219 -139.541479 233.0907875446582
v 395.0527730333219 -139.541479 233.0907875446582
v 450.37286052902783 -139.0979315 227.28898773494933
v 450.37286052902783 -139.0979315 227.28898773494933
v 395.0527730333219 -137.5011605 238.76947096298522
v 395.0527730333219 -137.5011605 238.76947096298522
v -1382.3392019237376 -136.0818085 585.0368220264943
v -1382.3392019237376 -136.0818085 585.0368220264943
v 450.06701346616285 -135.9043895 232.75122261078667
v 450.06701346616285 -135.9043895 232.75122261078667
v 395.0527730333219 -135.0172945 244.37136465795692
v 395.0527730333219 -135.0172945 244.37136465795692
v 395.0527730333219 -132.1785905 249.88500059030403
v 395.0527730333219 -132.1785905 249.88500059030403
v 449.6847046375816 -132.0011715 237.97799228469597
v 449.6847046375816 -132.0011715 237.97799228469597
v 395.0527730333219 -129.073758 255.29900811596102
v 395.0527730333219 -129.073758 255.29900811596102
v 449.2641649261422 -127.47698700000001 242.92549350983342
v 449.2641649261422 -127.47698700000001 242.92549350983342
v 395.0527730333219 -125.525378 260.6000431082532
v 395.0527730333219 -125.525378 260.6000431082532
v -1013.6405676399863 -122.509255 787.1595463307068
v -1013.6405676399863 -122.509255 787.1595463307068
v 448.7671634489866 -122.4205455 247.55374506325148
v 448.7671634489866 -122.4205455 247.55374506325148
v 395.0527730333219 -121.62216 265.7779361306252
v -913.666808965991 -118.69474650000001 738.1161296102284
v -940.3137343181037 -117.98507049999999 820.5067845140201
v -940.3137343181037 -117.98507049999999 820.5067845140201
v -462.54239124012366 -117.718942 615.6611893910168
v -462.54239124012366 -117.718942 615.6611893910168
v -462.0071588801099 -117.6302325 586.6540378999699
v -462.0071588801099 -117.6302325 586.6540378999699
v 395.0527730333219 -117.45281349999999 270.8200179362977
v 395.0527730333219 -117.45281349999999 270.8200179362977
v 395.0527730333219 -117.45281349999999 270.8200179362977
v 448.2319310889729 -116.7431375 251.82528914318533
v 448.2319310889729 -116.7431375 251.82528914318533
v -937.4464181037443 -111.24314849999999 823.4454545739436
v -937.4464181037443 -111.24314849999999 823.4454545739436
v 447.658467846101 -110.5334725 255.70396753437393
v 447.658467846101 -110.5334725 255.70396753437393
v -906.5940956372381 -108.493154 733.5335810020182
v -906.5940956372381 -108.493154 733.5335810020182
v 447.0085428375129 -103.96896949999999 259.1592699595715
v -936.0701063208519 -97.75930450000001 828.4024769180694
v -936.0701063208519 -97.75930450000001 828.4024769180694
v -936.0701063208519 -97.75930450000001 828.4024769180694
v 449.30239580900036 -96.960919 310.2768877350567
v 449.30239580900036 -96.960919 310.2768877350567
v 449.30239580900036 -96.960919 310.2768877350567
v 446.35861782892476 -96.960919 262.1614102109241
v 446.35861782892476 -96.960919 262.1614102109241
v 446.35861782892476 -96.960919 262.1614102109241
v 446.35861782892476 -96.960919 262.1614102109241
v -939.7402710752318 -96.33995250000001 810.5419644596573
v -939.7402710752318 -96.33995250000001 810.5419644596573
v -960.4614095843352 -91.99318699999999 802.4558624651107
v -960.4614095843352 -91.99318699999999 802.4558624651107
v -960.4614095843352 -91.99318699999999 802.4558624651107
v -958.549865441429 -91.3722205 750.3849168264342
v -958.549865441429 -91.3722205 750.3849168264342
v -958.549865441429 -91.3722205 750.3849168264342
v -937.3699563380281 -90.92867299999999 815.9242368895998
v 458.21019151494335 -90.8399635 308.7713949817288
v 458.21019151494335 -90.8399635 308.7713949817288
v 455.2664135348677 -90.8399635 260.6558918790579
v 455.2664135348677 -90.8399635 260.6558918790579
v 86.4913174854002 -88.622226 287.677076466764
v -936.8347239780144 -83.2109465 822.9313456298522
v -936.8347239780144 -83.2109465 822.9313456298522
v -1015.7432661971831 -82.05772300000001 823.3502492868
v -1015.7432661971831 -82.05772300000001 823.3502492868
v -1015.7432661971831 -82.05772300000001 823.3502492868
v -942.1870475781518 -81.880304 936.4160479050154
v -942.1870475781518 -81.880304 936.4160479050154
v 466.2769077980076 -80.106114 307.4099585885435
v 466.2769077980076 -80.106114 307.4099585885435
v 463.29489893507383 -80.106114 259.29445646966246
v 463.29489893507383 -80.106114 259.29445646966246
v -939.6638093095157 -76.1141865 932.3856907492699
v -1822.9501268636207 -75.13838200000001 390.07860891693144
v -1822.9501268636207 -75.13838200000001 390.07860891693144
v -1822.9501268636207 -75.13838200000001 390.07860891693144
v -1128.294985331501 -71.767421 154.92852179152354
v 473.04377406389557 -65.2916275 306.26622113485485
v 473.04377406389557 -65.2916275 306.26622113485485
v 473.04377406389557 -65.2916275 306.26622113485485
v 470.0617652009619 -65.2916275 258.15074361072226
v 470.0617652009619 -65.2916275 258.15074361072226
v 470.0617652009619 -65.2916275 258.15074361072226
v -913.7050398488492 -64.84808 751.9716716121608
v -938.8227298866369 -64.315823 929.199487336289
v -938.8227298866369 -64.315823 929.199487336289
v -906.7087882858124 -62.0980855 747.0590791890673
v -906.7087882858124 -62.0980855 747.0590791890673
v -1694.6855148746133 -55.799711 485.67993545559943
v 478.1667123668842 -47.1948895 305.40237683654675
v 478.1667123668842 -47.1948895 305.40237683654675
v 475.1847035039505 -47.1948895 257.2868993124141
v 475.1847035039505 -47.1948895 257.2868993124141
v -942.4928946410168 -40.2755485 955.6030869707789
v -942.4928946410168 -40.2755485 955.6030869707789
v -939.77850195809 -37.0820065 951.337890303504
v -938.8609607694949 -35.751364 943.6326094575317
v -938.8609607694949 -35.751364 943.6326094575317
v -1936.8781577808313 -34.4207215 372.0181657490338
v -1936.8781577808313 -34.4207215 372.0181657490338
v 481.33987564410853 -26.880414000000002 304.8654292091206
v 481.33987564410853 -26.880414000000002 304.8654292091206
v 478.396097664033 -26.880414000000002 256.749951684988
v 478.396097664033 -26.880414000000002 256.749951684988
v -1032.4883928890415 -22.3562295 945.2764870220285
v -1111.2440115767777 -7.186905 926.5527805504552
v 482.44857124699416 -5.4127149999999995 304.68391406342323
v 482.44857124699416 -5.4127149999999995 304.68391406342323
v 479.46656238406047 -5.4127149999999995 256.5684119445423
v 479.46656238406047 -5.4127149999999995 256.5684119445423
v -275.6698358296118 -3.993363 134.66058977310206
v -275.6698358296118 -3.993363 134.66058977310206
v -275.6698358296118 -3.993363 134.66058977310206
v -906.5940956372381 -2.9288490000000005 698.6503643828796
v -906.8234809343868 -2.9288490000000005 754.2312108205513
v -906.8234809343868 -2.9288490000000005 754.2312108205513
v -949.7185315012023 -2.75143 808.4347543009704
v -949.7185315012023 -2.75143 808.4347543009704
v -936.7582622122982 -2.574011 823.3248616037445
v -936.7582622122982 -2.574011 823.3248616037445
v -906.7852500515287 -2.4853015000000003 597.878116941107
v -947.1188314668499 -2.4853015000000003 757.6712949992485
v -947.1188314668499 -2.4853015000000003 757.6712949992485
v -436.20131295087594 -2.219173 610.6654362209507
v -436.20131295087594 -2.219173 610.6654362209507
v -436.20131295087594 -2.219173 610.6654362209507
v -461.0131559257987 -2.219173 620.1009300685116
v -461.08961769151495 -2.219173 578.2074300190012
v -937.4464181037443 -2.219173 815.6449684408278
v -1716.4771181037443 -1.9530445 535.5928936018979
v -1716.4771181037443 -1.9530445 535.5928936018979
v -1915.889403091721 -1.864335 299.3733579521427
v -1915.889403091721 -1.864335 299.3733579521427
v -10.27104702851254 -1.7756254999999999 612.6971316480376
v -228.49292638268636 -1.7756254999999999 619.060018338801
v -913.8579633802816 -1.7756254999999999 757.9442170191514
v -1419.2702347646855 -1.5094969999999999 739.3030219931939
v -1419.2702347646855 -1.5094969999999999 739.3030219931939
v -262.67133565784957 -1.4207875 225.04404206645054
v -262.67133565784957 -1.4207875 225.04404206645054
v -262.67133565784957 -1.4207875 225.04404206645054
v -1935.195998935074 -1.0659495 381.7773323878607
v -1826.3144445551357 -0.0014355 455.454180096831
v -1826.3144445551357 -0.0014355 455.454180096831
v -939.0138843009275 1.0630785 948.4690378476683
v -939.0138843009275 1.0630785 948.4690378476683
v -939.7020401923737 1.7727545 955.7744562908795
v -942.4928946410168 1.7727545 959.7794257635692
v -983.8969407763656 1.9501734999999998 943.8357138733467
v -983.8969407763656 1.9501734999999998 943.8357138733467
v -983.8969407763656 1.9501734999999998 943.8357138733467
v -983.8969407763656 1.9501734999999998 943.8357138733467
v -1040.4404165235314 2.038883 955.5459641920088
v -1040.4404165235314 2.038883 955.5459641920088
v -1113.0790939539677 2.038883 934.7404352448042
v -1113.0790939539677 2.038883 934.7404352448042
v -622.9209448299553 2.6598495 108.091343524562
v -1111.2440115767777 10.821123499999999 926.5527805504552
v 481.33987564410853 16.1436935 304.86860291545
v 481.33987564410853 16.1436935 304.86860291545
v 478.396097664033 16.1436935 256.7531244075275
v 478.396097664033 16.1436935 256.7531244075275
v -1032.4883928890415 26.0791575 945.2764870220285
v -1936.8781577808313 30.1597945 372.0181657490338
v -1936.8781577808313 30.1597945 372.0181657490338
v -1784.9486293026453 33.974303 92.04785270778942
v -1784.9486293026453 33.974303 92.04785270778942
v 478.1667123668842 36.458169000000005 305.40809954259703
v 478.1667123668842 36.458169000000005 305.40809954259703
v 478.1667123668842 36.458169000000005 305.40809954259703
v 475.2229343868087 36.458169000000005 257.29324574128304
v 475.2229343868087 36.458169000000005 257.29324574128304
v 475.2229343868087 36.458169000000005 257.29324574128304
v -938.8609607694949 46.038795 943.6326094575317
v -938.8609607694949 46.038795 943.6326094575317
v -939.77850195809 47.3694375 951.337890303504
v -942.4928946410168 50.562979500000004 955.6030869707789
v -942.4928946410168 50.562979500000004 955.6030869707789
v -1694.6855148746133 51.538784 485.67993545559943
v 473.08200494675367 54.554907 306.2750919686963
v 473.08200494675367 54.554907 306.2750919686963
v 470.09999608382003 54.554907 258.1596144445637
v 470.09999608382003 54.554907 258.1596144445637
v -906.7087882858124 57.8371585 747.0590791890673
v -906.7087882858124 57.8371585 747.0590791890673
v -913.7050398488492 60.587153 751.9716716121608
v -938.8227298866369 61.651666999999996 929.199487336289
v -938.8227298866369 61.651666999999996 929.199487336289
v 466.31513868086563 69.3693935 307.4207291207489
v 466.31513868086563 69.3693935 307.4207291207489
v 463.3713607007901 69.3693935 259.3052515966163
v 463.3713607007901 69.3693935 259.3052515966163
v -1822.9501268636207 70.877455 390.07860891693144
v -1822.9501268636207 70.877455 390.07860891693144
v -1822.9501268636207 70.877455 390.07860891693144
v -939.6638093095157 73.4500305 932.3856907492699
v -1015.7432661971831 77.796796 823.3502492868
v -1015.7432661971831 77.796796 823.3502492868
v -1015.7432661971831 77.796796 823.3502492868
v -936.8347239780144 78.9500195 822.9313456298522
v -936.8347239780144 78.9500195 822.9313456298522
v -942.1870475781518 79.216148 936.4160479050154
v -942.1870475781518 79.216148 936.4160479050154
v 458.24842239780145 80.10324299999999 308.78343853810975
v 458.24842239780145 80.10324299999999 308.78343853810975
v 455.30464441772585 80.1919525 260.6685857205857
v 455.30464441772585 80.1919525 260.6685857205857
v 86.4913174854002 84.361299 287.677076466764
v 449.34062669185846 86.312908 310.2895815765845
v 449.34062669185846 86.312908 310.2895815765845
v 449.34062669185846 86.312908 310.2895815765845
v 446.39684871178287 86.312908 262.17475335380885
v 446.39684871178287 86.312908 262.17475335380885
v 446.39684871178287 86.312908 262.17475335380885
v 446.39684871178287 86.312908 262.17475335380885
v -937.3699563380281 86.667746 815.9242368895998
v -959.3144830985916 88.087098 750.3849168264342
v -959.3144830985916 88.087098 750.3849168264342
v -959.3144830985916 88.087098 750.3849168264342
v -960.4614095843352 89.7725785 802.4558624651107
v -960.4614095843352 89.7725785 802.4558624651107
v -960.4614095843352 89.7725785 802.4558624651107
v 447.04677372037105 93.232249 259.14974884058313
v -939.7402710752318 93.232249 810.5419644596573
v -939.7402710752318 93.232249 810.5419644596573
v -936.0701063208519 93.49837749999999 828.4024769180694
v -936.0701063208519 93.49837749999999 828.4024769180694
v -936.0701063208519 93.49837749999999 828.4024769180694
v 447.6966987289591 99.796752 255.67730485956287
v -906.5940956372381 104.232227 733.5335810020182
v -906.5940956372381 104.232227 733.5335810020182
v 448.270161971831 105.91770749999999 251.7853079202379
v -937.4464181037443 106.9822215 823.4454545739436
v 395.0527730333219 107.3370595 270.87969069857866
v 395.0527730333219 107.3370595 270.87969069857866
v 395.0527730333219 107.3370595 270.87969069857866
v 395.0527730333219 111.4176965 265.80142509910684
v 448.8053943318447 111.59511549999999 247.50551771307113
v -462.0071588801099 113.36930550000001 586.6540378999699
v -462.0071588801099 113.36930550000001 586.6540378999699
v -462.54239124012366 113.458015 615.6611893910168
v -462.54239124012366 113.458015 615.6611893910168
v -940.3137343181037 113.7241435 820.5067845140201
v -940.3137343181037 113.7241435 820.5067845140201
v -913.666808965991 114.43381950000001 738.1161296102284
v 395.0527730333219 115.1434955 260.59559539395826
v 449.30239580900036 116.651557 242.87281844535812
v -1013.6787985228443 118.248328 787.2166691094769
v -1013.6787985228443 118.248328 787.2166691094769
v 395.0527730333219 118.5144565 255.27361944911542
v 449.7229355204397 121.087032 237.92531722022073
v 395.0527730333219 121.619289 249.8456686687135
v 395.0527730333219 124.36928350000001 244.3237620143851
v 450.10524434902095 124.99025 232.70172026885092
v 395.0527730333219 126.76444 238.71806990647542
v 450.37286052902783 128.183792 227.24583280567245
v 395.0527730333219 128.8047585 233.04128618651237
v 395.0527730333219 130.40152949999998 227.3048552828066
v 450.64047670903466 130.66765800000002 221.60078418142393
v 395.0527730333219 131.732172 221.52017145038218
v 450.7934002404672 132.5305575 215.81295222120835
v 395.0527730333219 132.619267 215.6993303864866
v 395.0527730333219 133.24023350000002 209.85500035410942
v 395.0527730333219 133.4176525 151.34817769804192
v 395.0527730333219 133.4176525 203.99797648020441
v 450.9080928890416 133.5950715 209.92989037910084
v 450.94632377189964 133.9499095 151.34817769804192
v 450.94632377189964 133.9499095 203.99797648020441
v -906.6323265200962 138.474094 698.7201810031776
v -1382.3392019237376 140.5144125 585.0368220264943
v -1382.3392019237376 140.5144125 585.0368220264943
v -319.8265055307454 145.216016 134.32419854555997
v -319.8265055307454 145.216016 134.32419854555997
v -913.7815016145654 150.361167 701.5953808716721
v -906.7852500515287 157.45792699999998 597.5055419197655
v -1657.7927129165234 167.4821005 425.10590845854085
v -915.6548148746135 174.66756999999998 645.026298752555
v -915.6548148746135 174.66756999999998 645.026298752555
v -915.6548148746135 174.66756999999998 645.026298752555
v -1755.8549274476125 175.02240799999998 399.64484156028857
v -1755.8549274476125 175.02240799999998 399.64484156028857
v -1075.421674338715 175.909503 704.6419500602672
v -1378.0191121607695 178.6594975 566.2223589658622
v -1657.295711439368 194.53849799999998 424.5619641170989
v -1077.2185258330471 196.490107 672.6694658344855
v -466.40371040879427 201.635258 586.4191983884403
v -466.9007118859499 201.7239675 614.5739500094899
v -466.9007118859499 201.7239675 614.5739500094899
v -1865.9216391961525 205.27234750000002 112.17627445935676
v -1865.9216391961525 205.27234750000002 112.17627445935676
v -1083.7177759189283 207.667504 665.1850812452981
v -1745.1120493644796 212.01426949999998 81.92135858313299
v 130.38037100652696 215.47393999999997 315.73025177705256
v 130.38037100652696 215.47393999999997 315.73025177705256
v -1588.2507369975954 221.151348 77.97998522698384
v -1588.2507369975954 221.151348 77.97998522698384
v -1743.9268919958777 221.151348 77.97998522698384
v -1586.9891178632772 222.74811899999997 81.34562897268984
v -1588.2889678804536 224.0787615 139.7172651186663
v -1541.5708290278253 227.98197950000002 136.3983986167769
v -1541.5708290278253 227.98197950000002 136.3983986167769
v -476.0761237718997 235.877125 585.0317496055909
v -476.45843260048093 236.054544 613.0176563115124
v -476.45843260048093 236.054544 613.0176563115124
v -8.015424939883202 241.99808050000001 597.0256914925712
v -1073.4336684300927 251.57870649999998 661.1991530267949
v -1073.4336684300927 251.57870649999998 661.1991530267949
v -316.00341724493296 252.554511 221.57794451429922
v -316.00341724493296 252.554511 221.57794451429922
v -316.00341724493296 252.554511 221.57794451429922
v -6.983191102713844 261.248042 586.079632470779
v -6.983191102713844 261.248042 586.079632470779
v -490.5656283751288 264.1754555 577.5378193026665
v -490.6420901408451 264.264165 611.9234202159696
v -490.6420901408451 264.264165 611.9234202159696
v -917.4898972518035 268.34480199999996 607.528109459507
v -917.4898972518035 268.34480199999996 607.528109459507
v -905.5618618000686 270.651249 593.5088185743086
v -905.5618618000686 270.651249 593.5088185743086
v -905.5618618000686 270.651249 593.5088185743086
v -1419.8436980075576 273.135115 77.96076885818877
v -1419.8436980075576 273.135115 77.96076885818877
v -613.24853146685 274.1109195 77.81726145282983
v -613.24853146685 274.1109195 77.81726145282983
v -1419.8819288904156 276.15123800000003 123.4955587876374
v -608.8137490553074 277.038333 121.4067395979904
v -930.6030900721402 283.6915455 672.5012702207146
v -1363.6443002061148 288.12702049999996 489.71094191270186
v -513.0836183785641 288.21573 577.2915599575747
v -513.045387495706 288.3044395 610.6590888082918
v -513.045387495706 288.3044395 610.6590888082918
v -108.83026303675713 289.635082 78.0324851768508
v -108.83026303675713 289.635082 78.0324851768508
v -108.83026303675713 289.635082 78.0324851768508
v -769.1923026451392 291.054434 557.9426717069091
v -777.2207880453452 291.054434 589.5292377684644
v -754.8174906904844 291.1431435 608.3049945979044
v -754.8174906904844 291.1431435 608.3049945979044
v -599.2177974579182 295.5786185 558.6814497421848
v -601.5881121951219 295.7560375 603.4768123350009
v -930.6413209549982 296.199585 680.8914046242701
v -930.6413209549982 296.199585 680.8914046242701
v -204.48393194778427 298.5947415 592.267351428504
v -601.0146489522501 304.715697 610.7879534842623
v -601.0146489522501 304.715697 610.7879534842623
v -754.2057965647545 305.6915015 612.9395925801914
v -754.2057965647545 305.6915015 612.9395925801914
v -1072.8219743043628 308.1753675 652.9226404579612
v -1072.8219743043628 308.1753675 652.9226404579612
v -1363.3002222603916 311.9011665 479.88638078933354
v -591.0363885262796 312.2560045 577.4921153736689
v -591.0363885262796 312.2560045 577.4921153736689
v -591.151081174854 312.344714 610.3379394382084
v -591.151081174854 312.344714 610.3379394382084
v -1565.8474396427346 316.60277 347.7116068366755
v -1565.8474396427346 316.60277 347.7116068366755
v -1565.8474396427346 316.60277 347.7116068366755
v -231.81901319134317 325.3850105 254.550708961697
v -231.81901319134317 325.3850105 254.550708961697
v -206.01316726210922 326.893072 586.9910548179105
v -206.01316726210922 326.893072 586.9910548179105
v -434.40446145654414 340.199497 610.9123448673995
v -1696.291211954655 358.3849445 191.9621034986259
v -1696.291211954655 358.3849445 191.9621034986259
v -1696.291211954655 358.3849445 191.9621034986259
v -1553.4224027138441 380.0300625 399.1421524497595
v -930.8324753692889 380.11877200000004 678.2637390926227
v -930.8324753692889 380.11877200000004 678.2637390926227
v -931.2912459635863 388.10262700000004 667.2929161105934
v -603.9966578151838 388.36875549999996 607.3326264643164
v -426.22305252490554 394.489711 584.7632507052344
v -426.22305252490554 394.489711 584.7632507052344
v -422.51465688766746 397.77196250000003 527.3024367945294
v -757.6465760219855 401.14292350000005 608.0282495703152
v -757.6465760219855 401.14292350000005 608.0282495703152
v -755.9261862933699 424.650941 601.7466249119503
v -614.204303538303 435.65091900000004 590.609505030724
v -1058.8677020611474 462.973445 540.1900593609585
v -604.4554284094812 465.279892 163.55284640525164
v -604.4554284094812 465.279892 163.55284640525164
v -604.4554284094812 465.279892 163.55284640525164
v -614.9689211954654 465.279892 109.42104383824287
v -614.9689211954654 465.279892 109.42104383824287
v -614.9689211954654 465.279892 109.42104383824287
v -619.747781552731 468.7395625 555.388621208498
v -601.3587268979733 470.42504299999996 231.62527601427774
v -609.7312902439024 470.42504299999996 190.38169612555825
v -609.7312902439024 470.42504299999996 190.38169612555825
v -609.7312902439024 470.42504299999996 190.38169612555825
v -609.7312902439024 470.42504299999996 190.38169612555825
v -1054.4329196496049 478.763736 528.5147178443405
v -1054.4329196496049 478.763736 528.5147178443405
v -586.8692222947441 481.60244 508.5380997986517
v -586.8692222947441 481.60244 508.5380997986517
v -586.8692222947441 481.60244 508.5380997986517
v -905.5236309172105 485.32823900000005 553.4242189805265
v -644.6743171762281 487.5459765 508.1312662604131
v -644.6743171762281 487.5459765 508.1312662604131
v -647.8857113363106 488.6104905 228.73800701086395
v -740.9396802129852 491.715323 198.278662537573
v -740.9396802129852 491.715323 198.278662537573
v -740.9396802129852 491.715323 198.278662537573
v -738.8369816557885 498.0136975 534.4225180681467
v -738.8369816557885 498.0136975 534.4225180681467
v -738.8369816557885 498.0136975 534.4225180681467
v -738.8369816557885 498.0136975 551.9466383152267
v -904.8354750257643 507.9491615 539.9069679045001
v -904.8354750257643 507.9491615 539.9069679045001
v -742.6600699416008 534.7394305 542.4121407675841
v -625.558875747166 540.682967 528.0837450524734
v -1741.6330390243902 550.263593 371.837276293735
v -1741.6330390243902 550.263593 371.837276293735
v -1741.6330390243902 550.263593 371.837276293735
v -1741.6330390243902 550.263593 371.837276293735
v -609.4254431810374 559.5780905 508.01002300506696
v -609.4254431810374 559.5780905 508.01002300506696
v -1554.3017130195808 598.6102705 384.45832326913
v -1554.3017130195808 598.6102705 384.45832326913
v -1542.0678305049812 615.8199135 130.21705166645913
v -632.6315890759189 689.2713795 205.41970837469944
v -632.6315890759189 689.2713795 205.41970837469944
v -632.6315890759189 689.2713795 205.41970837469944
v -632.6315890759189 690.1584745 507.55113812517175
v -632.6315890759189 690.1584745 507.55113812517175
v -633.0903596702165 696.811687 164.1462921048394
v -638.5956068017863 696.811687 110.68599995252922
v -638.5956068017863 696.811687 110.68599995252922
v -651.2500290278255 701.9568380000001 527.8457318346144
v -635.2312891102713 710.0294025000001 237.85232689359327
v -635.2312891102713 710.0294025000001 237.85232689359327
v -1415.7912244245963 780.8195835 124.19815401290367
v -1416.4411494331844 788.6260195 215.59080655120664
v -647.6563260391619 795.7227795000001 363.50109096262025
v -647.6563260391619 795.7227795000001 363.50109096262025
v -1417.3204597389213 796.7872935 400.7885544192288
v -1417.3204597389213 796.7872935 400.7885544192288
v -1304.080584713157 825.2630429999999 456.68802582201135
v -680.0761147028512 842.7388145 527.2586325638956
v -1314.2882304362763 870.0613405 124.52440039863879
v -664.2485291995878 874.7629440000001 506.12243411140935
v -664.2485291995878 874.7629440000001 506.12243411140935
v -664.2485291995878 874.7629440000001 506.12243411140935
v -661.1135968052216 880.5290615 166.04405141884232
v -669.4479292682927 880.5290615 110.68599995252922
v -669.4479292682927 880.5290615 110.68599995252922
v -660.1195938509104 881.4161565 489.15050531679407
v -660.1195938509104 881.4161565 489.15050531679407
v -660.1195938509104 881.4161565 489.15050531679407
v -660.1195938509104 881.4161565 489.15050531679407
v -1298.7282611130195 914.5935095 438.1084022729088
v -1298.7282611130195 914.5935095 438.1084022729088
v -892.8692086911714 920.8031745 266.65130154792166
v -892.8692086911714 920.8031745 266.65130154792166
v -892.8692086911714 920.8031745 266.65130154792166
v -895.6218322569563 922.488655 512.3596298325317
v -895.6218322569563 922.488655 512.3596298325317
v -895.6218322569563 922.488655 512.3596298325317
v -706.9524253521126 942.8031305 527.2453140157592
v -699.8032502576434 973.1417795 504.4652124202379
v -696.2477781518379 978.6417685 496.98207724426743
v -696.2477781518379 978.6417685 496.98207724426743
v -694.756773720371 979.9724110000001 138.9930550447441
v -694.756773720371 979.9724110000001 138.9930550447441
v -703.2822605977327 979.9724110000001 111.95095606681554
v -703.2822605977327 979.9724110000001 111.95095606681554
v -1197.0341127104089 1003.923976 452.78778275545346
v -1197.0341127104089 1003.923976 452.78778275545346
v -764.4134422878736 1005.4320375 531.3613563234499
v -1044.6458136379251 1033.9964965 121.84151080279545
v -1046.9396666094126 1037.7222955 517.648621268443
v -1046.9396666094126 1037.7222955 517.648621268443
v -762.6930525592579 1043.7545415 111.57268293417212
v -762.6930525592579 1043.7545415 111.57268293417212
v -762.6930525592579 1043.7545415 124.46727761986861
v -762.6930525592579 1043.7545415 124.46727761986861
v -762.1960510821024 1044.1093795 516.7073379454225
v -762.1960510821024 1044.1093795 516.7073379454225
v -1041.1668032978357 1050.8513015 501.78677053868944
v -1526.9284008931638 1078.1738275 111.5897998952465
v -1526.9284008931638 1078.1738275 111.5897998952465
v -1526.9284008931638 1078.1738275 111.5897998952465
v -1526.9284008931638 1078.1738275 128.84734553508247
v -1526.9284008931638 1078.1738275 128.84734553508247
v -1526.9284008931638 1078.1738275 128.84734553508247
v -514.7275463414634 131.1112055 535.4304197103874
v -514.7275463414634 131.1112055 535.4304197103874
v -514.7275463414634 131.1112055 535.4304197103874
v -519.5064066987289 131.1112055 535.0711888157206
v -519.5064066987289 131.1112055 535.0711888157206
v -519.5064066987289 131.1112055 535.0711888157206
v -514.6510845757472 135.9015185 505.5385085470199
v -514.6510845757472 135.9015185 505.5385085470199
v -514.6510845757472 135.9015185 505.5385085470199
v -519.4299449330127 135.9015185 505.4909059034481
v -519.4299449330127 135.9015185 505.4909059034481
v -519.4299449330127 135.9015185 505.4909059034481
v -515.836241944349 139.361189 588.3226794247037
v -515.836241944349 139.361189 588.3226794247037
v -515.836241944349 139.361189 588.3226794247037
v -523.7118038131226 143.796664 590.4673218066171
v -523.7118038131226 143.796664 590.4673218066171
v -523.7118038131226 143.796664 590.4673218066171
v -515.6450875300584 149.3853625 458.7285930667296
v -515.6450875300584 149.3853625 458.7285930667296
v -515.6450875300584 149.3853625 458.7285930667296
v -509.22229920989355 149.474072 593.2428686736731
v -509.22229920989355 149.474072 593.2428686736731
v -509.22229920989355 149.474072 593.2428686736731
v -515.836241944349 151.3369715 576.2423775058828
v -515.836241944349 151.3369715 576.2423775058828
v -523.5971111645483 154.5305135 457.4534911268464
v -523.5971111645483 154.5305135 457.4534911268464
v -523.5971111645483 154.5305135 457.4534911268464
v -523.7118038131226 156.570832 577.4711754049081
v -523.7118038131226 156.570832 577.4711754049081
v -526.9996597389213 159.3208265 598.0621801027353
v -526.9996597389213 159.3208265 598.0621801027353
v -526.9996597389213 159.3208265 598.0621801027353
v -509.22229920989355 162.425659 455.6020614322398
v -509.22229920989355 162.425659 455.6020614322398
v -515.836241944349 162.5143685 478.19807428759447
v -515.836241944349 162.5143685 478.19807428759447
v -509.22229920989355 163.4014635 579.0611038969641
v -509.22229920989355 163.4014635 579.0611038969641
v -515.836241944349 163.490173 558.631948384039
v -515.836241944349 163.490173 558.631948384039
v -515.9127037100653 163.9337205 539.177060703066
v -508.91645214702845 166.4175865 601.5232042501932
v -508.91645214702845 166.4175865 601.5232042501932
v -508.91645214702845 166.4175865 601.5232042501932
v -523.7118038131226 168.01435750000002 477.3380529969727
v -523.7118038131226 168.01435750000002 477.3380529969727
v -515.9509345929233 168.103067 506.04944378478183
v -522.7560317416695 168.635324 537.1009599496952
v -522.7560317416695 168.635324 537.1009599496952
v -523.7118038131226 168.990162 559.4284994832317
v -523.7118038131226 168.990162 559.4284994832317
v -526.9996597389213 169.877257 453.95183645508416
v -526.9996597389213 169.877257 453.95183645508416
v -515.836241944349 170.4982235 540.8634684902311
v -515.836241944349 170.4982235 540.8634684902311
v -515.836241944349 170.4982235 540.8634684902311
v -515.836241944349 170.6756425 494.1309910508631
v -515.836241944349 170.6756425 494.1309910508631
v -522.7560317416695 172.361123 507.68125221435935
v -522.7560317416695 172.361123 507.68125221435935
v -523.1765714531089 174.4014415 605.3878892133503
v -523.1765714531089 174.4014415 605.3878892133503
v -523.1765714531089 174.4014415 605.3878892133503
v -509.22229920989355 175.02240799999998 476.2260496552087
v -509.22229920989355 175.02240799999998 476.2260496552087
v -515.836241944349 175.02240799999998 504.02409478656386
v -515.836241944349 175.02240799999998 504.02409478656386
v -515.836241944349 175.02240799999998 504.02409478656386
v -526.9996597389213 175.28853650000002 581.8214079227714
v -526.9996597389213 175.28853650000002 581.8214079227714
v -510.06337863277224 175.4659555 537.5306587335967
v -510.06337863277224 175.4659555 537.5306587335967
v -509.22229920989355 176.08692200000002 560.4586151021986
v -523.7118038131226 176.264341 493.69621984605806
v -523.7118038131226 176.264341 493.69621984605806
v -523.7118038131226 176.619179 539.5356668911242
v -523.7118038131226 176.619179 539.5356668911242
v -523.7118038131226 176.619179 539.5356668911242
v -515.1480860529027 177.506274 606.9283163472603
v -515.1480860529027 177.506274 606.9283163472603
v -515.1480860529027 177.506274 606.9283163472603
v -510.06337863277224 179.28046400000002 507.7015674765115
v -510.06337863277224 179.28046400000002 507.7015674765115
v -523.7118038131226 180.699816 505.65465380292426
v -523.7118038131226 180.699816 505.65465380292426
v -523.7118038131226 180.699816 505.65465380292426
v -508.91645214702845 182.2078775 451.10012555507126
v -508.91645214702845 182.2078775 451.10012555507126
v -508.91645214702845 182.2078775 451.10012555507126
v -509.22229920989355 183.53852 493.13388453557627
v -509.22229920989355 183.53852 493.13388453557627
v -508.91645214702845 183.80464849999998 583.8036019917124
v -508.91645214702845 183.80464849999998 583.8036019917124
v -526.9996597389213 187.3530285 474.2946575147071
v -526.9996597389213 187.3530285 474.2946575147071
v -509.22229920989355 187.973995 505.6483073740553
v -509.22229920989355 187.973995 505.6483073740553
v -509.22229920989355 187.973995 505.6483073740553
v -526.9996597389213 188.41754249999997 562.2478505809215
v -526.9996597389213 188.41754249999997 562.2478505809215
v -509.22229920989355 188.5949615 539.718456044787
v -509.22229920989355 188.5949615 539.718456044787
v -523.1765714531089 191.6110845 449.02465049209894
v -523.1765714531089 191.6110845 449.02465049209894
v -523.1765714531089 191.6110845 449.02465049209894
v -523.1765714531089 193.296565 586.0174372711053
v -523.1765714531089 193.296565 586.0174372711053
v -515.1480860529027 194.6272075 448.46736202398233
v -515.1480860529027 194.6272075 448.46736202398233
v -515.1480860529027 194.6272075 448.46736202398233
v -526.9996597389213 195.95785 539.7482924259275
v -526.9996597389213 195.95785 539.7482924259275
v -526.9996597389213 196.0465595 492.1570677039033
v -526.9996597389213 196.0465595 492.1570677039033
v -508.91645214702845 196.135269 472.9078334384661
v -508.91645214702845 196.135269 472.9078334384661
v -515.1480860529027 197.022364 586.8996725384533
v -515.1480860529027 197.022364 586.8996725384533
v -508.91645214702845 197.2884925 563.53312195736
v -508.91645214702845 197.2884925 563.53312195736
v -526.9996597389213 198.7078445 520.8176831256012
v -526.9996597389213 198.7078445 520.8176831256012
v -508.91645214702845 204.9175095 540.2097253217537
v -508.91645214702845 204.9175095 540.2097253217537
v -508.91645214702845 205.0949285 491.45572287564414
v -508.91645214702845 205.0949285 491.45572287564414
v -523.1765714531089 205.9820235 471.35916116111304
v -523.1765714531089 205.9820235 471.35916116111304
v -523.1765714531089 207.135247 564.9675476933828
v -523.1765714531089 207.135247 564.9675476933828
v -508.91645214702845 207.7562135 521.1274126621221
v -508.91645214702845 207.7562135 521.1274126621221
v -515.1480860529027 209.8852415 470.74160080264517
v -515.1480860529027 209.8852415 470.74160080264517
v -515.1480860529027 211.038465 565.5394041228529
v -515.1480860529027 211.038465 565.5394041228529
v -523.1765714531089 214.85297350000002 540.7504959568662
v -523.1765714531089 214.85297350000002 540.7504959568662
v -523.1765714531089 215.119102 490.6725149193361
v -523.1765714531089 215.119102 490.6725149193361
v -523.1765714531089 217.8690965 521.4727003020439
v -523.1765714531089 217.8690965 521.4727003020439
v -515.1480860529027 218.84490100000002 541.105280121028
v -515.1480860529027 218.84490100000002 541.105280121028
v -515.1480860529027 219.1110295 490.36023736688423
v -515.1480860529027 219.1110295 490.36023736688423
v -515.1480860529027 221.9497335 521.6110605184645
v -515.1480860529027 221.9497335 521.6110605184645
v -521.1503346616283 41.780739000000004 618.8112099939883
v -521.3032581930607 41.780739000000004 611.3318732309558
v -521.1503346616283 53.756521500000005 618.8112099939883
v -521.3032581930607 53.756521500000005 611.3318732309558
v -519.3534831672964 -62.275504500000004 590.9890521713328
v -519.3534831672964 -62.275504500000004 597.675011541502
v -519.3534831672964 -51.630364500000006 590.9890521713328
v -519.3534831672964 -51.630364500000006 597.675011541502
v -519.3534831672964 -62.275504500000004 571.2764853117055
v -519.3534831672964 -62.275504500000004 577.9617953805179
v -519.3534831672964 -51.630364500000006 571.2764853117055
v -519.3534831672964 -51.630364500000006 577.9617953805179
v -1526.8519391274476 525.247514 364.21640462416264
v -1526.8519391274476 525.247514 364.21640462416264
v -1684.669023565785 565.521627 377.97801731449675
v -1684.669023565785 565.521627 377.97801731449675
v -1717.3946592923394 590.715125 468.8336966468353
v -1717.3946592923394 590.715125 468.8336966468353
v -1579.3429412916523 593.5538290000001 377.12244373816986
v -1579.7252501202336 593.5538290000001 378.26173347756355
v -1579.7252501202336 593.5538290000001 378.26173347756355
v -1579.7252501202336 593.5538290000001 378.26173347756355
v -1529.6427935760908 640.8359925 377.81551784444775
v -1529.6427935760908 640.8359925 377.81551784444775
v -1529.6427935760908 640.8359925 377.81551784444775
v -1529.6427935760908 640.8359925 377.81551784444775
v -1740.065572827207 660.7069205 566.5682713123927
v -1740.065572827207 660.7069205 566.5682713123927
v -1759.5250922019925 696.9003965 601.507336702336
v -1759.5250922019925 696.9003965 601.507336702336
v -1604.1930151494332 743.2067555 602.9722245098978
v -1604.1930151494332 743.2067555 602.9722245098978
v -1573.6847706286499 744.18256 579.413988362762
v -1573.6847706286499 744.18256 579.413988362762
v -1552.6577850566814 750.6583535 558.4827930406648
v -1552.6577850566814 750.6583535 558.4827930406648
v -1483.001116489179 755.182538 396.63635389627706
v -1483.001116489179 755.182538 396.63635389627706
v -1483.001116489179 755.182538 396.63635389627706
v -1483.001116489179 755.182538 399.6791000771857
v -1530.1397950532464 760.5938175 516.290358581587
v -1530.1397950532464 760.5938175 516.290358581587
v -1413.3826788045346 766.2712255000001 329.26399510754464
v -15.73806327722432 -481.3391825 309.74691124310806
v -15.73806327722432 -481.3391825 309.74691124310806
v -15.73806327722432 -481.3391825 309.74691124310806
v 181.68621580212985 -383.40389450000004 325.0197639875687
v 181.68621580212985 -383.40389450000004 325.0197639875687
v 181.68621580212985 -383.40389450000004 325.0197639875687
v -15.393985331501202 -243.0654655 130.89363450206116
v -15.393985331501202 -243.0654655 130.89363450206116
v -15.393985331501202 -243.0654655 130.89363450206116
v -9.162351425626932 -236.1461245 130.89363450206116
v -15.393985331501202 -230.557426 130.89363450206116
v -15.393985331501202 -230.557426 130.89363450206116
v -15.393985331501202 -230.557426 130.89363450206116
v 182.7184496392992 -202.4365145 145.492403237354
v 182.7184496392992 -202.4365145 145.492403237354
v 182.7184496392992 -202.4365145 145.492403237354
v 182.7184496392992 -200.1300675 145.492403237354
v 182.7184496392992 -200.1300675 145.492403237354
v 182.7184496392992 -180.52526799999998 145.492403237354
v 182.7184496392992 -180.52526799999998 145.492403237354
v 182.7184496392992 -180.52526799999998 145.492403237354
v -1711.354179800756 -854.8061775000001 251.24643599969943
v -1711.354179800756 -854.8061775000001 251.24643599969943
v -1713.7244945379596 -854.8061775000001 244.9851020087384
v -1713.7244945379596 -854.8061775000001 244.9851020087384
v -1713.7244945379596 -854.8061775000001 257.50776999066045
v -1713.7244945379596 -854.8061775000001 257.50776999066045
v -1719.6502813809686 -854.8061775000001 244.02162930374016
v -1719.6502813809686 -854.8061775000001 258.47126827419703
v -1731.387162418413 -854.8061775000001 253.68686466338886
v -1731.387162418413 -854.8061775000001 253.68686466338886
v -1733.0693212641704 -854.8061775000001 248.80600733600997
v -1733.0693212641704 -854.8061775000001 248.80600733600997
v -1676.6023072827206 -120.202808 394.1616411371522
v -1676.6023072827206 -120.202808 394.1616411371522
v -1678.9343911370663 -120.202808 387.90030714619115
v -1678.9343911370663 -120.202808 387.90030714619115
v -1678.9343911370663 -120.202808 400.42297611190315
v -1678.9343911370663 -120.202808 400.42297611190315
v -1684.8601779800756 -120.202808 386.9368344411929
v -1684.8601779800756 -120.202808 401.38644783311145
v -1696.6352899003778 -120.202808 396.6020698008416
v -1696.6352899003778 -120.202808 396.6020698008416
v -1698.3174487461354 -120.202808 391.72121247346274
v -1698.3174487461354 -120.202808 391.72121247346274
v -114.52666458261766 -2.9288490000000005 691.1989633188336
v -114.52666458261766 -2.9288490000000005 691.1989633188336
v -147.13760766059775 -2.9288490000000005 574.7584494279242
v -147.13760766059775 -2.9288490000000005 574.7584494279242
v -147.13760766059775 -2.9288490000000005 691.1989633188336
v -147.13760766059775 -2.9288490000000005 691.1989633188336
v -147.13760766059775 -2.9288490000000005 691.1989633188336
v -147.13760766059775 -2.9288490000000005 691.1989633188336
v -114.52666458261766 0.619531 694.3470852072312
v -114.52666458261766 0.619531 694.3470852072312
v -149.1256135692202 0.619531 574.7584494279242
v -149.1256135692202 0.619531 574.7584494279242
v -149.1256135692202 0.619531 694.3470852072312
v -149.1256135692202 0.619531 694.3470852072312
v -149.1256135692202 0.619531 694.3470852072312
v -149.1256135692202 0.619531 694.3470852072312
v -519.3534831672964 48.877499 571.2764853117055
v -519.3534831672964 48.877499 577.9617953805179
v -519.3534831672964 59.522639 571.2764853117055
v -519.3534831672964 59.522639 577.9617953805179
v -514.8422389900378 60.587153 506.7291993429234
v -514.8422389900378 60.587153 548.573197050498
v -510.21630216420476 78.7726005 506.7291993429234
v -510.21630216420476 78.7726005 548.573197050498
v -510.21630216420476 139.0950605 506.7291993429234
v -510.21630216420476 139.0950605 548.573197050498
v -768.7335320508416 -375.33133 160.66305299686533
v -933.0498665750602 -361.13781000000006 593.6916077279715
v -768.7335320508416 355.28011200000003 160.66305299686533
v -933.0498665750602 356.876883 593.6916077279715
v -1331.148049776709 795.456651 553.9979997031089
v -1331.148049776709 795.456651 553.9979997031089
v -1310.1210642047406 796.0776175000001 551.2268759555994
v -1310.1210642047406 796.0776175000001 551.2268759555994
v -1299.8751875987632 796.6098744999999 554.7386764529585
v -1299.8751875987632 796.6098744999999 554.7386764529585
v -1299.8751875987632 796.6098744999999 554.7386764529585
v -1299.8751875987632 796.6098744999999 554.7386764529585
v -1346.3257102713842 796.6098744999999 565.024671455943
v -1346.3257102713842 796.6098744999999 565.024671455943
v -1346.3257102713842 796.6098744999999 565.024671455943
v -1346.3257102713842 796.6098744999999 565.024671455943
v -1330.192277705256 796.698584 548.6252483921547
v -1308.9741377189969 797.230841 546.7439813326176
v -1250.82496489179 799.8034165 450.343555678826
v -1250.82496489179 799.8034165 450.343555678826
v -1330.9951262452764 801.5776065000001 552.9500922431724
v -1295.3639434215045 803.5292155000001 448.16587861469424
v -1295.3639434215045 803.5292155000001 448.16587861469424
v -1309.9681406733082 805.7469530000001 550.1796177970199
v -1299.8751875987632 808.2308189999999 554.7386764529585
v -1299.8751875987632 808.2308189999999 554.7386764529585
v -1299.8751875987632 808.2308189999999 554.7386764529585
v -1250.82496489179 812.843713 450.22358741523533
v -1250.82496489179 812.843713 450.22358741523533
v -1299.8751875987632 1057.9480615 554.7386764529585
v -1299.8751875987632 1057.9480615 554.7386764529585
v -1308.9741377189969 1057.9480615 546.7439813326176
v -1310.1210642047406 1057.9480615 551.2268759555994
v -1330.192277705256 1057.9480615 548.6252483921547
v -1331.148049776709 1057.9480615 553.9979997031089
v -1346.5168646856748 1058.21419 565.4251575815226
v -1346.5168646856748 1058.21419 565.4251575815226
v -1744.1180464101683 -220.26712400000002 77.57804899504038
v -1938.5220857437305 -218.670353 77.13780595061837
v -1938.5220857437305 -218.670353 77.13780595061837
v -1936.839926897973 -217.87196749999998 325.1200416956158
v -1936.839926897973 -217.87196749999998 325.1200416956158
v -1936.839926897973 -217.87196749999998 325.1200416956158
v -1528.0753273789076 -217.251001 111.12139488015288
v -1588.136044349021 -216.0977775 139.31930241426915
v -1743.7739684644453 -216.0977775 220.87152628134663
v -1743.7739684644453 -216.0977775 220.87152628134663
v -1744.0033537615939 -211.92843100000002 76.93787425734286
v -1744.6150478873237 -208.91230800000002 219.23716885204828
v -1744.6150478873237 -208.91230800000002 219.23716885204828
v -1937.6810063208518 -201.46070999999998 313.97784939348594
v -1937.6810063208518 -201.46070999999998 313.97784939348594
v -1937.6810063208518 -201.46070999999998 313.97784939348594
v -1938.4073930951563 -201.105872 77.0283317742614
v -1938.4073930951563 -201.105872 77.0283317742614
v -1938.3309313294399 196.5788165 76.7842711996737
v -1938.3309313294399 196.5788165 76.7842711996737
v -1937.7956989694264 197.377202 312.03566114224066
v -1937.7956989694264 197.377202 312.03566114224066
v -1937.7956989694264 197.377202 312.03566114224066
v -1744.1180464101683 211.8368505 77.53621824701565
v -1528.2282509103402 214.49813550000002 111.51998327494846
v -1744.7297405358984 216.006197 217.29498158459293
v -1744.7297405358984 216.006197 217.29498158459293
v -1743.9268919958777 221.151348 77.97998522698384
v -1936.9928504294057 222.393281 325.51862910662146
v -1936.9928504294057 222.393281 325.51862910662146
v -1936.9928504294057 222.393281 325.51862910662146
v -1938.2927004465819 222.65940949999998 77.5396418359885
v -1938.2927004465819 222.65940949999998 77.5396418359885
v -1588.2889678804536 224.0787615 139.7172651186663
v -1743.9268919958777 224.0787615 221.26946439099538
v -1743.9268919958777 224.0787615 221.26946439099538
v -521.1503346616283 21.909810999999998 618.8112099939883
v -521.3032581930607 21.909810999999998 611.3318732309558
v -521.1503346616283 33.8855935 618.8112099939883
v -521.3032581930607 33.8855935 611.3318732309558
v -520.0798699416008 48.877499 581.1168884043927
v -520.0798699416008 48.877499 587.802848758352
v -520.0798699416008 59.522639 581.1168884043927
v -520.0798699416008 59.522639 587.802848758352
v -510.82799628993473 -143.3559875 506.7291993429234
v -510.82799628993473 -143.3559875 548.573197050498
v -510.82799628993473 -83.03352749999999 506.7291993429234
v -510.82799628993473 -83.03352749999999 548.573197050498
v -515.4157022329097 -64.84808 506.7291993429234
v -515.4157022329097 -64.84808 548.573197050498
v -519.3534831672964 -7.2756145000000005 554.3699254230935
v -519.3534831672964 -7.2756145000000005 561.0552354919057
v -519.3534831672964 3.0146875 554.3699254230935
v -519.3534831672964 3.0146875 561.0552354919057
v -1492.3676827894194 -229.9364595 100.9911780943834
v -1492.3676827894194 -229.9364595 100.9911780943834
v -1534.383423050498 -224.9687275 382.1175476068791
v -1534.383423050498 -224.9687275 382.1175476068791
v -2029.9703575403641 -58.5497055 431.9733829744074
v -2029.9703575403641 -58.5497055 431.9733829744074
v -2029.1675090003437 -58.0174485 347.4977318886551
v -2029.1675090003437 -58.0174485 347.4977318886551
v -1939.6307813466162 -33.799755 373.48432756456117
v -1939.6307813466162 -33.799755 373.48432756456117
v -1940.510091652353 -33.799755 327.97047760387323
v -1940.510091652353 -33.799755 327.97047760387323
v -1939.6307813466162 37.2565545 373.48432756456117
v -1939.6307813466162 37.2565545 373.48432756456117
v -1940.510091652353 37.2565545 327.97047760387323
v -1940.510091652353 37.2565545 327.97047760387323
v -2029.9703575403641 52.6920075 431.86293484601515
v -2029.9703575403641 52.6920075 431.86293484601515
v -2029.1292781174852 53.135555 347.300973901709
v -2029.1292781174852 53.135555 347.300973901709
v -1534.383423050498 224.167471 382.1175476068791
v -1534.383423050498 224.167471 382.1175476068791
v -1492.3676827894194 229.13520300000002 100.9911780943834
v -1492.3676827894194 229.13520300000002 100.9911780943834
v -519.3534831672964 -40.8078055 563.5959418636422
v -519.3534831672964 -40.8078055 574.810499785791
v -519.3534831672964 10.377576000000001 563.5959418636422
v -519.3534831672964 10.377576000000001 574.810499785791
v -774.6593188938509 -238.009024 161.13338230507128
v -513.3512345585709 -220.79938099999998 278.3120495246479
v -513.3512345585709 -220.79938099999998 278.3120495246479
v -413.3392450017176 -219.02519099999998 588.9008822830427
v -19.40822803160426 -180.880106 586.6159553915966
v -19.40822803160426 -180.880106 586.6159553915966
v -19.255304500171764 -172.186575 303.4392486165407
v -19.255304500171764 -172.186575 303.4392486165407
v -19.255304500171764 -172.186575 303.4392486165407
v -19.255304500171764 159.1434075 303.4392486165407
v -19.255304500171764 159.1434075 303.4392486165407
v -19.255304500171764 159.1434075 303.4392486165407
v -19.40822803160426 162.6917875 586.6159553915966
v -19.40822803160426 162.6917875 586.6159553915966
v -413.3392450017176 214.764264 588.9008822830427
v -513.3512345585709 216.53845400000003 278.3120495246479
v -513.3512345585709 216.53845400000003 278.3120495246479
v -774.6593188938509 233.748097 161.13338230507128
v -1716.36242545517 -854.8061775000001 311.7138624708004
v -1716.36242545517 -854.8061775000001 311.7138624708004
v -1720.7207461009962 -854.8061775000001 299.18929479051445
v -1720.7207461009962 -854.8061775000001 299.18929479051445
v -1720.7207461009962 -854.8061775000001 324.23780544447783
v -1720.7207461009962 -854.8061775000001 324.23780544447783
v -1729.4373873926486 -854.8061775000001 299.18929479051445
v -1729.4373873926486 -854.8061775000001 299.18929479051445
v -1729.4373873926486 -854.8061775000001 324.23780544447783
v -1729.4373873926486 -854.8061775000001 324.23780544447783
v -1733.7957080384747 -854.8061775000001 311.7138624708004
v -1733.7957080384747 -854.8061775000001 311.7138624708004
v -1716.36242545517 850.1904125 311.7138624708004
v -1716.36242545517 850.1904125 311.7138624708004
v -1720.7207461009962 850.1904125 299.18929479051445
v -1720.7207461009962 850.1904125 299.18929479051445
v -1720.7207461009962 850.1904125 324.23780544447783
v -1720.7207461009962 850.1904125 324.23780544447783
v -1729.4373873926486 850.1904125 299.18929479051445
v -1729.4373873926486 850.1904125 299.18929479051445
v -1729.4373873926486 850.1904125 324.23780544447783
v -1729.4373873926486 850.1904125 324.23780544447783
v -1733.7957080384747 850.1904125 311.7138624708004
v -1733.7957080384747 850.1904125 311.7138624708004
v -521.1503346616283 62.0952145 618.8112099939883
v -521.3032581930607 62.0952145 611.3318732309558
v -521.1503346616283 73.9822875 618.8112099939883
v -521.3032581930607 73.9822875 611.3318732309558
v -521.1503346616283 2.57114 618.8112099939883
v -521.3032581930607 2.57114 611.3318732309558
v -521.1503346616283 14.5469225 618.8112099939883
v -521.3032581930607 14.5469225 611.3318732309558
v -753.0206391961525 -1042.6041890000001 122.3702123029887
v -753.0206391961525 -1042.6041890000001 122.3702123029887
v -753.0206391961525 -1042.6041890000001 122.3702123029887
v -543.1330923050498 -1025.217127 129.02316256947785
v -543.1330923050498 -1025.217127 129.02316256947785
v -543.1330923050498 -1025.217127 129.02316256947785
v -564.0453852284438 -1023.1768085000001 144.54607208817848
v -564.0453852284438 -1023.1768085000001 144.54607208817848
v -564.0453852284438 1001.44011 144.54607208817848
v -564.0453852284438 1001.44011 144.54607208817848
v -543.1330923050498 1002.682043 129.02316256947785
v -543.1330923050498 1002.682043 129.02316256947785
v -543.1330923050498 1002.682043 129.02316256947785
v -762.8459760906906 1020.8674904999999 122.82277436497338
v -762.8459760906906 1020.8674904999999 122.82277436497338
v -762.8459760906906 1020.8674904999999 122.82277436497338
v -521.1503346616283 -19.251397 611.3318732309558
v -521.3032581930607 -19.251397 618.8112099939883
v -521.1503346616283 -7.2756145000000005 611.3318732309558
v -521.3032581930607 -7.2756145000000005 618.8112099939883
v -519.3534831672964 -40.8078055 576.3121951099708
v -519.3534831672964 -40.8078055 587.3934652366025
v -519.3534831672964 10.377576000000001 576.3121951099708
v -519.3534831672964 10.377576000000001 587.3934652366025
v 43.481574270010306 -409.573197 293.7975022253736
v 43.481574270010306 -409.573197 293.7975022253736
v 42.71695661284782 -409.573197 279.73123340321195
v 42.71695661284782 -409.573197 279.73123340321195
v 47.18996990724837 -407.799007 285.25568905726124
v 47.18996990724837 -407.799007 285.25568905726124
v 47.18996990724837 403.53808 285.25568905726124
v 47.18996990724837 403.53808 285.25568905726124
v 43.481574270010306 411.25580649999995 293.7975022253736
v 43.481574270010306 411.25580649999995 293.7975022253736
v 42.71695661284782 411.25580649999995 279.73123340321195
v 42.71695661284782 411.25580649999995 279.73123340321195
v -519.3534831672964 48.877499 581.1168884043927
v -519.3534831672964 48.877499 587.802848758352
v -519.3534831672964 59.522639 581.1168884043927
v -519.3534831672964 59.522639 587.802848758352
v -637.29575678461 -595.9518565 665.8394491203838
v -637.29575678461 -595.9518565 665.8394491203838
v -637.4104494331845 -595.7744375 619.0796842995964
v -637.4104494331845 -595.7744375 619.0796842995964
v -637.4104494331845 -595.7744375 619.0796842995964
v -636.4546773617313 -592.2260575 669.2046432740897
v -636.4546773617313 -592.2260575 669.2046432740897
v -636.4546773617313 -592.2260575 669.2046432740897
v -636.4546773617313 -592.2260575 669.2046432740897
v -636.7222935417383 -592.0486385 615.8147924486859
v -636.7222935417383 -592.0486385 615.8147924486859
v -636.7222935417383 -592.0486385 615.8147924486859
v -636.7222935417383 -592.0486385 615.8147924486859
v -619.403703607008 -583.5325265 624.0398793662616
v -619.403703607008 -583.5325265 624.0398793662616
v -619.403703607008 -583.5325265 624.0398793662616
v -619.6330889041566 -582.556722 661.8186120998369
v -620.5506300927516 -575.992219 623.6260491140072
v -620.5506300927516 -575.992219 623.6260491140072
v -621.1240933356235 -575.0164145 659.5197163751074
v -621.1240933356235 -575.0164145 659.5197163751074
v -617.0333888698042 -568.540621 618.4449823853057
v -617.1098506355205 -568.0970735000001 667.699749648832
v -603.6908107523188 -534.3874635 632.7518134250472
v -603.1938092751632 -533.9439160000001 641.8572368953967
v -606.7875122638269 -527.379413 623.6222507010691
v -605.2582769495019 -526.9358655 650.6694486622295
v -595.9681724149776 -441.4199075 624.3400887675841
v -591.4951591205771 -441.06506949999994 641.5639996133416
v -595.777018000687 -440.798941 650.9626603657463
v -591.5333900034352 -440.71023149999996 633.1491268280874
v -592.9479326691859 -431.6618625 644.4011169734628
v -592.9479326691859 -431.6618625 644.4011169734628
v -592.7950091377534 -431.1296055 631.0609569397973
v -592.7950091377534 -431.1296055 631.0609569397973
v -602.5821151494332 -429.0005775 618.4449823853057
v -602.5821151494332 -429.0005775 618.4449823853057
v -602.7350386808656 -428.734449 663.1921166441515
v -611.9486814496737 -425.00865 623.4635752224965
v -611.9486814496737 -425.00865 623.4635752224965
v -612.0251432153898 -423.23445999999996 659.4575211754336
v -612.0251432153898 -423.23445999999996 659.4575211754336
v -600.5941092408107 -420.04091800000003 656.837476080621
v -600.5941092408107 -420.04091800000003 656.837476080621
v -600.6323401236689 -419.9522085 625.3829238066171
v -600.6323401236689 -419.9522085 625.3829238066171
v -624.9089507385778 -414.2748005 669.8158562198987
v -624.9089507385778 -414.2748005 669.8158562198987
v -624.7942580900034 -414.008672 615.5317009922278
v -624.7942580900034 -414.008672 615.5317009922278
v -624.7942580900034 -414.008672 615.5317009922278
v -623.4561771899691 -408.9522305 620.8060733097088
v -623.4561771899691 -408.9522305 620.8060733097088
v -623.5326389556852 -408.153845 665.4427604239522
v -623.5326389556852 -408.153845 665.4427604239522
v -623.5326389556852 -408.153845 665.4427604239522
v -519.3534831672964 -37.348135 554.3699254230935
v -519.3534831672964 -37.348135 561.0552354919057
v -519.3534831672964 -26.6142855 554.3699254230935
v -519.3534831672964 -26.6142855 561.0552354919057
v -519.3534831672964 -98.02543299999999 489.0229146487891
v -519.3534831672964 -98.02543299999999 540.8875821653212
v -519.3534831672964 -94.477053 486.0385416436577
v -519.3534831672964 -94.477053 543.8719551704526
v -519.3534831672964 90.216126 486.0385416436577
v -519.3534831672964 90.216126 543.8719551704526
v -519.3534831672964 93.764506 489.0229146487891
v -519.3534831672964 93.764506 540.8875821653212
v -521.1503346616283 -78.7754715 611.3318732309558
v -521.3032581930607 -78.7754715 618.8112099939883
v -521.1503346616283 -66.799689 611.3318732309558
v -521.3032581930607 -66.799689 618.8112099939883
v -1761.4748672277567 362.19945299999995 117.78514027359586
v -1761.4748672277567 362.19945299999995 117.78514027359586
v -1759.98386279629 368.1429895 208.7791808061448
v -1759.98386279629 368.1429895 208.7791808061448
v -1761.4748672277567 374.5300735 117.78514027359586
v -1761.4748672277567 374.5300735 117.78514027359586
v -1759.98386279629 380.3849005 208.7791808061448
v -1759.98386279629 380.3849005 208.7791808061448
v -1525.5520891102713 488.6992 117.28182744024821
v -1525.5520891102713 488.6992 117.28182744024821
v -1527.0048626588803 -551.4196875 117.28182744024821
v -1527.0048626588803 -551.4196875 117.28182744024821
v -1759.98386279629 -384.6458275 208.7791808061448
v -1759.98386279629 -384.6458275 208.7791808061448
v -1761.4748672277567 -378.79100050000005 117.78514027359586
v -1761.4748672277567 -378.79100050000005 117.78514027359586
v -1759.98386279629 -372.4039165 208.7791808061448
v -1759.98386279629 -372.4039165 208.7791808061448
v -1761.4748672277567 -366.46038 117.78514027359586
v -1761.4748672277567 -366.46038 117.78514027359586
v -519.3534831672964 48.877499 590.9890521713328
v -519.3534831672964 48.877499 597.675011541502
v -519.3534831672964 59.522639 590.9890521713328
v -519.3534831672964 59.522639 597.675011541502
v -510.21630216420476 -143.3559875 506.7291993429234
v -510.21630216420476 -143.3559875 548.573197050498
v -510.21630216420476 -83.03352749999999 506.7291993429234
v -510.21630216420476 -83.03352749999999 548.573197050498
v -514.8422389900378 -64.84808 506.7291993429234
v -514.8422389900378 -64.84808 548.573197050498
v -1299.1105699416007 1058.21419 540.1894100596015
v -1299.1105699416007 1058.21419 540.1894100596015
v -1299.1488008244587 1058.21419 561.165683620298
v -1299.1488008244587 1058.21419 561.165683620298
v -1303.6600450017177 1058.21419 536.1571532054921
v -1303.6600450017177 1058.21419 536.1571532054921
v -1303.6982758845757 1058.21419 565.3851763585752
v -1303.6982758845757 1058.21419 565.3851763585752
v -1346.5168646856748 1058.21419 536.1984094201949
v -1346.5168646856748 1058.21419 536.1984094201949
v -1346.5168646856748 1058.21419 565.4251575815226
v -1346.5168646856748 1058.21419 565.4251575815226
v -1299.1105699416007 -1062.475117 540.1894100596015
v -1299.1105699416007 -1062.475117 540.1894100596015
v -1299.1488008244587 -1062.475117 561.165683620298
v -1299.1488008244587 -1062.475117 561.165683620298
v -1303.6600450017177 -1062.475117 536.1571532054921
v -1303.6600450017177 -1062.475117 536.1571532054921
v -1303.6982758845757 -1062.475117 565.3851763585752
v -1303.6982758845757 -1062.475117 565.3851763585752
v -1346.5168646856748 -1062.475117 536.1984094201949
v -1346.5168646856748 -1062.475117 536.1984094201949
v -1346.5168646856748 -1062.475117 565.4251575815226
v -1346.5168646856748 -1062.475117 565.4251575815226
v -519.3534831672964 22.3533585 554.3699254230935
v -519.3534831672964 22.3533585 561.0552354919057
v -519.3534831672964 33.087208000000004 554.3699254230935
v -519.3534831672964 33.087208000000004 561.0552354919057
v -521.1503346616283 -38.678777499999995 611.3318732309558
v -521.3032581930607 -38.678777499999995 618.8112099939883
v -521.1503346616283 -26.702994999999998 611.3318732309558
v -521.3032581930607 -26.702994999999998 618.8112099939883
v -515.4157022329097 60.587153 506.7291993429234
v -515.4157022329097 60.587153 548.573197050498
v -510.82799628993473 78.7726005 506.7291993429234
v -510.82799628993473 78.7726005 548.573197050498
v -510.82799628993473 139.0950605 506.7291993429234
v -510.82799628993473 139.0950605 548.573197050498
v -1676.6023072827206 115.94188100000001 394.1616411371522
v -1676.6023072827206 115.94188100000001 394.1616411371522
v -1678.9343911370663 115.94188100000001 387.90030714619115
v -1678.9343911370663 115.94188100000001 387.90030714619115
v -1678.9343911370663 115.94188100000001 400.42297611190315
v -1678.9343911370663 115.94188100000001 400.42297611190315
v -1684.8601779800756 115.94188100000001 386.9368344411929
v -1684.8601779800756 115.94188100000001 401.38644783311145
v -1696.6352899003778 115.94188100000001 396.6020698008416
v -1696.6352899003778 115.94188100000001 396.6020698008416
v -1698.3174487461354 115.94188100000001 391.72121247346274
v -1698.3174487461354 115.94188100000001 391.72121247346274
v -1711.354179800756 850.1904125 251.24643599969943
v -1711.354179800756 850.1904125 251.24643599969943
v -1713.7244945379596 850.1904125 244.9851020087384
v -1713.7244945379596 850.1904125 244.9851020087384
v -1713.7244945379596 850.1904125 257.50776999066045
v -1713.7244945379596 850.1904125 257.50776999066045
v -1719.6502813809686 850.1904125 244.02162930374016
v -1719.6502813809686 850.1904125 258.47126827419703
v -1731.387162418413 850.1904125 253.68686466338886
v -1731.387162418413 850.1904125 253.68686466338886
v -1733.0693212641704 850.1904125 248.80600733600997
v -1733.0693212641704 850.1904125 248.80600733600997
v 353.572265132257 -987.8704275 206.04361516203625
v 353.572265132257 -987.8704275 206.04361516203625
v 345.9643194434902 -987.8704275 220.14414348488492
v 215.44408536585365 -963.8301530000001 310.1550443678504
v 215.44408536585365 -963.8301530000001 310.1550443678504
v 226.72219580900034 -401.8554705 296.88595135149006
v 226.72219580900034 -401.8554705 296.88595135149006
v 344.77916207488835 -360.073296 201.87489778987035
v 352.38710776365514 -355.72653049999997 187.7743458560632
v 352.38710776365514 -355.72653049999997 187.7743458560632
v 247.3668725523875 -234.72677249999998 231.48246808356237
v 247.3668725523875 -234.72677249999998 231.48246808356237
v 352.38710776365514 -211.8397215 174.93180152823345
v 352.38710776365514 -211.8397215 174.93180152823345
v 344.77916207488835 -211.8397215 189.03232985108212
v 278.98381267605635 -47.7271465 196.42088444651753
v 278.98381267605635 -47.7271465 196.42088444651753
v 352.38710776365514 -41.251353 161.78395176721918
v 352.38710776365514 -41.251353 161.78395176721918
v 344.77916207488835 -41.251353 175.88447910627792
v 278.98381267605635 30.1597945 196.42088444651753
v 278.98381267605635 30.1597945 196.42088444651753
v 352.38710776365514 30.248504 161.78395176721918
v 352.38710776365514 30.248504 161.78395176721918
v 344.77916207488835 30.248504 175.88447910627792
v 352.38710776365514 200.925582 174.93180152823345
v 352.38710776365514 200.925582 174.93180152823345
v 344.77916207488835 200.925582 189.03232985108212
v 247.3668725523875 223.812633 231.48246808356237
v 247.3668725523875 223.812633 231.48246808356237
v 352.38710776365514 344.812391 187.7743458560632
v 352.38710776365514 344.812391 187.7743458560632
v 344.77916207488835 349.1591565 201.87489778987035
v 226.72219580900034 390.941331 296.88595135149006
v 226.72219580900034 390.941331 296.88595135149006
v 215.44408536585365 961.875673 310.1550443678504
v 215.44408536585365 961.875673 310.1550443678504
v 353.15172542081757 984.1417575 206.04361516203625
v 353.15172542081757 984.1417575 206.04361516203625
v 345.54377973205084 984.1417575 220.14414348488492
v 193.99656008244588 936.2386274999999 146.64376211166697
v 193.99656008244588 936.2386274999999 146.64376211166697
v 193.99656008244588 936.2386274999999 146.64376211166697
v 192.08501593953966 936.2386274999999 327.5687164865381
v 192.08501593953966 936.2386274999999 327.5687164865381
v 192.08501593953966 936.2386274999999 327.5687164865381
v 193.76717478529713 966.9321144999999 232.42944853409483
v 193.76717478529713 966.9321144999999 232.42944853409483
v 192.46732476812093 968.7063045 327.5687164865381
v 192.46732476812093 968.7063045 327.5687164865381
v 192.46732476812093 968.7063045 327.5687164865381
v 347.5700165235315 983.0772435 277.11753572105806
v 347.5700165235315 983.0772435 277.11753572105806
v 192.69671006526966 1000.907853 154.59975100081587
v 192.69671006526966 1000.907853 154.59975100081587
v 192.69671006526966 1000.907853 154.59975100081587
v 347.6082474063895 1010.3110599999999 278.0086418222475
v 347.6082474063895 1010.3110599999999 278.0086418222475
v 490.2859022329097 1022.198133 143.5553129855505
v 490.2859022329097 1022.198133 143.5553129855505
v 490.36236399862594 1022.5529710000001 299.96997834184987
v 490.36236399862594 1022.5529710000001 299.96997834184987
v 490.36236399862594 1022.5529710000001 299.96997834184987
v 497.473308210237 1039.4964855 147.6389699123798
v 497.473308210237 1039.4964855 147.6389699123798
v 496.7469214359326 1039.585195 283.30205637770524
v 496.7469214359326 1039.585195 283.30205637770524
v 490.1712095843353 1062.5609555 299.96997834184987
v 490.1712095843353 1062.5609555 299.96997834184987
v 490.1712095843353 1062.5609555 299.96997834184987
v 490.13297870147716 1063.6254695 164.4154157118044
v 490.13297870147716 1063.6254695 164.4154157118044
v 490.13297870147716 1063.6254695 164.4154157118044
v 484.74242421848163 1090.2383195 149.57546005232308
v 484.74242421848163 1090.2383195 149.57546005232308
v 483.97780656131914 1093.165733 144.19001489984115
v 483.97780656131914 1093.165733 144.19001489984115
v 483.97780656131914 1093.165733 144.19001489984115
v 193.30840419099968 1095.2947609999999 147.30005427986518
v 193.30840419099968 1095.2947609999999 147.30005427986518
v 193.30840419099968 1095.2947609999999 147.30005427986518
v 193.0790188938509 1095.2947609999999 154.44297423681726
v 193.0790188938509 1095.2947609999999 154.44297423681726
v 193.0790188938509 1095.2947609999999 154.44297423681726
v -519.0858669872896 77.441958 576.0151594149777
v -519.0858669872896 77.441958 576.0151594149777
v -523.7118038131226 77.441958 576.0151594149777
v -523.7118038131226 77.441958 576.0151594149777
v -519.0858669872896 77.88550550000001 574.0342649325403
v -519.0858669872896 77.88550550000001 574.0342649325403
v -519.0858669872896 77.88550550000001 577.9960794759533
v -519.0858669872896 77.88550550000001 577.9960794759533
v -523.7118038131226 77.88550550000001 574.0342649325403
v -523.7118038131226 77.88550550000001 574.0342649325403
v -523.7118038131226 77.88550550000001 577.9960794759533
v -523.7118038131226 77.88550550000001 577.9960794759533
v -519.0858669872896 78.9500195 572.1879066750472
v -519.0858669872896 78.9500195 572.1879066750472
v -519.0858669872896 78.9500195 579.8417874482996
v -519.0858669872896 78.9500195 579.8417874482996
v -523.7118038131226 78.9500195 572.1879066750472
v -523.7118038131226 78.9500195 572.1879066750472
v -523.7118038131226 78.9500195 579.8417874482996
v -523.7118038131226 78.9500195 579.8417874482996
v -519.0858669872896 80.6355 570.6030515876846
v -519.0858669872896 80.6355 570.6030515876846
v -519.0858669872896 80.6355 581.4272672422707
v -519.0858669872896 80.6355 581.4272672422707
v -523.7118038131226 80.6355 570.6030515876846
v -523.7118038131226 80.6355 570.6030515876846
v -523.7118038131226 80.6355 581.4272672422707
v -523.7118038131226 80.6355 581.4272672422707
v -519.0858669872896 82.8532375 569.386347418327
v -519.0858669872896 82.8532375 569.386347418327
v -519.0858669872896 82.8532375 582.6433467050198
v -519.0858669872896 82.8532375 582.6433467050198
v -523.7118038131226 82.8532375 569.386347418327
v -523.7118038131226 82.8532375 569.386347418327
v -523.7118038131226 82.8532375 582.6433467050198
v -523.7118038131226 82.8532375 582.6433467050198
v -519.0858669872896 85.425813 568.6215314148488
v -519.0858669872896 85.425813 568.6215314148488
v -519.0858669872896 85.425813 583.4081627084979
v -519.0858669872896 85.425813 583.4081627084979
v -523.7118038131226 85.425813 568.6215314148488
v -523.7118038131226 85.425813 568.6215314148488
v -523.7118038131226 85.425813 583.4081627084979
v -523.7118038131226 85.425813 583.4081627084979
v -519.0858669872896 88.17580749999999 568.3613042202636
v -519.0858669872896 88.17580749999999 568.3613042202636
v -519.0858669872896 88.17580749999999 583.6690401882299
v -519.0858669872896 88.17580749999999 583.6690401882299
v -523.7118038131226 88.17580749999999 568.3613042202636
v -523.7118038131226 88.17580749999999 568.3613042202636
v -523.7118038131226 88.17580749999999 583.6690401882299
v -523.7118038131226 88.17580749999999 583.6690401882299
v -519.0858669872896 90.92580199999999 568.6215314148488
v -519.0858669872896 90.92580199999999 568.6215314148488
v -519.0858669872896 90.92580199999999 583.4081627084979
v -519.0858669872896 90.92580199999999 583.4081627084979
v -523.7118038131226 90.92580199999999 568.6215314148488
v -523.7118038131226 90.92580199999999 568.6215314148488
v -523.7118038131226 90.92580199999999 583.4081627084979
v -523.7118038131226 90.92580199999999 583.4081627084979
v -519.0858669872896 93.49837749999999 569.386347418327
v -519.0858669872896 93.49837749999999 569.386347418327
v -519.0858669872896 93.49837749999999 582.6433467050198
v -519.0858669872896 93.49837749999999 582.6433467050198
v -523.7118038131226 93.49837749999999 569.386347418327
v -523.7118038131226 93.49837749999999 569.386347418327
v -523.7118038131226 93.49837749999999 582.6433467050198
v -523.7118038131226 93.49837749999999 582.6433467050198
v -519.0858669872896 95.716115 570.6030515876846
v -519.0858669872896 95.716115 570.6030515876846
v -519.0858669872896 95.716115 581.4272672422707
v -519.0858669872896 95.716115 581.4272672422707
v -523.7118038131226 95.716115 570.6030515876846
v -523.7118038131226 95.716115 570.6030515876846
v -523.7118038131226 95.716115 581.4272672422707
v -523.7118038131226 95.716115 581.4272672422707
v -519.0858669872896 97.4015955 572.1879066750472
v -519.0858669872896 97.4015955 572.1879066750472
v -519.0858669872896 97.4015955 579.8417874482996
v -519.0858669872896 97.4015955 579.8417874482996
v -523.7118038131226 97.4015955 572.1879066750472
v -523.7118038131226 97.4015955 572.1879066750472
v -523.7118038131226 97.4015955 579.8417874482996
v -523.7118038131226 97.4015955 579.8417874482996
v -519.0858669872896 98.554819 574.0342649325403
v -519.0858669872896 98.554819 574.0342649325403
v -519.0858669872896 98.554819 577.9960794759533
v -519.0858669872896 98.554819 577.9960794759533
v -523.7118038131226 98.554819 574.0342649325403
v -523.7118038131226 98.554819 574.0342649325403
v -523.7118038131226 98.554819 577.9960794759533
v -523.7118038131226 98.554819 577.9960794759533
v -519.0858669872896 98.90965700000001 576.0151594149777
v -519.0858669872896 98.90965700000001 576.0151594149777
v -523.7118038131226 98.90965700000001 576.0151594149777
v -523.7118038131226 98.90965700000001 576.0151594149777
v 490.85936547578154 -1043.5799935 167.73997934120578
v 490.85936547578154 -1043.5799935 167.73997934120578
v 487.91558749570595 -1043.5799935 164.62931525457319
v 478.8166373754724 -1043.5799935 185.25078104014943
v 311.09775427688083 -978.8220585 190.3842451252791
v 311.09775427688083 -978.8220585 190.3842451252791
v 493.5737581587083 -521.0810385 159.77257160228444
v 493.5737581587083 -521.0810385 159.77257160228444
v 487.5715095499828 -521.0810385 156.25314968430095
v 478.701944726898 -521.0810385 177.69148084743216
v 309.7979042597046 -519.395558 182.82432022595327
v 309.7979042597046 -519.395558 182.82432022595327
v 493.764912572999 -251.9364155 141.67849462409825
v 493.764912572999 -251.9364155 141.67849462409825
v 487.6862021985572 -251.9364155 135.45968987201564
v 479.1224844383374 -251.9364155 155.70413193816557
v 310.9448307454483 -250.25093499999997 155.85266257493132
v 310.9448307454483 -250.25093499999997 155.85266257493132
v 479.1224844383374 -145.218887 151.27453708626763
v 395.0527730333219 -144.331792 151.34817769804192
v 493.764912572999 -38.412648999999995 132.8180555070852
v 493.764912572999 -38.412648999999995 132.8180555070852
v 487.6862021985572 -38.412648999999995 126.59987546161113
v 479.1224844383374 -38.412648999999995 146.84431851155102
v 310.9448307454483 -36.7271685 146.99222345791824
v 310.9448307454483 -36.7271685 146.99222345791824
v 310.9448307454483 25.813029 146.99222345791824
v 310.9448307454483 25.813029 146.99222345791824
v 493.764912572999 27.4985095 132.8180555070852
v 493.764912572999 27.4985095 132.8180555070852
v 487.6862021985572 27.4985095 126.59987546161113
v 479.1224844383374 27.4985095 146.84431851155102
v 395.0527730333219 133.4176525 151.34817769804192
v 310.9448307454483 239.3367955 155.85266257493132
v 310.9448307454483 239.3367955 155.85266257493132
v 493.764912572999 241.022276 141.67849462409825
v 493.764912572999 241.022276 141.67849462409825
v 487.6862021985572 241.022276 135.45968987201564
v 479.1224844383374 241.022276 155.70413193816557
v 309.7979042597046 508.392709 182.82432022595327
v 309.7979042597046 508.392709 182.82432022595327
v 493.5737581587083 510.0781895 159.77257160228444
v 493.5737581587083 510.0781895 159.77257160228444
v 487.5715095499828 510.0781895 156.25314968430095
v 478.701944726898 510.0781895 177.69148084743216
v 312.1299881140502 958.3272929999999 190.3842451252791
v 312.1299881140502 958.3272929999999 190.3842451252791
v 487.91558749570595 1039.1416475 164.62931525457319
v 478.8166373754724 1039.1416475 185.25078104014943
v 490.3241331157678 1039.407776 167.73997934120578
v 490.3241331157678 1039.407776 167.73997934120578
v -1531.592568601855 -773.0160185000001 516.290358581587
v -1531.592568601855 -773.0160185000001 516.290358581587
v -1413.9561420474065 -771.2418285 328.560125874313
v -1482.2747297148746 -764.233778 394.8413966952937
v -1482.2747297148746 -764.233778 394.8413966952937
v -1482.2747297148746 -764.233778 394.8413966952937
v -1482.2747297148746 -764.233778 397.88416845474063
v -1552.6577850566814 -758.1128225 558.4827930406648
v -1552.6577850566814 -758.1128225 558.4827930406648
v -1604.1930151494332 -747.4676824999999 602.9722245098978
v -1604.1930151494332 -747.4676824999999 602.9722245098978
v -1573.6847706286499 -747.2902635 579.413988362762
v -1573.6847706286499 -747.2902635 579.413988362762
v -1759.5250922019925 -695.572625 601.507336702336
v -1759.5250922019925 -695.572625 601.507336702336
v -1528.7634832703538 -667.895261 377.81551784444775
v -1528.7634832703538 -667.895261 377.81551784444775
v -1528.7634832703538 -667.895261 377.81551784444775
v -1528.7634832703538 -667.895261 377.81551784444775
v -1740.065572827207 -662.395272 566.5682713123927
v -1740.065572827207 -662.395272 566.5682713123927
v -1580.2987133631057 -620.4356785 376.86156625843785
v -1580.6810221916865 -620.4356785 378.0002312912229
v -1580.6810221916865 -620.4356785 378.0002312912229
v -1580.6810221916865 -620.4356785 378.0002312912229
v -1716.7447342837513 -595.0647615 467.9216249983468
v -1716.7447342837513 -595.0647615 467.9216249983468
v -1685.5483338715217 -574.04061 377.97801731449675
v -1685.5483338715217 -574.04061 377.97801731449675
v -1526.7754773617314 -554.6132295 363.34748790495104
v -1526.7754773617314 -554.6132295 363.34748790495104
v -396.78527272414976 -18.896559 618.7204534049296
v -396.78527272414976 -18.896559 618.7204534049296
v -396.70881095843356 -2.396592 651.4279172530487
v -396.70881095843356 -2.396592 651.4279172530487
v -396.70881095843356 -2.396592 651.4279172530487
v -343.37672937135005 -2.041754 615.0677436914291
v -343.37672937135005 -2.041754 615.0677436914291
v -396.78527272414976 15.079179499999999 619.138082070122
v -396.78527272414976 15.079179499999999 619.138082070122
v -520.0798699416008 -62.275504500000004 581.1168884043927
v -520.0798699416008 -62.275504500000004 587.802848758352
v -520.0798699416008 -51.630364500000006 581.1168884043927
v -520.0798699416008 -51.630364500000006 587.802848758352
v -519.3534831672964 15.877564999999999 580.3279587258244
v -519.3534831672964 15.877564999999999 604.2371796403942
v -519.3534831672964 40.893644 580.3279587258244
v -519.3534831672964 40.893644 604.2371796403942
v -519.3534831672964 -40.8078055 588.857078052409
v -519.3534831672964 -40.8078055 604.2371796403942
v -519.3534831672964 10.377576000000001 588.857078052409
v -519.3534831672964 10.377576000000001 604.2371796403942
v -493.8917151837856 214.32071649999997 337.2955233230419
v -413.3392450017176 214.764264 588.9008822830427
v -513.3512345585709 216.53845400000003 278.3120495246479
v -773.168314462384 235.07873949999998 160.5653242885392
v -506.8902153555479 237.7400245 351.8974657646642
v -506.8902153555479 237.7400245 351.8974657646642
v -866.7957465819305 301.344736 359.35838696390846
v -866.7957465819305 301.344736 359.35838696390846
v -438.34224239093095 311.0140715 582.3406138825146
v -438.34224239093095 311.0140715 582.3406138825146
v -525.1263464788732 331.505966 366.49943280103486
v -525.1263464788732 331.505966 366.49943280103486
v -525.1263464788732 331.505966 366.49943280103486
v -933.0498665750602 356.876883 593.6916077279715
v -870.312987804878 363.3526765 373.9603540002791
v -870.312987804878 363.3526765 373.9603540002791
v -519.0858669872896 -101.8399415 571.3469266386121
v -519.0858669872896 -101.8399415 571.3469266386121
v -523.7118038131226 -101.8399415 571.3469266386121
v -523.7118038131226 -101.8399415 571.3469266386121
v -519.0858669872896 -101.573813 573.4674809239737
v -519.0858669872896 -101.573813 573.4674809239737
v -523.7118038131226 -101.573813 573.4674809239737
v -523.7118038131226 -101.573813 573.4674809239737
v -519.0858669872896 -101.3076845 569.2479626071581
v -519.0858669872896 -101.3076845 569.2479626071581
v -523.7118038131226 -101.3076845 569.2479626071581
v -523.7118038131226 -101.3076845 569.2479626071581
v -519.0858669872896 -100.509299 575.4648676608768
v -519.0858669872896 -100.509299 575.4648676608768
v -523.7118038131226 -100.509299 575.4648676608768
v -523.7118038131226 -100.509299 575.4648676608768
v -519.0858669872896 -100.0657515 567.3140460616842
v -519.0858669872896 -100.0657515 567.3140460616842
v -523.7118038131226 -100.0657515 567.3140460616842
v -523.7118038131226 -100.0657515 567.3140460616842
v -519.0858669872896 -98.82381850000002 577.2039514963071
v -519.0858669872896 -98.82381850000002 577.2039514963071
v -523.7118038131226 -98.82381850000002 577.2039514963071
v -523.7118038131226 -98.82381850000002 577.2039514963071
v -519.0858669872896 -98.202852 565.6758656246993
v -519.0858669872896 -98.202852 565.6758656246993
v -523.7118038131226 -98.202852 565.6758656246993
v -523.7118038131226 -98.202852 565.6758656246993
v -519.0858669872896 -96.5173715 578.5647621990939
v -519.0858669872896 -96.5173715 578.5647621990939
v -523.7118038131226 -96.5173715 578.5647621990939
v -523.7118038131226 -96.5173715 578.5647621990939
v -519.0858669872896 -95.80769550000001 564.4464430190656
v -519.0858669872896 -95.80769550000001 564.4464430190656
v -523.7118038131226 -95.80769550000001 564.4464430190656
v -523.7118038131226 -95.80769550000001 564.4464430190656
v -519.0858669872896 -93.8560865 579.4558938788217
v -519.0858669872896 -93.8560865 579.4558938788217
v -523.7118038131226 -93.8560865 579.4558938788217
v -523.7118038131226 -93.8560865 579.4558938788217
v -519.0858669872896 -92.96899149999999 563.7089389917554
v -519.0858669872896 -92.96899149999999 563.7089389917554
v -523.7118038131226 -92.96899149999999 563.7089389917554
v -523.7118038131226 -92.96899149999999 563.7089389917554
v -519.0858669872896 -90.92867299999999 579.815749480097
v -519.0858669872896 -90.92867299999999 579.815749480097
v -523.7118038131226 -90.92867299999999 579.815749480097
v -523.7118038131226 -90.92867299999999 579.815749480097
v -519.0858669872896 -90.041578 563.5128057114179
v -519.0858669872896 -90.041578 563.5128057114179
v -523.7118038131226 -90.041578 563.5128057114179
v -523.7118038131226 -90.041578 563.5128057114179
v -519.0858669872896 -87.91255 579.6202664849063
v -519.0858669872896 -87.91255 579.6202664849063
v -523.7118038131226 -87.91255 579.6202664849063
v -523.7118038131226 -87.91255 579.6202664849063
v -519.0858669872896 -87.1141645 563.8726868912315
v -519.0858669872896 -87.1141645 563.8726868912315
v -523.7118038131226 -87.1141645 563.8726868912315
v -523.7118038131226 -87.1141645 563.8726868912315
v -519.0858669872896 -85.16255550000001 578.8821131562393
v -519.0858669872896 -85.16255550000001 578.8821131562393
v -523.7118038131226 -85.16255550000001 578.8821131562393
v -523.7118038131226 -85.16255550000001 578.8821131562393
v -519.0858669872896 -84.36417 564.7637939762109
v -519.0858669872896 -84.36417 564.7637939762109
v -523.7118038131226 -84.36417 564.7637939762109
v -523.7118038131226 -84.36417 564.7637939762109
v -519.0858669872896 -82.6786895 577.6526905506055
v -519.0858669872896 -82.6786895 577.6526905506055
v -523.7118038131226 -82.6786895 577.6526905506055
v -523.7118038131226 -82.6786895 577.6526905506055
v -519.0858669872896 -82.05772300000001 566.1252293856063
v -519.0858669872896 -82.05772300000001 566.1252293856063
v -523.7118038131226 -82.05772300000001 566.1252293856063
v -523.7118038131226 -82.05772300000001 566.1252293856063
v -519.0858669872896 -80.81579 576.0151594149777
v -519.0858669872896 -80.81579 576.0151594149777
v -523.7118038131226 -80.81579 576.0151594149777
v -523.7118038131226 -80.81579 576.0151594149777
v -519.0858669872896 -80.3722425 567.8636875306381
v -519.0858669872896 -80.3722425 567.8636875306381
v -523.7118038131226 -80.3722425 567.8636875306381
v -523.7118038131226 -80.3722425 567.8636875306381
v -519.0858669872896 -79.573857 574.0805925843567
v -519.0858669872896 -79.573857 574.0805925843567
v -523.7118038131226 -79.573857 574.0805925843567
v -523.7118038131226 -79.573857 574.0805925843567
v -519.0858669872896 -79.3077285 569.8610998460795
v -519.0858669872896 -79.3077285 569.8610998460795
v -523.7118038131226 -79.3077285 569.8610998460795
v -523.7118038131226 -79.3077285 569.8610998460795
v -519.0858669872896 -79.0416 571.9816285529027
v -519.0858669872896 -79.0416 571.9816285529027
v -523.7118038131226 -79.0416 571.9816285529027
v -523.7118038131226 -79.0416 571.9816285529027
v 486.4245830642391 -1029.6526020000001 224.03676513081845
v 373.7581712813466 -995.588154 261.1167000682755
v 460.6951989007214 -891.5319105 238.05860501573773
v 422.42608515973893 -817.6368970000001 247.71814324787445
v 373.4140933356235 -794.217589 261.1167000682755
v -1988.7956967021642 -763.524102 732.9115739130452
v -1988.7956967021642 -763.524102 732.9115739130452
v -1991.815936447956 -763.524102 723.8353365386895
v -1991.815936447956 -763.524102 723.8353365386895
v -2001.1825027481964 -763.524102 726.7930468690097
v -2001.1825027481964 -763.524102 726.7930468690097
v -2003.3998939539679 -763.524102 752.4096165232952
v -2032.7229811061493 -763.524102 826.4412474126374
v -2032.7229811061493 -763.524102 826.4412474126374
v -1988.7956967021642 757.9325325 732.9115739130452
v -1988.7956967021642 757.9325325 732.9115739130452
v -1991.815936447956 757.9325325 723.8353365386895
v -1991.815936447956 757.9325325 723.8353365386895
v -2001.1825027481964 757.9325325 726.7930468690097
v -2001.1825027481964 757.9325325 726.7930468690097
v -2003.3998939539679 757.9325325 752.4096165232952
v -2032.7229811061493 757.9325325 826.4412474126374
v -2032.7229811061493 757.9325325 826.4412474126374
v -1846.8826595328064 -763.524102 674.3031985571754
v -1846.8826595328064 -763.524102 674.3031985571754
v -1852.7702154929577 -763.524102 687.0797482886036
v -1852.7702154929577 -763.524102 687.0797482886036
v -1856.5933037787702 -763.524102 662.7960526543284
v -1876.9321334592923 -763.524102 689.9359069029113
v -1948.767962349708 -763.524102 664.7065058098592
v -1956.8729095156305 -763.524102 686.6608446316557
v -1999.8061909653038 -763.524102 718.3705526631311
v -1999.8061909653038 -763.524102 718.3705526631311
v -1846.8826595328064 757.9325325 674.3031985571754
v -1846.8826595328064 757.9325325 674.3031985571754
v -1852.7702154929577 757.9325325 687.0797482886036
v -1852.7702154929577 757.9325325 687.0797482886036
v -1856.5933037787702 757.9325325 662.7960526543284
v -1876.9321334592923 757.9325325 689.9359069029113
v -1948.767962349708 757.9325325 664.7065058098592
v -1956.8729095156305 757.9325325 686.6608446316557
v -1999.8061909653038 757.9325325 718.3705526631311
v -1999.8061909653038 757.9325325 718.3705526631311
v -2032.6082884575746 740.5454705 347.0800776449244
v -2032.6082884575746 740.5454705 347.0800776449244
v -2032.6082884575746 740.5454705 347.0800776449244
v -1883.3931526623153 755.359957 348.0708623260907
v -1883.3931526623153 755.359957 348.0708623260907
v -1883.3931526623153 755.359957 348.0708623260907
v -1846.6150433527998 755.537376 488.24413079581757
v -1846.6150433527998 755.537376 488.24413079581757
v -1838.2042491240122 757.0454374999999 806.771835482287
v -1838.2042491240122 757.0454374999999 806.771835482287
v -1839.3894064926142 757.0454374999999 514.6509041366369
v -1839.3894064926142 757.0454374999999 514.6509041366369
v -1847.9913551356922 757.0454374999999 826.7903334654973
v -1847.9913551356922 757.0454374999999 826.7903334654973
v -1847.9913551356922 757.0454374999999 826.7903334654973
v -2032.6082884575746 757.0454374999999 829.043525261229
v -2032.6082884575746 757.0454374999999 829.043525261229
v -2032.6082884575746 757.0454374999999 829.043525261229
v -2033.296444349021 760.9486555 519.0030599638226
v -2033.296444349021 760.9486555 519.0030599638226
v -2032.6082884575746 761.037365 347.0800776449244
v -2032.6082884575746 761.037365 347.0800776449244
v -2032.6082884575746 761.037365 347.0800776449244
v -1883.3931526623153 765.3841305000001 348.0708623260907
v -1883.3931526623153 765.3841305000001 348.0708623260907
v -1883.3931526623153 765.3841305000001 348.0708623260907
v -1846.6150433527998 765.5615495 488.24413079581757
v -1838.2042491240122 774.166371 806.771835482287
v -1838.2042491240122 774.166371 806.771835482287
v -1839.3894064926142 774.166371 514.4090925058399
v -1839.3894064926142 774.166371 514.4090925058399
v -1847.9913551356922 774.166371 826.7903334654973
v -1847.9913551356922 774.166371 826.7903334654973
v -1847.9913551356922 774.166371 826.7903334654973
v -2032.6082884575746 777.4486225 829.043525261229
v -2032.6082884575746 777.4486225 829.043525261229
v -2032.6082884575746 777.4486225 829.043525261229
v -2033.4111369975953 781.4405499999999 519.106511378199
v -2033.4111369975953 781.4405499999999 519.106511378199
v 192.8878644795603 -1095.9185985 147.30005427986518
v 192.8878644795603 -1095.9185985 147.30005427986518
v 192.8878644795603 -1095.9185985 147.30005427986518
v 192.65847918241153 -1095.9185985 154.44297423681726
v 192.65847918241153 -1095.9185985 154.44297423681726
v 192.65847918241153 -1095.9185985 154.44297423681726
v 483.97780656131914 -1095.2089225 144.19001489984115
v 483.97780656131914 -1095.2089225 144.19001489984115
v 483.97780656131914 -1095.2089225 144.19001489984115
v 484.74242421848163 -1092.2815090000001 149.57546005232308
v 484.74242421848163 -1092.2815090000001 149.57546005232308
v 490.0182860529028 -1064.1605975 164.4154157118044
v 490.0182860529028 -1064.1605975 164.4154157118044
v 490.0182860529028 -1064.1605975 164.4154157118044
v 490.5917492957746 -1061.410603 299.96997834184987
v 490.5917492957746 -1061.410603 299.96997834184987
v 490.5917492957746 -1061.410603 299.96997834184987
v 490.5917492957746 -1061.410603 299.96997834184987
v 497.09099938165576 -1048.5477255 283.30205637770524
v 497.09099938165576 -1048.5477255 283.30205637770524
v 497.09099938165576 -1048.5477255 283.30205637770524
v 497.779155273102 -1048.459016 147.6389699123798
v 497.779155273102 -1048.459016 147.6389699123798
v 490.6682110614909 -1025.571965 299.96997834184987
v 490.6682110614909 -1025.571965 299.96997834184987
v 490.6682110614909 -1025.571965 299.96997834184987
v 490.70644194434897 -1025.4832555 143.5553129855505
v 490.70644194434897 -1025.4832555 143.5553129855505
v 490.70644194434897 -1025.4832555 143.5553129855505
v 347.6082474063895 -1021.313909 278.0086418222475
v 347.6082474063895 -1021.313909 278.0086418222475
v 192.69671006526966 -1011.8219925 154.59975100081587
v 192.69671006526966 -1011.8219925 154.59975100081587
v 192.69671006526966 -1011.8219925 154.59975100081587
v 347.5700165235315 -990.5317125 277.11753572105806
v 347.5700165235315 -990.5317125 277.11753572105806
v 191.24393651666094 -963.3866055000001 327.5687164865381
v 191.24393651666094 -963.3866055000001 327.5687164865381
v 191.24393651666094 -963.3866055000001 327.5687164865381
v 192.54378653383716 -961.6124155 232.42944853409483
v 192.54378653383716 -961.6124155 232.42944853409483
v 191.39686004809343 -934.7334370000001 327.5687164865381
v 191.39686004809343 -934.7334370000001 327.5687164865381
v 191.39686004809343 -934.7334370000001 327.5687164865381
v 193.30840419099968 -934.6447275 146.64376211166697
v 193.30840419099968 -934.6447275 146.64376211166697
v 193.30840419099968 -934.6447275 146.64376211166697
v -1490.4561386465132 755.892214 407.7499848090218
v -1490.4561386465132 755.892214 407.7499848090218
v -1453.448644039849 756.1583425000001 354.7218892832575
v -1453.448644039849 756.1583425000001 354.7218892832575
v -1530.1397950532464 760.5938175 516.290358581587
v -1530.1397950532464 760.5938175 516.290358581587
v -1413.917911164548 766.2712255000001 327.7254932505368
v -1413.917911164548 766.2712255000001 327.7254932505368
v -1362.459142837513 796.5211650000001 306.17671297522327
v -1362.459142837513 796.5211650000001 306.17671297522327
v -1301.327961147372 826.3275570000001 291.7670808062521
v -1301.327961147372 826.3275570000001 291.7670808062521
v -1072.1720492957745 1019.5368480000001 278.25427646073086
v -1072.1720492957745 1019.5368480000001 278.25427646073086
v -1072.248511061491 1050.9400110000001 280.48780327945724
v -1072.248511061491 1050.9400110000001 280.48780327945724
v -1300.983883201649 1058.1254804999999 291.90798903860355
v -1300.983883201649 1058.1254804999999 291.90798903860355
v -1362.459142837513 1061.585151 306.17671297522327
v -1362.459142837513 1061.585151 306.17671297522327
v -1413.917911164548 1065.133531 327.7254932505368
v -1413.917911164548 1065.133531 327.7254932505368
v -1453.448644039849 1067.262559 354.7218892832575
v -1453.448644039849 1067.262559 354.7218892832575
v -1488.3534400893163 1069.0367489999999 405.27272305017607
v -1488.3534400893163 1069.0367489999999 405.27272305017607
v -1528.83994503607 1069.1254585 516.2681446048609
v -1528.83994503607 1069.1254585 516.2681446048609
v -634.810749398832 -592.847024 616.9160006634962
v -634.8489802816902 -592.3147670000001 667.0752181548867
v -619.4801653727242 -415.3393145 617.5335600381741
v -619.4801653727242 -414.895767 666.9197163826434
v -490.5656283751288 -274.557338 597.5988475085452
v -490.5656283751288 -274.557338 597.5988475085452
v -502.26427852971483 -271.6299245 631.3421250869332
v -502.26427852971483 -271.6299245 631.3421250869332
v -499.85573290965306 -268.525092 633.9310843873884
v -499.85573290965306 -268.525092 633.9310843873884
v -485.2133047749914 -268.4363825 594.1333756467923
v -485.2133047749914 -268.4363825 594.1333756467923
v -485.6338444864308 -240.315471 636.8856219951692
v -485.6338444864308 -240.315471 636.8856219951692
v -470.8384928203366 -240.13805200000002 594.9756050964445
v -470.8384928203366 -240.13805200000002 594.9756050964445
v -475.5791222947441 -205.9848945 638.5047365832188
v -475.5791222947441 -205.9848945 638.5047365832188
v -461.0131559257987 -205.896185 595.3589742609498
v -461.0131559257987 -205.896185 595.3589742609498
v -471.22080164891787 -117.718942 639.1984609746436
v -471.22080164891787 -117.718942 639.1984609746436
v -456.6166043971144 -117.6302325 596.4804977379122
v -456.6166043971144 -117.6302325 596.4804977379122
v -455.6990632085194 -2.041754 597.0396603258546
v -455.6990632085194 -2.041754 597.0396603258546
v -470.30326046032286 -2.041754 639.3330227781261
v -470.30326046032286 -2.041754 639.3330227781261
v -456.6166043971144 113.36930550000001 596.4804977379122
v -456.6166043971144 113.36930550000001 596.4804977379122
v -471.22080164891787 113.458015 639.1984609746436
v -471.22080164891787 113.458015 639.1984609746436
v -461.0131559257987 201.635258 595.3589742609498
v -461.0131559257987 201.635258 595.3589742609498
v -475.5791222947441 201.7239675 638.5047365832188
v -475.5791222947441 201.7239675 638.5047365832188
v -470.8767237031948 235.877125 594.9756050964445
v -470.8767237031948 235.877125 594.9756050964445
v -485.6338444864308 236.054544 636.8856219951692
v -485.6338444864308 236.054544 636.8856219951692
v -485.17507389213324 263.4657795 594.1333756467923
v -485.17507389213324 263.4657795 594.1333756467923
v -499.8175020267949 263.6431985 633.9310843873884
v -499.8175020267949 263.6431985 633.9310843873884
v -502.11135499828237 266.48190250000005 631.3421250869332
v -502.11135499828237 266.48190250000005 631.3421250869332
v -490.1450886636895 269.4980255 597.5988475085452
v -490.1450886636895 269.4980255 597.5988475085452
v -619.4801653727242 410.63484000000005 666.9197163826434
v -619.4801653727242 411.07838749999996 617.5335600381741
v -634.8489802816902 586.457069 667.0752181548867
v -634.810749398832 586.989326 616.9160006634962
v -1955.9553683270353 -762.459588 374.0898178043198
v -1955.9553683270353 -762.459588 374.0898178043198
v -1962.1487713500517 -762.459588 386.81624147099365
v -2029.664510477499 -762.459588 402.1119073202508
v -2029.664510477499 -762.459588 402.1119073202508
v -1955.9553683270353 756.8680185000001 374.0898178043198
v -1955.9553683270353 756.8680185000001 374.0898178043198
v -1962.1487713500517 756.8680185000001 386.81624147099365
v -2029.664510477499 756.8680185000001 402.1119073202508
v -2029.664510477499 756.8680185000001 402.1119073202508
v -2033.4111369975953 -786.9434100000001 519.106511378199
v -2033.4111369975953 -786.9434100000001 519.106511378199
v -2032.6082884575746 -783.040192 829.043525261229
v -2032.6082884575746 -783.040192 829.043525261229
v -2032.6082884575746 -783.040192 829.043525261229
v -1838.2042491240122 -779.7579405 806.771835482287
v -1838.2042491240122 -779.7579405 806.771835482287
v -1839.3894064926142 -779.7579405 514.4090925058399
v -1839.3894064926142 -779.7579405 514.4090925058399
v -1847.9913551356922 -779.7579405 826.7903334654973
v -1847.9913551356922 -779.7579405 826.7903334654973
v -1847.9913551356922 -779.7579405 826.7903334654973
v -1846.6150433527998 -771.153119 488.24413079581757
v -1883.3931526623153 -770.8869905 348.0708623260907
v -1883.3931526623153 -770.8869905 348.0708623260907
v -1883.3931526623153 -770.8869905 348.0708623260907
v -2032.6082884575746 -766.540225 347.0800776449244
v -2032.6082884575746 -766.540225 347.0800776449244
v -2032.6082884575746 -766.540225 347.0800776449244
v -2033.296444349021 -766.540225 519.0030599638226
v -2033.296444349021 -766.540225 519.0030599638226
v -1838.2042491240122 -762.5482975000001 806.771835482287
v -1838.2042491240122 -762.5482975000001 806.771835482287
v -1839.3894064926142 -762.5482975000001 514.6509041366369
v -1839.3894064926142 -762.5482975000001 514.6509041366369
v -1847.9913551356922 -762.5482975000001 826.7903334654973
v -1847.9913551356922 -762.5482975000001 826.7903334654973
v -1847.9913551356922 -762.5482975000001 826.7903334654973
v -2032.6082884575746 -762.5482975000001 829.043525261229
v -2032.6082884575746 -762.5482975000001 829.043525261229
v -2032.6082884575746 -762.5482975000001 829.043525261229
v -1846.6150433527998 -761.1289455 488.24413079581757
v -1846.6150433527998 -761.1289455 488.24413079581757
v -1883.3931526623153 -760.8628170000001 348.0708623260907
v -1883.3931526623153 -760.8628170000001 348.0708623260907
v -1883.3931526623153 -760.8628170000001 348.0708623260907
v -2032.6082884575746 -746.1370400000001 347.0800776449244
v -2032.6082884575746 -746.1370400000001 347.0800776449244
v -2032.6082884575746 -746.1370400000001 347.0800776449244
v -1962.6075419443491 1.151788 690.913347457403
v -1994.0715585365854 1.151788 717.0757611514944
v -1996.6330276880794 1.151788 740.4835669635005
v 375.13448306423913 790.843757 261.1167000682755
v 424.1082440054964 821.9807915 247.71814324787445
v 459.43357976640334 880.3516424999999 238.05860501573773
v 373.7581712813466 984.6740145000001 261.1167000682755
v 486.34812129852287 1038.0771335 224.03676513081845
v -1962.6075419443491 -4.7917485 690.913347457403
v -1994.0715585365854 -4.7917485 717.3169470918928
v -1996.6330276880794 -4.7917485 740.4835669635005
v 194.11125273102027 -1097.249241 320.2233158365897
v 194.11125273102027 -1097.249241 320.2233158365897
v 194.11125273102027 -1097.249241 320.2233158365897
v 194.53179244245965 -1096.4508555 324.69606561776453
v 194.53179244245965 -1096.4508555 324.69606561776453
v 194.53179244245965 -1096.4508555 324.69606561776453
v 354.87211514943317 -1086.249263 238.60509835690056
v 354.87211514943317 -1086.249263 238.60509835690056
v 355.13973132944005 -1085.4508775 243.41486407222607
v 355.13973132944005 -1085.4508775 243.41486407222607
v 354.0310357265544 -991.0639695 244.64681009904245
v 194.83763950532463 -962.1446725 324.46819724171246
v 194.83763950532463 -962.1446725 324.46819724171246
v 194.83763950532463 -962.1446725 324.46819724171246
v 195.25817921676398 965.2466340000001 324.46819724171246
v 195.25817921676398 965.2466340000001 324.46819724171246
v 195.25817921676398 965.2466340000001 324.46819724171246
v 355.0250386808657 986.7143329999999 238.58730651593095
v 355.17796221229816 1073.7383525 238.60509835690056
v 355.17796221229816 1073.7383525 238.60509835690056
v 355.13973132944005 1074.4480285 243.41486407222607
v 355.13973132944005 1074.4480285 243.41486407222607
v 194.952332153899 1095.827018 324.69606561776453
v 194.952332153899 1095.827018 324.69606561776453
v 194.952332153899 1095.827018 324.69606561776453
v 194.4935615596015 1096.6254035 320.2233158365897
v 194.4935615596015 1096.6254035 320.2233158365897
v 194.4935615596015 1096.6254035 320.2233158365897
v -2029.1675090003437 -58.0174485 347.4977318886551
v -2029.1675090003437 -57.75132 430.8404406476726
v -2029.9703575403641 52.6920075 347.4977318886551
v -2029.9703575403641 52.6920075 431.86293484601515
v -521.1503346616283 -58.5497055 611.3318732309558
v -521.3032581930607 -58.5497055 618.8112099939883
v -521.1503346616283 -46.573923 611.3318732309558
v -521.3032581930607 -46.573923 618.8112099939883



g Mesh2
usemtl RED
f 29  5 35
f  7 35  5
f 35  7 37
f 10 37  7
f 37 10 40
f 55 53 40
f  9 11 39
f 42 39 11
f 39 42 56
f 58 56 42
f  3 36  6
f 38  6 36
f  6 38  8
f 41  8 38
f  8 41 12
f 23 46 26
f 48 26 46
f 26 48 28
f 50 28 48
f 28 50 33
f 52 33 50
f 33 52 36
f 54 36 52
f 36 54 38
f 57 38 54
f 38 57 41
f  3 33 36
f  2 32  4
f  2 30 32
f 29  1  5
f 46 23 44
f 33 22 18
f 31 21 34
f 31 20 21
f 24 15 25
f 17 25 15
f 25 17 27
f 19 27 17
f 27 19 29
f 33 18 28
f 16 28 18
f 28 16 26
f 14 26 16
f 26 14 23
f 13 15 24
f 40 53 37
f 51 37 53
f 37 51 35
f 49 35 51
f 35 49 29
f 47 29 49
f 29 47 27
f 45 27 47
f 27 45 25
f 43 25 45
f 25 43 24
g Mesh3
usemtl RED
f 74 75 71
f 77 71 75
f 71 77 69
f 82 69 77
f 69 82 64
f 86 64 82
f 64 86 65
f 83 65 86
f 65 83 67
f 79 67 83
f 67 79 61
f 62 80 68
f 84 68 80
f 68 84 66
f 85 66 84
f 66 85 63
f 81 63 85
f 63 81 70
f 78 70 81
f 70 78 72
f 76 72 78
f 72 76 59
f 73 59 76
f 60 74 71
g Mesh4
usemtl RED
f 114 105 102
f 111 102 105
f 102 111 108
f 95 108 111
f 108 95 91
f 94 88 90
f 94 92 88
f 93 96 112
f 99 110 106
f 93 112 100
f 113 100 104
f 100 113 118
f 115 114 102
f 103 117 116
f 103 97 117
f 101 109 98
f 107 87 97
f 107 89 87
g Mesh5
usemtl RED
f 134 131 128
f 131 134 139
f 129 138 136
f 138 129 130
f 135 133 137
f 133 135 123
f 123 135 122
f 136 124 120
f 137 123 135
f 125 140 132
f 126 136 120
f 127 121 134
f 121 127 119
g Mesh6
usemtl RED
f 170 164 193
f 173 193 164
f 193 173 354
f 205 354 173
f 354 205 464
f 273 464 205
f 464 273 302
f 456 354 464
f 146 150 163
f 168 163 150
f 163 168 172
f 192 172 168
f 172 192 203
f 352 203 192
f 203 352 454
f 454 458 203
f 459 203 458
f 203 459 272
f 299 272 459
f 701 459 458
f 639 459 701
f 664 459 639
f 712 459 664
f 723 459 712
f 727 459 723
f 719 459 727
f 719 748 459
f 668 665 641
f 640 641 665
f 641 640 706
f 703 706 640
f 702 759 705
f 467 567 701
f 740 701 567
f 701 740 760
f 763 760 740
f 760 763 767
f 781 767 763
f 767 781 786
f 792 790 788
f 785 788 790
f 788 785 783
f 782 783 785
f 783 782 765
f 764 765 782
f 765 764 739
f 773 786 789
f 773 767 786
f 775 768 774
f 775 772 768
f 791 770 776
f 791 787 770
f 784 770 787
f 784 766 770
f 742 770 766
f 770 742 762
f 569 762 742
f 762 569 704
f 464 704 569
f 704 464 642
f 667 642 464
f 765 739 741
f 568 741 739
f 741 568 570
f 470 570 568
f 470 568 468
f 464 569 469
f 464 714 667
f 464 726 714
f 464 730 726
f 464 721 730
f 464 749 721
f 615 624 464
f 631 464 624
f 464 631 749
f 647 749 631
f 749 647 655
f 655 670 749
f 677 749 670
f 749 677 734
f 687 734 677
f 734 687 698
f 688 678 682 694
f 678 669 673 682
f 669 656 660 673
f 656 648 651 660
f 648 632 635 651
f 632 623 627 635
f 615 464 608
f 608 464 596
f 596 464 588
f 588 464 583
f 583 464 590
f 590 464 598
f 633 626 734
f 617 734 626
f 734 617 464
f 610 464 617
f 464 610 598
f 646 734 464
f 580 459 643
f 572 459 580
f 572 576 459
f 692 606 578 465
f 756 752 744
f 736 744 752
f 744 736 716
f 708 716 736
f 716 708 685
f 460 685 708
f 685 460 459
f 287 459 460
f 459 287 336
f 459 604 685
f 576 604 459
f 154 176 179
f 187 179 176
f 179 187 196
f 211 196 187
f 196 211 235
f 287 235 211
f 235 287 460
f 156 153 181
f 180 181 153
f 181 180 198
f 195 198 180
f 198 195 238
f 236 238 195
f 238 236 461
f 178 155 189
f 182 189 155
f 189 182 213
f 197 213 182
f 213 197 289
f 237 289 197
f 289 237 465
f 465 337 289
f 346 337 465 356 355
f 343 459 336
f 348 459 343
f 348 339 459
f 341 464 334
f 201 334 464
f 321 464 327
f 327 464 320
f 320 464 312
f 312 464 304
f 304 464 291
f 247 255 185
f 264 185 255
f 185 264 464
f 279 464 264
f 464 279 291
f 247 185 240
f 222 215 201
f 219 201 215
f 201 219 185
f 228 185 219
f 185 228 240
f 222 201 230
f 230 201 242
f 242 201 249
f 249 201 258
f 258 201 266
f 201 282 266
f 321 314 464
f 305 464 314
f 464 305 201
f 293 201 305
f 201 293 282
f 294 306 309 297
f 306 313 317 309
f 313 322 325 317
f 322 328 330 325
f 328 319 324 330
f 319 311 316 324
f 311 303 307 316
f 303 292 295 307
f 292 280 283 295
f 280 263 268 283
f 263 256 260 268
f 256 248 251 260
f 248 239 243 251
f 239 227 232 243
f 227 220 223 232
f 220 216 217 223
f 216 221 225 217
f 221 229 234 225
f 229 241 245 234
f 241 250 253 245
f 250 257 262 253
f 257 265 270 262
f 265 281 286 270
f 281 294 297 286
f 218 226 233 246 254 261 269 285 298 310 318 326 329 323 315 308 296 284 267 259 252 244 231 224
f 464 209 185
f 278 209 464
f 276 459 207
f 299 459 276
f 171 206 174
f 162 174 166
f 171 174 162
f 148 164 151
f 148 143 164
f 146 157 141
f 163 157 146
f 161 159 158
f 161 165 159
f 143 160 164
f 164 170 151
f 194 191 169
f 351 191 194
f 191 167 169
f 149 169 167
f 169 149 152
f 145 152 149
f 152 145 147
f 142 147 145
f 147 142 144
f 468 457 463
f 453 463 457
f 463 453 455
f 351 455 453
f 455 351 353
f 194 353 351
f 464 302 278
f 184 207 459
f 171 204 206
f 271 206 204
f 206 271 274
f 300 274 271
f 274 300 301
f 275 301 300
f 301 275 277
f 208 277 275
f 277 208 210
f 183 210 208
f 210 183 186
f 184 459 199
f 199 459 332
f 339 332 459
f 425 433 464
f 465 464 433
f 464 465 483
f 476 483 465
f 442 465 433
f 465 442 450
f 441 434 437 445
f 434 426 429 437
f 426 417 421 429
f 417 410 413 421
f 410 402 405 413
f 394 401 341
f 409 341 401
f 341 409 464
f 418 464 409
f 464 418 425
f 394 341 385
f 385 341 378
f 378 341 369
f 369 341 362
f 362 341 358
f 358 341 364
f 396 388 465
f 380 465 388
f 465 380 341
f 371 341 380
f 341 371 364
f 465 341 350
f 350 346 355 356 465
f 396 465 403
f 465 412 403
f 465 419 412
f 465 428 419
f 465 436 428
f 465 443 436
f 465 450 443
f 449 441 445 451
f 408 415 423 432 439 447 452 446 438 430 422 414 406 398 390 381 373 365 360 368 376 383 392 400
f 404 411 416 407
f 411 420 424 416
f 420 427 431 424
f 427 435 440 431
f 435 444 448 440
f 444 449 451 448
f 395 404 407 399
f 387 395 399 391
f 379 387 391 384
f 372 379 384 375
f 363 372 375 367
f 357 363 367 359
f 361 357 359 366
f 370 361 366 374
f 377 370 374 382
f 386 377 382 389
f 393 386 389 397
f 402 393 397 405
f 471 476 465
f 492 464 483
f 492 499 464
f 507 464 499
f 464 507 581
f 515 581 507
f 581 515 523
f 516 508 512 520
f 508 500 504 512
f 500 491 495 504
f 491 484 488 495
f 484 475 479 488
f 471 465 478
f 478 465 486
f 486 465 494
f 494 465 501
f 501 465 510
f 510 465 518
f 465 526 518
f 558 550 581
f 541 581 550
f 581 541 465
f 534 465 541
f 465 534 526
f 558 581 564
f 564 581 555
f 555 581 548
f 548 581 540
f 540 581 532
f 532 581 523
f 524 516 520 527
f 522 530 537 545 554 561 565 559 551 544 535 528 519 511 503 496 487 480 474 482 490 498 506 514
f 517 525 529 521
f 525 533 538 529
f 533 542 546 538
f 542 549 553 546
f 549 557 562 553
f 557 563 566 562
f 563 556 560 566
f 556 547 552 560
f 547 539 543 552
f 539 531 536 543
f 531 524 527 536
f 509 517 521 513
f 502 509 513 505
f 493 502 505 497
f 485 493 497 489
f 477 485 489 481
f 472 477 481 473
f 475 472 473 479
f 578 574 465
f 581 465 574
f 464 581 646
f 288 338 335
f 345 335 338
f 335 345 344
f 349 344 345
f 344 349 347
f 342 347 349
f 347 342 340
f 333 340 342
f 340 333 331
f 202 331 333
f 331 202 200
f 175 177 188
f 190 188 177
f 188 190 212
f 214 212 190
f 212 214 288
f 290 288 214
f 288 290 338
f 238 461 466
f 466 461 709
f 461 707 709
f 735 709 707
f 709 735 738
f 751 738 735
f 738 751 753
f 778 753 751
f 753 778 780
f 465 710 692
f 737 692 710
f 692 737 717
f 754 717 737
f 717 754 745
f 779 745 754
f 745 779 757
f 777 752 756
f 686 718 715
f 746 715 718
f 715 746 743
f 758 743 746
f 743 758 755
f 459 731 643
f 748 731 459
f 732 733 644
f 645 644 733
f 644 645 579
f 582 579 645
f 579 582 571
f 573 571 582
f 571 573 575
f 577 575 573
f 575 577 603
f 605 603 577
f 603 605 686
f 691 686 605
f 686 691 718
f 734 649 633
f 734 658 649
f 734 671 658
f 734 680 671
f 734 689 680
f 734 698 689
f 697 688 694 699
f 637 653 661 676 684 696 700 693 681 674 659 652 636 628 620 612 600 592 586 594 601 614 622 630
f 634 650 654 638
f 650 657 662 654
f 657 672 675 662
f 672 679 683 675
f 679 690 695 683
f 690 697 699 695
f 625 634 638 629
f 618 625 629 621
f 609 618 621 613
f 597 609 613 602
f 589 597 602 593
f 584 589 593 585
f 587 584 585 591
f 595 587 591 599
f 607 595 599 611
f 616 607 611 619
f 623 616 619 627
f 663 666 711
f 713 711 666
f 711 713 724
f 725 724 713
f 724 725 728
f 729 728 725
f 728 729 720
f 722 720 729
f 720 722 747
f 750 747 722
f 769 771 761
f 761 759 769
f 761 705 759
f 469 462 464
f 468 463 470
f 467 701 458
f 464 462 456
g Mesh7
usemtl RED
f 898 859 848
f 823 848 859
f 848 823 822
f 806 822 823
f 822 806 817
f 797 817 806
f 817 797 810
f 794 810 797
f 810 794 816
f 795 816 794
f 816 795 825
f 807 825 795
f 825 807 853
f 831 853 807
f 879 911 834
f 871 834 911
f 834 871 811
f 842 811 871
f 811 841 803
f 889 836 846
f 814 846 836
f 846 814 827
f 802 827 814
f 827 802 819
f 799 819 802
f 819 799 829
f 803 829 799
f 829 803 842
f 909 926 872
f 913 872 926
f 872 913 841
f 891 841 913
f 841 891 829
f 863 830 891
f 830 863 820
f 941 934 892
f 881 892 934
f 892 881 863
f 856 863 881
f 863 856 819
f 820 856 828
f 915 889 896
f 846 896 889
f 896 846 865
f 827 865 846
f 865 827 856
f 940 937 935
f 900 869 938
f 839 869 900
f 851 907 826
f 873 826 907
f 826 873 815
f 850 815 873
f 815 850 809
f 844 809 850
f 809 844 840
f 833 837 852
f 888 852 837
f 852 888 908
f 914 908 888
f 908 914 922
f 894 875 854
f 935 937 931
f 894 882 936
f 854 882 894
f 921 899 904
f 847 904 899
f 904 847 867
f 821 867 847
f 867 821 840
f 818 840 821
f 840 818 809
f 840 843 870
f 857 870 843
f 870 857 939
f 933 939 857
f 936 932 894
f 858 894 932
f 894 858 875
f 845 875 858
f 877 843 884
f 849 884 843
f 884 849 906
f 874 906 849
f 906 874 924
f 907 924 873
f 855 876 866
f 883 866 876
f 866 883 895
f 905 895 883
f 895 905 916
f 923 916 905
f 930 925 920
f 910 920 925
f 920 910 897
f 880 897 910
f 897 880 861
f 927 928 912
f 917 912 928
f 912 917 890
f 901 890 917
f 890 901 862
f 887 862 901
f 929 919 918
f 903 918 919
f 918 903 902
f 868 902 903
f 902 868 885
f 840 885 867
f 900 886 839
f 938 942 900
f 893 900 942
f 900 893 886
f 864 886 893
f 860 878 824
f 835 824 878
f 824 835 805
f 812 805 835
f 805 812 798
f 804 798 812
f 798 804 793
f 800 793 804
f 793 800 796
f 801 796 800
f 796 801 808
f 813 808 801
f 808 813 832
f 838 832 813
g Mesh8
usemtl RED
f 943 944 945
f 943 944 945
f 945 944 946
f 945 944 946
g Mesh10
usemtl RED
f 1003 980 982
f 1003 1001 980
f 979 1002 977
f 999 977 1002
f 977 999 975
f 997 975 999
f 975 997 969
f 994 969 997
f 969 990 967
f 987 967 990
f 967 987 965
f 985 965 987
f 965 985 964
f 984 964 985
f 948 963 950
f 966 950 963
f 950 966 952
f 968 952 966
f 952 968 954
f 972 954 968
f 954 972 956
f 976 956 972
f 956 976 958
f 978 958 976
f 958 978 962
f 981 962 978
f 963 983 966
f 986 966 983
f 966 986 968
f 988 968 986
f 968 988 972
f 992 972 988
f 973 993 996
f 973 971 993
f 991 970 974
f 991 989 970
f 972 995 976
f 998 976 995
f 976 998 978
f 1000 978 998
f 978 1000 981
f 1004 981 1000
f 982 960 961
f 960 982 980
f 964 947 965
f 949 965 947
f 965 949 967
f 951 967 949
f 967 951 969
f 953 969 951
f 969 953 975
f 955 975 953
f 975 955 977
f 957 977 955
f 977 957 979
f 959 979 957
g Mesh12
usemtl RED
f 1017 1019 1014
f 1020 1018 1011
f 1018 1010 1011
f 1009 1007 1012
f 1009 1005 1007
f 1016 1008 1006
f 1016 1006 1013
f 1019 1015 1014
g Mesh13
usemtl RED
f 1044 1040 1022
f 1031 1042 1045
f 1031 1028 1042
f 1034 1029 1032
f 1035 1025 1027
f 1037 1026 1034
f 1036 1023 1025
f 1044 1022 1037
f 1038 1033 1043
f 1039 1034 1032
f 1024 1021 1041 1030
g Mesh14
usemtl RED
f 1076 1066 1079
f 1076 1064 1066
f 1068 1060 1070
f 1062 1070 1060
f 1070 1062 1072
f 1065 1072 1062
f 1072 1065 1074
f 1085 1098 1082
f 1096 1082 1098
f 1082 1096 1080
f 1094 1080 1096
f 1080 1094 1074
f 1092 1074 1094
f 1074 1092 1072
f 1090 1072 1092
f 1072 1090 1070
f 1088 1070 1090
f 1070 1088 1068
f 1050 1074 1047
f 1046 1075 1078
f 1046 1078 1049
f 1087 1053 1083
f 1051 1083 1053
f 1083 1051 1081
f 1048 1081 1051
f 1081 1048 1077
f 1077 1067 1063
f 1077 1063 1073
f 1061 1073 1063
f 1073 1061 1071
f 1059 1071 1061
f 1071 1059 1069
f 1058 1060 1068
f 1091 1069 1089
f 1069 1091 1071
f 1093 1071 1091
f 1071 1093 1073
f 1095 1073 1093
f 1073 1095 1077
f 1097 1077 1095
f 1077 1097 1081
f 1099 1081 1097
f 1081 1099 1083
f 1102 1083 1099
f 1083 1102 1087
f 1057 1053 1087
f 1103 1100 1086
f 1084 1086 1100
f 1086 1084 1056
f 1055 1056 1084
f 1101 1098 1085
f 1074 1050 1080
f 1052 1080 1050
f 1080 1052 1082
f 1054 1082 1052
f 1082 1054 1085
g Mesh15
usemtl RED
f 1104 1114 1112
f 1105 1111 1115
f 1105 1106 1111
f 1108 1110 1107
f 1108 1112 1110
f 1113 1109 1104
g Mesh16
usemtl RED
f 1118 1123 1119
f 1126 1121 1122
f 1116 1120 1127
f 1117 1118 1119
f 1124 1116 1127
f 1124 1127 1131
f 1131 1126 1130
f 1126 1122 1130
f 1129 1125 1131
f 1125 1129 1128
g Mesh18
usemtl RED
f 1155 1150 1159
f 1156 1141 1154
f 1139 1157 1161
f 1162 1155 1159
f 1163 1158 1146
f 1160 1152 1145
f 1152 1138 1145
f 1151 1154 1141
f 1154 1134 1143 1151
f 1133 1153 1140
f 1153 1149 1140
f 1142 1140 1149
f 1140 1142 1133
f 1137 1138 1135
f 1138 1137 1148
f 1132 1147 1136
f 1147 1132 1139
f 1144 1139 1161
g Mesh19
usemtl RED
f 1208 1186 1189
f 1208 1207 1186
f 1187 1206 1184
f 1204 1184 1206
f 1184 1204 1182
f 1202 1182 1204
f 1182 1202 1180
f 1201 1180 1202
f 1165 1181 1167
f 1183 1167 1181
f 1167 1183 1169
f 1185 1169 1183
f 1169 1185 1171
f 1190 1171 1185
f 1171 1190 1173
f 1193 1173 1190
f 1173 1193 1175
f 1195 1175 1193
f 1175 1195 1178
f 1198 1178 1195
f 1181 1200 1183
f 1203 1183 1200
f 1183 1203 1185
f 1205 1185 1203
f 1185 1205 1190
f 1209 1190 1205
f 1191 1210 1212
f 1191 1188 1210
f 1211 1187 1214
f 1192 1214 1187
f 1214 1192 1216
f 1194 1216 1192
f 1216 1194 1219
f 1196 1219 1194
f 1180 1164 1182
f 1166 1182 1164
f 1182 1166 1184
f 1168 1184 1166
f 1184 1168 1187
f 1170 1187 1168
f 1187 1170 1192
f 1172 1192 1170
f 1192 1172 1194
f 1174 1194 1172
f 1194 1174 1196
f 1177 1196 1174
f 1176 1199 1197
f 1199 1176 1179
f 1221 1197 1199
f 1221 1218 1197
f 1190 1213 1193
f 1215 1193 1213
f 1193 1215 1195
f 1217 1195 1215
f 1195 1217 1198
f 1220 1198 1217
g Mesh20
usemtl RED
f 1223 1229 1253
f 1227 1253 1229
f 1253 1227 1251
f 1225 1251 1227
f 1251 1225 1242
f 1247 1223 1253
f 1248 1241 1222
f 1244 1224 1240
f 1226 1240 1224
f 1240 1226 1241
f 1228 1241 1226
f 1241 1228 1222
f 1235 1252 1250
f 1235 1246 1252
f 1249 1236 1237
f 1234 1237 1236
f 1234 1236 1232
f 1230 1232 1236
f 1238 1233 1231
f 1233 1238 1245
f 1239 1235 1243
f 1243 1235 1250
g Mesh21
usemtl RED
f 1257 1263 1261
f 1256 1254 1264
f 1258 1259 1255
f 1260 1257 1261
f 1259 1262 1255
g Mesh22
usemtl RED
f 1283 1274 1271
f 1282 1284 1273
f 1286 1281 1278
f 1281 1279 1278
f 1280 1283 1271
f 1271 1269 1280
f 1272 1275 1270
f 1275 1266 1270
f 1284 1267 1273
f 1265 1285 1277
f 1268 1265 1277
f 1269 1276 1280
g Mesh23
usemtl RED
f 1290 1305 1291
f 1305 1290 1301
f 1315 1309 1297
f 1293 1297 1309
f 1297 1293 1302
f 1300 1302 1293
f 1302 1300 1289
f 1304 1308 1298
f 1292 1307 1303
f 1292 1303 1287
f 1288 1302 1289
f 1317 1296 1307
f 1317 1316 1296
f 1310 1314 1318
f 1294 1311 1312
f 1310 1318 1313
f 1294 1312 1305
f 1306 1299 1295
g Mesh25
usemtl RED
f 1353 1346 1352
f 1350 1352 1346
f 1352 1350 1357
f 1340 1357 1350
f 1351 1338 1347
f 1343 1347 1338
f 1347 1343 1348
f 1345 1348 1343
f 1348 1345 1353
f 1354 1348 1353
f 1328 1371 1359
f 1376 1360 1372
f 1360 1376 1361
f 1373 1361 1376
f 1361 1373 1366
f 1358 1368 1374
f 1357 1339 1367
f 1345 1343 1341
f 1354 1347 1349
f 1347 1354 1351
f 1351 1355 1338
f 1344 1332 1341
f 1331 1341 1332
f 1345 1342 1350
f 1330 1350 1342
f 1350 1330 1339
f 1323 1339 1330
f 1339 1323 1327
f 1324 1336 1325
f 1337 1324 1322
f 1321 1323 1331
f 1321 1331 1332
f 1329 1319 1333
f 1328 1335 1320
f 1359 1335 1328
f 1334 1337 1322
f 1365 1377 1363
f 1370 1363 1377
f 1363 1370 1355
f 1329 1355 1370
f 1355 1329 1338
f 1333 1338 1329
f 1338 1333 1343
f 1369 1325 1336
f 1326 1367 1339
f 1336 1362 1369
f 1352 1358 1364
f 1357 1374 1364
f 1377 1365 1375
f 1352 1364 1353
f 1363 1353 1364
f 1353 1363 1354
f 1356 1354 1363
f 1354 1356 1351
g Mesh26
usemtl RED
f 1457 1453 1447
f 1443 1447 1453
f 1447 1443 1436
f 1433 1436 1443
f 1436 1433 1428
f 1430 1428 1433
f 1428 1430 1420
f 1453 1454 1443
f 1444 1443 1454
f 1443 1444 1433
f 1435 1433 1444
f 1433 1435 1430
f 1455 1464 1445
f 1459 1445 1464
f 1445 1459 1434
f 1449 1434 1459
f 1434 1449 1439
f 1406 1419 1422
f 1438 1422 1419
f 1422 1438 1442
f 1448 1442 1438
f 1442 1448 1452
f 1458 1452 1448
f 1452 1458 1462
f 1463 1462 1458
f 1462 1463 1467
f 1397 1406 1403
f 1422 1403 1406
f 1403 1422 1425
f 1442 1425 1422
f 1425 1442 1440
f 1452 1440 1442
f 1440 1452 1450
f 1462 1450 1452
f 1450 1462 1461
f 1467 1461 1462
f 1461 1467 1465
f 1434 1439 1429
f 1418 1429 1439
f 1429 1418 1421
f 1413 1421 1418
f 1408 1412 1414
f 1417 1414 1412
f 1414 1417 1420
f 1423 1420 1417
f 1420 1423 1428
f 1432 1428 1423
f 1428 1432 1436
f 1400 1402 1412
f 1410 1412 1402
f 1412 1410 1417
f 1415 1417 1410
f 1417 1415 1423
f 1427 1423 1415
f 1423 1427 1432
f 1379 1378 1384
f 1383 1384 1378
f 1384 1383 1395
f 1393 1395 1383
f 1395 1393 1405
f 1403 1405 1393
f 1405 1403 1425
f 1378 1381 1383
f 1387 1383 1381
f 1383 1387 1393
f 1397 1393 1387
f 1393 1397 1403
f 1446 1466 1456
f 1413 1418 1407
f 1413 1407 1409
f 1407 1396 1409
f 1386 1409 1396
f 1409 1386 1401
f 1382 1401 1386
f 1401 1382 1391
f 1402 1399 1410
f 1400 1412 1408
f 1400 1390 1402
f 1392 1402 1390
f 1402 1392 1399
f 1389 1399 1392
f 1466 1446 1460
f 1437 1460 1446
f 1460 1437 1451
f 1431 1451 1437
f 1451 1431 1441
f 1426 1441 1431
f 1441 1426 1424
f 1416 1424 1426
f 1424 1416 1404
f 1411 1404 1416
f 1404 1411 1394
f 1398 1394 1411
f 1394 1398 1385
f 1388 1385 1398
f 1385 1388 1380
g Mesh27
usemtl RED
f 1470 1468 1478
f 1469 1472 1477
f 1472 1475 1477
f 1473 1474 1476
f 1473 1471 1474
f 1470 1478 1474
g Mesh28
usemtl RED
f 1931 2027 1856
f 2065 1856 2027
f 1856 2065 1857
f 1964 1857 2065
f 1857 1964 1849
f 1848 1850 1747
f 1848 1962 1850
f 2075 2073 2053
f 2051 2053 2073
f 2053 2051 2036
f 2035 2036 2051
f 2036 2035 2026
f 2024 2026 2035
f 2026 2024 2009
f 2008 2009 2024
f 2009 2008 1963
f 1961 1963 2008
f 1963 1961 1847
f 2038 2040 2049
f 2059 2049 2040
f 2049 2059 2068
f 2066 2068 2059
f 2068 2066 2092
f 2076 2092 2066
f 2092 2076 2084
f 2052 2084 2076
f 2084 2052 2037
f 2037 2025 2084
f 2065 2084 2025
f 2084 2065 2093
f 2083 2093 2065
f 2010 2065 2025
f 2065 2010 1964
f 1856 1927 1931
f 1856 1912 1927
f 1856 1902 1912
f 1856 1890 1902
f 1856 1882 1890
f 1882 1856 1830
f 1856 1824 1830
f 1824 1856 1812
f 1812 1856 1801
f 1801 1856 1792
f 1605 1656 1663
f 1763 1663 1656
f 1663 1763 1856
f 1779 1856 1763
f 1856 1779 1792
f 1849 1744 1857
f 1625 1857 1744
f 1857 1625 1856
f 1663 1856 1625
f 1744 1679 1625
f 1664 1625 1679
f 1625 1664 1598
f 1645 1598 1664
f 1598 1645 1630
f 1846 1746 1745
f 1680 1745 1746
f 1745 1680 1678
f 1666 1678 1680
f 1678 1666 1665
f 1647 1665 1666
f 1665 1647 1646
f 1632 1646 1647
f 1646 1632 1631
f 1613 1631 1632
f 1631 1613 1611
f 1630 1609 1598
f 1592 1598 1609
f 1598 1592 1584
f 1585 1584 1592
f 1584 1585 1579
f 1561 1579 1585
f 1579 1561 1552
f 1553 1552 1561
f 1552 1553 1533
f 1523 1533 1553
f 1533 1523 1538
f 1520 1538 1523
f 1618 1626 1616
f 1634 1616 1626
f 1616 1634 1623
f 1654 1623 1634
f 1634 1626 1648
f 1627 1629 1648
f 1626 1620 1629
f 1620 1626 1619
f 1619 1610 1620
f 1621 1620 1610
f 1620 1621 1629
f 1628 1629 1621
f 1610 1612 1622
f 1634 1648 1652
f 1650 1688 1651
f 1649 1692 1689
f 1708 1689 1692
f 1688 1708 1693
f 1758 1693 1708
f 1693 1758 1741
f 1809 1741 1758
f 1741 1809 1806
f 1837 1806 1809
f 1806 1837 1858
f 1908 1858 1837
f 1858 1908 1940
f 1967 1940 1908
f 1940 1967 2004
f 1996 2004 1967
f 2004 1996 2007
f 1999 2007 1996
f 2007 1999 2013
f 1908 1837 1906
f 1838 1836 1907
f 1836 1838 1810
f 1836 1810 1757
f 1836 1757 1709
f 1836 1709 1692
f 1692 1843 1836
f 1997 1836 1843
f 1836 1997 1991
f 2000 1991 1997
f 1992 2004 2007
f 2007 2013 1992
f 2013 2070 1993
f 2096 2089 2063
f 2070 2063 2089
f 2063 2070 2029
f 2013 2029 2070
f 2029 2013 2001
f 2028 2049 2064
f 2029 1999 2039
f 2000 2041 2039
f 2000 1997 2042
f 2028 2038 2049
f 2058 2060 2040
f 2059 2058 2062
f 2061 2062 2058
f 2062 2061 2075
f 2074 2075 2061
f 2067 2059 2062
f 2057 2061 2058
f 1931 2034 2027
f 2083 2027 2034
f 2027 2083 2065
f 2084 2099 2092
f 2098 2092 2099
f 2092 2098 2096
f 2091 2096 2098
f 2084 2093 2099
f 2107 2099 2093
f 2099 2107 2098
f 2128 2098 2107
f 2098 2128 2091
f 2118 2091 2128
f 2091 2118 2100
f 2129 2100 2118
f 2100 2129 2113
f 2138 2150 2132
f 2131 2132 2150
f 2132 2131 2128
f 2129 2128 2131
f 2128 2129 2118
f 2107 2132 2128
f 2107 2094 2095
f 2082 2095 2094
f 2095 2082 2081
f 2033 2081 2082
f 2081 2033 2016
f 1934 1958 2016 2033
f 2015 1957 1937 1767
f 1959 1936 1956
f 1937 1959 1945
f 1959 1951 1945
f 1959 1968 1951
f 1972 1951 1968
f 1951 1972 1954
f 1960 1954 1972
f 1972 1974 1960
f 1975 1960 1974
f 1960 1975 1969
f 1973 1969 1975
f 1975 1977 1973
f 1979 1973 1977
f 1973 1979 1976
f 1978 1976 1979
f 1979 1980 1978
f 1982 1978 1980
f 1978 1982 1981
f 1983 1981 1982
f 1982 1984 1983
f 1985 1983 1984
f 1983 1985 1988
f 1990 1988 1985
f 1990 1985 1987
f 1989 1990 1987 1986
f 1935 1768 1782 1794 1804 1814 1826 1832 1883 1893 1905 1913 1929
f 1781 1766 1764 1780
f 1655 1769 1765
f 1769 1655 1670 1750
f 1614 1670 1655 1607
f 1669 1615 1661
f 1660 1661 1615 1608 1659
f 1661 1660 1662 1783 1669
f 1659 1662 1660
f 1861 1783 1662 1659
f 1930 1669 1783
f 1669 1930 2015
f 1783 1861 1930
f 2030 1930 1861
f 1930 2030 2015
f 2080 2015 2030
f 1834 2032 1863
f 1834 1994 2031
f 1995 1835 2055
f 1697 2055 1835
f 2055 1697 1635
f 1570 1635 1697
f 1696 1833 1657
f 1833 1862 1657
f 1696 1657 1573
f 1571 1658 1575
f 1659 1608 1578
f 1563 1574 1607 1588
f 1607 1574 1575
f 1563 1575 1574
f 1575 1563 1559
f 1565 1559 1563
f 1559 1565 1557
f 1558 1540 1577
f 1558 1513 1540
f 1508 1511 1560
f 1510 1516 1512
f 1510 1521 1516
f 1522 1509 1537
f 1555 1508 1560
f 1565 1563 1568
f 1588 1568 1563
f 1606 1590 1588
f 1579 1588 1590
f 1588 1579 1567
f 1552 1567 1579
f 1567 1552 1547
f 1533 1547 1552
f 1547 1533 1538
f 1520 1504 1503
f 1505 1496 1503
f 1486 1503 1496
f 1503 1486 1501
f 1497 1501 1486
f 1501 1497 1517
f 1499 1517 1497
f 1517 1499 1519
f 1491 1486 1496
f 1494 1485 1492
f 1687 1548 1591
f 1544 1591 1548
f 1591 1544 1530
f 1529 1530 1544
f 1530 1529 1524
f 1507 1524 1529
f 1524 1507 1495
f 1514 1525 1528
f 1543 1528 1525
f 1528 1543 1527
f 1542 1527 1543
f 1514 1528 1527
f 1545 1597 1542
f 1595 1543 1550
f 1799 1604 1548
f 1596 1549 1603
f 1596 1603 1668
f 2078 1667 1602
f 1667 2078 2022
f 2079 2086 2023
f 2086 2079 2135
f 2134 2077 2002
f 1551 1686 1601
f 1796 1601 1686
f 1601 1796 2077
f 1915 2077 1796
f 2077 1915 2002
f 1797 1687 1684
f 1591 1684 1687
f 1684 1591 1633
f 1530 1633 1591
f 1633 1530 1524
f 1694 1798 1684
f 1495 1491 1524
f 1633 1524 1491
f 1590 1584 1579
f 1607 1606 1588
f 1606 1607 1655
f 1625 1605 1663
f 1605 1625 1590
f 1598 1590 1625
f 1590 1598 1584
f 1553 1561 1554
f 1520 1523 1504
f 1553 1504 1523
f 1504 1553 1496
f 1554 1496 1553
f 1496 1554 1491
f 1566 1491 1554
f 1491 1566 1633
f 1644 1633 1566
f 1633 1644 1694
f 1593 1624 1600
f 1653 1599 1624
f 1599 1653 1677
f 1690 1677 1653
f 1654 1634 1652
f 1653 1651 1688
f 1599 1677 1721
f 1806 1777 1741
f 1691 1741 1777
f 1741 1691 1693
f 1683 1693 1691
f 1693 1683 1688
f 1875 1878 1828
f 1860 1828 1878
f 1828 1860 1691
f 1720 1691 1860
f 1691 1720 1683
f 1677 1683 1720
f 1683 1677 1688
f 1720 1860 1852
f 1870 1899 1875
f 1885 1875 1899
f 1875 1885 1880
f 2004 1880 1885
f 1880 2004 1859
f 1992 1859 2004
f 1859 1992 1853
f 1901 1853 1992
f 1853 1901 1866
f 1916 1866 1901
f 1866 1916 1887
f 1901 1992 2005
f 2070 2005 1992
f 2005 2070 2050
f 2100 2050 2070
f 2050 2100 2113
f 2100 2070 2091
f 2090 2091 2071
f 2090 2097 2091
f 2068 2096 2063
f 2096 2068 2092
f 2067 2062 2075
f 2069 2064 2049
f 2163 2174 2171
f 2163 2179 2174
f 2178 2164 2145
f 2107 2117 2132
f 2138 2132 2117
f 2146 2150 2138
f 2150 2146 2160
f 2162 2160 2146
f 2169 2181 2162
f 2180 2162 2181
f 2162 2180 2160
f 2131 2160 2180
f 2160 2131 2150
f 2190 2198 2192
f 2120 2137 2116
f 2145 2137 2120
f 2145 2120 2178
f 2127 2145 2120
f 2145 2127 2178
f 2178 2120 2127
f 2176 2177 2122
f 2119 2122 2177
f 2107 2095 2115
f 2121 2115 2095
f 2115 2121 2119
f 2123 2119 2121
f 2119 2123 2126
f 2122 2177 2125
f 2095 2081 2108 2121
f 2081 2110 2108
f 2109 2080 2030
f 2101 2110 2031
f 2143 2124 2111
f 2124 2143 2175
f 2174 2142 2151
f 2142 2168 2174
f 2168 2142 2151 2156
f 2112 2102 2144
f 2147 2144 2102
f 2144 2147 2152
f 2165 2152 2147
f 2102 2106 2147
f 2148 2147 2106
f 2147 2148 2165
f 2167 2165 2148
f 2165 2167 2184
f 2186 2184 2167
f 2184 2186 2196
f 2194 2196 2186
f 2196 2194 2205
f 2202 2205 2194
f 2104 1536 2149
f 1518 2149 1536
f 2149 1518 2166
f 1500 2166 1518
f 2166 1500 2187
f 1488 2187 1500
f 2187 1488 2195
f 1481 2195 1488
f 2195 1481 2203
f 1517 1519 1534
f 1535 1534 1519
f 1534 1535 1572
f 1582 1572 1535
f 1576 1539 1572
f 1581 1536 2104
f 1580 1636 1571
f 1581 1879 1637
f 1889 1854 2017
f 2021 2017 1854
f 2017 2021 2044
f 2047 2044 2021
f 2044 2047 2045
f 2048 2045 2047
f 2045 2048 2056
f 2054 1637 2046
f 1639 2046 1637
f 2046 1639 2043
f 1641 2043 1639
f 2043 1641 2018
f 1672 2018 1641
f 2018 1672 2019
f 1673 2019 1672
f 2019 1673 2012
f 1681 2012 1673
f 1855 1888 1674
f 1671 1674 1888
f 1674 1671 1643
f 1640 1643 1671
f 1643 1640 1642
f 1638 1642 1640
f 1642 1638 1636
f 2011 1682 2014
f 1676 2014 1682
f 2014 1676 2020
f 1675 2020 1676
f 1541 1512 1532
f 1512 1516 1532
f 1572 1539 1534
f 1531 1534 1539
f 1534 1531 1517
f 1515 1517 1531
f 1517 1515 1501
f 1503 1502 1515
f 1498 2185 1490
f 2197 1490 2185
f 1490 2197 1483
f 2206 1483 2197
f 2172 2159 2188
f 2003 2006 2088
f 2072 2088 2006
f 2088 2072 2159
f 2192 2159 2072
f 2159 2192 2188
f 2182 2198 2181
f 2190 2181 2198
f 2181 2190 2180
f 2131 2180 2190
f 2131 2190 2130
f 2192 2130 2190
f 2130 2192 2114
f 2072 2114 2192
f 2113 2072 2050
f 1998 2050 2072
f 2050 1998 2005
f 1901 2005 1998
f 2006 1998 2072
f 1998 2006 1917
f 2006 2003 1916
f 2172 2157 2159
f 2140 2159 2157
f 2159 2140 2088
f 2133 2088 2140
f 2088 2133 2003
f 2139 2158 2154
f 2161 2154 2158
f 2161 2153 2154
f 2141 2154 2153
f 2154 2141 2139
f 2087 2139 2141
f 2139 2085 2136
f 1998 1916 1901
f 1866 1887 1864
f 1886 1796 1821
f 1796 1886 1915
f 1694 1684 1633
f 1811 1685 1720
f 1720 1685 1599
f 1811 1720 1852
f 1811 1852 1865
f 1587 1594 1589
f 1599 1589 1594
f 1562 1589 1583
f 1599 1583 1589
f 1583 1599 1644
f 1685 1644 1599
f 1644 1685 1695
f 1811 1695 1685
f 1695 1811 1797
f 1865 1797 1811
f 1797 1865 1822
f 1864 1822 1865
f 1618 1617 1592
f 1586 1592 1617
f 1592 1586 1585
f 1589 1585 1586
f 1585 1589 1561
f 1562 1561 1589
f 1561 1562 1554
f 1583 1554 1562
f 1554 1583 1566
f 1644 1566 1583
f 2193 2200 2189
f 2193 2198 2200
f 2169 2183 2181
f 2158 2173 2161
f 2189 2161 2173
f 2161 2189 2191
f 2200 2191 2189
f 2191 2200 2196
f 2199 2196 2200
f 2196 2199 2184
f 2182 2184 2199
f 2184 2182 2165
f 2169 2165 2182
f 2152 2165 2170 2155
f 2168 2174 2151 2156
f 2201 1479 1482
f 1489 1484 1480
f 2201 1482 2204
f 1489 1480 1487
f 1492 1485 1486
f 1489 1486 1485
f 1486 1489 1497
f 1487 1497 1489
f 1497 1487 1499
f 1489 1485 1493
f 1494 1493 1485
f 1493 1494 1514
f 1506 1514 1494
f 1514 1506 1525
f 1520 1503 1515
f 2101 2056 2105
f 2103 1995 2055
f 2101 2030 1994
f 1879 2104 2054
f 2123 2121 2110
f 2121 2108 2110
f 2115 2108 2121
f 1875 1827 1817
f 1790 1817 1827
f 1875 1828 1827
f 1691 1827 1828
f 1827 1691 1736
f 1772 1736 1691
f 1827 1736 1790
f 1742 1790 1736
f 1772 1691 1776
f 1858 1777 1806
f 1777 1858 1845
f 1940 1845 1858
f 1939 1839 1844
f 1939 1942 1839
f 1899 1924 1885
f 1970 1885 1924
f 1885 1970 2004
f 1944 2004 1970
f 2004 1944 1941
f 1908 1906 1967
f 1953 1967 1906
f 1967 1953 1996
f 1991 1996 1953
f 1996 1991 1999
f 1952 1907 1836
f 1952 1836 1991
f 1970 1924 1966
f 1859 1877 1880
f 1876 1880 1877
f 1737 1770 1743
f 1737 1773 1770
f 1840 1770 1773
f 1770 1840 1851
f 1946 1851 1840
f 1851 1946 1938
f 1839 1774 1775
f 1775 1844 1839
f 1949 1923 1938
f 1841 1938 1923
f 1938 1841 1851
f 1778 1851 1841
f 1851 1778 1770
f 1840 1943 1946
f 1971 1946 1943
f 1971 1965 1946
f 1875 1816 1870
f 1869 1870 1816
f 1870 1869 1900
f 1898 1900 1869
f 1900 1898 1925
f 1918 1925 1898
f 1925 1918 1965
f 1869 1816 1818
f 1789 1818 1816
f 1818 1789 1795
f 1743 1795 1789
f 1742 1754 1795
f 1743 1771 1753
f 1778 1753 1771
f 1841 1784 1778
f 1760 1778 1784
f 1778 1760 1753
f 1807 1753 1760
f 1753 1807 1795
f 1819 1795 1807
f 1795 1819 1818
f 1868 1818 1819
f 1818 1868 1869
f 1898 1869 1868
f 1761 1785 1786
f 1842 1786 1785
f 1786 1842 1921
f 1922 1921 1842
f 1921 1922 1948
f 1787 1808 1762
f 1787 1873 1808
f 1920 1874 1788
f 1909 1872 1919
f 1872 1909 1897
f 1949 1955 1910
f 1918 1910 1955
f 1910 1918 1896
f 1898 1896 1918
f 1896 1898 1868
f 1919 1950 1909
f 1949 1938 1955
f 1947 1955 1938
f 1965 1955 1946
f 1966 1918 1955
f 1867 1871 1897
f 1871 1867 1820
f 1808 1871 1820
f 1609 1618 1592
f 1624 1586 1617
f 1586 1624 1593
f 1529 1526 1507
f 1526 1529 1544
f 1509 1556 1537
f 1564 1537 1556
f 1537 1564 1546
f 1569 1546 1564
f 1574 1568 1563
f 2015 1767 1749 1669
f 1748 1759 1768
f 1759 1748 1740
f 1735 1759 1740
f 1759 1735 1756
f 1751 1734 1755
f 1734 1751 1731
f 1727 1752 1730
f 1752 1727 1739
f 1732 1726 1738
f 1726 1732 1725
f 1719 1733 1724
f 1733 1719 1728
f 1723 1718 1729
f 1718 1723 1715
f 1712 1722 1714
f 1722 1712 1716
f 1711 1713 1717
f 1713 1711 1710
f 1711 1705 1710
f 1705 1711 1707
f 1704 1700 1706
f 1700 1704 1703
f 1702 1700 1703
f 1700 1702 1699
f 1699 1702 1701 1698
f 1793 1781 1780 1791
f 1803 1793 1791 1802
f 1813 1800 1805 1815
f 1823 1813 1815 1825
f 1829 1823 1825 1831
f 1881 1829 1831 1884
f 1892 1881 1884 1894
f 1904 1895 1891 1903
f 1914 1904 1903 1911
f 1928 1914 1911 1926
f 1936 1928 1926 1933
f 1934 2033 1932
g Mesh29
usemtl RED
f 2291 2214 2255
f 2279 2304 2309
f 2304 2279 2290
f 2207 2290 2279
f 2290 2207 2215
f 2209 2218 2213
f 2209 2211 2218
f 2208 2249 2212
f 2280 2249 2208
f 2309 2304 2340
f 2298 2340 2304
f 2340 2298 2334
f 2272 2334 2298
f 2334 2272 2324
f 2242 2324 2272
f 2324 2242 2297
f 2226 2234 2241
f 2260 2241 2234
f 2241 2260 2295
f 2311 2295 2260
f 2295 2311 2318
f 2239 2314 2278
f 2338 2278 2314
f 2278 2338 2308
f 2346 2308 2338
f 2308 2346 2320
f 2349 2320 2346
f 2320 2349 2330
f 2347 2330 2349
f 2330 2347 2321
f 2335 2322 2347
f 2322 2335 2302
f 2312 2302 2335
f 2302 2312 2261
f 2239 2271 2314
f 2288 2269 2251
f 2238 2251 2269
f 2251 2238 2228
f 2222 2228 2238
f 2228 2222 2221
f 2296 2341 2323
f 2354 2323 2341
f 2323 2354 2333
f 2355 2333 2354
f 2333 2355 2339
f 2351 2339 2355
f 2339 2351 2332
f 2344 2332 2351
f 2332 2344 2328
f 2326 2328 2344
f 2328 2326 2300
f 2287 2300 2326
f 2300 2287 2252
f 2296 2316 2341
f 2270 2325 2315
f 2343 2315 2325
f 2315 2343 2337
f 2352 2337 2343
f 2337 2352 2345
f 2356 2345 2352
f 2345 2356 2350
f 2353 2350 2356
f 2350 2353 2348
f 2342 2348 2353
f 2348 2342 2336
f 2317 2336 2342
f 2336 2317 2313
f 2325 2270 2289
f 2340 2331 2309
f 2327 2309 2331
f 2309 2327 2281
f 2301 2281 2327
f 2281 2301 2246
f 2250 2246 2301
f 2246 2250 2230
f 2261 2254 2303
f 2282 2303 2254
f 2303 2282 2321
f 2292 2321 2282
f 2321 2292 2329
f 2284 2329 2292
f 2329 2284 2319
f 2258 2319 2284
f 2319 2258 2307
f 2236 2307 2258
f 2307 2236 2277
f 2223 2277 2236
f 2277 2223 2240
f 2267 2284 2292
f 2267 2257 2284
f 2217 2257 2267
f 2217 2210 2257
f 2249 2256 2212
f 2219 2237 2232
f 2259 2232 2237
f 2232 2259 2248
f 2285 2248 2259
f 2248 2285 2263
f 2229 2231 2245
f 2247 2245 2231
f 2245 2247 2281
f 2264 2281 2247
f 2281 2264 2309
f 2280 2310 2249
f 2262 2249 2310
f 2249 2262 2256
f 2286 2256 2262
f 2231 2229 2220
f 2224 2237 2219
f 2268 2255 2216
f 2305 2291 2274
f 2255 2274 2291
f 2274 2255 2293
f 2268 2293 2255
f 2216 2255 2214
f 2254 2261 2235
f 2275 2283 2266
f 2253 2266 2283
f 2266 2253 2243
f 2233 2243 2253
f 2243 2233 2227
f 2283 2275 2294
f 2272 2225 2242
f 2225 2273 2244
f 2299 2244 2273
f 2244 2299 2265
f 2306 2265 2299
f 2265 2306 2276
g Mesh30
usemtl RED
f 2358 2359 2360
f 2359 2358 2357
g Mesh31
usemtl RED
f 2363 2362 2364
f 2361 2362 2363
f 2361 2362 2363
f 2363 2362 2364
g Mesh32
usemtl RED
f 2365 2366 2367
f 2365 2366 2367
f 2367 2366 2368
f 2367 2366 2368
g Mesh34
usemtl RED
f 2382 2370 2378
f 2393 2370 2382
f 2369 2399 2394
f 2369 2396 2381
f 2375 2369 2381
f 2398 2380 2394
f 2398 2392 2380
f 2389 2380 2392
f 2380 2389 2376
f 2373 2376 2389
f 2376 2373 2372
f 2384 2373 2389
f 2384 2389 2387
f 2384 2387 2385
f 2386 2388 2383
f 2390 2383 2388
f 2383 2390 2374
f 2377 2374 2390
f 2374 2377 2371
f 2377 2390 2379
f 2391 2379 2390
f 2379 2391 2397
f 2379 2397 2395
g Mesh35
usemtl RED
f 2410 2403 2419
f 2410 2400 2403
f 2412 2408 2402
f 2417 2420 2404 2413
f 2401 2414 2405
f 2401 2407 2414
f 2418 2416 2411
f 2409 2411 2416
f 2411 2409 2406
f 2416 2406 2409
f 2406 2416 2415
g Mesh36
usemtl RED
f 2441 2432 2430
f 2441 2443 2432
f 2431 2444 2427
f 2439 2427 2444
f 2427 2439 2424
f 2436 2424 2439
f 2422 2423 2435
f 2422 2435 2434
f 2425 2421 2433
f 2425 2433 2438
f 2426 2437 2428
f 2440 2428 2437
f 2428 2440 2429
f 2442 2429 2440
g Mesh37
usemtl RED
f 2446 2453 2452
f 2445 2459 2454
f 2459 2445 2451
f 2460 2452 2453
f 2449 2458 2447
f 2457 2450 2455
f 2450 2448 2455
f 2458 2456 2447
g Mesh38
usemtl RED
f 2464 2461 2462
f 2464 2461 2462
f 2461 2464 2463
f 2464 2463 2461
g Mesh39
usemtl RED
f 2466 2465 2468
f 2467 2468 2465
f 2468 2467 2470
f 2469 2470 2467
g Mesh40
usemtl RED
f 2474 2472 2471
f 2474 2471 2473
g Mesh41
usemtl RED
f 2489 2495 2479
f 2498 2495 2489
f 2497 2499 2493
f 2497 2493 2494
f 2493 2491 2494
f 2493 2486 2491
f 2484 2492 2475
f 2477 2475 2492
f 2481 2488 2500 2496
f 2500 2488 2502
f 2487 2502 2488
f 2502 2487 2504
f 2507 2504 2487
f 2507 2487 2485
f 2476 2506 2483
f 2482 2501 2478
f 2503 2478 2501
f 2478 2503 2476
f 2505 2476 2503
f 2476 2505 2506
f 2492 2480 2477
f 2480 2492 2490
g Mesh42
usemtl RED
f 2523 2528 2519
f 2533 2519 2528
f 2519 2533 2515
f 2541 2515 2533
f 2534 2530 2526
f 2524 2511 2521
f 2536 2521 2511
f 2521 2536 2529
f 2539 2529 2536
f 2529 2539 2527
f 2535 2540 2537
f 2535 2537 2543
f 2524 2509 2511
f 2517 2513 2510
f 2538 2512 2542
f 2516 2542 2512
f 2542 2516 2532
f 2514 2532 2516
f 2517 2510 2508
f 2518 2525 2522
f 2518 2522 2520
f 2534 2526 2531
g Mesh43
usemtl RED
f 2545 2546 2547
f 2546 2545 2544
g Mesh44
usemtl RED
f 2551 2548 2549
f 2551 2550 2548
g Mesh45
usemtl RED
f 2553 2555 2552
f 2552 2555 2554
f 2554 2555 2557
f 2554 2557 2556
g Mesh46
usemtl RED
f 2561 2558 2559
f 2559 2561 2558
f 2558 2561 2560
f 2561 2560 2558
g Mesh47
usemtl RED
f 2569 2580 2573
f 2577 2573 2580
f 2573 2577 2562
f 2585 2562 2577
f 2581 2578 2576
f 2575 2576 2578
f 2576 2575 2584
f 2583 2584 2575
f 2579 2566 2574
f 2571 2574 2566
f 2574 2571 2582
f 2565 2582 2571
f 2567 2568 2570
f 2572 2570 2568
f 2570 2572 2564
f 2563 2564 2572
g Mesh48
usemtl RED
f 2586 2587 2588
f 2588 2587 2589
g Mesh49
usemtl RED
f 2596 2605 2592
f 2605 2596 2601
f 2597 2602 2599
f 2594 2602 2597
f 2595 2598 2593
f 2591 2593 2598
f 2604 2600 2603
f 2604 2606 2600
f 2607 2592 2605
f 2607 2590 2592
g Mesh50
usemtl RED
f 2609 2611 2622
f 2627 2623 2610
f 2627 2610 2614
f 2630 2626 2615
f 2630 2615 2619
f 2629 2631 2618
f 2629 2618 2617
f 2616 2625 2628
f 2616 2613 2625
f 2612 2621 2624
f 2612 2608 2621
f 2609 2622 2620
g Mesh51
usemtl RED
f 2634 2633 2632
f 2633 2634 2635
g Mesh52
usemtl RED
f 2637 2638 2639
f 2638 2637 2636
g Mesh53
usemtl RED
f 2642 2652 2644
f 2642 2653 2652
f 2647 2654 2640
f 2654 2647 2648
f 2643 2648 2647
f 2643 2650 2648
f 2651 2655 2649
f 2641 2645 2646
g Mesh54
usemtl RED
f 2658 2656 2659
f 2659 2656 2657
g Mesh55
usemtl RED
f 2663 2660 2661
f 2662 2660 2663
g Mesh56
usemtl RED
f 2664 2675 2666
f 2673 2675 2664
f 2668 2672 2665
f 2671 2672 2668
f 2670 2669 2674
f 2674 2669 2667
g Mesh57
usemtl RED
f 2676 2679 2678
f 2679 2676 2677
f 2679 2678 2676
f 2679 2676 2677
g Mesh58
usemtl RED
f 2686 2700 2681
f 2697 2681 2700
f 2681 2697 2684
f 2691 2684 2697
f 2718 2689 2698
f 2689 2718 2728
f 2732 2728 2718
f 2729 2731 2716
f 2731 2725 2715
f 2707 2715 2725
f 2715 2707 2701
f 2705 2701 2707
f 2701 2705 2695
f 2735 2732 2719
f 2721 2735 2719
f 2733 2727 2723
f 2717 2723 2727
f 2723 2717 2711
f 2709 2711 2717
f 2711 2709 2708
f 2704 2708 2709
f 2708 2704 2703
f 2696 2703 2704
f 2703 2696 2693
f 2680 2693 2696
f 2693 2680 2682
f 2694 2683 2701
f 2682 2692 2701
f 2690 2715 2701
f 2690 2730 2715
f 2725 2714 2707
f 2710 2707 2714
f 2707 2710 2705
f 2703 2705 2710
f 2705 2703 2694
f 2710 2713 2711
f 2731 2734 2724
f 2722 2724 2734
f 2724 2722 2713
f 2712 2713 2722
f 2708 2710 2711
f 2708 2703 2710
f 2709 2706 2704
f 2702 2704 2706
f 2704 2702 2696
f 2685 2696 2702
f 2696 2685 2680
f 2702 2727 2687
f 2702 2717 2727
f 2702 2706 2717
f 2709 2717 2706
f 2699 2688 2726
f 2720 2699 2726
g Mesh59
usemtl RED
f 2738 2737 2739
f 2736 2737 2738
f 2736 2737 2738
f 2738 2737 2739
g Mesh60
usemtl RED
f 2741 2743 2742
f 2745 2742 2743
f 2742 2745 2744
f 2747 2744 2745
f 2744 2747 2746
f 2741 2742 2740
g Mesh61
usemtl RED
f 2748 2751 2750
f 2751 2748 2749
g Mesh62
usemtl RED
f 2754 2758 2756
f 2759 2761 2757
f 2754 2756 2753
f 2752 2760 2755
g Mesh63
usemtl RED
f 2765 2767 2762
f 2768 2766 2764
f 2768 2771 2766
f 2769 2763 2770
g Mesh64
usemtl RED
f 2772 2775 2774
f 2775 2772 2773
g Mesh65
usemtl RED
f 2780 2779 2778
f 2781 2779 2780
f 2778 2779 2777
f 2778 2777 2776
g Mesh66
usemtl RED
f 2793 2788 2791
f 2782 2785 2787
f 2789 2787 2785
f 2787 2789 2790
f 2792 2790 2789
f 2791 2788 2786
f 2788 2784 2786
f 2786 2784 2783
g Mesh67
usemtl RED
f 2804 2801 2803
f 2803 2801 2798
f 2805 2802 2800
f 2799 2800 2802
f 2800 2799 2796
f 2795 2796 2799
f 2801 2797 2798
f 2798 2797 2794
g Mesh68
usemtl RED
f 2809 2808 2806
f 2809 2808 2806
f 2809 2806 2807
f 2807 2809 2806
g Mesh69
usemtl RED
f 2810 2813 2812
f 2813 2810 2811
g Mesh70
usemtl RED
f 2814 2815 2816
f 2817 2816 2815
f 2816 2817 2818
f 2819 2818 2817
g Mesh71
usemtl RED
f 2827 2840 2829
f 2840 2827 2839
f 2824 2839 2827
f 2824 2837 2839
f 2820 2836 2825
f 2836 2820 2833
f 2822 2832 2821
f 2822 2835 2832
f 2826 2834 2823
f 2834 2826 2838
f 2830 2838 2826
f 2830 2842 2838
f 2843 2831 2828
f 2843 2828 2841
g Mesh72
usemtl RED
f 2873 2865 2868
f 2859 2868 2865
f 2868 2859 2863
f 2854 2863 2859
f 2863 2854 2858
f 2849 2858 2854
f 2858 2849 2851
f 2848 2851 2849
f 2851 2848 2846
f 2882 2876 2874
f 2871 2874 2876
f 2874 2871 2869
f 2868 2869 2871
f 2869 2868 2867
f 2863 2867 2868
f 2867 2863 2861
f 2858 2861 2863
f 2861 2858 2857
f 2851 2857 2858
f 2857 2851 2852
f 2846 2852 2851
f 2852 2846 2845
f 2870 2866 2864
f 2862 2864 2866
f 2864 2862 2860
f 2856 2860 2862
f 2860 2856 2855
f 2853 2855 2856
f 2855 2853 2850
f 2847 2850 2853
f 2844 2847 2853
f 2864 2872 2870
f 2877 2870 2872
f 2870 2877 2875
f 2879 2875 2877
f 2875 2879 2881
f 2882 2883 2876
f 2878 2876 2883
f 2876 2878 2871
f 2873 2871 2878
f 2871 2873 2868
f 2883 2880 2878
g Mesh73
usemtl RED
f 2888 2892 2884
f 2894 2887 2900
f 2895 2900 2887
f 2900 2895 2911
f 2904 2911 2895
f 2908 2909 2902
f 2905 2902 2909
f 2902 2905 2885
f 2896 2885 2905
f 2885 2896 2889
f 2903 2886 2922
f 2925 2924 2884
f 2923 2927 2920
f 2927 2917 2920
f 2926 2916 2917
f 2916 2926 2899
f 2925 2884 2898
f 2891 2898 2884
f 2890 2914 2897
f 2890 2901 2914
f 2893 2901 2890
f 2891 2884 2892
f 2901 2913 2914
f 2906 2910 2912
f 2907 2912 2910
f 2912 2907 2915
f 2918 2915 2907
f 2907 2921 2918
f 2922 2919 2903
g Mesh74
usemtl RED
f 2928 2934 2938 2930
f 2983 2975 2967 2958 2951 2943 2935 2929 2932 2941 2949 2956 2965 2973 2981 2989 2997 3005 3012 3021 3015 3007 2999 2991
f 2974 2982 2986 2978
f 2982 2990 2994 2986
f 2990 2998 3003 2994
f 2998 3006 3011 3003
f 3006 3014 3018 3011
f 3014 3020 3022 3018
f 3020 3013 3017 3022
f 3013 3004 3009 3017
f 3004 2996 3000 3009
f 2996 2988 2993 3000
f 2988 2980 2985 2993
f 2980 2972 2977 2985
f 2972 2964 2968 2977
f 2964 2957 2960 2968
f 2957 2948 2952 2960
f 2948 2940 2945 2952
f 2940 2933 2937 2945
f 2933 2928 2930 2937
f 2979 2987 2995 3002 3010 3019 3023 3016 3008 3001 2992 2984 2976 2969 2961 2953 2944 2936 2931 2939 2947 2954 2963 2970
f 2934 2942 2946 2938
f 2942 2950 2955 2946
f 2950 2959 2962 2955
f 2959 2966 2971 2962
f 2966 2974 2978 2971
g Mesh75
usemtl RED
f 3026 3034 3032
f 3040 3032 3034
f 3032 3040 3038
f 3048 3038 3040
f 3038 3048 3046
f 3050 3046 3048
f 3046 3050 3054
f 3058 3054 3050
f 3054 3058 3061
f 3063 3061 3058
f 3061 3063 3067
f 3070 3067 3063
f 3067 3070 3071
f 3064 3057 3068
f 3062 3068 3057
f 3068 3062 3066
f 3059 3066 3062
f 3056 3055 3062 3057
f 3051 3055 3056 3057
f 3047 3055 3051 3049
f 3044 3053 3047
f 3071 3065 3067
f 3060 3067 3065
f 3067 3060 3061
f 3052 3061 3060
f 3061 3052 3054
f 3045 3054 3052
f 3054 3045 3046
f 3037 3046 3045
f 3046 3037 3038
f 3031 3038 3037
f 3038 3031 3032
f 3024 3032 3031
f 3032 3024 3026
f 3044 3047 3042 3039
f 3039 3042 3047 3043 3041
f 3047 3049 3041 3043
f 3025 3030 3027
f 3033 3027 3030
f 3027 3033 3028
f 3035 3028 3033
f 3044 3039 3036
f 3030 3036 3033
f 3039 3033 3036
f 3033 3039 3035
f 3041 3035 3039
f 3029 3034 3026
f 3071 3073 3065
f 3047 3053 3055
f 3059 3055 3053
f 3055 3059 3062
f 3066 3074 3068
f 3072 3068 3074
f 3068 3072 3064
f 3069 3064 3072
g Mesh76
usemtl RED
f 3076 3082 3090
f 3086 3090 3082
f 3090 3086 3098
f 3100 3098 3086
f 3098 3100 3103
f 3102 3101 3097
f 3087 3097 3101
f 3097 3087 3091
f 3083 3091 3087
f 3091 3083 3075
f 3095 3087 3101
f 3084 3087 3095
f 3086 3085 3094
f 3095 3089 3084
f 3085 3088 3094
f 3086 3094 3100
f 3099 3104 3092
f 3104 3080 3092
f 3105 3078 3077
f 3091 3075 3078
f 3090 3079 3076
f 3081 3105 3093
f 3093 3105 3096
g Mesh77
usemtl RED
f 3112 3113 3110
f 3114 3106 3108
f 3111 3109 3107
g Mesh78
usemtl RED
f 3115 3116 3117
f 3117 3116 3118
g Mesh79
usemtl RED
f 3122 3119 3120
f 3121 3119 3122
g Mesh80
usemtl RED
f 3125 3123 3126
f 3126 3123 3124
g Mesh81
usemtl RED
f 3139 3140 3141
f 3139 3135 3140
f 3132 3136 3138
f 3136 3132 3128
f 3132 3127 3128
f 3127 3131 3133
f 3131 3142 3134
f 3131 3137 3142
f 3127 3133 3129
f 3130 3129 3133
g Mesh82
usemtl RED
f 3191 3184 3185 3194
f 3228 3220 3212 3204 3196 3188 3179 3171 3163 3156 3148 3144 3151 3160 3167 3175 3183 3192 3200 3208 3215 3223 3232 3236
f 3219 3227 3229 3222
f 3227 3235 3237 3229
f 3235 3231 3233 3237
f 3231 3224 3225 3233
f 3224 3216 3217 3225
f 3216 3207 3210 3217
f 3207 3199 3202 3210
f 3199 3191 3194 3202
f 3221 3230 3238 3234 3226 3218 3209 3201 3193 3186 3178 3170 3162 3154 3146 3150 3158 3165 3173 3182 3189 3198 3206 3213
f 3184 3176 3177 3185
f 3176 3168 3169 3177
f 3168 3159 3161 3169
f 3159 3152 3153 3161
f 3152 3143 3145 3153
f 3143 3147 3149 3145
f 3147 3155 3157 3149
f 3155 3164 3166 3157
f 3164 3172 3174 3166
f 3172 3180 3181 3174
f 3180 3187 3190 3181
f 3187 3195 3197 3190
f 3195 3203 3205 3197
f 3203 3211 3214 3205
f 3211 3219 3222 3214
g Mesh83
usemtl RED
f 3243 3240 3242
f 3240 3241 3242
f 3241 3240 3239
g Mesh84
usemtl RED
f 3253 3244 3246
f 3245 3254 3259
f 3259 3250 3245
f 3250 3259 3260
f 3260 3251 3250
f 3257 3252 3261
f 3248 3252 3257
f 3256 3249 3258
f 3249 3256 3247
f 3246 3255 3253
g Mesh85
usemtl RED
f 3265 3262 3274
f 3274 3262 3272
f 3271 3278 3268
f 3276 3268 3278
f 3268 3276 3266
f 3273 3266 3276
f 3266 3273 3263
f 3271 3281 3278
f 3264 3277 3267
f 3279 3267 3277
f 3267 3279 3269
f 3280 3269 3279
f 3269 3280 3270
f 3275 3277 3264
g Mesh86
usemtl RED
f 3319 3315 3311
f 3318 3315 3319
f 3298 3314 3316
f 3314 3298 3296
f 3295 3297 3300
f 3317 3301 3299
f 3301 3317 3320
f 3320 3302 3301
f 3319 3306 3303
f 3311 3306 3319
f 3308 3293 3289
f 3300 3288 3292
f 3288 3300 3285
f 3300 3284 3285
f 3301 3302 3283
f 3307 3282 3304
f 3282 3307 3286
f 3290 3293 3312
f 3308 3312 3293
f 3312 3308 3305
f 3287 3305 3308
f 3287 3308 3289
f 3291 3300 3292
f 3300 3291 3295
f 3309 3294 3290
f 3294 3309 3313
f 3311 3315 3310
f 3290 3312 3309
g Mesh87
usemtl RED
f 3347 3327 3322
f 3324 3323 3329
f 3321 3325 3365
f 3352 3365 3325
f 3352 3361 3365
f 3332 3360 3354
f 3332 3350 3360
f 3337 3350 3332
f 3355 3351 3335
f 3351 3355 3363
f 3366 3364 3356
f 3365 3358 3362
f 3358 3365 3361
f 3360 3350 3359
f 3351 3363 3357
f 3356 3344 3366
f 3355 3335 3345
f 3338 3339 3346
f 3340 3336 3342
f 3333 3342 3336
f 3342 3333 3331
f 3324 3330 3334
f 3330 3324 3329
f 3331 3328 3342
f 3353 3326 3334
f 3341 3343 3348
f 3348 3346 3339
f 3349 3366 3344
f 3367 3347 3322
g Mesh88
usemtl RED
f 3394 3373 3393
f 3368 3393 3373
f 3393 3368 3391
f 3370 3391 3368
f 3391 3370 3388
f 3374 3388 3370
f 3388 3374 3387
f 3377 3387 3374
f 3387 3377 3384
f 3378 3384 3377
f 3384 3378 3380
f 3392 3372 3395
f 3372 3392 3369
f 3390 3369 3392
f 3369 3390 3371
f 3389 3371 3390
f 3371 3389 3375
f 3386 3375 3389
f 3375 3386 3376
f 3385 3376 3386
f 3376 3385 3379
f 3382 3379 3385
f 3379 3382 3381
f 3383 3384 3380
g Mesh89
usemtl RED
f 3399 3398 3396
f 3399 3396 3397
g Mesh90
usemtl RED
f 3403 3401 3404
f 3407 3404 3401
f 3404 3407 3409
f 3411 3409 3407
f 3409 3411 3413
f 3414 3413 3411
f 3413 3414 3416
f 3418 3416 3414
f 3416 3418 3423
f 3421 3423 3418
f 3423 3421 3424
f 3423 3424 3426
f 3429 3426 3424
f 3426 3429 3431
f 3433 3431 3429
f 3431 3433 3434
f 3437 3434 3433
f 3434 3437 3438
f 3443 3438 3437
f 3438 3443 3440
f 3441 3442 3439
f 3436 3439 3442
f 3439 3436 3435
f 3432 3435 3436
f 3435 3432 3430
f 3428 3430 3432
f 3430 3428 3427
f 3425 3427 3428
f 3427 3425 3422
f 3425 3420 3422
f 3419 3422 3420
f 3422 3419 3417
f 3415 3417 3419
f 3417 3415 3412
f 3410 3412 3415
f 3412 3410 3408
f 3406 3408 3410
f 3408 3406 3405
f 3400 3405 3406
f 3405 3400 3402
g Mesh91
usemtl RED
f 3444 3447 3445
f 3444 3446 3447
g Mesh92
usemtl RED
f 3456 3451 3455
f 3450 3455 3451
f 3455 3450 3453
f 3449 3453 3450
f 3448 3457 3454
f 3457 3448 3452
g Mesh93
usemtl RED
f 3491 3489 3470
f 3481 3470 3489
f 3470 3481 3466
f 3480 3466 3481
f 3466 3480 3463
f 3484 3463 3480
f 3463 3484 3469
f 3464 3467 3465
f 3458 3465 3467
f 3465 3458 3473
f 3474 3473 3458
f 3462 3458 3467
f 3461 3477 3459
f 3477 3461 3488
f 3468 3486 3460
f 3486 3468 3483
f 3485 3478 3487
f 3478 3485 3479
f 3482 3478 3479
f 3478 3482 3490
f 3466 3472 3470
f 3459 3494 3475
f 3477 3494 3459
f 3478 3492 3496
f 3492 3478 3490
f 3491 3470 3472
f 3471 3495 3493
f 3495 3471 3476
g Mesh94
usemtl RED
f 3498 3499 3497
g Mesh95
usemtl RED
f 3504 3503 3502
f 3501 3502 3503
f 3501 3503 3500
g Mesh96
usemtl RED
f 3507 3506 3505
g Mesh97
usemtl RED
f 3517 3511 3514
f 3516 3521 3512
f 3518 3521 3516
f 3513 3519 3508
f 3515 3509 3520
f 3514 3511 3510
g Mesh98
usemtl RED
f 3526 3531 3529
f 3533 3531 3526
f 3535 3523 3532
f 3524 3534 3527
f 3530 3522 3528
f 3528 3522 3525
g Mesh99
usemtl RED
f 3538 3539 3537 3536
g Mesh100
usemtl RED
f 3543 3540 3541
f 3542 3540 3543
