mtllib material.mtl

v -1601.531286739952 53.354311235999994 271.2515632234837
v -1601.531286739952 53.354311235999994 271.2515632234837
v -1601.531286739952 53.354311235999994 277.914449597375
v -1601.531286739952 53.354311235999994 277.914449597375
v -1609.7343044314669 53.354311235999994 267.68503875291464
v -1609.7343044314669 53.354311235999994 281.4809545423042
v -1619.7873644108554 53.354311235999994 268.53208365780966
v -1619.7873644108554 53.354311235999994 280.63392916304895
v -1627.9554756441087 53.354311235999994 272.44224298757644
v -1627.9554756441087 53.354311235999994 272.44224298757644
v -1627.9554756441087 53.354311235999994 276.7237698332822
v -1627.9554756441087 53.354311235999994 276.7237698332822
v -1411.2561827550671 105.65575501999999 202.98601583686104
v -1411.2561827550671 105.65575501999999 202.98601583686104
v -1414.4326704568875 105.65575501999999 195.83386300972845
v -1414.4326704568875 105.65575501999999 210.1376922383822
v -1419.3195746135348 105.65575501999999 193.21365335892253
v -1419.3195746135348 105.65575501999999 212.75790188918808
v -1442.811621023703 105.65575501999999 199.65433404659686
v -1442.811621023703 105.65575501999999 199.65433404659686
v -1442.811621023703 105.65575501999999 206.31722120151375
v -1442.811621023703 105.65575501999999 206.31722120151375
v -1542.8884368601855 580.91383676 261.92361289900464
v -1542.8884368601855 580.91383676 261.92361289900464
v -1546.0649245620064 580.91383676 254.77195602312332
v -1546.0649245620064 580.91383676 269.07576494511164
v -1550.9518287186536 580.91383676 252.15123011440073
v -1550.9518287186536 580.91383676 271.69597459591756
v -1574.4438751288217 580.91383676 258.59240753435193
v -1574.4438751288217 580.91383676 258.59240753435193
v -1574.4438751288217 580.91383676 258.59240753435193
v -1574.4438751288217 580.91383676 265.2553142149086
v -1574.4438751288217 580.91383676 265.2553142149086
v -1574.4438751288217 580.91383676 265.2553142149086
v -1581.669511989007 580.91383676 255.02540663817143
v -1581.669511989007 580.91383676 268.8218183788123
v -1591.6876655101341 580.91383676 255.87294749431777
v -1591.6876655101341 580.91383676 267.9747734739172
v -1599.8557767433872 580.91383676 259.7831068240845
v -1599.8557767433872 580.91383676 259.7831068240845
v -1599.8557767433872 580.91383676 264.0646141441505
v -1599.8557767433872 580.91383676 264.0646141441505
v -1545.9951116454827 631.3050262999999 261.92361289900464
v -1545.9951116454827 631.3050262999999 261.92361289900464
v -1549.1715993473035 631.3050262999999 254.77195602312332
v -1549.1715993473035 631.3050262999999 269.07576494511164
v -1554.0585035039505 631.3050262999999 252.15123011440073
v -1554.0585035039505 631.3050262999999 271.69597459591756
v -1571.4768261765716 631.3050262999999 258.59240753435193
v -1571.4768261765716 631.3050262999999 265.2553142149086
v -1578.7024630367573 631.3050262999999 255.02590258942269
v -1578.7024630367573 631.3050262999999 268.8218183788123
v -1588.7555230161456 631.3050262999999 255.87294749431777
v -1588.7555230161456 631.3050262999999 267.9747734739172
v -1596.888727791137 631.3050262999999 259.7831068240845
v -1596.888727791137 631.3050262999999 259.7831068240845
v -1596.888727791137 631.3050262999999 264.0646141441505
v -1596.888727791137 631.3050262999999 264.0646141441505
v -978.590632600481 -785.2473018799999 293.6810577532436
v -978.590632600481 -785.2473018799999 293.6810577532436
v -1395.9671540364136 -783.2711767999999 480.93080483895324
v -1395.9671540364136 -783.2711767999999 480.93080483895324
v -1290.9685275850222 -782.6124684399999 331.1828083804031
v -1290.9685275850222 -782.6124684399999 331.1828083804031
v -1327.0618054276881 -782.546597604 352.6151034920177
v -1327.0618054276881 -782.546597604 352.6151034920177
v -1359.2804664032979 -782.546597604 393.36944144768086
v -1359.2804664032979 -782.546597604 393.36944144768086
v -1243.9844347646858 -781.2291808839999 314.07534642155167
v -1243.9844347646858 -781.2291808839999 314.07534642155167
v -1187.8548498797666 -779.7141516559999 302.7474824390728
v -1187.8548498797666 -779.7141516559999 302.7474824390728
v -978.869884266575 -769.4383012399999 291.90787270066727
v -978.869884266575 -769.4383012399999 291.90787270066727
v -1188.1690080041221 -604.8929529119999 302.63561614344763
v -1188.1690080041221 -604.8929529119999 302.63561614344763
v -1243.9844347646858 -588.4252439119999 314.07534642155167
v -1243.9844347646858 -588.4252439119999 314.07534642155167
v -1398.4106061147372 -573.999530828 480.88345125727517
v -1398.4106061147372 -573.999530828 480.88345125727517
v -1291.0034340432842 -572.682114108 331.845418777764
v -1291.0034340432842 -572.682114108 331.845418777764
v -1360.1880343181037 -566.490255524 393.2888192998612
v -1360.1880343181037 -566.490255524 393.2888192998612
v -1327.0618054276881 -564.5800012799999 352.6151034920177
v -1327.0618054276881 -564.5800012799999 352.6151034920177
v -1394.291644039849 -612.9291949039999 172.86116283725246
v -1394.291644039849 -612.9291949039999 172.86116283725246
v -1608.3031396427343 -612.2704865439999 172.33813264764393
v -1608.3031396427343 -612.2704865439999 172.33813264764393
v -1608.3031396427343 -612.2704865439999 172.33813264764393
v -1394.2567375815872 -609.5697822679999 163.94086491569254
v -1394.2567375815872 -609.5697822679999 163.94086491569254
v -1608.3031396427343 -608.9110739079999 165.67524627375266
v -1608.3031396427343 -608.9110739079999 165.67524627375266
v -1608.3031396427343 -608.9110739079999 165.67524627375266
v -1393.9425794572312 -548.7710006399999 173.044089965393
v -1393.9425794572312 -548.7710006399999 173.044089965393
v -1394.2218311233255 -536.6507668159999 164.11270226144399
v -1394.2218311233255 -536.6507668159999 164.11270226144399
v -1607.2559458948817 -504.30818633999996 239.69063378064496
v -1607.2559458948817 -504.30818633999996 239.69063378064496
v -1607.2559458948817 -504.30818633999996 239.69063378064496
v -1606.9417877705257 -494.03233592399994 233.36029248356235
v -1606.9417877705257 -494.03233592399994 233.36029248356235
v -1606.9417877705257 -494.03233592399994 233.36029248356235
v -1608.4776719340432 -480.660556216 172.33813264764393
v -1608.4776719340432 -480.660556216 172.33813264764393
v -1608.4776719340432 -480.660556216 172.33813264764393
v -1608.3031396427343 -470.516447472 164.7727930702432
v -1608.3031396427343 -470.516447472 164.7727930702432
v -1608.3031396427343 -470.516447472 164.7727930702432
v -1606.906881312264 -165.336864284 243.16542679536553
v -1606.906881312264 -165.336864284 243.16542679536553
v -1607.0814136035729 -162.57028917199997 249.06191071884678
v -1607.0814136035729 -162.57028917199997 249.06191071884678
v -1393.8727665407077 -162.306805828 173.04458591664428
v -1394.1869246650638 -161.318743288 163.69598371344625
v -169.73818175884577 -382.11778555999996 248.62706066171728
v -169.73818175884577 -376.7822478439999 248.62706066171728
v -168.9004267605634 -329.486987596 179.87073944245964
v -168.9004267605634 -329.486987596 179.87073944245964
v -168.9004267605634 -324.876029076 179.87073944245964
v -168.9004267605634 -324.876029076 179.87073944245964
v -168.9004267605634 -324.876029076 179.87073944245964
v -97.44690669872895 -275.07767706 272.6327077937109
v -97.44690669872895 -275.07767706 272.6327077937109
v -98.42428753005841 -275.07767706 227.54897315274715
v -98.42428753005841 -275.07767706 227.54897315274715
v -7.772215424252835 -226.72848343599998 226.73218127418068
v -7.772215424252835 -226.72848343599998 226.73218127418068
v -168.9004267605634 -224.225391668 179.87073944245964
v -168.9004267605634 -224.225391668 179.87073944245964
v -98.24975523874957 -221.12946237599996 178.86548608840363
v -98.24975523874957 -221.12946237599996 178.86548608840363
v -98.24975523874957 -221.12946237599996 178.86548608840363
v -7.9467477155616635 -172.31917289999998 178.5596231889143
v -7.9467477155616635 -172.31917289999998 178.5596231889143
v -7.9467477155616635 -172.31917289999998 178.5596231889143
v -7.9467477155616635 -172.31917289999998 178.5596231889143
v -470.42241322569566 -146.16845100799998 429.0093309385338
v -470.42241322569566 -146.16845100799998 429.0093309385338
v -473.947965510134 -146.16845100799998 429.0093309385338
v -473.947965510134 -146.16845100799998 429.0093309385338
v -470.42241322569566 -132.072092104 417.04254350286584
v -470.42241322569566 -132.072092104 417.04254350286584
v -473.947965510134 -132.072092104 417.04254350286584
v -473.947965510134 -132.072092104 417.04254350286584
v -470.42241322569566 -121.46688750799999 412.738837092382
v -470.42241322569566 -121.46688750799999 412.738837092382
v -473.947965510134 -121.46688750799999 412.738837092382
v -473.947965510134 -121.46688750799999 412.738837092382
v -470.42241322569566 -120.80817914799998 543.1345782938857
v -470.42241322569566 -120.80817914799998 543.1345782938857
v -473.947965510134 -120.80817914799998 543.1345782938857
v -473.947965510134 -120.80817914799998 543.1345782938857
v -470.42241322569566 -119.82011660799999 435.8057680026027
v -470.42241322569566 -119.82011660799999 435.8057680026027
v -473.947965510134 -119.82011660799999 435.8057680026027
v -473.947965510134 -119.82011660799999 435.8057680026027
v -470.42241322569566 -116.724187316 432.60104973266834
v -470.42241322569566 -116.724187316 432.60104973266834
v -470.42241322569566 -116.724187316 432.60104973266834
v -473.947965510134 -116.724187316 432.60104973266834
v -473.947965510134 -116.724187316 432.60104973266834
v -473.947965510134 -116.724187316 432.60104973266834
v -470.42241322569566 -114.08935387599999 412.40276099886927
v -470.42241322569566 -114.08935387599999 412.40276099886927
v -473.947965510134 -114.08935387599999 412.40276099886927
v -473.947965510134 -114.08935387599999 412.40276099886927
v -470.42241322569566 -112.04735796 432.9774369000909
v -470.42241322569566 -112.04735796 432.9774369000909
v -473.947965510134 -112.04735796 432.9774369000909
v -473.947965510134 -112.04735796 432.9774369000909
v -470.42241322569566 -111.65213294399999 538.3643004718298
v -470.42241322569566 -111.65213294399999 538.3643004718298
v -473.947965510134 -111.65213294399999 538.3643004718298
v -473.947965510134 -111.65213294399999 538.3643004718298
v -470.42241322569566 -110.26884538799999 550.7382248335257
v -470.42241322569566 -110.26884538799999 550.7382248335257
v -473.947965510134 -110.26884538799999 550.7382248335257
v -473.947965510134 -110.26884538799999 550.7382248335257
v -470.42241322569566 -104.93330767199998 473.09235467028805
v -470.42241322569566 -104.93330767199998 473.09235467028805
v -473.947965510134 -104.93330767199998 473.09235467028805
v -473.947965510134 -104.93330767199998 473.09235467028805
v -470.42241322569566 -104.66982432799999 542.2467458894694
v -470.42241322569566 -104.66982432799999 542.2467458894694
v -473.947965510134 -104.66982432799999 542.2467458894694
v -473.947965510134 -104.66982432799999 542.2467458894694
v -470.42241322569566 -102.62782841199999 413.5324582846934
v -470.42241322569566 -102.62782841199999 413.5324582846934
v -473.947965510134 -102.62782841199999 413.5324582846934
v -473.947965510134 -102.62782841199999 413.5324582846934
v -470.42241322569566 -102.16673255999999 555.2379311785187
v -470.42241322569566 -102.16673255999999 555.2379311785187
v -473.947965510134 -102.16673255999999 555.2379311785187
v -473.947965510134 -102.16673255999999 555.2379311785187
v -470.42241322569566 -101.37628252799999 494.384573622899
v -470.42241322569566 -101.37628252799999 494.384573622899
v -473.947965510134 -101.37628252799999 494.384573622899
v -473.947965510134 -101.37628252799999 494.384573622899
v -470.42241322569566 -97.09467818799999 437.925602673164
v -470.42241322569566 -97.09467818799999 437.925602673164
v -473.947965510134 -97.09467818799999 437.925602673164
v -473.947965510134 -97.09467818799999 437.925602673164
v -470.42241322569566 -96.765324008 466.7408663242607
v -470.42241322569566 -96.765324008 466.7408663242607
v -473.947965510134 -96.765324008 466.7408663242607
v -473.947965510134 -96.765324008 466.7408663242607
v -470.42241322569566 -96.5677115 541.6924707710298
v -470.42241322569566 -96.5677115 541.6924707710298
v -473.947965510134 -96.5677115 541.6924707710298
v -473.947965510134 -96.5677115 541.6924707710298
v -473.947965510134 -95.57964895999999 482.6203326782571
v -473.947965510134 -95.57964895999999 482.6203326782571
v -478.1716469598076 -95.57964895999999 482.6203326782571
v -478.1716469598076 -95.57964895999999 482.6203326782571
v -473.947965510134 -95.382036452 481.7919550660504
v -473.947965510134 -95.382036452 481.7919550660504
v -473.947965510134 -95.382036452 483.44823386485245
v -473.947965510134 -95.382036452 483.44823386485245
v -478.1716469598076 -95.382036452 481.7919550660504
v -478.1716469598076 -95.382036452 481.7919550660504
v -478.1716469598076 -95.382036452 483.44823386485245
v -478.1716469598076 -95.382036452 483.44823386485245
v -473.947965510134 -94.986811436 481.0204931318516
v -473.947965510134 -94.986811436 481.0204931318516
v -473.947965510134 -94.986811436 484.22017222466263
v -473.947965510134 -94.986811436 484.22017222466263
v -478.1716469598076 -94.986811436 481.0204931318516
v -478.1716469598076 -94.986811436 481.0204931318516
v -478.1716469598076 -94.986811436 484.22017222466263
v -478.1716469598076 -94.986811436 484.22017222466263
v -470.42241322569566 -94.39397391199999 556.4744766705358
v -470.42241322569566 -94.39397391199999 556.4744766705358
v -473.947965510134 -94.39397391199999 556.4744766705358
v -473.947965510134 -94.39397391199999 556.4744766705358
v -473.947965510134 -94.32810307599999 480.35738600221384
v -473.947965510134 -94.32810307599999 480.35738600221384
v -473.947965510134 -94.32810307599999 484.88278262202357
v -473.947965510134 -94.32810307599999 484.88278262202357
v -478.1716469598076 -94.32810307599999 480.35738600221384
v -478.1716469598076 -94.32810307599999 480.35738600221384
v -478.1716469598076 -94.32810307599999 484.88278262202357
v -478.1716469598076 -94.32810307599999 484.88278262202357
v -473.947965510134 -93.471782208 479.8489570860586
v -473.947965510134 -93.471782208 479.8489570860586
v -473.947965510134 -93.471782208 485.39121231920444
v -473.947965510134 -93.471782208 485.39121231920444
v -478.1716469598076 -93.471782208 479.8489570860586
v -478.1716469598076 -93.471782208 479.8489570860586
v -478.1716469598076 -93.471782208 485.39121231920444
v -478.1716469598076 -93.471782208 485.39121231920444
v -473.947965510134 -92.48371966799999 479.5295043412583
v -473.947965510134 -92.48371966799999 479.5295043412583
v -473.947965510134 -92.48371966799999 485.7106838086189
v -473.947965510134 -92.48371966799999 485.7106838086189
v -478.1716469598076 -92.48371966799999 479.5295043412583
v -478.1716469598076 -92.48371966799999 479.5295043412583
v -478.1716469598076 -92.48371966799999 485.7106838086189
v -478.1716469598076 -92.48371966799999 485.7106838086189
v -473.947965510134 -91.36391545599999 479.4206535854461
v -473.947965510134 -91.36391545599999 479.4206535854461
v -473.947965510134 -91.36391545599999 485.82001177106815
v -473.947965510134 -91.36391545599999 485.82001177106815
v -478.1716469598076 -91.36391545599999 479.4206535854461
v -478.1716469598076 -91.36391545599999 479.4206535854461
v -478.1716469598076 -91.36391545599999 485.82001177106815
v -478.1716469598076 -91.36391545599999 485.82001177106815
v -470.42241322569566 -91.10043211199998 444.33303432033665
v -470.42241322569566 -91.10043211199998 444.33303432033665
v -473.947965510134 -91.10043211199998 444.33303432033665
v -473.947965510134 -91.10043211199998 444.33303432033665
v -470.42241322569566 -90.375852916 459.3302033982913
v -470.42241322569566 -90.375852916 459.3302033982913
v -473.947965510134 -90.375852916 459.3302033982913
v -473.947965510134 -90.375852916 459.3302033982913
v -473.947965510134 -90.30998207999998 479.5295043412583
v -473.947965510134 -90.30998207999998 479.5295043412583
v -473.947965510134 -90.30998207999998 485.7106838086189
v -473.947965510134 -90.30998207999998 485.7106838086189
v -478.1716469598076 -90.30998207999998 479.5295043412583
v -478.1716469598076 -90.30998207999998 479.5295043412583
v -478.1716469598076 -90.30998207999998 485.7106838086189
v -478.1716469598076 -90.30998207999998 485.7106838086189
v -470.42241322569566 -89.9806279 538.7517774216413
v -470.42241322569566 -89.9806279 538.7517774216413
v -473.947965510134 -89.9806279 538.7517774216413
v -473.947965510134 -89.9806279 538.7517774216413
v -473.947965510134 -89.256048704 479.8489570860586
v -473.947965510134 -89.256048704 479.8489570860586
v -473.947965510134 -89.256048704 485.39121231920444
v -473.947965510134 -89.256048704 485.39121231920444
v -478.1716469598076 -89.256048704 479.8489570860586
v -478.1716469598076 -89.256048704 479.8489570860586
v -478.1716469598076 -89.256048704 485.39121231920444
v -478.1716469598076 -89.256048704 485.39121231920444
v -470.42241322569566 -88.99256535999999 451.20552999968777
v -470.42241322569566 -88.99256535999999 451.20552999968777
v -473.947965510134 -88.99256535999999 451.20552999968777
v -473.947965510134 -88.99256535999999 451.20552999968777
v -473.947965510134 -88.39972783599998 480.35738600221384
v -473.947965510134 -88.39972783599998 480.35738600221384
v -473.947965510134 -88.39972783599998 484.88278262202357
v -473.947965510134 -88.39972783599998 484.88278262202357
v -478.1716469598076 -88.39972783599998 480.35738600221384
v -478.1716469598076 -88.39972783599998 480.35738600221384
v -478.1716469598076 -88.39972783599998 484.88278262202357
v -478.1716469598076 -88.39972783599998 484.88278262202357
v -473.947965510134 -87.74101947599999 481.0204931318516
v -473.947965510134 -87.74101947599999 481.0204931318516
v -473.947965510134 -87.74101947599999 484.22017222466263
v -473.947965510134 -87.74101947599999 484.22017222466263
v -478.1716469598076 -87.74101947599999 481.0204931318516
v -478.1716469598076 -87.74101947599999 481.0204931318516
v -478.1716469598076 -87.74101947599999 484.22017222466263
v -478.1716469598076 -87.74101947599999 484.22017222466263
v -473.947965510134 -87.34579446 481.7919550660504
v -473.947965510134 -87.34579446 481.7919550660504
v -473.947965510134 -87.34579446 483.44823386485245
v -473.947965510134 -87.34579446 483.44823386485245
v -478.1716469598076 -87.34579446 481.7919550660504
v -478.1716469598076 -87.34579446 481.7919550660504
v -478.1716469598076 -87.34579446 483.44823386485245
v -478.1716469598076 -87.34579446 483.44823386485245
v -473.947965510134 -87.21405278799999 482.6203326782571
v -473.947965510134 -87.21405278799999 482.6203326782571
v -478.1716469598076 -87.21405278799999 482.6203326782571
v -478.1716469598076 -87.21405278799999 482.6203326782571
v -470.42241322569566 -86.884698608 499.2848695563774
v -470.42241322569566 -86.884698608 499.2848695563774
v -473.947965510134 -86.884698608 499.2848695563774
v -473.947965510134 -86.884698608 499.2848695563774
v -470.42241322569566 -82.86657761199999 529.6918985113035
v -470.42241322569566 -82.86657761199999 529.6918985113035
v -473.947965510134 -82.86657761199999 529.6918985113035
v -473.947965510134 -82.86657761199999 529.6918985113035
v -470.42241322569566 -80.23174417199999 503.05243313857886
v -470.42241322569566 -80.23174417199999 503.05243313857886
v -473.947965510134 -80.23174417199999 503.05243313857886
v -473.947965510134 -80.23174417199999 503.05243313857886
v -470.42241322569566 -77.13581487999998 520.023824818691
v -470.42241322569566 -77.13581487999998 520.023824818691
v -473.947965510134 -77.13581487999998 520.023824818691
v -473.947965510134 -77.13581487999998 520.023824818691
v -470.42241322569566 -76.47710651999999 510.48777334917145
v -470.42241322569566 -76.47710651999999 510.48777334917145
v -473.947965510134 -76.47710651999999 510.48777334917145
v -473.947965510134 -76.47710651999999 510.48777334917145
v -470.42241322569566 -75.88426899599999 417.36048808724684
v -470.42241322569566 -75.88426899599999 417.36048808724684
v -473.947965510134 -75.88426899599999 417.36048808724684
v -473.947965510134 -75.88426899599999 417.36048808724684
v -473.947965510134 -74.303368932 521.3908851544072
v -473.947965510134 -60.00939751999999 528.2986527305449
v -473.947965510134 -50.06290128399999 510.7422361733875
v -473.947965510134 -50.06290128399999 510.7422361733875
v -478.1716469598076 -50.06290128399999 510.7422361733875
v -478.1716469598076 -50.06290128399999 510.7422361733875
v -473.947965510134 -49.931159611999995 509.914354512432
v -473.947965510134 -49.931159611999995 509.914354512432
v -473.947965510134 -49.931159611999995 511.57063331123413
v -473.947965510134 -49.931159611999995 511.57063331123413
v -478.1716469598076 -49.931159611999995 509.914354512432
v -478.1716469598076 -49.931159611999995 509.914354512432
v -478.1716469598076 -49.931159611999995 511.57063331123413
v -478.1716469598076 -49.931159611999995 511.57063331123413
v -473.947965510134 -49.535934596 509.14239662698196
v -473.947965510134 -49.535934596 509.14239662698196
v -473.947965510134 -49.535934596 512.342075719793
v -473.947965510134 -49.535934596 512.342075719793
v -478.1716469598076 -49.535934596 509.14239662698196
v -478.1716469598076 -49.535934596 509.14239662698196
v -478.1716469598076 -49.535934596 512.342075719793
v -478.1716469598076 -49.535934596 512.342075719793
v -473.947965510134 -48.87722623599999 508.4797862296211
v -473.947965510134 -48.87722623599999 508.4797862296211
v -473.947965510134 -48.87722623599999 513.0052023750706
v -473.947965510134 -48.87722623599999 513.0052023750706
v -478.1716469598076 -48.87722623599999 508.4797862296211
v -478.1716469598076 -48.87722623599999 508.4797862296211
v -478.1716469598076 -48.87722623599999 513.0052023750706
v -478.1716469598076 -48.87722623599999 513.0052023750706
v -473.947965510134 -48.020905368 507.97137683910563
v -473.947965510134 -48.020905368 507.97137683910563
v -473.947965510134 -48.020905368 513.5136117655861
v -473.947965510134 -48.020905368 513.5136117655861
v -478.1716469598076 -48.020905368 507.97137683910563
v -478.1716469598076 -48.020905368 507.97137683910563
v -478.1716469598076 -48.020905368 513.5136117655861
v -478.1716469598076 -48.020905368 513.5136117655861
v -473.947965510134 -46.96697199199999 507.6519045686656
v -473.947965510134 -46.96697199199999 507.6519045686656
v -473.947965510134 -46.96697199199999 513.8330840360261
v -473.947965510134 -46.96697199199999 513.8330840360261
v -478.1716469598076 -46.96697199199999 507.6519045686656
v -478.1716469598076 -46.96697199199999 507.6519045686656
v -478.1716469598076 -46.96697199199999 513.8330840360261
v -478.1716469598076 -46.96697199199999 513.8330840360261
v -473.947965510134 -45.913038615999994 507.54255708057644
v -473.947965510134 -45.913038615999994 507.54255708057644
v -473.947965510134 -45.913038615999994 513.9419152661985
v -473.947965510134 -45.913038615999994 513.9419152661985
v -478.1716469598076 -45.913038615999994 507.54255708057644
v -478.1716469598076 -45.913038615999994 507.54255708057644
v -478.1716469598076 -45.913038615999994 513.9419152661985
v -478.1716469598076 -45.913038615999994 513.9419152661985
v -473.947965510134 -44.793234403999996 507.6519045686656
v -473.947965510134 -44.793234403999996 507.6519045686656
v -473.947965510134 -44.793234403999996 513.8330840360261
v -473.947965510134 -44.793234403999996 513.8330840360261
v -478.1716469598076 -44.793234403999996 507.6519045686656
v -478.1716469598076 -44.793234403999996 507.6519045686656
v -478.1716469598076 -44.793234403999996 513.8330840360261
v -478.1716469598076 -44.793234403999996 513.8330840360261
v -473.947965510134 -43.805171863999995 507.97137683910563
v -473.947965510134 -43.805171863999995 507.97137683910563
v -473.947965510134 -43.805171863999995 513.5136117655861
v -473.947965510134 -43.805171863999995 513.5136117655861
v -478.1716469598076 -43.805171863999995 507.97137683910563
v -478.1716469598076 -43.805171863999995 507.97137683910563
v -478.1716469598076 -43.805171863999995 513.5136117655861
v -478.1716469598076 -43.805171863999995 513.5136117655861
v -473.947965510134 -42.94885099599999 508.4797862296211
v -473.947965510134 -42.94885099599999 508.4797862296211
v -473.947965510134 -42.94885099599999 513.0052023750706
v -473.947965510134 -42.94885099599999 513.0052023750706
v -478.1716469598076 -42.94885099599999 508.4797862296211
v -478.1716469598076 -42.94885099599999 508.4797862296211
v -478.1716469598076 -42.94885099599999 513.0052023750706
v -478.1716469598076 -42.94885099599999 513.0052023750706
v -473.947965510134 -42.290142636 509.14239662698196
v -473.947965510134 -42.290142636 509.14239662698196
v -473.947965510134 -42.290142636 512.342075719793
v -473.947965510134 -42.290142636 512.342075719793
v -478.1716469598076 -42.290142636 509.14239662698196
v -478.1716469598076 -42.290142636 509.14239662698196
v -478.1716469598076 -42.290142636 512.342075719793
v -478.1716469598076 -42.290142636 512.342075719793
v -473.947965510134 -41.829046784 509.914354512432
v -473.947965510134 -41.829046784 509.914354512432
v -473.947965510134 -41.829046784 511.57063331123413
v -473.947965510134 -41.829046784 511.57063331123413
v -478.1716469598076 -41.829046784 509.914354512432
v -478.1716469598076 -41.829046784 509.914354512432
v -478.1716469598076 -41.829046784 511.57063331123413
v -478.1716469598076 -41.829046784 511.57063331123413
v -473.947965510134 -41.697305111999995 510.7422361733875
v -473.947965510134 -41.697305111999995 510.7422361733875
v -478.1716469598076 -41.697305111999995 510.7422361733875
v -478.1716469598076 -41.697305111999995 510.7422361733875
v -470.42241322569566 -36.427638232 423.83493329231396
v -470.42241322569566 -36.427638232 423.83493329231396
v -473.947965510134 -36.427638232 423.83493329231396
v -473.947965510134 -36.427638232 423.83493329231396
v -470.42241322569566 -1.5819659879999999 427.14848279242085
v -470.42241322569566 -1.5819659879999999 427.14848279242085
v -470.42241322569566 -1.5819659879999999 473.5609692448104
v -470.42241322569566 -1.5819659879999999 556.4744766705358
v -470.42241322569566 -1.5819659879999999 556.4744766705358
v -473.947965510134 -1.5819659879999999 427.14848279242085
v -473.947965510134 -1.5819659879999999 427.14848279242085
v -473.947965510134 -1.5819659879999999 473.5609692448104
v -473.947965510134 -1.5819659879999999 556.4744766705358
v -473.947965510134 -1.5819659879999999 556.4744766705358
v -470.42241322569566 33.26370625599999 423.83493329231396
v -470.42241322569566 33.26370625599999 423.83493329231396
v -473.947965510134 33.26370625599999 423.83493329231396
v -473.947965510134 33.26370625599999 423.83493329231396
v -473.947965510134 39.85078985599999 510.7422361733875
v -473.947965510134 39.85078985599999 510.7422361733875
v -478.1716469598076 39.85078985599999 510.7422361733875
v -478.1716469598076 39.85078985599999 510.7422361733875
v -473.947965510134 39.982531527999996 509.914354512432
v -473.947965510134 39.982531527999996 509.914354512432
v -473.947965510134 39.982531527999996 511.57063331123413
v -473.947965510134 39.982531527999996 511.57063331123413
v -478.1716469598076 39.982531527999996 509.914354512432
v -478.1716469598076 39.982531527999996 509.914354512432
v -478.1716469598076 39.982531527999996 511.57063331123413
v -478.1716469598076 39.982531527999996 511.57063331123413
v -473.947965510134 40.37775654399999 509.14239662698196
v -473.947965510134 40.37775654399999 509.14239662698196
v -473.947965510134 40.37775654399999 512.342075719793
v -473.947965510134 40.37775654399999 512.342075719793
v -478.1716469598076 40.37775654399999 509.14239662698196
v -478.1716469598076 40.37775654399999 509.14239662698196
v -478.1716469598076 40.37775654399999 512.342075719793
v -478.1716469598076 40.37775654399999 512.342075719793
v -473.947965510134 41.036464904 508.4797862296211
v -473.947965510134 41.036464904 508.4797862296211
v -473.947965510134 41.036464904 513.0052023750706
v -473.947965510134 41.036464904 513.0052023750706
v -478.1716469598076 41.036464904 508.4797862296211
v -478.1716469598076 41.036464904 508.4797862296211
v -478.1716469598076 41.036464904 513.0052023750706
v -478.1716469598076 41.036464904 513.0052023750706
v -473.947965510134 41.892785771999996 507.97137683910563
v -473.947965510134 41.892785771999996 507.97137683910563
v -473.947965510134 41.892785771999996 513.5136117655861
v -473.947965510134 41.892785771999996 513.5136117655861
v -478.1716469598076 41.892785771999996 507.97137683910563
v -478.1716469598076 41.892785771999996 507.97137683910563
v -478.1716469598076 41.892785771999996 513.5136117655861
v -478.1716469598076 41.892785771999996 513.5136117655861
v -473.947965510134 42.946719148 507.6519045686656
v -473.947965510134 42.946719148 507.6519045686656
v -473.947965510134 42.946719148 513.8330840360261
v -473.947965510134 42.946719148 513.8330840360261
v -478.1716469598076 42.946719148 507.6519045686656
v -478.1716469598076 42.946719148 507.6519045686656
v -478.1716469598076 42.946719148 513.8330840360261
v -478.1716469598076 42.946719148 513.8330840360261
v -473.947965510134 44.000652523999996 507.54255708057644
v -473.947965510134 44.000652523999996 507.54255708057644
v -473.947965510134 44.000652523999996 513.9419152661985
v -473.947965510134 44.000652523999996 513.9419152661985
v -478.1716469598076 44.000652523999996 507.54255708057644
v -478.1716469598076 44.000652523999996 507.54255708057644
v -478.1716469598076 44.000652523999996 513.9419152661985
v -478.1716469598076 44.000652523999996 513.9419152661985
v -473.947965510134 45.120456735999994 507.6519045686656
v -473.947965510134 45.120456735999994 507.6519045686656
v -473.947965510134 45.120456735999994 513.8330840360261
v -473.947965510134 45.120456735999994 513.8330840360261
v -478.1716469598076 45.120456735999994 507.6519045686656
v -478.1716469598076 45.120456735999994 507.6519045686656
v -478.1716469598076 45.120456735999994 513.8330840360261
v -478.1716469598076 45.120456735999994 513.8330840360261
v -473.947965510134 46.108519275999996 507.97137683910563
v -473.947965510134 46.108519275999996 507.97137683910563
v -473.947965510134 46.108519275999996 513.5136117655861
v -473.947965510134 46.108519275999996 513.5136117655861
v -478.1716469598076 46.108519275999996 507.97137683910563
v -478.1716469598076 46.108519275999996 507.97137683910563
v -478.1716469598076 46.108519275999996 513.5136117655861
v -478.1716469598076 46.108519275999996 513.5136117655861
v -473.947965510134 46.96484014399999 508.4797862296211
v -473.947965510134 46.96484014399999 508.4797862296211
v -473.947965510134 46.96484014399999 513.0052023750706
v -473.947965510134 46.96484014399999 513.0052023750706
v -478.1716469598076 46.96484014399999 508.4797862296211
v -478.1716469598076 46.96484014399999 508.4797862296211
v -478.1716469598076 46.96484014399999 513.0052023750706
v -478.1716469598076 46.96484014399999 513.0052023750706
v -473.947965510134 47.623548504 509.14239662698196
v -473.947965510134 47.623548504 509.14239662698196
v -473.947965510134 47.623548504 512.342075719793
v -473.947965510134 47.623548504 512.342075719793
v -478.1716469598076 47.623548504 509.14239662698196
v -478.1716469598076 47.623548504 509.14239662698196
v -478.1716469598076 47.623548504 512.342075719793
v -478.1716469598076 47.623548504 512.342075719793
v -473.947965510134 48.08464435599999 509.914354512432
v -473.947965510134 48.08464435599999 509.914354512432
v -473.947965510134 48.08464435599999 511.57063331123413
v -473.947965510134 48.08464435599999 511.57063331123413
v -478.1716469598076 48.08464435599999 509.914354512432
v -478.1716469598076 48.08464435599999 509.914354512432
v -478.1716469598076 48.08464435599999 511.57063331123413
v -478.1716469598076 48.08464435599999 511.57063331123413
v -473.947965510134 48.216386027999995 510.7422361733875
v -473.947965510134 48.216386027999995 510.7422361733875
v -478.1716469598076 48.216386027999995 510.7422361733875
v -478.1716469598076 48.216386027999995 510.7422361733875
v -470.42241322569566 72.72033701999999 417.36048808724684
v -470.42241322569566 72.72033701999999 417.36048808724684
v -473.947965510134 72.72033701999999 417.36048808724684
v -473.947965510134 72.72033701999999 417.36048808724684
v -470.42241322569566 73.31317454399999 510.48777334917145
v -470.42241322569566 73.31317454399999 510.48777334917145
v -473.947965510134 73.31317454399999 510.48777334917145
v -473.947965510134 73.31317454399999 510.48777334917145
v -470.42241322569566 73.971882904 520.023824818691
v -470.42241322569566 73.971882904 520.023824818691
v -473.947965510134 73.971882904 520.023824818691
v -473.947965510134 73.971882904 520.023824818691
v -470.42241322569566 77.06781219599999 503.05243313857886
v -470.42241322569566 77.06781219599999 503.05243313857886
v -473.947965510134 77.06781219599999 503.05243313857886
v -473.947965510134 77.06781219599999 503.05243313857886
v -473.947965510134 78.582841424 482.6203326782571
v -473.947965510134 78.582841424 482.6203326782571
v -478.1716469598076 78.582841424 482.6203326782571
v -478.1716469598076 78.582841424 482.6203326782571
v -473.947965510134 78.71458309599998 481.7919550660504
v -473.947965510134 78.71458309599998 481.7919550660504
v -473.947965510134 78.71458309599998 483.44823386485245
v -473.947965510134 78.71458309599998 483.44823386485245
v -478.1716469598076 78.71458309599998 481.7919550660504
v -478.1716469598076 78.71458309599998 481.7919550660504
v -478.1716469598076 78.71458309599998 483.44823386485245
v -478.1716469598076 78.71458309599998 483.44823386485245
v -473.947965510134 79.10980811199998 481.0204931318516
v -473.947965510134 79.10980811199998 481.0204931318516
v -473.947965510134 79.10980811199998 484.22017222466263
v -473.947965510134 79.10980811199998 484.22017222466263
v -478.1716469598076 79.10980811199998 481.0204931318516
v -478.1716469598076 79.10980811199998 481.0204931318516
v -478.1716469598076 79.10980811199998 484.22017222466263
v -478.1716469598076 79.10980811199998 484.22017222466263
v -470.42241322569566 79.702645636 529.6918985113035
v -470.42241322569566 79.702645636 529.6918985113035
v -473.947965510134 79.702645636 529.6918985113035
v -473.947965510134 79.702645636 529.6918985113035
v -473.947965510134 79.76851647199999 480.35738600221384
v -473.947965510134 79.76851647199999 480.35738600221384
v -473.947965510134 79.76851647199999 484.88278262202357
v -473.947965510134 79.76851647199999 484.88278262202357
v -478.1716469598076 79.76851647199999 480.35738600221384
v -478.1716469598076 79.76851647199999 480.35738600221384
v -478.1716469598076 79.76851647199999 484.88278262202357
v -478.1716469598076 79.76851647199999 484.88278262202357
v -473.947965510134 80.690708176 479.8489570860586
v -473.947965510134 80.690708176 479.8489570860586
v -473.947965510134 80.690708176 485.39121231920444
v -473.947965510134 80.690708176 485.39121231920444
v -478.1716469598076 80.690708176 479.8489570860586
v -478.1716469598076 80.690708176 479.8489570860586
v -478.1716469598076 80.690708176 485.39121231920444
v -478.1716469598076 80.690708176 485.39121231920444
v -473.947965510134 81.67877071599999 479.5295043412583
v -473.947965510134 81.67877071599999 479.5295043412583
v -473.947965510134 81.67877071599999 485.7106838086189
v -473.947965510134 81.67877071599999 485.7106838086189
v -478.1716469598076 81.67877071599999 479.5295043412583
v -478.1716469598076 81.67877071599999 479.5295043412583
v -478.1716469598076 81.67877071599999 485.7106838086189
v -478.1716469598076 81.67877071599999 485.7106838086189
v -473.947965510134 82.73270409199999 479.4206535854461
v -473.947965510134 82.73270409199999 479.4206535854461
v -473.947965510134 82.73270409199999 485.82001177106815
v -473.947965510134 82.73270409199999 485.82001177106815
v -478.1716469598076 82.73270409199999 479.4206535854461
v -478.1716469598076 82.73270409199999 479.4206535854461
v -478.1716469598076 82.73270409199999 485.82001177106815
v -478.1716469598076 82.73270409199999 485.82001177106815
v -470.42241322569566 83.457283288 444.33303432033665
v -470.42241322569566 83.457283288 444.33303432033665
v -473.947965510134 83.457283288 444.33303432033665
v -473.947965510134 83.457283288 444.33303432033665
v -470.42241322569566 83.720766632 499.2848695563774
v -470.42241322569566 83.720766632 499.2848695563774
v -473.947965510134 83.720766632 499.2843736051261
v -473.947965510134 83.720766632 499.2843736051261
v -473.947965510134 83.852508304 479.5295043412583
v -473.947965510134 83.852508304 479.5295043412583
v -473.947965510134 83.852508304 485.7106838086189
v -473.947965510134 83.852508304 485.7106838086189
v -478.1716469598076 83.852508304 479.5295043412583
v -478.1716469598076 83.852508304 479.5295043412583
v -478.1716469598076 83.852508304 485.7106838086189
v -478.1716469598076 83.852508304 485.7106838086189
v -473.947965510134 84.84057084399998 479.8489570860586
v -473.947965510134 84.84057084399998 479.8489570860586
v -473.947965510134 84.84057084399998 485.39121231920444
v -473.947965510134 84.84057084399998 485.39121231920444
v -478.1716469598076 84.84057084399998 479.8489570860586
v -478.1716469598076 84.84057084399998 479.8489570860586
v -478.1716469598076 84.84057084399998 485.39121231920444
v -478.1716469598076 84.84057084399998 485.39121231920444
v -470.42241322569566 85.30166669599998 450.2300141950692
v -470.42241322569566 85.30166669599998 450.2300141950692
v -470.42241322569566 85.30166669599998 450.2300141950692
v -473.947965510134 85.30166669599998 450.2300141950692
v -473.947965510134 85.30166669599998 450.2300141950692
v -473.947965510134 85.30166669599998 450.2300141950692
v -473.947965510134 85.696891712 480.35738600221384
v -473.947965510134 85.696891712 480.35738600221384
v -473.947965510134 85.696891712 484.88278262202357
v -473.947965510134 85.696891712 484.88278262202357
v -478.1716469598076 85.696891712 480.35738600221384
v -478.1716469598076 85.696891712 480.35738600221384
v -478.1716469598076 85.696891712 484.88278262202357
v -478.1716469598076 85.696891712 484.88278262202357
v -473.947965510134 86.35560007199999 481.0204931318516
v -473.947965510134 86.35560007199999 481.0204931318516
v -473.947965510134 86.35560007199999 484.22017222466263
v -473.947965510134 86.35560007199999 484.22017222466263
v -478.1716469598076 86.35560007199999 481.0204931318516
v -478.1716469598076 86.35560007199999 481.0204931318516
v -478.1716469598076 86.35560007199999 484.22017222466263
v -478.1716469598076 86.35560007199999 484.22017222466263
v -470.42241322569566 86.81669592399999 538.7517774216413
v -470.42241322569566 86.81669592399999 538.7517774216413
v -473.947965510134 86.81669592399999 481.7919550660504
v -473.947965510134 86.81669592399999 481.7919550660504
v -473.947965510134 86.81669592399999 483.44823386485245
v -473.947965510134 86.81669592399999 483.44823386485245
v -473.947965510134 86.81669592399999 538.7517774216413
v -473.947965510134 86.81669592399999 538.7517774216413
v -478.1716469598076 86.81669592399999 481.7919550660504
v -478.1716469598076 86.81669592399999 481.7919550660504
v -478.1716469598076 86.81669592399999 483.44823386485245
v -478.1716469598076 86.81669592399999 483.44823386485245
v -473.947965510134 86.94843759599999 482.6203326782571
v -473.947965510134 86.94843759599999 482.6203326782571
v -478.1716469598076 86.94843759599999 482.6203326782571
v -478.1716469598076 86.94843759599999 482.6203326782571
v -470.42241322569566 87.21192093999998 437.925602673164
v -470.42241322569566 87.21192093999998 437.925602673164
v -470.42241322569566 87.21192093999998 437.925602673164
v -473.947965510134 87.21192093999998 437.925602673164
v -473.947965510134 87.21192093999998 437.925602673164
v -473.947965510134 87.21192093999998 437.925602673164
v -470.42241322569566 91.23004193599999 556.4744766705358
v -470.42241322569566 91.23004193599999 556.4744766705358
v -473.947965510134 91.23004193599999 556.4744766705358
v -473.947965510134 91.23004193599999 556.4744766705358
v -470.42241322569566 91.62526695199999 452.0938981876606
v -470.42241322569566 91.62526695199999 452.0938981876606
v -473.947965510134 91.62526695199999 452.0938981876606
v -473.947965510134 91.62526695199999 452.0938981876606
v -470.42241322569566 93.40377952399999 541.6924707710298
v -470.42241322569566 93.40377952399999 541.6924707710298
v -473.947965510134 93.40377952399999 541.6924707710298
v -473.947965510134 93.40377952399999 541.6924707710298
v -470.42241322569566 96.236225472 466.7408663242607
v -470.42241322569566 96.236225472 466.7408663242607
v -473.947965510134 96.236225472 466.7408663242607
v -473.947965510134 96.236225472 466.7408663242607
v -470.42241322569566 96.49970881599998 456.09676056911303
v -470.42241322569566 96.49970881599998 456.09676056911303
v -473.947965510134 96.49970881599998 456.09676056911303
v -473.947965510134 96.49970881599998 456.09676056911303
v -470.42241322569566 97.35602968399999 461.4188134466869
v -470.42241322569566 97.35602968399999 461.4188134466869
v -473.947965510134 97.35602968399999 461.4188134466869
v -473.947965510134 97.35602968399999 461.4188134466869
v -470.42241322569566 98.21235055199999 494.384573622899
v -470.42241322569566 98.21235055199999 494.384573622899
v -473.947965510134 98.21235055199999 494.384573622899
v -473.947965510134 98.21235055199999 494.384573622899
v -470.42241322569566 99.00280058399998 555.2379311785187
v -470.42241322569566 99.00280058399998 555.2379311785187
v -473.947965510134 99.00280058399998 555.2379311785187
v -473.947965510134 99.00280058399998 555.2379311785187
v -470.42241322569566 99.46389643599998 413.5324582846934
v -470.42241322569566 99.46389643599998 413.5324582846934
v -473.947965510134 99.46389643599998 413.5324582846934
v -473.947965510134 99.46389643599998 413.5324582846934
v -470.42241322569566 101.50589235199999 542.2467458894694
v -470.42241322569566 101.50589235199999 542.2467458894694
v -473.947965510134 101.50589235199999 542.2467458894694
v -473.947965510134 101.50589235199999 542.2467458894694
v -470.42241322569566 101.76937569599998 473.09235467028805
v -470.42241322569566 101.76937569599998 473.09235467028805
v -473.947965510134 101.76937569599998 473.09235467028805
v -473.947965510134 101.76937569599998 473.09235467028805
v -470.42241322569566 107.10491341199999 550.7382248335257
v -470.42241322569566 107.10491341199999 550.7382248335257
v -473.947965510134 107.10491341199999 550.7382248335257
v -473.947965510134 107.10491341199999 550.7382248335257
v -470.42241322569566 108.488200968 538.3643004718298
v -470.42241322569566 108.488200968 538.3643004718298
v -473.947965510134 108.488200968 538.3643004718298
v -473.947965510134 108.488200968 538.3643004718298
v -470.42241322569566 108.883425984 432.9774369000909
v -470.42241322569566 108.883425984 432.9774369000909
v -473.947965510134 108.883425984 432.9774369000909
v -473.947965510134 108.883425984 432.9774369000909
v -470.42241322569566 110.859551064 412.40276099886927
v -470.42241322569566 110.859551064 412.40276099886927
v -473.947965510134 110.859551064 412.40276099886927
v -473.947965510134 110.859551064 412.40276099886927
v -470.42241322569566 113.56025534 432.60104973266834
v -470.42241322569566 113.56025534 432.60104973266834
v -470.42241322569566 113.56025534 432.60104973266834
v -473.947965510134 113.56025534 432.60104973266834
v -473.947965510134 113.56025534 432.60104973266834
v -473.947965510134 113.56025534 432.60104973266834
v -470.42241322569566 116.65618463199999 435.8057680026027
v -470.42241322569566 116.65618463199999 435.8057680026027
v -473.947965510134 116.65618463199999 435.8057680026027
v -473.947965510134 116.65618463199999 435.8057680026027
v -470.42241322569566 117.64424717199998 543.1345782938857
v -470.42241322569566 117.64424717199998 543.1345782938857
v -473.947965510134 117.64424717199998 543.1345782938857
v -473.947965510134 117.64424717199998 543.1345782938857
v -470.42241322569566 118.30295553199998 412.738837092382
v -470.42241322569566 118.30295553199998 412.738837092382
v -473.947965510134 118.30295553199998 412.738837092382
v -473.947965510134 118.30295553199998 412.738837092382
v -470.42241322569566 128.84228929199998 417.04254350286584
v -470.42241322569566 128.84228929199998 417.04254350286584
v -473.947965510134 128.84228929199998 417.04254350286584
v -473.947965510134 128.84228929199998 417.04254350286584
v -470.42241322569566 143.00451903199996 429.0093309385338
v -470.42241322569566 143.00451903199996 429.0093309385338
v -473.947965510134 143.00451903199996 429.0093309385338
v -473.947965510134 143.00451903199996 429.0093309385338
v -470.3526003091721 -167.97169772399997 485.10752820346755
v -470.3526003091721 -167.97169772399997 485.10752820346755
v -470.3526003091721 -165.863830972 460.2976660480247
v -470.3526003091721 -165.863830972 460.2976660480247
v -470.3526003091721 -165.66621846399997 500.58388538041686
v -470.3526003091721 -165.66621846399997 500.58388538041686
v -477.6829565441429 -164.941639268 484.9981807153784
v -477.6829565441429 -164.941639268 484.9981807153784
v -477.6829565441429 -162.899643352 460.5455815346982
v -477.6829565441429 -162.899643352 460.5455815346982
v -477.6829565441429 -162.70203084399998 500.3022241209648
v -477.6829565441429 -162.70203084399998 500.3022241209648
v -470.3526003091721 -159.869584896 519.9820063653875
v -470.3526003091721 -159.869584896 519.9820063653875
v -470.3526003091721 -159.013264028 444.7225349074586
v -470.3526003091721 -159.013264028 444.7225349074586
v -464.66284761250427 -157.432363964 484.7235627447202
v -464.66284761250427 -157.432363964 484.7235627447202
v -477.6829565441429 -156.971268112 519.5280125899583
v -477.6829565441429 -156.971268112 519.5280125899583
v -477.6829565441429 -156.11494724399998 445.2128127888423
v -477.6829565441429 -156.11494724399998 445.2128127888423
v -464.66284761250427 -155.456238884 461.16736616228377
v -464.66284761250427 -155.456238884 461.16736616228377
v -464.66284761250427 -155.32449721199998 499.8729091922099
v -464.66284761250427 -155.32449721199998 499.8729091922099
v -481.1736023703195 -150.713538692 484.4776701143315
v -481.1736023703195 -150.713538692 484.4776701143315
v -464.66284761250427 -149.659605316 518.3892296334157
v -464.66284761250427 -149.659605316 518.3892296334157
v -470.3526003091721 -149.461992808 536.93980976224
v -470.3526003091721 -149.461992808 536.93980976224
v -464.66284761250427 -148.80328444799997 446.44229546642566
v -464.66284761250427 -148.80328444799997 446.44229546642566
v -481.1736023703195 -148.73741361199998 461.7241600882595
v -481.1736023703195 -148.73741361199998 461.7241600882595
v -481.1736023703195 -148.67154277599997 499.5065800723686
v -481.1736023703195 -148.67154277599997 499.5065800723686
v -470.3526003091721 -147.68348023599998 427.0391353043317
v -470.3526003091721 -147.68348023599998 427.0391353043317
v -470.3526003091721 -147.68348023599998 427.0391353043317
v -477.6829565441429 -146.695417696 536.239407879531
v -477.6829565441429 -146.695417696 536.239407879531
v -477.6829565441429 -145.443871812 427.481563652786
v -477.6829565441429 -145.443871812 427.481563652786
v -477.6829565441429 -145.443871812 427.481563652786
v -464.94209927859845 -143.204263388 499.48289312819685
v -464.94209927859845 -143.204263388 499.48289312819685
v -481.1736023703195 -143.07252171599998 517.3688595290153
v -481.1736023703195 -143.07252171599998 517.3688595290153
v -464.94209927859845 -142.743167536 472.43478345005053
v -464.94209927859845 -142.743167536 472.43478345005053
v -464.94209927859845 -142.743167536 472.43478345005053
v -481.1736023703195 -142.282071684 447.5432877186456
v -464.66284761250427 -139.647238244 534.4818558352157
v -464.66284761250427 -139.647238244 534.4818558352157
v -464.94209927859845 -139.44962573599997 462.4996497714392
v -464.94209927859845 -139.44962573599997 462.4996497714392
v -464.66284761250427 -138.461563196 429.12927225776076
v -464.66284761250427 -138.461563196 429.12927225776076
v -464.66284761250427 -138.461563196 429.12927225776076
v -478.1716469598076 -137.341758984 472.4398218461482
v -478.1716469598076 -137.341758984 472.4398218461482
v -478.1716469598076 -137.341758984 472.4398218461482
v -465.7100413603573 -136.287825608 474.0648557161192
v -465.7100413603573 -136.287825608 474.0648557161192
v -470.3526003091721 -134.970408888 552.8404434718465
v -470.3526003091721 -134.970408888 552.8404434718465
v -470.3526003091721 -134.970408888 552.8404434718465
v -478.1716469598076 -134.311700528 499.3377777920699
v -478.1716469598076 -134.311700528 499.3377777920699
v -478.1716469598076 -134.311700528 499.3377777920699
v -478.1716469598076 -134.04821718399998 462.94608478118346
v -478.1716469598076 -134.04821718399998 462.94608478118346
v -464.94209927859845 -133.91647551199998 515.9483950063552
v -464.94209927859845 -133.91647551199998 515.9483950063552
v -465.7100413603573 -133.45537966 497.74601248824047
v -465.7100413603573 -133.45537966 497.74601248824047
v -481.1736023703195 -133.32363798799997 532.9082025148782
v -481.1736023703195 -133.32363798799997 532.9082025148782
v -464.94209927859845 -133.12602547999998 449.07660965840796
v -464.94209927859845 -133.12602547999998 449.07660965840796
v -470.9809165578839 -133.12602547999998 471.145329722341
v -470.9809165578839 -133.12602547999998 471.145329722341
v -470.9809165578839 -133.12602547999998 471.145329722341
v -477.6829565441429 -132.664929628 551.6175065697546
v -477.6829565441429 -132.664929628 551.6175065697546
v -477.6829565441429 -132.664929628 551.6175065697546
v -477.2989855032635 -131.1499004 474.04872753763243
v -477.2989855032635 -131.1499004 474.04872753763243
v -470.9809165578839 -129.89835451599998 463.2912473264402
v -470.9809165578839 -129.89835451599998 463.2912473264402
v -470.9809165578839 -129.766612844 500.3919124138631
v -470.9809165578839 -129.766612844 500.3919124138631
v -470.9809165578839 -129.766612844 500.3919124138631
v -481.1736023703195 -129.30551699199998 431.3932303619464
v -481.1736023703195 -129.30551699199998 431.3932303619464
v -478.1716469598076 -128.646808632 515.1305916996464
v -478.1716469598076 -128.646808632 515.1305916996464
v -477.2989855032635 -128.38332528799998 497.40487691093904
v -477.2989855032635 -128.38332528799998 497.40487691093904
v -471.08563593266916 -127.98810027199998 472.7532435113226
v -478.1716469598076 -127.922229436 449.9594231923664
v -478.1716469598076 -127.922229436 449.9594231923664
v -464.66284761250427 -126.73655438799999 548.5493537487852
v -464.66284761250427 -126.73655438799999 548.5493537487852
v -464.66284761250427 -126.73655438799999 548.5493537487852
v -471.05072947440743 -124.89217097999999 499.05308224819066
v -470.9809165578839 -124.5628168 514.4982140219487
v -470.9809165578839 -124.5628168 514.4982140219487
v -464.94209927859845 -124.49694596399999 530.7168118415759
v -464.94209927859845 -124.49694596399999 530.7168118415759
v -470.9809165578839 -123.83823760399999 450.64218951719494
v -470.9809165578839 -123.83823760399999 450.64218951719494
v -464.94209927859845 -123.77236676799998 432.70333518734935
v -464.94209927859845 -123.77236676799998 432.70333518734935
v -481.1736023703195 -121.46688750799999 545.8016651007583
v -481.1736023703195 -121.46688750799999 545.8016651007583
v -481.1736023703195 -121.46688750799999 545.8016651007583
v -478.1716469598076 -119.424891592 529.4545760747421
v -478.1716469598076 -119.424891592 529.4545760747421
v -478.06692758502237 -117.90986236399999 434.17317536694674
v -478.06692758502237 -117.90986236399999 434.17317536694674
v -478.06692758502237 -117.90986236399999 434.17317536694674
v -470.9809165578839 -115.53851226799999 528.479556221375
v -470.9809165578839 -115.53851226799999 528.479556221375
v -464.94209927859845 -114.15522471199999 541.9756394098755
v -464.94209927859845 -114.15522471199999 541.9756394098755
v -464.94209927859845 -114.15522471199999 541.9756394098755
v -470.80638426657504 -114.08935387599999 435.1854720097966
v -470.80638426657504 -114.08935387599999 435.1854720097966
v -470.80638426657504 -114.08935387599999 435.1854720097966
v -478.1716469598076 -109.93949120799999 539.7721475260417
v -478.1716469598076 -109.93949120799999 539.7721475260417
v -478.1716469598076 -109.93949120799999 539.7721475260417
v -470.9809165578839 -106.64594940799999 538.0695273547294
v -470.9809165578839 -106.64594940799999 538.0695273547294
v -470.9809165578839 -106.64594940799999 538.0695273547294
v -469.89881635176914 -104.07698680399999 472.3476147457138
v -469.89881635176914 -104.07698680399999 472.3476147457138
v -469.89881635176914 -104.07698680399999 472.3476147457138
v -474.2621236344899 -104.07698680399999 472.30982326036565
v -474.2621236344899 -104.07698680399999 472.30982326036565
v -474.2621236344899 -104.07698680399999 472.30982326036565
v -469.9686292682927 -100.51996165999999 496.0786439070493
v -469.9686292682927 -100.51996165999999 496.0786439070493
v -469.9686292682927 -100.51996165999999 496.0786439070493
v -474.3319365510134 -100.51996165999999 495.7934524119188
v -474.3319365510134 -100.51996165999999 495.7934524119188
v -474.3319365510134 -100.51996165999999 495.7934524119188
v -474.19231071796634 -46.242392796 532.3488882193152
v -474.19231071796634 -46.242392796 537.6568365557126
v -474.19231071796634 -38.337892476 532.3488882193152
v -474.19231071796634 -38.337892476 537.6568365557126
v -1549.6253833047062 -634.73244162 364.0024417923459
v -1549.6253833047062 -634.73244162 364.0024417923459
v -1552.801871006527 -634.73244162 356.85026943957354
v -1552.801871006527 -634.73244162 371.1540986682272
v -1557.6887751631743 -634.73244162 354.2300597887676
v -1557.6887751631743 -634.73244162 373.77482379592425
v -1575.142004294057 -634.73244162 360.67074047644195
v -1575.142004294057 -634.73244162 367.33362685033325
v -1582.3676411542426 -634.73244162 357.1042355315127
v -1582.3676411542426 -634.73244162 370.90064727215355
v -1592.3857946753692 -634.73244162 357.9512609107679
v -1592.3857946753692 -634.73244162 370.0531064160072
v -1600.5539059086227 -634.73244162 361.8619357174258
v -1600.5539059086227 -634.73244162 361.8619357174258
v -1600.5539059086227 -634.73244162 366.1429470862405
v -1600.5539059086227 -634.73244162 366.1429470862405
v -1546.518708519409 -584.34125208 364.0024417923459
v -1546.518708519409 -584.34125208 364.0024417923459
v -1549.69519622123 -584.34125208 356.85026943957354
v -1549.69519622123 -584.34125208 371.1540986682272
v -1554.5821003778772 -584.34125208 354.2300597887676
v -1554.5821003778772 -584.34125208 373.77482379592425
v -1578.0741467880453 -584.34125208 360.67074047644195
v -1578.0741467880453 -584.34125208 360.67074047644195
v -1578.0741467880453 -584.34125208 360.67074047644195
v -1578.0741467880453 -584.34125208 367.33362685033325
v -1578.0741467880453 -584.34125208 367.33362685033325
v -1578.0741467880453 -584.34125208 367.33362685033325
v -1585.299783648231 -584.34125208 357.1042355315127
v -1585.299783648231 -584.34125208 370.90064727215355
v -1595.3179371693577 -584.34125208 357.9512609107679
v -1595.3179371693577 -584.34125208 370.0531064160072
v -1603.4860484026108 -584.34125208 361.8619357174258
v -1603.4860484026108 -584.34125208 361.8619357174258
v -1603.4860484026108 -584.34125208 366.1429470862405
v -1603.4860484026108 -584.34125208 366.1429470862405
v -1428.7094118859497 -108.75381615999999 290.435016981257
v -1428.7094118859497 -108.75381615999999 290.435016981257
v -1431.8858995877706 -108.75381615999999 283.28336010537566
v -1431.8858995877706 -108.75381615999999 297.58718933402935
v -1436.7728037444178 -108.75381615999999 280.66315045456975
v -1436.7728037444178 -108.75381615999999 300.20739898483527
v -1460.2648501545862 -108.75381615999999 287.1038311422441
v -1460.2648501545862 -108.75381615999999 287.1038311422441
v -1460.2648501545862 -108.75381615999999 293.76671829716093
v -1460.2648501545862 -108.75381615999999 293.76671829716093
v -1601.531286739952 -56.518243211999994 359.7324998992549
v -1601.531286739952 -56.518243211999994 359.7324998992549
v -1601.531286739952 -56.518243211999994 366.3954065798116
v -1601.531286739952 -56.518243211999994 366.3954065798116
v -1609.7343044314669 -56.518243211999994 356.16599495432564
v -1609.7343044314669 -56.518243211999994 369.96191074371524
v -1619.7873644108554 -56.518243211999994 357.0130406402463
v -1619.7873644108554 -56.518243211999994 369.11486583882015
v -1627.9554756441087 -56.518243211999994 360.92319918898744
v -1627.9554756441087 -56.518243211999994 360.92319918898744
v -1627.9554756441087 -56.518243211999994 365.20470650905344
v -1627.9554756441087 -56.518243211999994 365.20470650905344
v -890.4518254895225 -11.594333059999999 819.3822814720147
v -890.4518254895225 -11.594333059999999 819.3822814720147
v -907.8352417038819 -11.528462224 874.4671511403164
v -907.8352417038819 -11.528462224 874.4671511403164
v -949.7928045345242 1.5139633039999998 818.591179868265
v -949.7928045345242 1.5139633039999998 818.591179868265
v -960.8232453452422 1.90918832 870.2798542513299
v -960.8232453452422 1.90918832 870.2798542513299
v -884.2035694606665 2.56789668 820.233850077142
v -884.2035694606665 2.56789668 820.233850077142
v -901.5869856750259 2.633767516 875.3237581415414
v -901.5869856750259 2.633767516 875.3237581415414
v -890.4518254895225 12.712005423999999 819.3822814720147
v -890.4518254895225 12.712005423999999 819.3822814720147
v -907.8352417038819 12.77787626 874.4671511403164
v -907.8352417038819 12.77787626 874.4671511403164
v 166.8298888010993 141.81884398399998 186.50892822506236
v 166.8298888010993 141.81884398399998 186.50892822506236
v 166.8298888010993 141.81884398399998 186.50892822506236
v 166.8298888010993 156.77152375599997 186.50892822506236
v 166.8298888010993 156.77152375599997 186.50892822506236
v 166.8298888010993 156.77152375599997 186.50892822506236
v 166.8298888010993 169.94569095599996 186.50892822506236
v 166.8298888010993 169.94569095599996 186.50892822506236
v 166.8298888010993 169.94569095599996 186.50892822506236
v 166.8298888010993 169.94569095599996 186.50892822506236
v -14.055377911370663 174.424907804 174.919043433708
v -14.055377911370663 174.424907804 174.919043433708
v -14.055377911370663 174.424907804 174.919043433708
v -8.36562521470285 180.81437889599997 174.919043433708
v -8.36562521470285 180.81437889599997 174.919043433708
v -14.055377911370663 183.71269567999997 174.919043433708
v -14.055377911370663 183.71269567999997 174.919043433708
v -14.055377911370663 183.71269567999997 174.919043433708
v -14.055377911370663 183.71269567999997 174.919043433708
v 165.88741442803163 292.59718758799994 329.0347443208236
v 165.88741442803163 292.59718758799994 329.0347443208236
v 165.88741442803163 292.59718758799994 329.0347443208236
v -14.369536035726554 347.796948156 316.6804393220132
v -14.369536035726554 347.796948156 316.6804393220132
v -14.369536035726554 347.796948156 316.6804393220132
v -1601.531286739952 53.354311235999994 359.7324998992549
v -1601.531286739952 53.354311235999994 359.7324998992549
v -1601.531286739952 53.354311235999994 366.3954065798116
v -1601.531286739952 53.354311235999994 366.3954065798116
v -1609.7343044314669 53.354311235999994 356.16599495432564
v -1609.7343044314669 53.354311235999994 369.96191074371524
v -1619.7873644108554 53.354311235999994 357.0130406402463
v -1619.7873644108554 53.354311235999994 369.11486583882015
v -1627.9554756441087 53.354311235999994 360.92319918898744
v -1627.9554756441087 53.354311235999994 360.92319918898744
v -1627.9554756441087 53.354311235999994 365.20470650905344
v -1627.9554756441087 53.354311235999994 365.20470650905344
v -1428.7094118859497 105.58988418399998 290.435016981257
v -1428.7094118859497 105.58988418399998 290.435016981257
v -1431.8858995877706 105.58988418399998 283.28336010537566
v -1431.8858995877706 105.58988418399998 297.58718933402935
v -1436.7728037444178 105.58988418399998 280.66315045456975
v -1436.7728037444178 105.58988418399998 300.20739898483527
v -1460.2648501545862 105.58988418399998 287.1038311422441
v -1460.2648501545862 105.58988418399998 287.1038311422441
v -1460.2648501545862 105.58988418399998 293.76671829716093
v -1460.2648501545862 105.58988418399998 293.76671829716093
v -1546.518708519409 580.91383676 364.0024417923459
v -1546.518708519409 580.91383676 364.0024417923459
v -1549.69519622123 580.91383676 356.85026943957354
v -1549.69519622123 580.91383676 371.1540986682272
v -1554.5821003778772 580.91383676 354.2300597887676
v -1554.5821003778772 580.91383676 373.77482379592425
v -1578.0741467880453 580.91383676 360.67074047644195
v -1578.0741467880453 580.91383676 360.67074047644195
v -1578.0741467880453 580.91383676 360.67074047644195
v -1578.0741467880453 580.91383676 367.33362685033325
v -1578.0741467880453 580.91383676 367.33362685033325
v -1578.0741467880453 580.91383676 367.33362685033325
v -1585.299783648231 580.91383676 357.1042355315127
v -1585.299783648231 580.91383676 370.90064727215355
v -1595.3179371693577 580.91383676 357.9512609107679
v -1595.3179371693577 580.91383676 370.0531064160072
v -1603.4860484026108 580.91383676 361.8619357174258
v -1603.4860484026108 580.91383676 361.8619357174258
v -1603.4860484026108 580.91383676 366.1429470862405
v -1603.4860484026108 580.91383676 366.1429470862405
v -1549.6253833047062 631.3050262999999 364.0024417923459
v -1549.6253833047062 631.3050262999999 364.0024417923459
v -1552.801871006527 631.3050262999999 356.85026943957354
v -1552.801871006527 631.3050262999999 371.1540986682272
v -1557.6887751631743 631.3050262999999 354.2300597887676
v -1557.6887751631743 631.3050262999999 373.77482379592425
v -1575.142004294057 631.3050262999999 360.67074047644195
v -1575.142004294057 631.3050262999999 367.33362685033325
v -1582.3676411542426 631.3050262999999 357.1042355315127
v -1582.3676411542426 631.3050262999999 370.90064727215355
v -1592.3857946753692 631.3050262999999 357.9512609107679
v -1592.3857946753692 631.3050262999999 370.0531064160072
v -1600.5539059086227 631.3050262999999 361.8619357174258
v -1600.5539059086227 631.3050262999999 361.8619357174258
v -1600.5539059086227 631.3050262999999 366.1429470862405
v -1600.5539059086227 631.3050262999999 366.1429470862405
v -552.4874965991069 -320.265070556 565.4975755236678
v -552.4874965991069 -320.265070556 565.4975755236678
v -566.0661088629338 -319.93571637599996 564.0917325811265
v -566.0661088629338 -319.93571637599996 564.0917325811265
v -557.6885588801099 -314.336695316 563.8231644347084
v -557.6885588801099 -314.336695316 563.8231644347084
v -565.9962959464102 -297.539632136 517.6399464829694
v -565.9962959464102 -297.539632136 517.6399464829694
v -557.6187459635864 -284.431335772 519.2785889428656
v -557.6187459635864 -284.431335772 519.2785889428656
v -552.4176836825833 -284.36546493599997 519.804634672287
v -552.4176836825833 -284.36546493599997 519.804634672287
v -794.6335975609757 -272.969810308 367.8884182266896
v -794.6335975609757 -272.969810308 367.8884182266896
v -851.9150955685332 -268.16123928 542.3318909564957
v -479.46318591549294 -249.322180184 361.96523260024924
v -479.46318591549294 -249.322180184 361.96523260024924
v -479.46318591549294 -249.322180184 361.96523260024924
v -400.2255256612848 -234.10601706799997 533.3203973626438
v -400.2255256612848 -234.10601706799997 533.3203973626438
v -791.4222034008932 -226.926095944 356.2959943211338
v -791.4222034008932 -226.926095944 356.2959943211338
v -462.81280532463074 -179.69670653199998 350.3728086946934
v -462.81280532463074 -179.69670653199998 350.3728086946934
v -705.9362871178289 -177.72058145199998 198.47524001614445
v -468.7119967708691 -163.95357672799997 291.9537384285915
v -377.39670195809 -162.63616000799996 538.5285595262565
v -450.94460951563036 -162.306805828 338.7804043147774
v -7.9467477155616635 177.52083709599998 178.5510529950869
v -7.9467477155616635 177.52083709599998 178.5510529950869
v -7.9467477155616635 177.52083709599998 178.5510529950869
v -7.9467477155616635 177.52083709599998 178.5510529950869
v -7.772215424252835 227.12157660399996 226.73218127418068
v -7.772215424252835 227.12157660399996 226.73218127418068
v -98.24975523874957 232.78646849999998 178.86548608840363
v -98.24975523874957 232.78646849999998 178.86548608840363
v -98.24975523874957 232.78646849999998 178.86548608840363
v -98.24975523874957 232.78646849999998 178.86548608840363
v -168.9004267605634 234.69672274399997 179.87073944245964
v -168.9004267605634 234.69672274399997 179.87073944245964
v -97.44690669872895 276.392961932 272.6327077937109
v -97.44690669872895 276.392961932 272.6327077937109
v -97.44690669872895 276.392961932 272.6327077937109
v -98.42428753005841 276.392961932 227.54897315274715
v -98.42428753005841 276.392961932 227.54897315274715
v -168.9004267605634 330.20943494399995 179.87073944245964
v -168.9004267605634 330.20943494399995 179.87073944245964
v -168.9004267605634 330.20943494399995 179.87073944245964
v -168.9004267605634 330.20943494399995 179.87073944245964
v -168.9004267605634 331.72446417199995 179.87073944245964
v -168.9004267605634 331.72446417199995 179.87073944245964
v -168.9004267605634 335.6108434959999 179.87073944245964
v -168.9004267605634 335.6108434959999 179.87073944245964
v -168.9004267605634 335.6108434959999 179.87073944245964
v -169.73818175884577 372.761995 248.62706066171728
v -169.73818175884577 372.761995 248.62706066171728
v -169.73818175884577 372.761995 248.62706066171728
v -169.73818175884577 378.09753271599993 248.62706066171728
v -169.73818175884577 378.09753271599993 248.62706066171728
v -169.73818175884577 378.09753271599993 248.62706066171728
v -1545.9951116454827 -634.73244162 261.92361289900464
v -1545.9951116454827 -634.73244162 261.92361289900464
v -1549.1715993473035 -634.73244162 254.77195602312332
v -1549.1715993473035 -634.73244162 269.07576494511164
v -1554.0585035039505 -634.73244162 252.15123011440073
v -1554.0585035039505 -634.73244162 271.69597459591756
v -1571.4768261765716 -634.73244162 258.59240753435193
v -1571.4768261765716 -634.73244162 265.2553142149086
v -1578.7024630367573 -634.73244162 255.02590258942269
v -1578.7024630367573 -634.73244162 268.8218183788123
v -1588.7555230161456 -634.73244162 255.87294749431777
v -1588.7555230161456 -634.73244162 267.9747734739172
v -1596.888727791137 -634.73244162 259.7831068240845
v -1596.888727791137 -634.73244162 259.7831068240845
v -1596.888727791137 -634.73244162 264.0646141441505
v -1596.888727791137 -634.73244162 264.0646141441505
v -1542.8884368601855 -584.34125208 261.92361289900464
v -1542.8884368601855 -584.34125208 261.92361289900464
v -1546.0649245620064 -584.34125208 254.77195602312332
v -1546.0649245620064 -584.34125208 269.07576494511164
v -1550.9518287186536 -584.34125208 252.15123011440073
v -1550.9518287186536 -584.34125208 271.69597459591756
v -1574.4438751288217 -584.34125208 258.59240753435193
v -1574.4438751288217 -584.34125208 258.59240753435193
v -1574.4438751288217 -584.34125208 258.59240753435193
v -1574.4438751288217 -584.34125208 265.2553142149086
v -1574.4438751288217 -584.34125208 265.2553142149086
v -1574.4438751288217 -584.34125208 265.2553142149086
v -1581.669511989007 -584.34125208 255.02590258942269
v -1581.669511989007 -584.34125208 268.8218183788123
v -1591.6876655101341 -584.34125208 255.87294749431777
v -1591.6876655101341 -584.34125208 267.9747734739172
v -1599.8557767433872 -584.34125208 259.7831068240845
v -1599.8557767433872 -584.34125208 259.7831068240845
v -1599.8557767433872 -584.34125208 264.0646141441505
v -1599.8557767433872 -584.34125208 264.0646141441505
v -1411.2561827550671 -108.81968699599999 202.98601583686104
v -1411.2561827550671 -108.81968699599999 202.98601583686104
v -1414.4326704568875 -108.81968699599999 195.83386300972845
v -1414.4326704568875 -108.81968699599999 210.1376922383822
v -1419.3195746135348 -108.81968699599999 193.21365335892253
v -1419.3195746135348 -108.81968699599999 212.75790188918808
v -1442.811621023703 -108.81968699599999 199.65433404659686
v -1442.811621023703 -108.81968699599999 199.65433404659686
v -1442.811621023703 -108.81968699599999 206.31722120151375
v -1442.811621023703 -108.81968699599999 206.31722120151375
v -1601.531286739952 -56.518243211999994 271.2515632234837
v -1601.531286739952 -56.518243211999994 271.2515632234837
v -1601.531286739952 -56.518243211999994 277.914449597375
v -1601.531286739952 -56.518243211999994 277.914449597375
v -1609.7343044314669 -56.518243211999994 267.68503875291464
v -1609.7343044314669 -56.518243211999994 281.4809545423042
v -1619.7873644108554 -56.518243211999994 268.53208365780966
v -1619.7873644108554 -56.518243211999994 280.63392916304895
v -1627.9554756441087 -56.518243211999994 272.44224298757644
v -1627.9554756441087 -56.518243211999994 272.44224298757644
v -1627.9554756441087 -56.518243211999994 276.7237698332822
v -1627.9554756441087 -56.518243211999994 276.7237698332822
v -1229.4284416695293 -788.9360686959999 519.8913066443467
v -1229.4284416695293 -788.9360686959999 519.8913066443467
v -1186.8425625901752 -788.7384561879999 511.40736615931
v -1186.8425625901752 -788.7384561879999 511.40736615931
v -1195.1502996564755 -788.7384561879999 505.06042025812917
v -1196.1974934043285 -788.7384561879999 508.6193664373734
v -1214.5233839917555 -788.7384561879999 506.5539481629239
v -1215.3960454482997 -788.7384561879999 510.8193468301429
v -1142.05757664033 -606.7373363199999 428.43339329425834
v -1142.05757664033 -606.7373363199999 428.43339329425834
v -1186.8425625901752 -603.312052848 511.40736615931
v -1186.8425625901752 -603.312052848 511.40736615931
v -1196.0578675712813 -601.4676694399999 507.78795375971384
v -1182.7236005152868 -599.8208985399999 426.79978923045996
v -1182.7236005152868 -599.8208985399999 426.79978923045996
v -1215.2564196152525 -598.371740148 509.98741867559227
v -1142.05757664033 -597.054323428 428.5286354601455
v -1142.05757664033 -597.054323428 428.5286354601455
v -1195.1502996564755 -595.1440691839999 505.06042025812917
v -1214.5233839917555 -594.748844168 506.5539481629239
v -1186.8425625901752 -594.682973332 511.40736615931
v -1186.8425625901752 -594.682973332 511.40736615931
v -1186.8425625901752 -594.682973332 511.40736615931
v -1186.8425625901752 -594.682973332 511.40736615931
v -1229.2539093782204 -594.682973332 519.5733628409914
v -1229.2539093782204 -594.682973332 519.5733628409914
v -1229.2539093782204 -594.682973332 519.5733628409914
v -1229.2539093782204 -594.682973332 519.5733628409914
v -1196.1974934043285 -594.2877483159999 508.6193664373734
v -1196.1974934043285 -594.2877483159999 508.6193664373734
v -1215.3960454482997 -593.826652464 510.8193468301429
v -1215.3960454482997 -593.826652464 510.8193468301429
v -246.88145451734798 -5.665957819999999 534.6728165926015
v -246.88145451734798 -5.665957819999999 534.6728165926015
v -247.23051909996568 -4.282670263999999 584.2250118687015
v -247.23051909996568 -4.282670263999999 584.2250118687015
v -247.23051909996568 -4.282670263999999 584.2250118687015
v -257.9817082445895 -1.6478368239999999 584.2275314572631
v -257.9817082445895 -1.6478368239999999 584.2275314572631
v -258.4005857437307 -1.6478368239999999 534.6728165926015
v -258.4005857437307 -1.6478368239999999 534.6728165926015
v -246.9861738921333 2.2385425 534.6728165926015
v -246.9861738921333 2.2385425 534.6728165926015
v -897.4680236001374 -131.01815872799997 859.2699348532319
v -897.4680236001374 -131.01815872799997 859.2699348532319
v -897.4680236001374 -131.01815872799997 859.2699348532319
v -888.8461284094814 -129.5031295 876.2458697592161
v -888.8461284094814 -129.5031295 876.2458697592161
v -888.8461284094814 -129.5031295 876.2458697592161
v -906.8927673308142 -129.5031295 888.2484461306128
v -906.8927673308142 -129.5031295 888.2484461306128
v -971.8187796976985 -129.5031295 869.8112396768075
v -971.8187796976985 -129.5031295 869.8112396768075
v -971.8187796976985 -129.5031295 869.8112396768075
v -888.8461284094814 132.267572764 876.2458697592161
v -888.8461284094814 132.267572764 876.2458697592161
v -888.8461284094814 132.267572764 876.2458697592161
v -906.8927673308142 132.267572764 888.2484461306128
v -906.8927673308142 132.267572764 888.2484461306128
v -970.5621472002749 132.267572764 870.168999383847
v -970.5621472002749 132.267572764 870.168999383847
v -970.5621472002749 132.267572764 870.168999383847
v -897.4680236001374 133.25563530399998 859.2699348532319
v -897.4680236001374 133.25563530399998 859.2699348532319
v -897.4680236001374 133.25563530399998 859.2699348532319
v -1607.0814136035729 159.406357196 249.06191071884678
v -1607.0814136035729 159.406357196 249.06191071884678
v -1606.906881312264 162.172932308 243.16542679536553
v -1606.906881312264 162.172932308 243.16542679536553
v -1394.1869246650638 162.96338233999998 163.69598371344625
v -1393.8727665407077 163.95144488 173.04458591664428
v -1608.3031396427343 467.35251549599997 164.7727930702432
v -1608.3031396427343 467.35251549599997 164.7727930702432
v -1608.3031396427343 467.35251549599997 164.7727930702432
v -1608.4776719340432 477.49662423999996 172.33813264764393
v -1608.4776719340432 477.49662423999996 172.33813264764393
v -1608.4776719340432 477.49662423999996 172.33813264764393
v -1606.9417877705257 490.868403948 233.36029248356235
v -1606.9417877705257 490.868403948 233.36029248356235
v -1606.9417877705257 490.868403948 233.36029248356235
v -1607.2559458948817 501.14425436399995 239.69063378064496
v -1607.2559458948817 501.14425436399995 239.69063378064496
v -1607.2559458948817 501.14425436399995 239.69063378064496
v -1394.2218311233255 533.48683484 164.11270226144399
v -1394.2218311233255 533.48683484 164.11270226144399
v -1393.9425794572312 545.6070686639999 173.044089965393
v -1393.9425794572312 545.6070686639999 173.044089965393
v -1608.3031396427343 605.747141932 165.67524627375266
v -1608.3031396427343 605.747141932 165.67524627375266
v -1608.3031396427343 605.747141932 165.67524627375266
v -1394.2567375815872 606.405850292 163.94086491569254
v -1394.2567375815872 606.405850292 163.94086491569254
v -1608.3031396427343 609.1065545679999 172.33813264764393
v -1608.3031396427343 609.1065545679999 172.33813264764393
v -1608.3031396427343 609.1065545679999 172.33813264764393
v -1394.291644039849 609.765262928 172.86116283725246
v -1394.291644039849 609.765262928 172.86116283725246
v -569.3124094812779 299.90885038399995 599.2947491585651
v -569.3124094812779 299.90885038399995 599.2947491585651
v -569.3124094812779 299.90885038399995 599.2947491585651
v -569.3124094812779 299.90885038399995 599.2947491585651
v -569.2425965647544 300.50168790799995 563.8579208546038
v -569.2425965647544 300.50168790799995 563.8579208546038
v -570.4643226039161 304.25632555999994 559.6706247466427
v -570.4643226039161 304.25632555999994 559.6706247466427
v -570.4643226039161 304.25632555999994 559.6706247466427
v -570.5690419787014 304.45393806799996 602.7665266334727
v -570.5690419787014 304.45393806799996 602.7665266334727
v -547.8798441085538 308.669671572 567.4914581020417
v -547.8798441085538 308.669671572 567.4914581020417
v -547.8449376502921 308.73554240799996 592.4630597233495
v -547.8449376502921 308.73554240799996 592.4630597233495
v -558.8055655444864 311.106892504 594.5430995779177
v -558.8055655444864 311.106892504 594.5430995779177
v -558.7357526279629 312.42430922399996 565.9676974775839
v -558.7357526279629 312.42430922399996 565.9676974775839
v -549.7996993129509 315.19088433599995 597.5079750417035
v -549.6600734799039 315.388496844 561.98346333754
v -549.6600734799039 315.388496844 561.98346333754
v -540.68911370663 316.96939690799996 571.9992183829454
v -540.68911370663 316.96939690799996 571.9992183829454
v -540.8636459979389 317.36462192399995 582.5899004255095
v -540.8636459979389 317.36462192399995 582.5899004255095
v -539.5721070422536 324.08344719599995 573.6570053421667
v -539.5721070422536 324.08344719599995 573.6570053421667
v -543.4467239093095 324.149318032 587.7990747982901
v -539.5372005839918 324.34693054 580.3375280549641
v -539.5372005839918 324.34693054 580.3375280549641
v -543.5863497423566 324.544543048 566.6635569154464
v -552.6271224321539 385.211583004 587.5662955876008
v -554.0233807626246 385.540937184 566.093669095411
v -551.1959576434216 390.744733228 573.3415803463475
v -550.7421736860186 391.337570752 580.5703275723188
v -563.4481244933013 417.48829264399996 601.0865608904988
v -563.4481244933013 417.48829264399996 601.0865608904988
v -563.3783115767777 417.817646824 561.98346333754
v -563.3783115767777 417.817646824 561.98346333754
v -567.1133026107867 422.62621785199997 594.5924760158806
v -567.1133026107867 422.62621785199997 594.5924760158806
v -566.5897057368602 423.28492621199996 566.0966846352239
v -566.5897057368602 423.28492621199996 566.0966846352239
v -565.7519507385778 428.22523891199995 596.4175570949815
v -565.5425119890073 428.94981810799993 566.4252222697171
v -565.5425119890073 428.94981810799993 566.4252222697171
v -581.3551375815872 435.273418364 559.8953695470611
v -581.3551375815872 435.273418364 559.8953695470611
v -581.3551375815872 435.273418364 559.8953695470611
v -581.3551375815872 435.273418364 559.8953695470611
v -581.1107923737547 435.405160036 602.2812879292123
v -581.1107923737547 435.405160036 602.2812879292123
v -581.1107923737547 435.405160036 602.2812879292123
v -581.9834538302988 438.03999347599995 562.4873498088489
v -581.9834538302988 438.03999347599995 562.4873498088489
v -581.9834538302988 438.03999347599995 562.4873498088489
v -581.8787344555135 438.1717351479999 599.6096782031332
v -581.8787344555135 438.1717351479999 599.6096782031332
v -471.2950746822398 -133.521250496 549.6251516774397
v -475.4838496736517 -132.072092104 548.9892429830379
v -475.4838496736517 -132.072092104 548.9892429830379
v -468.04877406389556 -131.28164207199998 548.6279522592944
v -468.04877406389556 -131.28164207199998 548.6279522592944
v -471.2950746822398 -124.29933345599999 556.8156114668116
v -475.4838496736517 -123.04778757199999 556.0481968072336
v -475.4838496736517 -123.04778757199999 556.0481968072336
v -468.04877406389556 -122.32320837599998 555.611819064045
v -468.04877406389556 -122.32320837599998 555.611819064045
v -475.7980077980076 -118.23921654399999 542.8317504598492
v -475.7980077980076 -118.23921654399999 542.8317504598492
v -468.2233063552044 -118.173345708 542.8030251195797
v -468.2233063552044 -118.173345708 542.8030251195797
v -471.6441392648575 -116.263091464 541.9469335952458
v -471.36488759876335 -113.03542049999999 562.3069625759354
v -475.4838496736517 -111.91561628799998 561.4659682763061
v -475.4838496736517 -111.91561628799998 561.4659682763061
v -468.3280257299897 -111.32277876399999 560.988287556705
v -468.3280257299897 -111.32277876399999 560.988287556705
v -475.7980077980076 -110.993424584 548.6118240808077
v -475.7980077980076 -110.993424584 548.6118240808077
v -468.2233063552044 -110.927553748 548.5765521840211
v -468.2233063552044 -110.927553748 548.5765521840211
v -471.6441392648575 -109.21491201199998 547.5430889665868
v -471.2950746822398 -105.98724104799999 563.7642063747758
v -475.4838496736517 -105.13092017999999 562.9635223680306
v -475.4838496736517 -105.13092017999999 562.9635223680306
v -468.04877406389556 -104.60395349199999 562.5085171644589
v -468.04877406389556 -104.60395349199999 562.5085171644589
v -468.5025580212985 -101.90324921599998 553.5499114996342
v -468.5025580212985 -101.90324921599998 553.5499114996342
v -475.76310133974584 -101.90324921599998 553.5882184618733
v -475.76310133974584 -101.90324921599998 553.5882184618733
v -471.713952181381 -100.45409082399999 552.4176946252484
v -468.2233063552044 -96.63358233599999 555.1729420389602
v -468.2233063552044 -96.63358233599999 555.1729420389602
v -475.7980077980076 -96.63358233599999 555.2097213151403
v -475.7980077980076 -96.63358233599999 555.2097213151403
v -471.6441392648575 -95.447907288 554.0951204729952
v -468.08368052215735 -1.5819659879999999 562.7911890710278
v -468.08368052215735 -1.5819659879999999 562.7911890710278
v -468.2233063552044 -1.5819659879999999 555.1114636094402
v -468.2233063552044 -1.5819659879999999 555.1114636094402
v -471.2950746822398 -1.5819659879999999 563.9682797708354
v -471.6441392648575 -1.5819659879999999 554.1011710782609
v -475.4838496736517 -1.5819659879999999 563.2174892409953
v -475.4838496736517 -1.5819659879999999 563.2174892409953
v -475.76310133974584 -1.5819659879999999 555.1462395549754
v -475.76310133974584 -1.5819659879999999 555.1462395549754
v -471.6441392648575 92.283975312 554.0951204729952
v -468.2233063552044 93.46965036 555.1729420389602
v -468.2233063552044 93.46965036 555.1729420389602
v -475.7980077980076 93.46965036 555.2097213151403
v -475.7980077980076 93.46965036 555.2097213151403
v -471.713952181381 97.290158848 552.4176946252484
v -468.5025580212985 98.73931723999999 553.5499114996342
v -468.5025580212985 98.73931723999999 553.5499114996342
v -475.76310133974584 98.73931723999999 553.5882184618733
v -475.76310133974584 98.73931723999999 553.5882184618733
v -468.04877406389556 101.44002151599999 562.5085171644589
v -468.04877406389556 101.44002151599999 562.5085171644589
v -475.4838496736517 101.96698820399999 562.9635223680306
v -475.4838496736517 101.96698820399999 562.9635223680306
v -471.2950746822398 102.82330907199999 563.7642063747758
v -471.6441392648575 106.05098003599998 547.5430889665868
v -468.2233063552044 107.763621772 548.5765521840211
v -468.2233063552044 107.763621772 548.5765521840211
v -475.7980077980076 107.829492608 548.6118240808077
v -475.7980077980076 107.829492608 548.6118240808077
v -468.3280257299897 108.15884678799999 560.988287556705
v -468.3280257299897 108.15884678799999 560.988287556705
v -475.4838496736517 108.75168431199998 561.4659682763061
v -475.4838496736517 108.75168431199998 561.4659682763061
v -471.36488759876335 109.87148852399999 562.3069625759354
v -471.6441392648575 113.09915948799998 541.9469335952458
v -468.2233063552044 115.00941373199998 542.8030251195797
v -468.2233063552044 115.00941373199998 542.8030251195797
v -475.7980077980076 115.075284568 542.8317504598492
v -475.7980077980076 115.075284568 542.8317504598492
v -468.04877406389556 119.15927639999998 555.611819064045
v -468.04877406389556 119.15927639999998 555.611819064045
v -475.4838496736517 119.88385559599999 556.0481968072336
v -475.4838496736517 119.88385559599999 556.0481968072336
v -471.2950746822398 121.13540147999998 556.8156114668116
v -468.04877406389556 128.117710096 548.6279522592944
v -468.04877406389556 128.117710096 548.6279522592944
v -475.4838496736517 128.908160128 548.9892429830379
v -475.4838496736517 128.908160128 548.9892429830379
v -471.2950746822398 130.35731851999998 549.6251516774397
v -552.4176836825833 281.135662124 519.804634672287
v -552.4176836825833 281.135662124 519.804634672287
v -557.6187459635864 281.267403796 519.2785889428656
v -557.6187459635864 281.267403796 519.2785889428656
v -565.9962959464102 294.37570016 517.6399464829694
v -565.9962959464102 294.37570016 517.6399464829694
v -557.6885588801099 311.17276333999996 563.8231644347084
v -566.0661088629338 316.77178439999994 564.0917325811265
v -566.0661088629338 316.77178439999994 564.0917325811265
v -552.4874965991069 317.10113858 565.4975755236678
v -552.4874965991069 317.10113858 565.4975755236678
v -1395.30393132944 -787.7503936479999 159.59383189148593
v -1395.30393132944 -787.7503936479999 159.59383189148593
v -1395.30393132944 -787.7503936479999 159.59383189148593
v -1395.30393132944 -787.7503936479999 173.29450551498832
v -1395.30393132944 -787.7503936479999 173.29450551498832
v -1395.30393132944 -787.7503936479999 173.29450551498832
v -950.6305595328066 -783.4687893079999 469.36912991097734
v -695.9181335967022 -778.462605772 481.2144889546902
v -696.3719175541052 -778.199122428 159.5802428272006
v -696.3719175541052 -778.199122428 159.5802428272006
v -696.3719175541052 -778.199122428 169.8171929117061
v -696.3719175541052 -778.199122428 169.8171929117061
v -955.9014347303333 -776.222997348 481.9617687744914
v -955.9014347303333 -776.222997348 481.9617687744914
v -953.8070472346274 -770.953330468 167.73261061229147
v -1094.0961029886637 -760.6774800519999 430.0387874946783
v -1094.0961029886637 -760.6774800519999 430.0387874946783
v -697.9427081758846 -748.820729572 492.8482361433238
v -634.3431412229475 -730.8379913439999 181.3491302902446
v -634.3431412229475 -730.8379913439999 181.3491302902446
v -642.1272814153212 -730.8379913439999 159.88055185370112
v -642.1272814153212 -730.8379913439999 159.88055185370112
v -635.7044930951563 -729.8499288039999 465.55470947937465
v -635.7044930951563 -729.8499288039999 465.55470947937465
v -638.9507937135005 -725.765936972 471.4955306636955
v -645.5481143249743 -709.4299696439999 489.5805320644758
v -645.5481143249743 -709.4299696439999 489.5805320644758
v -1186.0397140501548 -706.663394532 418.8152122975254
v -1186.0397140501548 -706.663394532 418.8152122975254
v -817.7416729302645 -688.153689616 477.76286662622465
v -817.7416729302645 -688.153689616 477.76286662622465
v -817.7416729302645 -688.153689616 477.76286662622465
v -815.2284079354173 -686.902143732 282.6963326787111
v -815.2284079354173 -686.902143732 282.6963326787111
v -815.2284079354173 -686.902143732 282.6963326787111
v -1200.6306136035726 -673.1351390079999 168.87341720614447
v -602.7178900377878 -657.6554925479999 459.337266212725
v -602.7178900377878 -657.6554925479999 459.337266212725
v -603.6254579525937 -656.9967841879999 202.82477232224733
v -611.2350658536586 -656.9967841879999 158.87630992778753
v -611.2350658536586 -656.9967841879999 158.87630992778753
v -606.4877875300584 -652.7151798479999 472.81119014311287
v -606.4877875300584 -652.7151798479999 472.81119014311287
v -606.4877875300584 -652.7151798479999 472.81119014311287
v -620.9390612504294 -628.935808052 489.59110558894815
v -1190.1935825833048 -612.863324068 434.5551179694093
v -1294.0752023703194 -598.108256804 388.43942749040485
v -1294.0752023703194 -598.108256804 388.43942749040485
v -1292.5742246650636 -594.419489988 168.9701675324509
v -1293.1327279972518 -593.4314274479999 242.61416721673874
v -1292.3996923737548 -572.418630764 401.4089494725928
v -1288.9788594641016 -535.2016084239999 409.6736998112255
v -579.9937857093781 -530.393037396 259.8329799943243
v -579.9937857093781 -530.393037396 259.8329799943243
v -594.6195917210581 -524.39879132 490.0572005749088
v -578.0390240467194 -520.5782828319999 201.3181513044186
v -583.0655540364136 -520.5782828319999 158.87630992778753
v -583.0655540364136 -520.5782828319999 158.87630992778753
v -577.6201465475781 -515.637970132 473.945430654809
v -577.6201465475781 -515.637970132 473.945430654809
v -577.6201465475781 -514.979261772 234.08489678733423
v -577.6201465475781 -514.979261772 234.08489678733423
v -577.6201465475781 -514.979261772 234.08489678733423
v -1408.0098821367228 -481.71448959199995 169.09814248092303
v -1419.1101358639642 -468.47445155599996 376.09823669231946
v -1419.1101358639642 -468.47445155599996 376.09823669231946
v -1419.1101358639642 -468.47445155599996 376.09823669231946
v -556.4319263826864 -418.67609953999994 474.3097369183655
v -556.4319263826864 -418.67609953999994 474.3097369183655
v -1590.2215942631397 -407.47805741999997 365.8522009370955
v -1590.2215942631397 -407.47805741999997 365.8522009370955
v -1590.2215942631397 -407.47805741999997 365.8522009370955
v -1590.2215942631397 -407.47805741999997 365.8522009370955
v -571.1624517691515 -404.645611472 490.24615800164963
v -679.2328465475782 -397.79504452799995 501.6213950914464
v -826.15412937135 -386.267648228 499.6325516901958
v -678.9885013397458 -374.937864436 474.7430788150757
v -678.9885013397458 -374.937864436 474.7430788150757
v -678.9885013397458 -374.937864436 474.7430788150757
v -678.7092496736517 -374.54263941999994 259.65308793163655
v -678.7092496736517 -374.54263941999994 259.65308793163655
v -678.7092496736517 -374.54263941999994 259.65308793163655
v -678.1507463414634 -371.77606430799995 510.58301629608417
v -826.7126327035382 -370.392776752 510.3638253686546
v -591.5478233940227 -369.1412308679999 252.59716995391926
v -588.6156809000344 -368.35078083599996 474.4059912934207
v -588.6156809000344 -368.35078083599996 474.4059912934207
v -962.7431005496393 -365.91355990399995 490.5883050070935
v -534.6852028856064 -363.278726464 474.7289742738993
v -534.6852028856064 -363.278726464 474.7289742738993
v -534.6852028856064 -363.278726464 474.7289742738993
v -558.7357526279629 -357.811447076 200.84701792236018
v -558.7357526279629 -357.811447076 200.84701792236018
v -558.7357526279629 -357.811447076 200.84701792236018
v -558.7357526279629 -357.811447076 200.84701792236018
v -547.5307795259362 -354.25442193199996 254.97551394229183
v -560.1320109584335 -354.25442193199996 222.14629890837926
v -560.1320109584335 -354.25442193199996 222.14629890837926
v -560.1320109584335 -354.25442193199996 222.14629890837926
v -560.1320109584335 -354.25442193199996 222.14629890837926
v -565.8566701133631 -351.22436347599995 511.9233538411503
v -565.0887280316043 -350.4339134439999 156.76450966749707
v -565.0887280316043 -350.4339134439999 156.76450966749707
v -565.0887280316043 -350.4339134439999 156.76450966749707
v -966.8620626245277 -342.2000589439999 499.896079878465
v -560.7952336654071 -326.65454164799996 539.885026030835
v -692.0435167296462 -322.1753248 550.3870319896687
v -691.764265063552 -308.93528676399995 553.7136746028095
v -691.764265063552 -308.93528676399995 553.7136746028095
v -385.77425194091376 -298.527694676 489.62588153448337
v -850.309398488492 -297.934857152 600.7635779100201
v -389.75358818275504 -294.50957368 535.2437158407793
v -1418.551632531776 -292.33583609199997 388.5129876048164
v -551.4752093095157 -291.54538605999994 553.1614231216802
v -849.8905209893508 -290.16209850399997 609.4732558790034
v -849.8905209893508 -290.16209850399997 609.4732558790034
v -1548.787628306424 -269.281043492 223.400975909528
v -1548.787628306424 -269.281043492 223.400975909528
v -1548.787628306424 -269.281043492 223.400975909528
v -397.18866379251114 -255.77752211199999 556.0033425074517
v -979.5331069735487 -242.20812989599997 589.3530689234368
v -979.5331069735487 -242.20812989599997 589.3530689234368
v -1429.6867927172793 -241.48355069999997 347.14593116664633
v -1429.6867927172793 -241.48355069999997 347.14593116664633
v -1429.6867927172793 -241.48355069999997 347.14593116664633
v -1429.6867927172793 -241.48355069999997 347.14593116664633
v -188.8320144280316 -240.56135899599997 537.0123576674835
v -188.8320144280316 -240.56135899599997 537.0123576674835
v -212.42878021298523 -240.42961732399996 273.0897366345929
v -212.42878021298523 -240.42961732399996 273.0897366345929
v -540.4796749570595 -238.25587973599997 555.547325094712
v -540.4796749570595 -238.25587973599997 555.547325094712
v -540.4796749570595 -238.25587973599997 555.547325094712
v -540.3749555822741 -238.12413806399996 529.4712002044803
v -540.3749555822741 -238.12413806399996 529.4712002044803
v -188.79710796976983 -235.15995044399997 276.5635182211711
v -188.79710796976983 -235.15995044399997 276.5635182211711
v -688.6226838199932 -230.153766908 557.612763675827
v -688.6226838199932 -230.153766908 557.612763675827
v -548.752505565098 -229.429187712 555.9045888505003
v -548.752505565098 -229.429187712 555.9045888505003
v -549.2761024390244 -222.77623327599997 550.100312808479
v -547.111902026795 -222.64449160399997 514.5375128866905
v -547.111902026795 -222.64449160399997 514.5375128866905
v -849.7159886980419 -219.94378732799998 611.5593455578118
v -849.7159886980419 -219.94378732799998 611.5593455578118
v -187.40084963929922 -219.54856231199997 541.2011814615037
v -689.1811871521815 -219.35094980399998 553.9333810071302
v -689.1811871521815 -219.35094980399998 553.9333810071302
v -702.3060154586053 -219.285078968 513.951000936917
v -709.6363716935762 -219.285078968 539.0274076014675
v -468.432745104775 -217.24308305199997 555.8022838701795
v -468.432745104775 -217.24308305199997 555.8022838701795
v -468.4676515630368 -217.177212216 529.3119803271769
v -1245.275973720371 -214.081282924 451.98252706226106
v -849.6810822397802 -213.81779957999998 604.8984625145654
v -99.33185544486432 -213.29083289199997 132.90731050783387
v -99.33185544486432 -213.29083289199997 132.90731050783387
v -99.33185544486432 -213.29083289199997 132.90731050783387
v -559.7131334592923 -208.02116601199998 132.56159265338079
v -559.7131334592923 -208.02116601199998 132.56159265338079
v -1296.3441221573344 -206.63787845599998 132.57680859397541
v -1296.3441221573344 -206.63787845599998 132.57680859397541
v -555.6639843009276 -204.003045016 167.5915222441199
v -1296.274309240811 -202.61975746 169.01902849352265
v -1245.555225386465 -200.577761544 459.78219384307556
v -447.9775605633803 -199.392086496 556.8060298448418
v -447.9775605633803 -199.392086496 556.8060298448418
v -447.90774764685676 -199.32621565999997 529.5074843104347
v -826.8173520783236 -197.81118643199997 542.1867756203687
v -826.8173520783236 -197.81118643199997 542.1867756203687
v -826.8173520783236 -197.81118643199997 542.1867756203687
v -837.7081670559945 -196.757253056 553.3166160310282
v -837.7081670559945 -196.757253056 553.3166160310282
v -980.0916103057369 -194.71525713999998 595.925771834204
v -980.0916103057369 -194.71525713999998 595.925771834204
v -5.049511679835108 -193.52958209199997 536.2887843174938
v -5.049511679835108 -193.52958209199997 536.2887843174938
v -288.52485922363445 -190.69713614399998 246.9128344500993
v -288.52485922363445 -190.69713614399998 246.9128344500993
v -288.52485922363445 -190.69713614399998 246.9128344500993
v -238.60862390930953 -187.66707768799998 256.1006883089093
v -188.65748213672276 -184.637019232 265.2885624743848
v -256.3760111645483 -179.762577368 251.50677153283698
v -5.991986052902782 -179.23561067999998 544.9788023102608
v -435.02726454826524 -178.44516064799998 557.6747380565982
v -435.02726454826524 -178.44516064799998 557.6747380565982
v -434.67819996564754 -178.379289812 535.456875688583
v -1407.5211917210581 -170.606531164 181.46907160947148
v -1407.5211917210581 -170.606531164 181.46907160947148
v 117.71650202679493 -166.06144347999998 321.65985002391756
v 117.71650202679493 -166.06144347999998 321.65985002391756
v -1450.3514160082448 -163.558351712 132.59208389251512
v -1450.3514160082448 -163.558351712 132.59208389251512
v -1592.4556075918929 -163.558351712 132.59208389251512
v -1450.0372578838887 -160.46242242 181.6081363403327
v -1448.8155318447268 -159.869584896 135.90236011436343
v -1592.769765716249 -158.881522356 136.35942878755066
v -989.3418217451048 -157.432363964 599.5048731598904
v -426.3006499828238 -152.953147116 558.9102713394473
v -426.3006499828238 -152.953147116 558.9102713394473
v -425.84686602542087 -152.88727627999998 536.5583638920543
v -1703.877022363449 -151.24050538 159.74047491367193
v -1703.877022363449 -151.24050538 159.74047491367193
v -983.5473496736516 -147.551738564 605.0319921170521
v -1513.1830408794228 -143.99471341999998 408.06076715178597
v -1259.0989311920302 -134.77279638 520.5242005799612
v -1603.171890278255 -133.12602547999998 388.2791961849591
v -1603.171890278255 -133.12602547999998 388.2791961849591
v -836.0326570594298 -132.862542136 583.0862289121588
v -836.0326570594298 -132.862542136 583.0862289121588
v -836.0326570594298 -132.862542136 583.0862289121588
v -981.9067461353487 -129.042033648 630.414777157983
v -827.9343587427002 -120.083599952 545.3597530102207
v -834.3222406046032 -114.813933072 627.9961220957007
v -1514.3000475437993 -114.08935387599999 407.7009838074361
v -1514.3000475437993 -114.08935387599999 407.7009838074361
v -291.5617210924081 -110.72994123999999 177.90960917231055
v -291.5617210924081 -110.72994123999999 177.90960917231055
v 411.73359996564756 -107.63401194799998 191.1577963997774
v 411.73359996564756 -107.63401194799998 232.9561914040127
v 411.6986935073858 -107.30465776799998 237.67508789540966
v 360.7003579869461 -107.172916096 191.1577963997774
v 360.7003579869461 -107.172916096 232.9561914040127
v 360.7003579869461 -107.04117442399999 237.6161290544514
v 360.7003579869461 -106.64594940799999 242.2659899126946
v 360.7003579869461 -106.64594940799999 242.2659899126946
v 411.59397413260047 -106.51420773599999 242.35518147331604
v 411.59397413260047 -106.51420773599999 242.35518147331604
v -827.794732909653 -105.98724104799999 625.7135162244665
v -827.794732909653 -105.98724104799999 625.7135162244665
v 360.7003579869461 -105.921370212 246.8956948434701
v 411.45434829955343 -105.13092017999999 246.95818470113244
v 360.7003579869461 -104.93330767199998 251.49467032230555
v 360.7003579869461 -104.93330767199998 251.49467032230555
v 360.7003579869461 -103.61589095199999 256.0528192503401
v 360.7003579869461 -103.61589095199999 256.0528192503401
v 411.2100030917211 -103.28653677199999 251.44680126373635
v 411.2100030917211 -103.28653677199999 251.44680126373635
v 360.7003579869461 -102.100861724 260.5610957891604
v 360.7003579869461 -102.100861724 260.5610957891604
v -1262.135793060804 -101.046928348 535.4609026565383
v -1262.135793060804 -101.046928348 535.4609026565383
v 410.93075142562697 -100.91518667599999 255.78324045680523
v 410.93075142562697 -100.91518667599999 255.78324045680523
v 360.7003579869461 -100.25647831599998 265.00840937535196
v 360.7003579869461 -100.25647831599998 265.00840937535196
v 360.7003579869461 -98.14861156399999 269.38565559358193
v 360.7003579869461 -98.14861156399999 269.38565559358193
v 410.5816868430093 -98.01686989199999 259.93274507941805
v 410.5816868430093 -98.01686989199999 259.93274507941805
v 360.7003579869461 -95.843132304 273.6838073500513
v 360.7003579869461 -95.843132304 273.6838073500513
v 410.19771580212984 -94.657457256 263.8605399670653
v 410.19771580212984 -94.657457256 263.8605399670653
v 360.7003579869461 -93.208298864 277.8922708136225
v 360.7003579869461 -93.208298864 277.8922708136225
v -925.4979095843353 -90.96869043999999 695.9250576052541
v -925.4979095843353 -90.96869043999999 695.9250576052541
v 409.7439318447269 -90.90281960399999 267.5348842396644
v 409.7439318447269 -90.90281960399999 267.5348842396644
v 360.7003579869461 -90.30998207999998 282.00297252274476
v -834.217521229818 -88.13624449199999 656.989750123426
v -858.5473226382686 -87.60927780399999 722.3992524954097
v -858.5473226382686 -87.60927780399999 722.3992524954097
v -422.3213137409825 -87.411665296 559.7734248971893
v -422.3213137409825 -87.411665296 559.7734248971893
v -421.83262332531774 -87.34579446 536.7448017302335
v -421.83262332531774 -87.34579446 536.7448017302335
v 360.7003579869461 -87.21405278799999 286.005854429837
v 360.7003579869461 -87.21405278799999 286.005854429837
v 360.7003579869461 -87.21405278799999 286.005854429837
v 409.2552414290622 -86.68708609999999 270.92604034777787
v 409.2552414290622 -86.68708609999999 270.92604034777787
v -855.9293382686362 -82.60309426799999 724.7322470137747
v -855.9293382686362 -82.60309426799999 724.7322470137747
v 408.7316445551357 -82.07612757999999 274.0053024767762
v 408.7316445551357 -82.07612757999999 274.0053024767762
v -827.7598264513913 -80.56109835199999 653.3516891757558
v -827.7598264513913 -80.56109835199999 653.3516891757558
v 408.1382347646857 -77.20168571599999 276.74844867995654
v -854.6727057712126 -72.590727196 728.6676006671069
v -854.6727057712126 -72.590727196 728.6676006671069
v -854.6727057712126 -72.590727196 728.6676006671069
v 410.2326222603916 -71.997889672 317.33045333861696
v 410.2326222603916 -71.997889672 317.33045333861696
v 410.2326222603916 -71.997889672 317.33045333861696
v 407.54482497423567 -71.997889672 279.13183184545244
v 407.54482497423567 -71.997889672 279.13183184545244
v 407.54482497423567 -71.997889672 279.13183184545244
v 407.54482497423567 -71.997889672 279.13183184545244
v -858.0237257643421 -71.53679382 714.4882348958611
v -858.0237257643421 -71.53679382 714.4882348958611
v -876.9430261422192 -68.30912285599999 708.0687215637968
v -876.9430261422192 -68.30912285599999 708.0687215637968
v -876.9430261422192 -68.30912285599999 708.0687215637968
v -875.1977032291309 -67.84802700399999 666.7298749890051
v -875.1977032291309 -67.84802700399999 666.7298749890051
v -875.1977032291309 -67.84802700399999 666.7298749890051
v -855.8595253521127 -67.51867282399999 718.761192328765
v 418.36582703538306 -67.45280198799999 316.1352506553176
v 418.36582703538306 -67.45280198799999 316.1352506553176
v 415.67802974922705 -67.45280198799999 277.93660885548763
v 415.67802974922705 -67.45280198799999 277.93660885548763
v 78.97033335623497 -65.806031088 299.3885834689584
v -855.370834936448 -61.787910092 724.3240986596043
v -855.370834936448 -61.787910092 724.3240986596043
v -927.4177647887324 -60.931589224 724.6566640430783
v -927.4177647887324 -60.931589224 724.6566640430783
v -927.4177647887324 -60.931589224 724.6566640430783
v -860.2577390930952 -60.799847551999996 814.4189997296228
v -860.2577390930952 -60.799847551999996 814.4189997296228
v 425.73108972861564 -59.48243083199999 315.0544135495397
v 425.73108972861564 -59.48243083199999 315.0544135495397
v 423.00838598419784 -59.48243083199999 276.8557725307353
v 423.00838598419784 -59.48243083199999 276.8557725307353
v -857.9539128478187 -56.518243211999994 811.2193206368117
v -1664.4327245276536 -55.793664015999994 380.68461500937224
v -1664.4327245276536 -55.793664015999994 380.68461500937224
v -1664.4327245276536 -55.793664015999994 380.68461500937224
v -1030.1823779113706 -53.290572248 194.00021251782584
v 431.90953284094815 -48.482001219999994 314.1464064730414
v 431.90953284094815 -48.482001219999994 314.1464064730414
v 431.90953284094815 -48.482001219999994 314.1464064730414
v 429.1868290965304 -48.482001219999994 275.9477849798768
v 429.1868290965304 -48.482001219999994 275.9477849798768
v 429.1868290965304 -48.482001219999994 275.9477849798768
v -834.2524276880797 -48.15264703999999 667.9895911672772
v -857.1859707660598 -47.75742202399999 808.6898107070465
v -857.1859707660598 -47.75742202399999 808.6898107070465
v -827.8645458261766 -46.110651124 664.0895101917572
v -827.8645458261766 -46.110651124 664.0895101917572
v -1547.3215570594298 -41.433821768 456.5819992733734
v 436.5869982480247 -35.044350676 313.46060508276
v 436.5869982480247 -35.044350676 313.46060508276
v 433.864294503607 -35.044350676 275.2619835895955
v 433.864294503607 -35.044350676 275.2619835895955
v -860.5369907591893 -29.906425468 829.6514879134938
v -860.5369907591893 -29.906425468 829.6514879134938
v -858.0586322226039 -27.535075371999998 826.2653709825036
v -857.2208772243215 -26.547012831999997 820.1481895332247
v -857.2208772243215 -26.547012831999997 820.1481895332247
v -1768.4539701477156 -25.558950292 366.3465253120744
v -1768.4539701477156 -25.558950292 366.3465253120744
v 439.4842342837513 -19.959929232 313.0343252194579
v 439.4842342837513 -19.959929232 313.0343252194579
v 436.7964369975953 -19.959929232 274.8357037262934
v 436.7964369975953 -19.959929232 274.8357037262934
v -942.7067935073858 -16.600516596 821.4532551815043
v -1014.6140975266231 -5.33660364 806.5886042778939
v 440.49652157334253 -4.019186919999999 312.8902213114734
v 440.49652157334253 -4.019186919999999 312.8902213114734
v 437.7738178289248 -4.019186919999999 274.691580292669
v 437.7738178289248 -4.019186919999999 274.691580292669
v -251.69854575747166 -2.965253544 177.90960917231055
v -251.69854575747166 -2.965253544 177.90960917231055
v -251.69854575747166 -2.965253544 177.90960917231055
v -827.7598264513913 -2.174803512 625.6580891812379
v -827.9692652009619 -2.174803512 669.783427317547
v -827.9692652009619 -2.174803512 669.783427317547
v -867.134311370663 -2.04306184 712.8153319673208
v -867.134311370663 -2.04306184 712.8153319673208
v -855.3010220199244 -1.9113201679999998 724.6365088966362
v -855.3010220199244 -1.9113201679999998 724.6365088966362
v -827.9343587427002 -1.8454493319999998 545.655538336489
v -864.760672208863 -1.8454493319999998 672.5144918358355
v -864.760672208863 -1.8454493319999998 672.5144918358355
v -398.2707639986259 -1.6478368239999999 555.8073230473028
v -398.2707639986259 -1.6478368239999999 555.8073230473028
v -398.2707639986259 -1.6478368239999999 555.8073230473028
v -420.92505541051185 -1.6478368239999999 563.298111388815
v -420.9948683270354 -1.6478368239999999 530.0390846938707
v -855.9293382686362 -1.6478368239999999 718.5394825937994
v -1567.2182382686362 -1.450224316 496.20763106468945
v -1567.2182382686362 -1.450224316 496.20763106468945
v -1749.2903245620062 -1.38435348 308.6741990822173
v -1749.2903245620062 -1.38435348 308.6741990822173
v -9.377912504294057 -1.318482644 557.4202752323822
v -208.62397626245277 -1.318482644 562.4717371072531
v -834.3920535211267 -1.318482644 672.7311631747035
v -1295.8554317416695 -1.1208701359999997 657.9320176685683
v -1295.8554317416695 -1.1208701359999997 657.9320176685683
v -239.83034994847134 -1.0549993 249.66455084710702
v -239.83034994847134 -1.0549993 249.66455084710702
v -239.83034994847134 -1.0549993 249.66455084710702
v -1766.9180859841981 -0.791515956 374.0942757596989
v -1667.504492854689 -0.001065924 432.5859329823239
v -1667.504492854689 -0.001065924 432.5859329823239
v -857.3605030573686 0.7893841079999999 823.9878042883929
v -857.3605030573686 0.7893841079999999 823.9878042883929
v -857.9888193060805 1.316350796 829.7875371045421
v -860.5369907591893 1.316350796 832.9670610509111
v -898.3406850566817 1.4480924679999998 820.3094330478384
v -898.3406850566817 1.4480924679999998 820.3094330478384
v -898.3406850566817 1.4480924679999998 820.3094330478384
v -898.3406850566817 1.4480924679999998 820.3094330478384
v -949.9673368258331 1.5139633039999998 829.6061384434863
v -949.9673368258331 1.5139633039999998 829.6061384434863
v -1016.2896075231879 1.5139633039999998 813.0887397577777
v -1016.2896075231879 1.5139633039999998 813.0887397577777
v -568.7539061490896 1.975059156 156.81642600068704
v -1014.6140975266231 8.035176067999998 806.5886042778939
v 439.4842342837513 11.987426228 313.03684480801957
v 439.4842342837513 11.987426228 313.03684480801957
v 436.7964369975953 11.987426228 274.8382225338294
v 436.7964369975953 11.987426228 274.8382225338294
v -942.7067935073858 19.36495986 821.4532551815043
v -1768.4539701477156 22.395018315999998 366.3465253120744
v -1768.4539701477156 22.395018315999998 366.3465253120744
v -1629.7357050154587 25.227464263999995 144.07958403893815
v -1629.7357050154587 25.227464263999995 144.07958403893815
v 436.5869982480247 27.071847672 313.4651483086321
v 436.5869982480247 27.071847672 313.4651483086321
v 436.5869982480247 27.071847672 313.4651483086321
v 433.89920096186876 27.071847672 275.26702198569325
v 433.89920096186876 27.071847672 275.26702198569325
v 433.89920096186876 27.071847672 275.26702198569325
v -857.2208772243215 34.18589796 820.1481895332247
v -857.2208772243215 34.18589796 820.1481895332247
v -858.0586322226039 35.17396049999999 826.2653709825036
v -860.5369907591893 37.545310596 829.6514879134938
v -860.5369907591893 37.545310596 829.6514879134938
v -1547.3215570594298 38.269889791999994 456.5819992733734
v 431.94443929920993 40.509498216 314.1534489808097
v 431.94443929920993 40.509498216 314.1534489808097
v 429.2217355547922 40.509498216 275.95482748764516
v 429.2217355547922 40.509498216 275.95482748764516
v -827.8645458261766 42.946719148 664.0895101917572
v -827.8645458261766 42.946719148 664.0895101917572
v -834.2524276880797 44.988715064 667.9895911672772
v -857.1859707660598 45.77916509599999 808.6898107070465
v -857.1859707660598 45.77916509599999 808.6898107070465
v 425.7659961868774 51.509927827999995 315.06296421772726
v 425.7659961868774 51.509927827999995 315.06296421772726
v 423.0781989007214 51.509927827999995 276.8643427245627
v 423.0781989007214 51.509927827999995 276.8643427245627
v -1664.4327245276536 52.62973204 380.68461500937224
v -1664.4327245276536 52.62973204 380.68461500937224
v -1664.4327245276536 52.62973204 380.68461500937224
v -857.9539128478187 54.539986284 811.2193206368117
v -927.4177647887324 57.76765724799999 724.6566640430783
v -927.4177647887324 57.76765724799999 724.6566640430783
v -927.4177647887324 57.76765724799999 724.6566640430783
v -855.370834936448 58.623978115999996 724.3240986596043
v -855.370834936448 58.623978115999996 724.3240986596043
v -860.2577390930952 58.821590623999995 814.4189997296228
v -860.2577390930952 58.821590623999995 814.4189997296228
v 418.40073349364485 59.480298983999994 316.14481197062196
v 418.40073349364485 59.480298983999994 316.14481197062196
v 415.71293620748884 59.546169819999996 277.9466864287087
v 415.71293620748884 59.546169819999996 277.9466864287087
v 78.97033335623497 62.642099112 299.3885834689584
v 410.2675287186534 64.091257504 317.340530911838
v 410.2675287186534 64.091257504 317.340530911838
v 410.2675287186534 64.091257504 317.340530911838
v 407.5797314324974 64.091257504 279.1424248955646
v 407.5797314324974 64.091257504 279.1424248955646
v 407.5797314324974 64.091257504 279.1424248955646
v 407.5797314324974 64.091257504 279.1424248955646
v -855.8595253521127 64.35474084799999 718.761192328765
v -875.8958323943663 65.408674224 666.7298749890051
v -875.8958323943663 65.408674224 666.7298749890051
v -875.8958323943663 65.408674224 666.7298749890051
v -876.9430261422192 66.66022010799999 708.0687215637968
v -876.9430261422192 66.66022010799999 708.0687215637968
v -876.9430261422192 66.66022010799999 708.0687215637968
v 408.1731412229475 69.229182712 276.7408899142716
v -858.0237257643421 69.229182712 714.4882348958611
v -858.0237257643421 69.229182712 714.4882348958611
v -854.6727057712126 69.42679521999999 728.6676006671069
v -854.6727057712126 69.42679521999999 728.6676006671069
v -854.6727057712126 69.42679521999999 728.6676006671069
v 408.7665510133975 74.10362457599999 273.9841351211661
v -827.7598264513913 77.39716637599999 653.3516891757558
v -827.7598264513913 77.39716637599999 653.3516891757558
v 409.29014788732394 78.64871226 270.8942994676955
v -855.9293382686362 79.43916229199999 724.7322470137747
v 360.7003579869461 79.702645636 286.0532283181805
v 360.7003579869461 79.702645636 286.0532283181805
v 360.7003579869461 79.702645636 286.0532283181805
v 360.7003579869461 82.73270409199999 282.0216202897932
v 409.7788383029887 82.864445764 267.4965968030649
v -421.83262332531774 84.18186248399999 536.7448017302335
v -421.83262332531774 84.18186248399999 536.7448017302335
v -422.3213137409825 84.24773332 559.7734248971893
v -422.3213137409825 84.24773332 559.7734248971893
v -858.5473226382686 84.44534582799999 722.3992524954097
v -858.5473226382686 84.44534582799999 722.3992524954097
v -834.217521229818 84.972312516 656.989750123426
v 360.7003579869461 85.49927920399999 277.8887397969184
v 410.2326222603916 86.619083416 263.8187215137618
v -925.532816042597 87.80475846399999 695.9704070752616
v -925.532816042597 87.80475846399999 695.9704070752616
v 360.7003579869461 88.00237097199998 273.66365142258365
v 410.61659330127105 89.91262521599998 259.89092662611455
v 360.7003579869461 90.30785023199998 269.3544301903906
v 360.7003579869461 92.349846148 264.9706178900038
v 410.9656578838887 92.810942 255.7439408110378
v 360.7003579869461 94.12835871999998 260.5202887639993
v 411.2100030917211 95.18229209599998 251.41254079509224
v 360.7003579869461 95.64338794799998 256.0135203855982
v 360.7003579869461 96.82906299599999 251.45939842551905
v 411.45434829955343 97.026675504 246.93096674025662
v 360.7003579869461 97.81712553599999 246.86696872217505
v 411.59397413260047 98.40996305999998 242.33603775501632
v 360.7003579869461 98.475833896 242.24583398522688
v 360.7003579869461 98.936929748 237.60605148123034
v 360.7003579869461 99.06867141999999 191.1577963997774
v 360.7003579869461 99.06867141999999 232.9561914040127
v 411.6986935073858 99.20041309199999 237.6655062734399
v 411.73359996564756 99.46389643599998 191.1577963997774
v 411.73359996564756 99.46389643599998 232.9561914040127
v -827.794732909653 102.82330907199999 625.7135162244665
v -1262.135793060804 104.33833829999999 535.4609026565383
v -1262.135793060804 104.33833829999999 535.4609026565383
v -292.01550504981105 107.829492608 177.64254996733735
v -292.01550504981105 107.829492608 177.64254996733735
v -834.3222406046032 111.650001096 627.9961220957007
v -827.9343587427002 116.91966797599999 545.3597530102207
v -1513.6368248368258 124.363072444 408.49260166910256
v -836.0326570594298 129.69861016 583.0862289121588
v -836.0326570594298 129.69861016 583.0862289121588
v -836.0326570594298 129.69861016 583.0862289121588
v -1603.171890278255 129.962093504 388.2791961849591
v -1603.171890278255 129.962093504 388.2791961849591
v -981.9067461353487 130.620801864 630.414777157983
v -1258.1913632772244 132.66279777999998 520.5242005799612
v -1513.1830408794228 144.45367742399998 408.06076715178597
v -983.5473496736516 145.902835816 605.0319921170521
v -425.84686602542087 149.723344304 536.5583638920543
v -426.3006499828238 149.78921513999998 558.9102713394473
v -426.3006499828238 149.78921513999998 558.9102713394473
v -1703.6675836138784 152.42404858 160.0594309261953
v -1703.6675836138784 152.42404858 160.0594309261953
v -989.4814475781519 154.202561152 599.0901790302287
v -1593.3631755066988 157.43023211599998 136.04021425555615
v 119.04294744074203 159.99919471999996 321.65985002391756
v 119.04294744074203 159.99919471999996 321.65985002391756
v -1450.1419772586742 164.21492822399998 132.91117892759394
v -1450.1419772586742 164.21492822399998 132.91117892759394
v -1592.281075300584 164.21492822399998 132.91117892759394
v -1448.9900641360357 165.40060327199998 135.58314558236893
v -1450.176883716936 166.388665812 181.92407681304311
v -1407.5211917210581 169.286982596 179.2892463631441
v -1407.5211917210581 169.286982596 179.2892463631441
v -434.67819996564754 175.149487 535.456875688583
v -435.02726454826524 175.28122867199997 557.6747380565982
v -435.02726454826524 175.28122867199997 557.6747380565982
v -7.31843146684988 179.69457468399997 544.9788023102608
v -980.0916103057369 186.808624972 595.925771834204
v -980.0916103057369 186.808624972 595.925771834204
v -288.52485922363445 187.53320416799997 246.9128344500993
v -288.52485922363445 187.53320416799997 246.9128344500993
v -288.52485922363445 187.53320416799997 246.9128344500993
v -6.375957093782206 193.988546096 536.2887843174938
v -6.375957093782206 193.988546096 536.2887843174938
v -447.90774764685676 196.16228368399996 529.5074843104347
v -447.9775605633803 196.22815451999998 556.8060298448418
v -447.9775605633803 196.22815451999998 556.8060298448418
v -837.7081670559945 199.25821297599998 553.3166160310282
v -837.7081670559945 199.25821297599998 553.3166160310282
v -826.8173520783236 200.970854712 542.1867756203687
v -826.8173520783236 200.970854712 542.1867756203687
v -826.8173520783236 200.970854712 542.1867756203687
v -1296.379028615596 202.81523811999998 132.8959231546941
v -1296.379028615596 202.81523811999998 132.8959231546941
v -559.922572208863 203.53981731599998 132.78199338945328
v -559.922572208863 203.53981731599998 132.78199338945328
v -1296.4139350738576 205.054846544 169.0457505031472
v -555.8734230504981 205.71355490399998 167.38744806703468
v -849.6810822397802 210.65386760399997 604.8984625145654
v -1245.0665349708006 213.94740940399998 459.78219384307556
v -468.4676515630368 214.01328023999997 529.3119803271769
v -468.432745104775 214.079151076 555.8022838701795
v -468.432745104775 214.079151076 555.8022838701795
v -99.36676190312608 215.06721361599998 132.95285835834198
v -99.36676190312608 215.06721361599998 132.95285835834198
v -99.36676190312608 215.06721361599998 132.95285835834198
v -702.3060154586053 216.12114699199998 513.951000936917
v -709.6363716935762 216.12114699199998 539.0274076014675
v -689.1811871521815 216.18701782799997 553.9333810071302
v -689.1811871521815 216.18701782799997 553.9333810071302
v -547.111902026795 219.48055962799998 514.5375128866905
v -549.2761024390244 219.61230129999998 550.100312808479
v -849.7159886980419 219.94165547999998 611.5593455578118
v -849.7159886980419 219.94165547999998 611.5593455578118
v -186.7027204740639 221.72016805199996 541.2011814615037
v -548.752505565098 226.26525573599997 555.9045888505003
v -548.752505565098 226.26525573599997 555.9045888505003
v -688.6226838199932 226.98983493199998 557.612763675827
v -688.6226838199932 226.98983493199998 557.612763675827
v -979.5331069735487 228.83421833999998 589.3550925607472
v -979.5331069735487 228.83421833999998 589.3550925607472
v -1244.7523768464446 231.60079345199998 451.98252706226106
v -539.6419199587771 231.86427679599998 529.4712002044803
v -539.6419199587771 231.86427679599998 529.4712002044803
v -539.7466393335624 231.930147632 555.547325094712
v -539.7466393335624 231.930147632 555.547325094712
v -1429.6867927172793 235.09194775999998 347.0496775726168
v -1429.6867927172793 235.09194775999998 347.0496775726168
v -1429.6867927172793 235.09194775999998 347.0496775726168
v -211.6608381312264 241.61316052399997 273.0897366345929
v -211.6608381312264 241.61316052399997 273.0897366345929
v -188.0989788045345 242.73296473599999 537.0123576674835
v -188.0989788045345 242.73296473599999 537.0123576674835
v -396.63016046032294 252.61359013599997 556.0033425074517
v -1548.787628306424 266.11711151599997 223.400975909528
v -1548.787628306424 266.11711151599997 223.400975909528
v -1548.787628306424 266.11711151599997 223.400975909528
v -1418.3421937822054 282.18959549999994 387.8801139758674
v -849.8905209893508 282.255466336 609.4732558790034
v -849.8905209893508 282.255466336 609.4732558790034
v -850.309398488492 288.18384157599996 600.7635779100201
v -551.4752093095157 288.3814540839999 553.1614231216802
v -389.16017839230506 292.926541768 535.2437158407793
v -389.16017839230506 292.926541768 535.2437158407793
v -385.77425194091376 295.3637627 489.62588153448337
v -691.764265063552 297.866854468 553.7136746028095
v -691.764265063552 297.866854468 553.7136746028095
v -690.1934744417727 315.32262600799993 548.7267262229112
v -560.7952336654071 323.490609672 539.885026030835
v -966.7922497080042 343.77882716 499.8572964906142
v -551.8940868086569 345.49146889599996 200.84701792236018
v -551.8940868086569 345.49146889599996 200.84701792236018
v -551.8940868086569 345.49146889599996 200.84701792236018
v -561.4933628306424 345.49146889599996 157.8720680018739
v -561.4933628306424 345.49146889599996 157.8720680018739
v -561.4933628306424 345.49146889599996 157.8720680018739
v -565.8566701133631 348.0604315 511.9233538411503
v -549.0666636894539 349.31197738399993 254.88935744712316
v -556.7111780487804 349.31197738399993 222.14629890837926
v -556.7111780487804 349.31197738399993 222.14629890837926
v -556.7111780487804 349.31197738399993 222.14629890837926
v -556.7111780487804 349.31197738399993 222.14629890837926
v -962.7431005496393 355.503835968 490.5883050070935
v -962.7431005496393 355.503835968 490.5883050070935
v -535.8371160082446 357.61170272 474.7289742738993
v -535.8371160082446 357.61170272 474.7289742738993
v -535.8371160082446 357.61170272 474.7289742738993
v -826.7824456200618 360.378277832 510.3638253686546
v -588.6156809000344 362.02504873199996 474.4059912934207
v -588.6156809000344 362.02504873199996 474.4059912934207
v -591.5478233940227 362.815498764 252.59716995391926
v -676.5101428031604 365.120978024 228.41565850821883
v -676.5101428031604 365.120978024 228.41565850821883
v -676.5101428031604 365.120978024 228.41565850821883
v -674.5902875987633 369.79780737999994 495.2784761582209
v -674.5902875987633 369.79780737999994 495.2784761582209
v -674.5902875987633 369.79780737999994 495.2784761582209
v -674.5902875987633 369.79780737999994 509.19078194346787
v -826.15412937135 377.175341012 499.6325516901958
v -826.15412937135 377.175341012 499.6325516901958
v -678.0809334249399 397.068333484 501.6213950914464
v -571.1624517691515 401.48167949599997 490.24615800164963
v -1590.186687804878 408.59572978399996 366.2029181363667
v -1590.186687804878 408.59572978399996 366.2029181363667
v -1590.186687804878 408.59572978399996 366.2029181363667
v -1590.186687804878 408.59572978399996 366.2029181363667
v -556.4319263826864 415.512167564 474.3097369183655
v -556.4319263826864 415.512167564 474.3097369183655
v -1419.145042322226 444.49533540399995 376.2227001497274
v -1419.145042322226 444.49533540399995 376.2227001497274
v -1407.974975678461 457.27427758799996 174.38190792189744
v -577.6201465475781 511.81532979599996 234.08489678733423
v -577.6201465475781 511.81532979599996 234.08489678733423
v -577.6201465475781 511.81532979599996 234.08489678733423
v -577.6201465475781 512.4740381559999 473.945430654809
v -577.6201465475781 512.4740381559999 473.945430654809
v -578.0390240467194 517.4143508559999 201.3181513044186
v -583.0655540364136 517.4143508559999 158.87630992778753
v -583.0655540364136 517.4143508559999 158.87630992778753
v -594.6195917210581 521.234859344 490.0572005749088
v -579.9937857093781 527.22910542 259.8329799943243
v -579.9937857093781 527.22910542 259.8329799943243
v -1292.6789440398488 579.7940325479999 169.60353711265114
v -1293.272353830299 585.590666116 242.15967749005821
v -591.3383846444522 590.860332996 359.5848649745663
v -591.3383846444522 590.860332996 359.5848649745663
v -1294.0752023703194 591.650783028 389.1871837358176
v -1294.0752023703194 591.650783028 389.1871837358176
v -1190.6822729989694 612.7953213839999 433.5654765359234
v -620.9390612504294 625.7718760759999 489.59110558894815
v -1200.002297354861 646.0600935639999 169.86254238171367
v -606.4877875300584 649.551247872 472.81119014311287
v -606.4877875300584 649.551247872 472.81119014311287
v -606.4877875300584 649.551247872 472.81119014311287
v -603.6254579525937 653.8328522119999 202.82477232224733
v -611.2350658536586 653.8328522119999 158.87630992778753
v -611.2350658536586 653.8328522119999 158.87630992778753
v -602.7178900377878 654.491560572 459.337266212725
v -602.7178900377878 654.491560572 459.337266212725
v -602.7178900377878 654.491560572 459.337266212725
v -602.7178900377878 654.491560572 459.337266212725
v -1185.7953688423222 679.1272532359999 418.8152122975254
v -1185.7953688423222 679.1272532359999 418.8152122975254
v -815.2284079354173 683.7382117559999 282.6963326787111
v -815.2284079354173 683.7382117559999 282.6963326787111
v -815.2284079354173 683.7382117559999 282.6963326787111
v -817.7416729302645 684.98975764 477.76286662622465
v -817.7416729302645 684.98975764 477.76286662622465
v -817.7416729302645 684.98975764 477.76286662622465
v -645.4783014084508 700.0741790839999 489.5805320644758
v -638.9507937135005 722.6020049959999 471.4955306636955
v -635.7044930951563 726.6859968279999 465.55470947937465
v -635.7044930951563 726.6859968279999 465.55470947937465
v -634.3431412229475 727.6740593679999 181.3491302902446
v -634.3431412229475 727.6740593679999 181.3491302902446
v -642.1272814153212 727.6740593679999 159.88055185370112
v -642.1272814153212 727.6740593679999 159.88055185370112
v -1092.9441898660255 745.4591850879999 430.46909432593577
v -1092.9441898660255 745.4591850879999 430.46909432593577
v -697.9427081758846 746.5789892999999 492.8482361433238
v -953.8070472346274 767.7893984919999 167.73261061229147
v -955.9014347303333 770.555973604 481.9617687744914
v -955.9014347303333 770.555973604 481.9617687744914
v -696.3719175541052 775.0351904519999 159.5802428272006
v -696.3719175541052 775.0351904519999 159.5802428272006
v -696.3719175541052 775.0351904519999 169.8171929117061
v -696.3719175541052 775.0351904519999 169.8171929117061
v -695.9181335967022 775.2986737959999 481.2144889546902
v -695.9181335967022 775.2986737959999 481.2144889546902
v -950.6305595328066 780.304857332 469.36912991097734
v -1394.1520182068018 800.59307482 159.59383189148593
v -1394.1520182068018 800.59307482 159.59383189148593
v -1394.1520182068018 800.59307482 159.59383189148593
v -1394.1520182068018 800.59307482 173.29450551498832
v -1394.1520182068018 800.59307482 173.29450551498832
v -1394.1520182068018 800.59307482 173.29450551498832
v -469.9686292682927 97.35602968399999 496.0786439070493
v -469.9686292682927 97.35602968399999 496.0786439070493
v -469.9686292682927 97.35602968399999 496.0786439070493
v -474.3319365510134 97.35602968399999 495.7934524119188
v -474.3319365510134 97.35602968399999 495.7934524119188
v -474.3319365510134 97.35602968399999 495.7934524119188
v -469.89881635176914 100.91305482799999 472.3476147457138
v -469.89881635176914 100.91305482799999 472.3476147457138
v -469.89881635176914 100.91305482799999 472.3476147457138
v -474.2621236344899 100.91305482799999 472.30982326036565
v -474.2621236344899 100.91305482799999 472.30982326036565
v -474.2621236344899 100.91305482799999 472.30982326036565
v -470.9809165578839 103.48201743199999 538.0695273547294
v -470.9809165578839 103.48201743199999 538.0695273547294
v -470.9809165578839 103.48201743199999 538.0695273547294
v -478.1716469598076 106.77555923199999 539.7721475260417
v -478.1716469598076 106.77555923199999 539.7721475260417
v -478.1716469598076 106.77555923199999 539.7721475260417
v -470.80638426657504 110.92542189999999 435.1854720097966
v -470.80638426657504 110.92542189999999 435.1854720097966
v -470.80638426657504 110.92542189999999 435.1854720097966
v -464.94209927859845 110.99129273599999 541.9756394098755
v -464.94209927859845 110.99129273599999 541.9756394098755
v -464.94209927859845 110.99129273599999 541.9756394098755
v -470.9809165578839 112.37458029199999 528.4790399634583
v -470.9809165578839 112.37458029199999 528.4790399634583
v -478.06692758502237 114.74593038799999 434.17317536694674
v -478.06692758502237 114.74593038799999 434.17317536694674
v -478.06692758502237 114.74593038799999 434.17317536694674
v -478.1716469598076 116.260959616 529.4545760747421
v -478.1716469598076 116.260959616 529.4545760747421
v -481.1736023703195 118.30295553199998 545.8016651007583
v -481.1736023703195 118.30295553199998 545.8016651007583
v -481.1736023703195 118.30295553199998 545.8016651007583
v -464.94209927859845 120.608434792 432.70333518734935
v -464.94209927859845 120.608434792 432.70333518734935
v -470.9809165578839 120.67430562799998 450.64218951719494
v -470.9809165578839 120.67430562799998 450.64218951719494
v -464.94209927859845 121.33301398799999 530.7168118415759
v -464.94209927859845 121.33301398799999 530.7168118415759
v -470.9809165578839 121.39888482399999 514.4982140219487
v -470.9809165578839 121.39888482399999 514.4982140219487
v -471.05072947440743 121.72823900399999 499.05308224819066
v -464.66284761250427 123.572622412 548.5493537487852
v -464.66284761250427 123.572622412 548.5493537487852
v -464.66284761250427 123.572622412 548.5493537487852
v -478.1716469598076 124.75829746 449.9594231923664
v -478.1716469598076 124.75829746 449.9594231923664
v -471.08563593266916 124.824168296 472.7532435113226
v -477.2989855032635 125.219393312 497.40487691093904
v -477.2989855032635 125.219393312 497.40487691093904
v -478.1716469598076 125.482876656 515.1305916996464
v -478.1716469598076 125.482876656 515.1305916996464
v -481.1736023703195 126.14158501599998 431.3932303619464
v -481.1736023703195 126.14158501599998 431.3932303619464
v -470.9809165578839 126.60268086799998 500.3919124138631
v -470.9809165578839 126.60268086799998 500.3919124138631
v -470.9809165578839 126.60268086799998 500.3919124138631
v -470.9809165578839 126.73442254 463.2912473264402
v -470.9809165578839 126.73442254 463.2912473264402
v -477.2989855032635 127.98596842399999 474.04872753763243
v -477.2989855032635 127.98596842399999 474.04872753763243
v -477.6829565441429 129.500997652 551.6175065697546
v -477.6829565441429 129.500997652 551.6175065697546
v -477.6829565441429 129.500997652 551.6175065697546
v -464.94209927859845 129.962093504 449.07660965840796
v -464.94209927859845 129.962093504 449.07660965840796
v -470.9809165578839 129.962093504 471.145329722341
v -470.9809165578839 129.962093504 471.145329722341
v -470.9809165578839 129.962093504 471.145329722341
v -481.1736023703195 130.159706012 532.9082025148782
v -481.1736023703195 130.159706012 532.9082025148782
v -465.7100413603573 130.291447684 497.74601248824047
v -465.7100413603573 130.291447684 497.74601248824047
v -464.94209927859845 130.752543536 515.9483950063552
v -478.1716469598076 130.884285208 462.94608478118346
v -478.1716469598076 130.884285208 462.94608478118346
v -478.1716469598076 131.14776855199997 499.3377777920699
v -478.1716469598076 131.14776855199997 499.3377777920699
v -478.1716469598076 131.14776855199997 499.3377777920699
v -470.3526003091721 131.806476912 552.8404434718465
v -470.3526003091721 131.806476912 552.8404434718465
v -470.3526003091721 131.806476912 552.8404434718465
v -465.7100413603573 133.123893632 474.0648557161192
v -465.7100413603573 133.123893632 474.0648557161192
v -478.1716469598076 134.17782700799998 472.4398218461482
v -478.1716469598076 134.17782700799998 472.4398218461482
v -478.1716469598076 134.17782700799998 472.4398218461482
v -464.66284761250427 135.29763121999997 429.12927225776076
v -464.66284761250427 135.29763121999997 429.12927225776076
v -464.66284761250427 135.29763121999997 429.12927225776076
v -464.94209927859845 136.28569376 462.4996497714392
v -464.94209927859845 136.28569376 462.4996497714392
v -464.66284761250427 136.48330626799998 534.4818558352157
v -464.66284761250427 136.48330626799998 534.4818558352157
v -481.1736023703195 139.11813970799997 447.5432877186456
v -481.1736023703195 139.11813970799997 447.5432877186456
v -464.94209927859845 139.57923555999997 472.43478345005053
v -464.94209927859845 139.57923555999997 472.43478345005053
v -464.94209927859845 139.57923555999997 472.43478345005053
v -481.1736023703195 139.90858973999997 517.3688595290153
v -481.1736023703195 139.90858973999997 517.3688595290153
v -464.94209927859845 140.040331412 499.48289312819685
v -464.94209927859845 140.040331412 499.48289312819685
v -477.6829565441429 142.279939836 427.481563652786
v -477.6829565441429 142.279939836 427.481563652786
v -477.6829565441429 142.279939836 427.481563652786
v -477.6829565441429 143.53148571999998 536.239407879531
v -477.6829565441429 143.53148571999998 536.239407879531
v -470.3526003091721 144.51954825999997 427.0391353043317
v -470.3526003091721 144.51954825999997 427.0391353043317
v -470.3526003091721 144.51954825999997 427.0391353043317
v -481.1736023703195 145.5076108 499.5065800723686
v -481.1736023703195 145.5076108 499.5065800723686
v -481.1736023703195 145.573481636 461.7241600882595
v -481.1736023703195 145.573481636 461.7241600882595
v -464.66284761250427 145.63935247199998 446.44229546642566
v -464.66284761250427 145.63935247199998 446.44229546642566
v -470.3526003091721 146.298060832 536.93980976224
v -470.3526003091721 146.298060832 536.93980976224
v -464.66284761250427 146.49567334 518.3892296334157
v -464.66284761250427 146.49567334 518.3892296334157
v -481.1736023703195 147.54960671599997 484.4776701143315
v -481.1736023703195 147.54960671599997 484.4776701143315
v -464.66284761250427 152.16056523599997 499.8729091922099
v -464.66284761250427 152.16056523599997 499.8729091922099
v -464.66284761250427 152.292306908 461.16736616228377
v -464.66284761250427 152.292306908 461.16736616228377
v -477.6829565441429 152.95101526799996 445.2128127888423
v -477.6829565441429 152.95101526799996 445.2128127888423
v -477.6829565441429 153.80733613599998 519.5280125899583
v -477.6829565441429 153.80733613599998 519.5280125899583
v -464.66284761250427 154.26843198799997 484.7235627447202
v -464.66284761250427 154.26843198799997 484.7235627447202
v -470.3526003091721 155.849332052 444.7225349074586
v -470.3526003091721 155.849332052 444.7225349074586
v -470.3526003091721 156.70565291999998 519.9820063653875
v -470.3526003091721 156.70565291999998 519.9820063653875
v -477.6829565441429 159.538098868 500.3022241209648
v -477.6829565441429 159.538098868 500.3022241209648
v -477.6829565441429 159.73571137599998 460.5455815346982
v -477.6829565441429 159.73571137599998 460.5455815346982
v -477.6829565441429 161.777707292 484.99768476412714
v -477.6829565441429 161.777707292 484.99768476412714
v -470.3526003091721 162.50228648799998 500.58388538041686
v -470.3526003091721 162.50228648799998 500.58388538041686
v -470.3526003091721 162.69989899599997 460.2976660480247
v -470.3526003091721 162.69989899599997 460.2976660480247
v -470.3526003091721 164.80776574799998 485.10752820346755
v -470.3526003091721 164.80776574799998 485.10752820346755
v -475.8329142562693 31.024097832 562.274209486685
v -475.9725400893164 31.024097832 556.3364038421771
v -475.8329142562693 39.916660692 562.274209486685
v -475.9725400893164 39.916660692 556.3364038421771
v -474.19231071796634 -46.242392796 540.1863464854778
v -474.19231071796634 -46.242392796 545.4942940408497
v -474.19231071796634 -38.337892476 540.1863464854778
v -474.19231071796634 -38.337892476 545.4942940408497
v -474.19231071796634 -46.242392796 524.5366445833833
v -474.19231071796634 -46.242392796 529.8440766618642
v -474.19231071796634 -38.337892476 524.5366445833833
v -474.19231071796634 -38.337892476 529.8440766618642
v -1394.0822052902784 390.020154032 360.15274868293113
v -1394.0822052902784 390.020154032 360.15274868293113
v -1538.1760649948471 419.92551357599996 371.0780197462796
v -1538.1760649948471 419.92551357599996 371.0780197462796
v -1568.0559932669187 438.63283099999995 443.20785995371915
v -1568.0559932669187 438.63283099999995 443.20785995371915
v -1442.0087724836826 440.74069775199996 370.3987844381551
v -1442.3578370663004 440.74069775199996 371.30326049794934
v -1442.3578370663004 440.74069775199996 371.30326049794934
v -1442.3578370663004 440.74069775199996 371.30326049794934
v -1396.6303767433872 475.84985334 370.9490122819741
v -1396.6303767433872 475.84985334 370.9490122819741
v -1396.6303767433872 475.84985334 370.9490122819741
v -1396.6303767433872 475.84985334 370.9490122819741
v -1588.7555230161456 490.6049206039999 520.7988185506194
v -1588.7555230161456 490.6049206039999 520.7988185506194
v -1606.5229102713845 517.480221692 548.5367565870024
v -1606.5229102713845 517.480221692 548.5367565870024
v -1464.6979703538302 551.864798084 549.6997232199936
v -1464.6979703538302 551.864798084 549.6997232199936
v -1436.8426166609413 552.5893772799999 530.9969649406087
v -1436.8426166609413 552.5893772799999 530.9969649406087
v -1417.6440646169701 557.397948308 514.3798003887808
v -1417.6440646169701 557.397948308 514.3798003887808
v -1354.044497664033 560.757360944 385.8907738423399
v -1354.044497664033 560.757360944 385.8907738423399
v -1354.044497664033 560.757360944 385.8907738423399
v -1354.044497664033 560.757360944 388.3063938391695
v -1397.0841607007903 564.77548194 480.88345125727517
v -1397.0841607007903 564.77548194 480.88345125727517
v -1290.4798371693578 568.991215444 332.40421681541034
v -14.369536035726554 -357.41622206 316.90970782266385
v -14.369536035726554 -357.41622206 316.90970782266385
v -14.369536035726554 -357.41622206 316.90970782266385
v 165.88741442803163 -284.69481911599996 329.0347443208236
v 165.88741442803163 -284.69481911599996 329.0347443208236
v 165.88741442803163 -284.69481911599996 329.0347443208236
v -14.055377911370663 -180.48715656399997 174.919043433708
v -14.055377911370663 -180.48715656399997 174.919043433708
v -14.055377911370663 -180.48715656399997 174.919043433708
v -8.36562521470285 -175.349231356 174.919043433708
v -14.055377911370663 -171.19936868799996 174.919043433708
v -14.055377911370663 -171.19936868799996 174.919043433708
v -14.055377911370663 -171.19936868799996 174.919043433708
v 166.8298888010993 -150.31831367599997 186.50892822506236
v 166.8298888010993 -150.31831367599997 186.50892822506236
v 166.8298888010993 -150.31831367599997 186.50892822506236
v 166.8298888010993 -148.60567193999998 186.50892822506236
v 166.8298888010993 -148.60567193999998 186.50892822506236
v 166.8298888010993 -134.04821718399998 186.50892822506236
v 166.8298888010993 -134.04821718399998 186.50892822506236
v 166.8298888010993 -134.04821718399998 186.50892822506236
v -1562.5407728615598 -634.73244162 270.4664919183342
v -1562.5407728615598 -634.73244162 270.4664919183342
v -1564.7049732737892 -634.73244162 265.4956521912829
v -1564.7049732737892 -634.73244162 265.4956521912829
v -1564.7049732737892 -634.73244162 275.4373316453856
v -1564.7049732737892 -634.73244162 275.4373316453856
v -1570.1154743043628 -634.73244162 264.730756339241
v -1570.1154743043628 -634.73244162 276.2022478040929
v -1580.831756990725 -634.73244162 272.4039352443116
v -1580.831756990725 -634.73244162 272.4039352443116
v -1582.3676411542426 -634.73244162 268.5290485923569
v -1582.3676411542426 -634.73244162 268.5290485923569
v -1530.8108023016146 -89.256048704 383.9261125554868
v -1530.8108023016146 -89.256048704 383.9261125554868
v -1532.9400962555824 -89.256048704 378.9552728284354
v -1532.9400962555824 -89.256048704 378.9552728284354
v -1532.9400962555824 -89.256048704 388.8969530635637
v -1532.9400962555824 -89.256048704 388.8969530635637
v -1538.350597286156 -89.256048704 378.1903769763935
v -1538.350597286156 -89.256048704 389.66184813458005
v -1549.1017864307798 -89.256048704 385.8635558814641
v -1549.1017864307798 -89.256048704 385.8635558814641
v -1550.6376705942976 -89.256048704 381.98866922950947
v -1550.6376705942976 -89.256048704 381.98866922950947
v -104.56782418412917 -2.174803512 619.7424615394568
v -104.56782418412917 -2.174803512 619.7424615394568
v -134.34303308141534 -2.174803512 527.3009573611482
v -134.34303308141534 -2.174803512 527.3009573611482
v -134.34303308141534 -2.174803512 619.7424615394568
v -134.34303308141534 -2.174803512 619.7424615394568
v -134.34303308141534 -2.174803512 619.7424615394568
v -134.34303308141534 -2.174803512 619.7424615394568
v -104.56782418412917 0.460029928 622.2417387495589
v -104.56782418412917 0.460029928 622.2417387495589
v -136.15816891102713 0.460029928 527.3009573611482
v -136.15816891102713 0.460029928 527.3009573611482
v -136.15816891102713 0.460029928 622.2417387495589
v -136.15816891102713 0.460029928 622.2417387495589
v -136.15816891102713 0.460029928 622.2417387495589
v -136.15816891102713 0.460029928 622.2417387495589
v -474.19231071796634 36.293764712 524.5366445833833
v -474.19231071796634 36.293764712 529.8440766618642
v -474.19231071796634 44.198265031999995 524.5366445833833
v -474.19231071796634 44.198265031999995 529.8440766618642
v -470.07334864307796 44.988715064 473.2928978306692
v -470.07334864307796 44.988715064 506.5126248798461
v -465.84966719340434 58.49223644399999 473.2928978306692
v -465.84966719340434 58.49223644399999 506.5126248798461
v -465.84966719340434 103.28440492399999 473.2928978306692
v -465.84966719340434 103.28440492399999 506.5126248798461
v -701.8871379594641 -278.70057303999994 198.55282631748574
v -851.9150955685332 -268.16123928 542.3318909564957
v -701.8871379594641 263.811632256 198.55282631748574
v -851.9150955685332 264.997307304 542.3318909564957
v -1215.3960454482997 590.6627204879999 510.8193468301429
v -1215.3960454482997 590.6627204879999 510.8193468301429
v -1196.1974934043285 591.12381634 508.6193664373734
v -1196.1974934043285 591.12381634 508.6193664373734
v -1186.8425625901752 591.5190413559999 511.40736615931
v -1186.8425625901752 591.5190413559999 511.40736615931
v -1186.8425625901752 591.5190413559999 511.40736615931
v -1186.8425625901752 591.5190413559999 511.40736615931
v -1229.2539093782204 591.5190413559999 519.5733628409914
v -1229.2539093782204 591.5190413559999 519.5733628409914
v -1229.2539093782204 591.5190413559999 519.5733628409914
v -1229.2539093782204 591.5190413559999 519.5733628409914
v -1214.5233839917555 591.5849121919999 506.5539481629239
v -1195.1502996564755 591.980137208 505.06042025812917
v -1142.05757664033 593.8903914519999 428.5286354601455
v -1142.05757664033 593.8903914519999 428.5286354601455
v -1215.2564196152525 595.207808172 509.98741867559227
v -1182.7236005152868 596.656966564 426.79978923045996
v -1182.7236005152868 596.656966564 426.79978923045996
v -1196.0578675712813 598.3037374639999 507.78795375971384
v -1186.8425625901752 600.1481208719999 511.40736615931
v -1186.8425625901752 600.1481208719999 511.40736615931
v -1186.8425625901752 600.1481208719999 511.40736615931
v -1142.05757664033 603.5734043439999 428.43339329425834
v -1142.05757664033 603.5734043439999 428.43339329425834
v -1186.8425625901752 785.5745242119999 511.40736615931
v -1186.8425625901752 785.5745242119999 511.40736615931
v -1195.1502996564755 785.5745242119999 505.06042025812917
v -1196.1974934043285 785.5745242119999 508.6193664373734
v -1214.5233839917555 785.5745242119999 506.5539481629239
v -1215.3960454482997 785.5745242119999 510.8193468301429
v -1229.4284416695293 785.7721367199999 519.8913066443467
v -1229.4284416695293 785.7721367199999 519.8913066443467
v -1592.4556075918929 -163.558351712 132.59208389251512
v -1769.9549478529714 -162.37267666399998 132.2425772829124
v -1769.9549478529714 -162.37267666399998 132.2425772829124
v -1768.4190636894539 -161.77983913999998 329.11435425947525
v -1768.4190636894539 -161.77983913999998 329.11435425947525
v -1768.4190636894539 -161.77983913999998 329.11435425947525
v -1395.1992119546549 -161.318743288 159.22196764327
v -1450.0372578838887 -160.46242242 181.6081363403327
v -1592.1414494675369 -160.46242242 246.35201277514255
v -1592.1414494675369 -160.46242242 246.35201277514255
v -1592.3508882171075 -157.366493128 132.08385257583475
v -1592.9093915492958 -155.126884704 245.05450511152233
v -1592.9093915492958 -155.126884704 245.05450511152233
v -1769.1870057712126 -149.59373447999997 320.2686270994437
v -1769.1870057712126 -149.59373447999997 320.2686270994437
v -1769.1870057712126 -149.59373447999997 320.2686270994437
v -1769.8502284781862 -149.330251136 132.15566631702129
v -1769.8502284781862 -149.330251136 132.15566631702129
v -1769.7804155616625 145.96870665199998 131.96190792596292
v -1769.7804155616625 145.96870665199998 131.96190792596292
v -1769.291725145998 146.56154417599998 318.7267341848284
v -1769.291725145998 146.56154417599998 318.7267341848284
v -1769.291725145998 146.56154417599998 318.7267341848284
v -1592.4556075918929 157.29849044399998 132.5588746843186
v -1395.3388377877018 159.274615524 159.53840484825727
v -1593.014110924081 160.39441973599997 243.51261297793266
v -1593.014110924081 160.39441973599997 243.51261297793266
v -1592.281075300584 164.21492822399998 132.91117892759394
v -1768.558689522501 165.13711992799998 329.43079068343695
v -1768.558689522501 165.13711992799998 329.43079068343695
v -1768.558689522501 165.13711992799998 329.43079068343695
v -1769.745509103401 165.33473243599997 132.56159265338079
v -1769.745509103401 165.33473243599997 132.56159265338079
v -1450.176883716936 166.388665812 181.92407681304311
v -1592.281075300584 166.388665812 246.66793372221315
v -1592.281075300584 166.388665812 246.66793372221315
v -475.8329142562693 16.269030567999998 562.274209486685
v -475.9725400893164 16.269030567999998 556.3364038421771
v -475.8329142562693 25.161593428 562.274209486685
v -475.9725400893164 25.161593428 556.3364038421771
v -474.8555334249399 36.293764712 532.3488882193152
v -474.8555334249399 36.293764712 537.6568365557126
v -474.8555334249399 44.198265031999995 532.3488882193152
v -474.8555334249399 44.198265031999995 537.6568365557126
v -466.4081705255926 -106.44833689999999 473.2928978306692
v -466.4081705255926 -106.44833689999999 506.5126248798461
v -466.4081705255926 -61.65616841999999 473.2928978306692
v -466.4081705255926 -61.65616841999999 506.5126248798461
v -470.5969455170045 -48.15264703999999 473.2928978306692
v -470.5969455170045 -48.15264703999999 506.5126248798461
v -474.19231071796634 -5.402474476 511.1146166795201
v -474.19231071796634 -5.402474476 516.4220487580009
v -474.19231071796634 2.2385425 511.1146166795201
v -474.19231071796634 2.2385425 516.4220487580009
v -1362.5965799381656 -170.738272836 151.17964245904568
v -1362.5965799381656 -170.738272836 151.17964245904568
v -1400.9587775678463 -167.04950602 374.3643708111505
v -1400.9587775678463 -167.04950602 374.3643708111505
v -1853.4511960151153 -43.47581768399999 413.94465313245894
v -1853.4511960151153 -43.47581768399999 413.94465313245894
v -1852.718160391618 -43.080592667999994 346.8798833898155
v -1852.718160391618 -43.080592667999994 346.8798833898155
v -1770.9672351425627 -25.09785444 367.510503373208
v -1770.9672351425627 -25.09785444 367.510503373208
v -1771.7700836825832 -25.09785444 331.37730015449296
v -1771.7700836825832 -25.09785444 331.37730015449296
v -1770.9672351425627 27.664685195999997 367.510503373208
v -1770.9672351425627 27.664685195999997 367.510503373208
v -1771.7700836825832 27.664685195999997 331.37730015449296
v -1771.7700836825832 27.664685195999997 331.37730015449296
v -1853.4511960151153 39.12621066 413.8569689512312
v -1853.4511960151153 39.12621066 413.8569689512312
v -1852.6832539333561 39.455564839999994 346.72367827129955
v -1852.6832539333561 39.455564839999994 346.72367827129955
v -1400.9587775678463 166.454536648 374.3643708111505
v -1400.9587775678463 166.454536648 374.3643708111505
v -1362.5965799381656 170.14330346399998 151.17964245904568
v -1362.5965799381656 170.14330346399998 151.17964245904568
v -474.19231071796634 -30.301650483999996 518.4391020226299
v -474.19231071796634 -30.301650483999996 527.3422798632005
v -474.19231071796634 7.705821888 518.4391020226299
v -474.19231071796634 7.705821888 527.3422798632005
v -707.2976389900379 -176.732518912 198.92621825176073
v -468.7119967708691 -163.95357672799997 291.9537384285915
v -468.7119967708691 -163.95357672799997 291.9537384285915
v -377.39670195809 -162.63616000799996 538.5285595262565
v -17.720556028856063 -134.311700528 536.7145682295446
v -17.720556028856063 -134.311700528 536.7145682295446
v -17.580930195809003 -127.8563586 311.90208803840676
v -17.580930195809003 -127.8563586 311.90208803840676
v -17.580930195809003 -127.8563586 311.90208803840676
v -17.580930195809003 118.17121386 311.90208803840676
v -17.580930195809003 118.17121386 311.90208803840676
v -17.580930195809003 118.17121386 311.90208803840676
v -17.720556028856063 120.80604729999999 536.7145682295446
v -17.720556028856063 120.80604729999999 536.7145682295446
v -377.39670195809 159.472228032 538.5285595262565
v -468.7119967708691 160.789644752 291.9537384285915
v -468.7119967708691 160.789644752 291.9537384285915
v -707.2976389900379 173.56858693599997 198.92621825176073
v -1567.113518893851 -634.73244162 318.47125993246993
v -1567.113518893851 -634.73244162 318.47125993246993
v -1571.0928551356924 -634.73244162 308.52807231794793
v -1571.0928551356924 -634.73244162 308.52807231794793
v -1571.0928551356924 -634.73244162 328.4139515957406
v -1571.0928551356924 -634.73244162 328.4139515957406
v -1579.0515276193748 -634.73244162 308.52807231794793
v -1579.0515276193748 -634.73244162 308.52807231794793
v -1579.0515276193748 -634.73244162 328.4139515957406
v -1579.0515276193748 -634.73244162 328.4139515957406
v -1583.0308638612162 -634.73244162 318.47125993246993
v -1583.0308638612162 -634.73244162 318.47125993246993
v -1567.113518893851 631.3050262999999 318.47125993246993
v -1567.113518893851 631.3050262999999 318.47125993246993
v -1571.0928551356924 631.3050262999999 308.52807231794793
v -1571.0928551356924 631.3050262999999 308.52807231794793
v -1571.0928551356924 631.3050262999999 328.4139515957406
v -1571.0928551356924 631.3050262999999 328.4139515957406
v -1579.0515276193748 631.3050262999999 308.52807231794793
v -1579.0515276193748 631.3050262999999 308.52807231794793
v -1579.0515276193748 631.3050262999999 328.4139515957406
v -1579.0515276193748 631.3050262999999 328.4139515957406
v -1583.0308638612162 631.3050262999999 318.47125993246993
v -1583.0308638612162 631.3050262999999 318.47125993246993
v -475.8329142562693 46.108519275999996 562.274209486685
v -475.9725400893164 46.108519275999996 556.3364038421771
v -475.8329142562693 54.9352113 562.274209486685
v -475.9725400893164 54.9352113 556.3364038421771
v -475.8329142562693 1.90918832 562.274209486685
v -475.9725400893164 1.90918832 556.3364038421771
v -475.8329142562693 10.801751179999998 562.274209486685
v -475.9725400893164 10.801751179999998 556.3364038421771
v -687.5405836138784 -774.181001432 168.1523439190766
v -687.5405836138784 -774.181001432 168.1523439190766
v -687.5405836138784 -774.181001432 168.1523439190766
v -495.90412775678465 -761.2703175759999 173.43408572274063
v -495.90412775678465 -761.2703175759999 173.43408572274063
v -495.90412775678465 -761.2703175759999 173.43408572274063
v -514.9979604259705 -759.755288348 185.75764096294554
v -514.9979604259705 -759.755288348 185.75764096294554
v -514.9979604259705 743.6148016799999 185.75764096294554
v -514.9979604259705 743.6148016799999 185.75764096294554
v -495.90412775678465 744.536993384 173.43408572274063
v -495.90412775678465 744.536993384 173.43408572274063
v -495.90412775678465 744.536993384 173.43408572274063
v -696.5115433871522 758.0405147639999 168.5116305311496
v -696.5115433871522 758.0405147639999 168.5116305311496
v -696.5115433871522 758.0405147639999 168.5116305311496
v -475.8329142562693 -14.295037335999998 556.3364038421771
v -475.9725400893164 -14.295037335999998 562.274209486685
v -475.8329142562693 -5.402474476 556.3364038421771
v -475.9725400893164 -5.402474476 562.274209486685
v -474.19231071796634 -30.301650483999996 528.5344677877124
v -474.19231071796634 -30.301650483999996 537.331829156898
v -474.19231071796634 7.705821888 528.5344677877124
v -474.19231071796634 7.705821888 537.331829156898
v 39.70056781174854 -304.126715736 304.24755690038455
v 39.70056781174854 -304.126715736 304.24755690038455
v 39.00243864651323 -304.126715736 293.0804209556283
v 39.00243864651323 -304.126715736 293.0804209556283
v 43.08649426313981 -302.80929901599995 297.46625689332546
v 43.08649426313981 -302.80929901599995 297.46625689332546
v 43.08649426313981 299.64536703999994 297.46625689332546
v 43.08649426313981 299.64536703999994 297.46625689332546
v 39.70056781174854 305.37612977199996 304.24755690038455
v 39.70056781174854 305.37612977199996 304.24755690038455
v 39.00243864651323 305.37612977199996 293.0804209556283
v 39.00243864651323 305.37612977199996 293.0804209556283
v -474.19231071796634 36.293764712 532.3488882193152
v -474.19231071796634 36.293764712 537.6568365557126
v -474.19231071796634 44.198265031999995 532.3488882193152
v -474.19231071796634 44.198265031999995 537.6568365557126
v -581.8787344555135 -442.52134217199995 599.6096782031332
v -581.8787344555135 -442.52134217199995 599.6096782031332
v -581.9834538302988 -442.3896005 562.4873498088489
v -581.9834538302988 -442.3896005 562.4873498088489
v -581.9834538302988 -442.3896005 562.4873498088489
v -581.1107923737547 -439.75476705999995 602.2812879292123
v -581.1107923737547 -439.75476705999995 602.2812879292123
v -581.1107923737547 -439.75476705999995 602.2812879292123
v -581.1107923737547 -439.75476705999995 602.2812879292123
v -581.3551375815872 -439.623025388 559.8953695470611
v -581.3551375815872 -439.623025388 559.8953695470611
v -581.3551375815872 -439.623025388 559.8953695470611
v -581.3551375815872 -439.623025388 559.8953695470611
v -565.5425119890073 -433.29942513199995 566.4252222697171
v -565.5425119890073 -433.29942513199995 566.4252222697171
v -565.5425119890073 -433.29942513199995 566.4252222697171
v -565.7519507385778 -432.574845936 596.4175570949815
v -566.5897057368602 -427.70040407199997 566.0966846352239
v -566.5897057368602 -427.70040407199997 566.0966846352239
v -567.1133026107867 -426.975824876 594.5924760158806
v -567.1133026107867 -426.975824876 594.5924760158806
v -563.3783115767777 -422.167253848 561.98346333754
v -563.4481244933013 -421.837899668 601.0865608904988
v -551.1959576434216 -396.80698198799996 573.3415803463475
v -550.7421736860186 -396.47762780799997 580.5703275723188
v -554.0233807626246 -391.60318594399996 566.093669095411
v -552.6271224321539 -391.27383176399997 587.5662955876008
v -544.1448530745448 -327.77434586 566.6635569154464
v -540.0607974579183 -327.5108625159999 580.3375280549641
v -543.970320783236 -327.31325000799995 587.7990747982901
v -540.09570391618 -327.24737917199997 573.6570053421667
v -541.3872428718654 -320.52855389999996 582.5899004255095
v -541.3872428718654 -320.52855389999996 582.5899004255095
v -541.2476170388182 -320.133328884 571.9992183829454
v -541.2476170388182 -320.133328884 571.9992183829454
v -550.1836703538303 -318.55242882 561.98346333754
v -550.1836703538303 -318.55242882 561.98346333754
v -550.3232961868773 -318.35481631199997 597.5079750417035
v -558.7357526279629 -315.58824119999997 565.9676974775839
v -558.7357526279629 -315.58824119999997 565.9676974775839
v -558.8055655444864 -314.27082447999993 594.5430995779177
v -558.8055655444864 -314.27082447999993 594.5430995779177
v -548.3685345242185 -311.899474384 592.4630597233495
v -548.3685345242185 -311.899474384 592.4630597233495
v -548.4034409824802 -311.8336035479999 567.4914581020417
v -548.4034409824802 -311.8336035479999 567.4914581020417
v -570.5690419787014 -307.617870044 602.7665266334727
v -570.5690419787014 -307.617870044 602.7665266334727
v -570.4643226039161 -307.42025753599995 559.6706247466427
v -570.4643226039161 -307.42025753599995 559.6706247466427
v -570.4643226039161 -307.42025753599995 559.6706247466427
v -569.2425965647544 -303.66561988399997 563.8579208546038
v -569.2425965647544 -303.66561988399997 563.8579208546038
v -569.3124094812779 -303.07278235999996 599.2947491585651
v -569.3124094812779 -303.07278235999996 599.2947491585651
v -569.3124094812779 -303.07278235999996 599.2947491585651
v -474.19231071796634 -27.732687879999997 511.1146166795201
v -474.19231071796634 -27.732687879999997 516.4220487580009
v -474.19231071796634 -19.762316723999998 511.1146166795201
v -474.19231071796634 -19.762316723999998 516.4220487580009
v -474.19231071796634 -72.788339704 459.23597266054657
v -474.19231071796634 -72.788339704 500.4110561321628
v -474.19231071796634 -70.15350626399999 456.86669481725266
v -474.19231071796634 -70.15350626399999 502.78033397545676
v -474.19231071796634 66.989574288 456.86669481725266
v -474.19231071796634 66.989574288 502.78033397545676
v -474.19231071796634 69.624407728 459.23597266054657
v -474.19231071796634 69.624407728 500.4110561321628
v -475.8329142562693 -58.494368292 556.3364038421771
v -475.9725400893164 -58.494368292 562.274209486685
v -475.8329142562693 -49.601805432 556.3364038421771
v -475.9725400893164 -49.601805432 562.274209486685
v -1608.3031396427343 268.94955746399995 164.51227964076142
v -1608.3031396427343 268.94955746399995 164.51227964076142
v -1606.9417877705257 273.362903476 236.751964068567
v -1606.9417877705257 273.362903476 236.751964068567
v -1608.3031396427343 278.105603668 164.51227964076142
v -1608.3031396427343 278.105603668 164.51227964076142
v -1606.9417877705257 282.453078844 236.751964068567
v -1606.9417877705257 282.453078844 236.751964068567
v -1392.8953857093782 362.88136959999997 164.11270226144399
v -1392.8953857093782 362.88136959999997 164.11270226144399
v -1394.2218311233255 -409.4541825 164.11270226144399
v -1394.2218311233255 -409.4541825 164.11270226144399
v -1606.9417877705257 -285.61701081999996 236.751964068567
v -1606.9417877705257 -285.61701081999996 236.751964068567
v -1608.3031396427343 -281.26953564400003 164.51227964076142
v -1608.3031396427343 -281.26953564400003 164.51227964076142
v -1606.9417877705257 -276.52683545199994 236.751964068567
v -1606.9417877705257 -276.52683545199994 236.751964068567
v -1608.3031396427343 -272.11348943999997 164.51227964076142
v -1608.3031396427343 -272.11348943999997 164.51227964076142
v -474.19231071796634 36.293764712 540.1863464854778
v -474.19231071796634 36.293764712 545.4942940408497
v -474.19231071796634 44.198265031999995 540.1863464854778
v -474.19231071796634 44.198265031999995 545.4942940408497
v -465.84966719340434 -106.44833689999999 473.2928978306692
v -465.84966719340434 -106.44833689999999 506.5126248798461
v -465.84966719340434 -61.65616841999999 473.2928978306692
v -465.84966719340434 -61.65616841999999 506.5126248798461
v -470.07334864307796 -48.15264703999999 473.2928978306692
v -470.07334864307796 -48.15264703999999 506.5126248798461
v -1186.14443342494 785.7721367199999 499.8567810137231
v -1186.14443342494 785.7721367199999 499.8567810137231
v -1186.1793398832015 785.7721367199999 516.5097329392286
v -1186.1793398832015 785.7721367199999 516.5097329392286
v -1190.29830195809 785.7721367199999 496.6555937604928
v -1190.29830195809 785.7721367199999 496.6555937604928
v -1190.3332084163517 785.7721367199999 519.8595657642643
v -1190.3332084163517 785.7721367199999 519.8595657642643
v -1229.4284416695293 785.7721367199999 496.6883468497432
v -1229.4284416695293 785.7721367199999 496.6883468497432
v -1229.4284416695293 785.7721367199999 519.8913066443467
v -1229.4284416695293 785.7721367199999 519.8913066443467
v -1186.14443342494 -788.9360686959999 499.8567810137231
v -1186.14443342494 -788.9360686959999 499.8567810137231
v -1186.1793398832015 -788.9360686959999 516.5097329392286
v -1186.1793398832015 -788.9360686959999 516.5097329392286
v -1190.29830195809 -788.9360686959999 496.6555937604928
v -1190.29830195809 -788.9360686959999 496.6555937604928
v -1190.3332084163517 -788.9360686959999 519.8595657642643
v -1190.3332084163517 -788.9360686959999 519.8595657642643
v -1229.4284416695293 -788.9360686959999 496.6883468497432
v -1229.4284416695293 -788.9360686959999 496.6883468497432
v -1229.4284416695293 -788.9360686959999 519.8913066443467
v -1229.4284416695293 -788.9360686959999 519.8913066443467
v -474.19231071796634 16.598384747999997 511.1146166795201
v -474.19231071796634 16.598384747999997 516.4220487580009
v -474.19231071796634 24.568755904 511.1146166795201
v -474.19231071796634 24.568755904 516.4220487580009
v -475.8329142562693 -28.720750419999995 556.3364038421771
v -475.9725400893164 -28.720750419999995 562.274209486685
v -475.8329142562693 -19.828187559999996 556.3364038421771
v -475.9725400893164 -19.828187559999996 562.274209486685
v -470.5969455170045 44.988715064 473.2928978306692
v -470.5969455170045 44.988715064 506.5126248798461
v -466.4081705255926 58.49223644399999 473.2928978306692
v -466.4081705255926 58.49223644399999 506.5126248798461
v -466.4081705255926 103.28440492399999 473.2928978306692
v -466.4081705255926 103.28440492399999 506.5126248798461
v -1530.8108023016146 86.092116728 383.9261125554868
v -1530.8108023016146 86.092116728 383.9261125554868
v -1532.9400962555824 86.092116728 378.9552728284354
v -1532.9400962555824 86.092116728 378.9552728284354
v -1532.9400962555824 86.092116728 388.8969530635637
v -1532.9400962555824 86.092116728 388.8969530635637
v -1538.350597286156 86.092116728 378.1903769763935
v -1538.350597286156 86.092116728 389.66184813458005
v -1549.1017864307798 86.092116728 385.8635558814641
v -1549.1017864307798 86.092116728 385.8635558814641
v -1550.6376705942976 86.092116728 381.98866922950947
v -1550.6376705942976 86.092116728 381.98866922950947
v -1562.5407728615598 631.3050262999999 270.4664919183342
v -1562.5407728615598 631.3050262999999 270.4664919183342
v -1564.7049732737892 631.3050262999999 265.4956521912829
v -1564.7049732737892 631.3050262999999 265.4956521912829
v -1564.7049732737892 631.3050262999999 275.4373316453856
v -1564.7049732737892 631.3050262999999 275.4373316453856
v -1570.1154743043628 631.3050262999999 264.730756339241
v -1570.1154743043628 631.3050262999999 276.2022478040929
v -1580.831756990725 631.3050262999999 272.4039352443116
v -1580.831756990725 631.3050262999999 272.4039352443116
v -1582.3676411542426 631.3050262999999 268.5290485923569
v -1582.3676411542426 631.3050262999999 268.5290485923569
v 322.8268507729303 -733.53869562 234.5802130648157
v 322.8268507729303 -733.53869562 234.5802130648157
v 315.8804655788389 -733.53869562 245.77454744480798
v 196.70981707317074 -715.687699064 317.23372253795037
v 196.70981707317074 -715.687699064 317.23372253795037
v 207.00722226039161 -298.395953004 306.6994602221431
v 207.00722226039161 -298.395953004 306.6994602221431
v 314.79836537272416 -267.370789248 231.27069053266422
v 321.7447505668155 -264.14311828399997 220.0763374080577
v 321.7447505668155 -264.14311828399997 220.0763374080577
v 225.85670972174512 -174.29529797999996 254.77598299107865
v 225.85670972174512 -174.29529797999996 254.77598299107865
v 321.7447505668155 -157.30062229199999 209.88070982560444
v 321.7447505668155 -157.30062229199999 209.88070982560444
v 314.79836537272416 -157.30062229199999 221.0750442055967
v 254.72435070422537 -35.439575692 226.94077837047251
v 254.72435070422537 -35.439575692 226.94077837047251
v 321.7447505668155 -30.631004663999995 199.44270188485228
v 321.7447505668155 -30.631004663999995 199.44270188485228
v 314.79836537272416 -30.631004663999995 210.63703548381898
v 254.72435070422537 22.395018315999998 226.94077837047251
v 254.72435070422537 22.395018315999998 226.94077837047251
v 321.7447505668155 22.460889152 199.44270188485228
v 321.7447505668155 22.460889152 199.44270188485228
v 314.79836537272416 22.460889152 210.63703548381898
v 321.7447505668155 149.19637761599998 209.88070982560444
v 321.7447505668155 149.19637761599998 209.88070982560444
v 314.79836537272416 149.19637761599998 221.0750442055967
v 225.85670972174512 166.191053304 254.77598299107865
v 225.85670972174512 166.191053304 254.77598299107865
v 321.7447505668155 256.03887360799996 220.0763374080577
v 321.7447505668155 256.03887360799996 220.0763374080577
v 314.79836537272416 259.266544572 231.27069053266422
v 207.00722226039161 290.29170832799997 306.6994602221431
v 207.00722226039161 290.29170832799997 306.6994602221431
v 196.70981707317074 714.2364088239999 317.23372253795037
v 196.70981707317074 714.2364088239999 317.23372253795037
v 322.4428797320508 730.76998866 234.5802130648157
v 322.4428797320508 730.76998866 234.5802130648157
v 315.4964945379595 730.76998866 245.77454744480798
v 177.12729398832016 695.1997372199999 187.42298590682634
v 177.12729398832016 695.1997372199999 187.42298590682634
v 177.12729398832016 695.1997372199999 187.42298590682634
v 175.3819710752319 695.1997372199999 331.0583441419696
v 175.3819710752319 695.1997372199999 331.0583441419696
v 175.3819710752319 695.1997372199999 331.0583441419696
v 176.91785523874958 717.991046476 255.52778573008658
v 176.91785523874958 717.991046476 255.52778573008658
v 175.73103565784956 719.3084631959999 331.0583441419696
v 175.73103565784956 719.3084631959999 331.0583441419696
v 175.73103565784956 719.3084631959999 331.0583441419696
v 317.3465368258331 729.979538628 291.00542027818346
v 317.3465368258331 729.979538628 291.00542027818346
v 175.94047440742014 743.219576664 193.73920313709274
v 175.94047440742014 743.219576664 193.73920313709274
v 175.94047440742014 743.219576664 193.73920313709274
v 317.3814432840948 750.2018852799998 291.71286466866076
v 317.3814432840948 750.2018852799998 291.71286466866076
v 447.6523455170045 759.0285773039999 184.97108258506785
v 447.6523455170045 759.0285773039999 184.97108258506785
v 447.722158433528 759.292060648 309.14785283386294
v 447.722158433528 759.292060648 309.14785283386294
v 447.722158433528 759.292060648 309.14785283386294
v 454.21475967021644 771.873390324 188.2130760824337
v 454.21475967021644 771.873390324 188.2130760824337
v 453.5515369632429 771.9392611599999 295.91527830799174
v 453.5515369632429 771.9392611599999 295.91527830799174
v 447.5476261422192 788.999807684 309.14785283386294
v 447.5476261422192 788.999807684 309.14785283386294
v 447.5476261422192 788.999807684 309.14785283386294
v 447.5127196839574 789.7902577159999 201.53180710347357
v 447.5127196839574 789.7902577159999 201.53180710347357
v 447.5127196839574 789.7902577159999 201.53180710347357
v 442.59090906904845 809.5515085159999 189.7504452968167
v 442.59090906904845 809.5515085159999 189.7504452968167
v 441.89277990381316 811.7252461039999 185.47496905637666
v 441.89277990381316 811.7252461039999 185.47496905637666
v 441.89277990381316 811.7252461039999 185.47496905637666
v 176.4989777396084 813.3061461679998 187.94401276578992
v 176.4989777396084 813.3061461679998 187.94401276578992
v 176.4989777396084 813.3061461679998 187.94401276578992
v 176.28953899003778 813.3061461679998 193.61473889865923
v 176.28953899003778 813.3061461679998 193.61473889865923
v 176.28953899003778 813.3061461679998 193.61473889865923
v -473.947965510134 57.504173904 528.2986527305449
v -473.947965510134 57.504173904 528.2986527305449
v -478.1716469598076 57.504173904 528.2986527305449
v -478.1716469598076 57.504173904 528.2986527305449
v -473.947965510134 57.833528083999994 526.7260311450151
v -473.947965510134 57.833528083999994 526.7260311450151
v -473.947965510134 57.833528083999994 529.8712946227399
v -473.947965510134 57.833528083999994 529.8712946227399
v -478.1716469598076 57.833528083999994 526.7260311450151
v -478.1716469598076 57.833528083999994 526.7260311450151
v -478.1716469598076 57.833528083999994 529.8712946227399
v -478.1716469598076 57.833528083999994 529.8712946227399
v -473.947965510134 58.623978115999996 525.2602171523474
v -473.947965510134 58.623978115999996 525.2602171523474
v -473.947965510134 58.623978115999996 531.3365923574909
v -473.947965510134 58.623978115999996 531.3365923574909
v -478.1716469598076 58.623978115999996 525.2602171523474
v -478.1716469598076 58.623978115999996 525.2602171523474
v -478.1716469598076 58.623978115999996 531.3365923574909
v -478.1716469598076 58.623978115999996 531.3365923574909
v -473.947965510134 59.87552399999999 524.0020091344946
v -473.947965510134 59.87552399999999 524.0020091344946
v -473.947965510134 59.87552399999999 532.595296326595
v -473.947965510134 59.87552399999999 532.595296326595
v -478.1716469598076 59.87552399999999 524.0020091344946
v -478.1716469598076 59.87552399999999 524.0020091344946
v -478.1716469598076 59.87552399999999 532.595296326595
v -478.1716469598076 59.87552399999999 532.595296326595
v -473.947965510134 61.5222949 523.0360741708204
v -473.947965510134 61.5222949 523.0360741708204
v -473.947965510134 61.5222949 533.560735339018
v -473.947965510134 61.5222949 533.560735339018
v -478.1716469598076 61.5222949 523.0360741708204
v -478.1716469598076 61.5222949 523.0360741708204
v -478.1716469598076 61.5222949 533.560735339018
v -478.1716469598076 61.5222949 533.560735339018
v -473.947965510134 63.432549144 522.4288908166881
v -473.947965510134 63.432549144 522.4288908166881
v -473.947965510134 63.432549144 534.1679186931503
v -473.947965510134 63.432549144 534.1679186931503
v -478.1716469598076 63.432549144 522.4288908166881
v -478.1716469598076 63.432549144 522.4288908166881
v -478.1716469598076 63.432549144 534.1679186931503
v -478.1716469598076 63.432549144 534.1679186931503
v -473.947965510134 65.47454506 522.2222978320668
v -473.947965510134 65.47454506 522.2222978320668
v -473.947965510134 65.47454506 534.3750279356882
v -473.947965510134 65.47454506 534.3750279356882
v -478.1716469598076 65.47454506 522.2222978320668
v -478.1716469598076 65.47454506 522.2222978320668
v -478.1716469598076 65.47454506 534.3750279356882
v -478.1716469598076 65.47454506 534.3750279356882
v -473.947965510134 67.51654097599999 522.4288908166881
v -473.947965510134 67.51654097599999 522.4288908166881
v -473.947965510134 67.51654097599999 534.1679186931503
v -473.947965510134 67.51654097599999 534.1679186931503
v -478.1716469598076 67.51654097599999 522.4288908166881
v -478.1716469598076 67.51654097599999 522.4288908166881
v -478.1716469598076 67.51654097599999 534.1679186931503
v -478.1716469598076 67.51654097599999 534.1679186931503
v -473.947965510134 69.42679521999999 523.0360741708204
v -473.947965510134 69.42679521999999 523.0360741708204
v -473.947965510134 69.42679521999999 533.560735339018
v -473.947965510134 69.42679521999999 533.560735339018
v -478.1716469598076 69.42679521999999 523.0360741708204
v -478.1716469598076 69.42679521999999 523.0360741708204
v -478.1716469598076 69.42679521999999 533.560735339018
v -478.1716469598076 69.42679521999999 533.560735339018
v -473.947965510134 71.07356612 524.0020091344946
v -473.947965510134 71.07356612 524.0020091344946
v -473.947965510134 71.07356612 532.595296326595
v -473.947965510134 71.07356612 532.595296326595
v -478.1716469598076 71.07356612 524.0020091344946
v -478.1716469598076 71.07356612 524.0020091344946
v -478.1716469598076 71.07356612 532.595296326595
v -478.1716469598076 71.07356612 532.595296326595
v -473.947965510134 72.32511200399999 525.2602171523474
v -473.947965510134 72.32511200399999 525.2602171523474
v -473.947965510134 72.32511200399999 531.3365923574909
v -473.947965510134 72.32511200399999 531.3365923574909
v -478.1716469598076 72.32511200399999 525.2602171523474
v -478.1716469598076 72.32511200399999 525.2602171523474
v -478.1716469598076 72.32511200399999 531.3365923574909
v -478.1716469598076 72.32511200399999 531.3365923574909
v -473.947965510134 73.18143287199999 526.7260311450151
v -473.947965510134 73.18143287199999 526.7260311450151
v -473.947965510134 73.18143287199999 529.8712946227399
v -473.947965510134 73.18143287199999 529.8712946227399
v -478.1716469598076 73.18143287199999 526.7260311450151
v -478.1716469598076 73.18143287199999 526.7260311450151
v -478.1716469598076 73.18143287199999 529.8712946227399
v -478.1716469598076 73.18143287199999 529.8712946227399
v -473.947965510134 73.444916216 528.2986527305449
v -473.947965510134 73.444916216 528.2986527305449
v -478.1716469598076 73.444916216 528.2986527305449
v -478.1716469598076 73.444916216 528.2986527305449
v 448.17594239093097 -774.9055806279999 204.17116047257917
v 448.17594239093097 -774.9055806279999 204.17116047257917
v 445.488145104775 -774.9055806279999 201.70162081191464
v 437.1804080384748 -774.9055806279999 218.07289273335383
v 284.0457756441086 -726.8198703479999 222.1483225456896
v 284.0457756441086 -726.8198703479999 222.1483225456896
v 450.6543009275163 -386.926356588 197.8458778782597
v 450.6543009275163 -386.926356588 197.8458778782597
v 445.1739869804191 -386.926356588 195.05182755105736
v 437.07568866368945 -386.926356588 212.07160454765543
v 282.85895606320855 -385.674810704 216.14653840873993
v 282.85895606320855 -385.674810704 216.14653840873993
v 450.82883321882514 -187.07424016399997 183.48108647800274
v 450.82883321882514 -187.07424016399997 183.48108647800274
v 445.27870635520446 -187.07424016399997 178.54401048731862
v 437.4596597045689 -187.07424016399997 194.61596528475988
v 283.90614981106154 -185.82269427999998 194.7338829666764
v 283.90614981106154 -185.82269427999998 194.7338829666764
v 437.4596597045689 -107.831624456 191.09933351007044
v 360.7003579869461 -107.172916096 191.1577963997774
v 450.82883321882514 -28.523137911999996 176.44683102612126
v 450.82883321882514 -28.523137911999996 176.44683102612126
v 445.27870635520446 -28.523137911999996 171.51025098668842
v 437.4596597045689 -28.523137911999996 187.58220656515527
v 283.90614981106154 -27.271592027999997 187.6996275147949
v 283.90614981106154 -27.271592027999997 187.6996275147949
v 283.90614981106154 19.167347352 187.6996275147949
v 283.90614981106154 19.167347352 187.6996275147949
v 450.82883321882514 20.418893236 176.44683102612126
v 450.82883321882514 20.418893236 176.44683102612126
v 445.27870635520446 20.418893236 171.51025098668842
v 437.4596597045689 20.418893236 187.58220656515527
v 360.7003579869461 99.06867141999999 191.1577963997774
v 283.90614981106154 177.71844960399997 194.7338829666764
v 283.90614981106154 177.71844960399997 194.7338829666764
v 450.82883321882514 178.969995488 183.48108647800274
v 450.82883321882514 178.969995488 183.48108647800274
v 445.27870635520446 178.969995488 178.54401048731862
v 437.4596597045689 178.969995488 194.61596528475988
v 282.85895606320855 377.504695192 216.14653840873993
v 282.85895606320855 377.504695192 216.14653840873993
v 450.6543009275163 378.756241076 197.8458778782597
v 450.6543009275163 378.756241076 197.8458778782597
v 445.1739869804191 378.756241076 195.05182755105736
v 437.07568866368945 378.756241076 212.07160454765543
v 284.98825001717626 711.6015753839998 222.1483225456896
v 284.98825001717626 711.6015753839998 222.1483225456896
v 445.488145104775 771.6099069799999 201.70162081191464
v 437.1804080384748 771.6099069799999 218.07289273335383
v 447.68725197526624 771.8075194879999 204.17116047257917
v 447.68725197526624 771.8075194879999 204.17116047257917
v -1398.4106061147372 -573.999530828 480.88345125727517
v -1398.4106061147372 -573.999530828 480.88345125727517
v -1291.0034340432842 -572.682114108 331.845418777764
v -1353.3812749570595 -567.478318064 384.4657668748334
v -1353.3812749570595 -567.478318064 384.4657668748334
v -1353.3812749570595 -567.478318064 384.4657668748334
v -1353.3812749570595 -567.478318064 386.8814071783284
v -1417.6440646169701 -562.9332303799999 514.3798003887808
v -1417.6440646169701 -562.9332303799999 514.3798003887808
v -1464.6979703538302 -555.0287300599999 549.6997232199936
v -1464.6979703538302 -555.0287300599999 549.6997232199936
v -1436.8426166609413 -554.896988388 530.9969649406087
v -1436.8426166609413 -554.896988388 530.9969649406087
v -1606.5229102713845 -516.494291 548.5367565870024
v -1606.5229102713845 -516.494291 548.5367565870024
v -1395.8275282033667 -495.942590168 370.9490122819741
v -1395.8275282033667 -495.942590168 370.9490122819741
v -1395.8275282033667 -495.942590168 370.9490122819741
v -1395.8275282033667 -495.942590168 370.9490122819741
v -1588.7555230161456 -491.85859833599994 520.7988185506194
v -1588.7555230161456 -491.85859833599994 520.7988185506194
v -1442.8814339402268 -460.701692908 370.19167519561717
v -1443.2304985228443 -460.701692908 371.09565530416006
v -1443.2304985228443 -460.701692908 371.09565530416006
v -1443.2304985228443 -460.701692908 371.09565530416006
v -1567.4625834764686 -441.862633812 442.4837711268384
v -1567.4625834764686 -441.862633812 442.4837711268384
v -1538.9789135348676 -426.25124567999995 371.0780197462796
v -1538.9789135348676 -426.25124567999995 371.0780197462796
v -1394.012392373755 -411.82553259599996 359.46292032469444
v -1394.012392373755 -411.82553259599996 359.46292032469444
v -362.28220553074544 -14.031553992 562.2021583137183
v -362.28220553074544 -14.031553992 562.2021583137183
v -362.2123926142219 -1.7795784959999998 588.1684397646097
v -362.2123926142219 -1.7795784959999998 588.1684397646097
v -362.2123926142219 -1.7795784959999998 588.1684397646097
v -313.51788333905876 -1.516095152 559.302291515131
v -313.51788333905876 -1.516095152 559.302291515131
v -362.28220553074544 11.196976195999998 562.5337114880244
v -362.28220553074544 11.196976195999998 562.5337114880244
v -474.8555334249399 -46.242392796 532.3488882193152
v -474.8555334249399 -46.242392796 537.6568365557126
v -474.8555334249399 -38.337892476 532.3488882193152
v -474.8555334249399 -38.337892476 537.6568365557126
v -474.19231071796634 11.789813719999998 531.7225611468832
v -474.19231071796634 11.789813719999998 550.7039643648816
v -474.19231071796634 30.365389471999997 531.7225611468832
v -474.19231071796634 30.365389471999997 550.7039643648816
v -474.19231071796634 -30.301650483999996 538.4937835807212
v -474.19231071796634 -30.301650483999996 550.7039643648816
v -474.19231071796634 7.705821888 538.4937835807212
v -474.19231071796634 7.705821888 550.7039643648816
v -450.94460951563036 159.14287385199998 338.7804043147774
v -377.39670195809 159.472228032 538.5285595262565
v -468.7119967708691 160.789644752 291.9537384285915
v -705.9362871178289 174.55664947599996 198.47524001614445
v -462.81280532463074 176.532774556 350.3728086946934
v -462.81280532463074 176.532774556 350.3728086946934
v -791.4222034008932 223.76216396799998 356.2959943211338
v -791.4222034008932 223.76216396799998 356.2959943211338
v -400.2255256612848 230.94208509199996 533.3203973626438
v -400.2255256612848 230.94208509199996 533.3203973626438
v -479.46318591549294 246.15824820799997 361.96523260024924
v -479.46318591549294 246.15824820799997 361.96523260024924
v -479.46318591549294 246.15824820799997 361.96523260024924
v -851.9150955685332 264.997307304 542.3318909564957
v -794.6335975609757 269.80587833199996 367.8884182266896
v -794.6335975609757 269.80587833199996 367.8884182266896
v -473.947965510134 -75.620785652 524.5925675778633
v -473.947965510134 -75.620785652 524.5925675778633
v -478.1716469598076 -75.620785652 524.5925675778633
v -478.1716469598076 -75.620785652 524.5925675778633
v -473.947965510134 -75.42317314399999 526.2760643375412
v -473.947965510134 -75.42317314399999 526.2760643375412
v -478.1716469598076 -75.42317314399999 526.2760643375412
v -478.1716469598076 -75.42317314399999 526.2760643375412
v -473.947965510134 -75.22556063599998 522.9262112058401
v -473.947965510134 -75.22556063599998 522.9262112058401
v -478.1716469598076 -75.22556063599998 522.9262112058401
v -478.1716469598076 -75.22556063599998 522.9262112058401
v -473.947965510134 -74.632723112 527.861779036105
v -473.947965510134 -74.632723112 527.861779036105
v -478.1716469598076 -74.632723112 527.861779036105
v -478.1716469598076 -74.632723112 527.861779036105
v -473.947965510134 -74.303368932 521.3908851544072
v -473.947965510134 -74.303368932 521.3908851544072
v -478.1716469598076 -74.303368932 521.3908851544072
v -478.1716469598076 -74.303368932 521.3908851544072
v -473.947965510134 -73.381177228 529.2424284361065
v -473.947965510134 -73.381177228 529.2424284361065
v -478.1716469598076 -73.381177228 529.2424284361065
v -478.1716469598076 -73.381177228 529.2424284361065
v -473.947965510134 -72.92008137599998 520.0903424253343
v -473.947965510134 -72.92008137599998 520.0903424253343
v -478.1716469598076 -72.92008137599998 520.0903424253343
v -478.1716469598076 -72.92008137599998 520.0903424253343
v -473.947965510134 -71.66853549199999 530.3227688096075
v -473.947965510134 -71.66853549199999 530.3227688096075
v -478.1716469598076 -71.66853549199999 530.3227688096075
v -478.1716469598076 -71.66853549199999 530.3227688096075
v -473.947965510134 -71.141568804 519.1143103627991
v -473.947965510134 -71.141568804 519.1143103627991
v -478.1716469598076 -71.141568804 519.1143103627991
v -478.1716469598076 -71.141568804 519.1143103627991
v -473.947965510134 -69.69241041199999 531.0302335067503
v -473.947965510134 -69.69241041199999 531.0302335067503
v -478.1716469598076 -69.69241041199999 531.0302335067503
v -478.1716469598076 -69.69241041199999 531.0302335067503
v -473.947965510134 -69.033702052 518.5288098411679
v -473.947965510134 -69.033702052 518.5288098411679
v -478.1716469598076 -69.033702052 518.5288098411679
v -478.1716469598076 -69.033702052 518.5288098411679
v -473.947965510134 -67.51867282399999 531.315920953132
v -473.947965510134 -67.51867282399999 531.315920953132
v -478.1716469598076 -67.51867282399999 531.315920953132
v -478.1716469598076 -67.51867282399999 531.315920953132
v -473.947965510134 -66.859964464 518.3731006739033
v -473.947965510134 -66.859964464 518.3731006739033
v -478.1716469598076 -66.859964464 518.3731006739033
v -478.1716469598076 -66.859964464 518.3731006739033
v -473.947965510134 -65.2790644 531.160728043784
v -473.947965510134 -65.2790644 531.160728043784
v -478.1716469598076 -65.2790644 531.160728043784
v -478.1716469598076 -65.2790644 531.160728043784
v -473.947965510134 -64.68622687599999 518.6588084269506
v -473.947965510134 -64.68622687599999 518.6588084269506
v -478.1716469598076 -64.68622687599999 518.6588084269506
v -478.1716469598076 -64.68622687599999 518.6588084269506
v -473.947965510134 -63.237068484 530.574712045262
v -473.947965510134 -63.237068484 530.574712045262
v -478.1716469598076 -63.237068484 530.574712045262
v -478.1716469598076 -63.237068484 530.574712045262
v -473.947965510134 -62.64423095999999 519.3662535984535
v -473.947965510134 -62.64423095999999 519.3662535984535
v -478.1716469598076 -62.64423095999999 519.3662535984535
v -478.1716469598076 -62.64423095999999 519.3662535984535
v -473.947965510134 -61.39268507599999 529.5986799827267
v -473.947965510134 -61.39268507599999 529.5986799827267
v -478.1716469598076 -61.39268507599999 529.5986799827267
v -478.1716469598076 -61.39268507599999 529.5986799827267
v -473.947965510134 -60.931589224 520.4470899232058
v -473.947965510134 -60.931589224 520.4470899232058
v -478.1716469598076 -60.931589224 520.4470899232058
v -478.1716469598076 -60.931589224 520.4470899232058
v -473.947965510134 -60.00939751999999 528.2986527305449
v -473.947965510134 -60.00939751999999 528.2986527305449
v -478.1716469598076 -60.00939751999999 528.2986527305449
v -478.1716469598076 -60.00939751999999 528.2986527305449
v -473.947965510134 -59.68004333999999 521.8272425909304
v -473.947965510134 -59.68004333999999 521.8272425909304
v -478.1716469598076 -59.68004333999999 521.8272425909304
v -478.1716469598076 -59.68004333999999 521.8272425909304
v -473.947965510134 -59.087205815999994 526.7628104211954
v -473.947965510134 -59.087205815999994 526.7628104211954
v -478.1716469598076 -59.087205815999994 526.7628104211954
v -478.1716469598076 -59.087205815999994 526.7628104211954
v -473.947965510134 -58.889593307999995 523.4129775961596
v -473.947965510134 -58.889593307999995 523.4129775961596
v -478.1716469598076 -58.889593307999995 523.4129775961596
v -478.1716469598076 -58.889593307999995 523.4129775961596
v -473.947965510134 -58.691980799999996 525.096454049172
v -473.947965510134 -58.691980799999996 525.096454049172
v -478.1716469598076 -58.691980799999996 525.096454049172
v -478.1716469598076 -58.691980799999996 525.096454049172
v 444.1267932325661 -764.563859376 248.8648790495299
v 341.25746073514256 -739.2694583519999 278.30244202407766
v 420.6347468223978 -662.002967724 259.9967430974997
v 385.6933821023703 -607.132561336 267.66539908336364
v 340.9433026107867 -589.7426606319999 278.30244202407766
v -1815.8569404671935 -566.9513513759999 652.8578810586936
v -1815.8569404671935 -566.9513513759999 652.8578810586936
v -1818.6145506698729 -566.9513513759999 645.6523045189774
v -1818.6145506698729 -566.9513513759999 645.6523045189774
v -1827.1666329440054 -566.9513513759999 648.0004150066611
v -1827.1666329440054 -566.9513513759999 648.0004150066611
v -1829.191207523188 -566.9513513759999 668.3372733010956
v -1855.9644610099624 -566.9513513759999 727.1105910021472
v -1855.9644610099624 -566.9513513759999 727.1105910021472
v -1815.8569404671935 562.79935686 652.8578810586936
v -1815.8569404671935 562.79935686 652.8578810586936
v -1818.6145506698729 562.79935686 645.6523045189774
v -1818.6145506698729 562.79935686 645.6523045189774
v -1827.1666329440054 562.79935686 648.0004150066611
v -1827.1666329440054 562.79935686 648.0004150066611
v -1829.191207523188 562.79935686 668.3372733010956
v -1855.9644610099624 562.79935686 727.1105910021472
v -1855.9644610099624 562.79935686 727.1105910021472
v -1686.284167399519 -566.9513513759999 606.329003829421
v -1686.284167399519 -566.9513513759999 606.329003829421
v -1691.6597619718311 -566.9513513759999 616.4722386530728
v -1691.6597619718311 -566.9513513759999 616.4722386530728
v -1695.1504077980076 -566.9513513759999 597.1935419483868
v -1713.7206435932671 -566.9513513759999 618.7397277739626
v -1779.3098786671246 -566.9513513759999 598.7102405394367
v -1786.7100478186192 -566.9513513759999 616.1396732695987
v -1825.9100004465818 -566.9513513759999 641.3138416885981
v -1825.9100004465818 -566.9513513759999 641.3138416885981
v -1686.284167399519 562.79935686 606.329003829421
v -1686.284167399519 562.79935686 606.329003829421
v -1691.6597619718311 562.79935686 616.4722386530728
v -1691.6597619718311 562.79935686 616.4722386530728
v -1695.1504077980076 562.79935686 597.1935419483868
v -1713.7206435932671 562.79935686 618.7397277739626
v -1779.3098786671246 562.79935686 598.7102405394367
v -1786.7100478186192 562.79935686 616.1396732695987
v -1825.9100004465818 562.79935686 641.3138416885981
v -1825.9100004465818 562.79935686 641.3138416885981
v -1855.859741635177 549.888673004 346.54830990884403
v -1855.859741635177 549.888673004 346.54830990884403
v -1855.859741635177 549.888673004 346.54830990884403
v -1719.6198350395052 560.889102616 347.3348885933872
v -1719.6198350395052 560.889102616 347.3348885933872
v -1719.6198350395052 560.889102616 347.3348885933872
v -1686.0398221916869 561.0208442879999 458.61770030505085
v -1686.0398221916869 561.0208442879999 458.61770030505085
v -1678.3604013740983 562.1406484999999 711.4951495686969
v -1678.3604013740983 562.1406484999999 711.4951495686969
v -1679.442501580213 562.1406484999999 479.5818971000598
v -1679.442501580213 562.1406484999999 479.5818971000598
v -1687.2964546891103 562.1406484999999 727.3877285613671
v -1687.2964546891103 562.1406484999999 727.3877285613671
v -1687.2964546891103 562.1406484999999 727.3877285613671
v -1855.859741635177 562.1406484999999 729.1765255345134
v -1855.859741635177 562.1406484999999 729.1765255345134
v -1855.859741635177 562.1406484999999 729.1765255345134
v -1856.4880578838886 565.0389652839999 483.0370504452293
v -1856.4880578838886 565.0389652839999 483.0370504452293
v -1855.859741635177 565.10483612 346.54830990884403
v -1855.859741635177 565.10483612 346.54830990884403
v -1855.859741635177 565.10483612 346.54830990884403
v -1719.6198350395052 568.332507084 347.3348885933872
v -1719.6198350395052 568.332507084 347.3348885933872
v -1719.6198350395052 568.332507084 347.3348885933872
v -1686.0398221916869 568.464248756 458.61770030505085
v -1678.3604013740983 574.853719848 711.4951495686969
v -1678.3604013740983 574.853719848 711.4951495686969
v -1679.442501580213 574.853719848 479.38992413350604
v -1679.442501580213 574.853719848 479.38992413350604
v -1687.2964546891103 574.853719848 727.3877285613671
v -1687.2964546891103 574.853719848 727.3877285613671
v -1687.2964546891103 574.853719848 727.3877285613671
v -1855.859741635177 577.29094078 729.1765255345134
v -1855.859741635177 577.29094078 729.1765255345134
v -1855.859741635177 577.29094078 729.1765255345134
v -1856.592777258674 580.2551283999999 483.1191799724426
v -1856.592777258674 580.2551283999999 483.1191799724426
v 176.11500669872896 -813.7693738679999 187.94401276578992
v 176.11500669872896 -813.7693738679999 187.94401276578992
v 176.11500669872896 -813.7693738679999 187.94401276578992
v 175.90556794915835 -813.7693738679999 193.61473889865923
v 175.90556794915835 -813.7693738679999 193.61473889865923
v 175.90556794915835 -813.7693738679999 193.61473889865923
v 441.89277990381316 -813.2424071799999 185.47496905637666
v 441.89277990381316 -813.2424071799999 185.47496905637666
v 441.89277990381316 -813.2424071799999 185.47496905637666
v 442.59090906904845 -811.068669592 189.7504452968167
v 442.59090906904845 -811.068669592 189.7504452968167
v 447.40800030917217 -790.18761458 201.53180710347357
v 447.40800030917217 -790.18761458 201.53180710347357
v 447.40800030917217 -790.18761458 201.53180710347357
v 447.9315971830986 -788.1456186639999 309.14785283386294
v 447.9315971830986 -788.1456186639999 309.14785283386294
v 447.9315971830986 -788.1456186639999 309.14785283386294
v 447.9315971830986 -788.1456186639999 309.14785283386294
v 453.86569508759874 -778.5943474439999 295.91527830799174
v 453.86569508759874 -778.5943474439999 295.91527830799174
v 453.86569508759874 -778.5943474439999 295.91527830799174
v 454.49401133631056 -778.528476608 188.2130760824337
v 454.49401133631056 -778.528476608 188.2130760824337
v 448.00141009962215 -761.53380092 309.14785283386294
v 448.00141009962215 -761.53380092 309.14785283386294
v 448.00141009962215 -761.53380092 309.14785283386294
v 448.0363165578839 -761.4679300839999 184.97108258506785
v 448.0363165578839 -761.4679300839999 184.97108258506785
v 448.0363165578839 -761.4679300839999 184.97108258506785
v 317.3814432840948 -758.3720007919999 291.71286466866076
v 317.3814432840948 -758.3720007919999 291.71286466866076
v 175.94047440742014 -751.3238213399999 193.73920313709274
v 175.94047440742014 -751.3238213399999 193.73920313709274
v 175.94047440742014 -751.3238213399999 193.73920313709274
v 317.3465368258331 -735.5148207 291.00542027818346
v 317.3465368258331 -735.5148207 291.00542027818346
v 174.61402899347303 -715.358344884 331.0583441419696
v 174.61402899347303 -715.358344884 331.0583441419696
v 174.61402899347303 -715.358344884 331.0583441419696
v 175.80084857437308 -714.0409281639999 255.52778573008658
v 175.80084857437308 -714.0409281639999 255.52778573008658
v 174.7536548265201 -694.082064856 331.0583441419696
v 174.7536548265201 -694.082064856 331.0583441419696
v 174.7536548265201 -694.082064856 331.0583441419696
v 176.4989777396084 -694.01619402 187.42298590682634
v 176.4989777396084 -694.01619402 187.42298590682634
v 176.4989777396084 -694.01619402 187.42298590682634
v -1360.8512570250773 561.2843276319999 394.7138262673677
v -1360.8512570250773 561.2843276319999 394.7138262673677
v -1327.0618054276881 561.48194014 352.6151034920177
v -1327.0618054276881 561.48194014 352.6151034920177
v -1397.0841607007903 564.77548194 480.88345125727517
v -1397.0841607007903 564.77548194 480.88345125727517
v -1290.9685275850222 568.991215444 331.1828083804031
v -1290.9685275850222 568.991215444 331.1828083804031
v -1243.9844347646858 591.45317052 314.07534642155167
v -1243.9844347646858 591.45317052 314.07534642155167
v -1188.1690080041221 613.585771416 302.63561614344763
v -1188.1690080041221 613.585771416 302.63561614344763
v -978.9396971830986 757.0524522239999 291.90787270066727
v -978.9396971830986 757.0524522239999 291.90787270066727
v -979.0095100996222 780.3707281679999 293.6810577532436
v -979.0095100996222 780.3707281679999 293.6810577532436
v -1187.8548498797666 785.7062658839999 302.7474824390728
v -1187.8548498797666 785.7062658839999 302.7474824390728
v -1243.9844347646858 788.2752284879999 314.07534642155167
v -1243.9844347646858 788.2752284879999 314.07534642155167
v -1290.9685275850222 790.9100619279999 331.1828083804031
v -1290.9685275850222 790.9100619279999 331.1828083804031
v -1327.0618054276881 792.4909619919999 352.6151034920177
v -1327.0618054276881 792.4909619919999 352.6151034920177
v -1358.9314018206803 793.8083787119999 392.74714134320425
v -1358.9314018206803 793.8083787119999 392.74714134320425
v -1395.8973411198901 793.874249548 480.8658156993947
v -1395.8973411198901 793.874249548 480.8658156993947
v -579.6098146684988 -440.215862912 560.7696128871922
v -579.6447211267606 -439.820637896 600.590748661766
v -565.6123249055308 -308.408320076 561.2598899875503
v -565.6123249055308 -308.07896589599994 600.4672966325005
v -447.90774764685676 -203.87130334399998 545.4338278204978
v -447.90774764685676 -203.87130334399998 545.4338278204978
v -458.58912387495707 -201.697565756 572.2224362783303
v -458.58912387495707 -201.697565756 572.2224362783303
v -456.39001700446585 -199.392086496 574.2777972862241
v -456.39001700446585 -199.392086496 574.2777972862241
v -443.02084349020953 -199.32621565999997 542.682608155767
v -443.02084349020953 -199.32621565999997 542.682608155767
v -443.404814531089 -178.44516064799998 576.6233889663719
v -443.404814531089 -178.44516064799998 576.6233889663719
v -429.89601518378566 -178.31341897599998 543.3512496327537
v -429.89601518378566 -178.31341897599998 543.3512496327537
v -434.2244160082446 -152.953147116 577.9087954194607
v -434.2244160082446 -152.953147116 577.9087954194607
v -420.92505541051185 -152.88727627999998 543.6556043718238
v -420.92505541051185 -152.88727627999998 543.6556043718238
v -430.2450797664033 -87.411665296 578.4595395211963
v -430.2450797664033 -87.411665296 578.4595395211963
v -416.9108127104088 -87.34579446 544.5459758904416
v -416.9108127104088 -87.34579446 544.5459758904416
v -416.07305771212646 -1.516095152 544.9898920926498
v -416.07305771212646 -1.516095152 544.9898920926498
v -429.40732476812093 -1.516095152 578.5663674207239
v -429.40732476812093 -1.516095152 578.5663674207239
v -416.9108127104088 84.18186248399999 544.5459758904416
v -416.9108127104088 84.18186248399999 544.5459758904416
v -430.2450797664033 84.24773332 578.4595395211963
v -430.2450797664033 84.24773332 578.4595395211963
v -420.92505541051185 149.723344304 543.6556043718238
v -420.92505541051185 149.723344304 543.6556043718238
v -434.2244160082446 149.78921513999998 577.9087954194607
v -434.2244160082446 149.78921513999998 577.9087954194607
v -429.9309216420474 175.149487 543.3512496327537
v -429.9309216420474 175.149487 543.3512496327537
v -443.404814531089 175.28122867199997 576.6233889663719
v -443.404814531089 175.28122867199997 576.6233889663719
v -442.98593703194774 195.635316996 542.682608155767
v -442.98593703194774 195.635316996 542.682608155767
v -456.35511054620406 195.76705866799998 574.2777972862241
v -456.35511054620406 195.76705866799998 574.2777972862241
v -458.44949804191 197.87492541999998 572.2224362783303
v -458.44949804191 197.87492541999998 572.2224362783303
v -447.52377660597733 200.11453384399996 545.4338278204978
v -447.52377660597733 200.11453384399996 545.4338278204978
v -565.6123249055308 304.91503392 600.4672966325005
v -565.6123249055308 305.2443881 561.2598899875503
v -579.6447211267606 435.471030872 600.590748661766
v -579.6098146684988 435.86625588799996 560.7696128871922
v -1785.8722928203367 -566.160901344 367.9911988515964
v -1785.8722928203367 -566.160901344 367.9911988515964
v -1791.527139058743 -566.160901344 378.09463885925504
v -1853.171944349021 -566.160901344 390.23778655988116
v -1853.171944349021 -566.160901344 390.23778655988116
v -1785.8722928203367 562.008906828 367.9911988515964
v -1785.8722928203367 562.008906828 367.9911988515964
v -1791.527139058743 562.008906828 378.09463885925504
v -1853.171944349021 562.008906828 390.23778655988116
v -1853.171944349021 562.008906828 390.23778655988116
v -1856.592777258674 -584.34125208 483.1191799724426
v -1856.592777258674 -584.34125208 483.1191799724426
v -1855.859741635177 -581.442935296 729.1765255345134
v -1855.859741635177 -581.442935296 729.1765255345134
v -1855.859741635177 -581.442935296 729.1765255345134
v -1678.3604013740983 -579.0057143639999 711.4951495686969
v -1678.3604013740983 -579.0057143639999 711.4951495686969
v -1679.442501580213 -579.0057143639999 479.38992413350604
v -1679.442501580213 -579.0057143639999 479.38992413350604
v -1687.2964546891103 -579.0057143639999 727.3877285613671
v -1687.2964546891103 -579.0057143639999 727.3877285613671
v -1687.2964546891103 -579.0057143639999 727.3877285613671
v -1686.0398221916869 -572.6162432719999 458.61770030505085
v -1719.6198350395052 -572.418630764 347.3348885933872
v -1719.6198350395052 -572.418630764 347.3348885933872
v -1719.6198350395052 -572.418630764 347.3348885933872
v -1855.859741635177 -569.1909598 346.54830990884403
v -1855.859741635177 -569.1909598 346.54830990884403
v -1855.859741635177 -569.1909598 346.54830990884403
v -1856.4880578838886 -569.1909598 483.0370504452293
v -1856.4880578838886 -569.1909598 483.0370504452293
v -1678.3604013740983 -566.22677218 711.4951495686969
v -1678.3604013740983 -566.22677218 711.4951495686969
v -1679.442501580213 -566.22677218 479.5818971000598
v -1679.442501580213 -566.22677218 479.5818971000598
v -1687.2964546891103 -566.22677218 727.3877285613671
v -1687.2964546891103 -566.22677218 727.3877285613671
v -1687.2964546891103 -566.22677218 727.3877285613671
v -1855.859741635177 -566.22677218 729.1765255345134
v -1855.859741635177 -566.22677218 729.1765255345134
v -1855.859741635177 -566.22677218 729.1765255345134
v -1686.0398221916869 -565.172838804 458.61770030505085
v -1686.0398221916869 -565.172838804 458.61770030505085
v -1719.6198350395052 -564.975226296 347.3348885933872
v -1719.6198350395052 -564.975226296 347.3348885933872
v -1719.6198350395052 -564.975226296 347.3348885933872
v -1855.859741635177 -554.0406675199999 346.54830990884403
v -1855.859741635177 -554.0406675199999 346.54830990884403
v -1855.859741635177 -554.0406675199999 346.54830990884403
v -1791.946016557884 0.8552549439999999 619.515712627368
v -1820.6740317073172 0.8552549439999999 640.2859135995383
v -1823.0127644108552 0.8552549439999999 658.8692460365875
v 342.51409323256615 587.237437016 278.30244202407766
v 387.22926626588804 610.3581004519999 267.66539908336364
v 419.48283369975957 653.7011105399998 259.9967430974997
v 341.25746073514256 731.165213676 278.30244202407766
v 444.05698031604265 770.8194569479999 248.8648790495299
v -1791.946016557884 -3.5580910679999995 619.515712627368
v -1820.6740317073172 -3.5580910679999995 640.4773898338151
v -1823.0127644108552 -3.5580910679999995 658.8692460365875
v 177.23201336310547 -814.757436408 325.2268696647123
v 177.23201336310547 -814.757436408 325.2268696647123
v 177.23201336310547 -814.757436408 325.2268696647123
v 177.6159844039849 -814.1645988839999 328.7777619080459
v 177.6159844039849 -814.1645988839999 328.7777619080459
v 177.6159844039849 -814.1645988839999 328.7777619080459
v 324.0136703538303 -806.5894527439999 260.4306012521266
v 324.0136703538303 -806.5894527439999 260.4306012521266
v 324.25801556166266 -805.9966152199999 264.24904865168463
v 324.25801556166266 -805.9966152199999 264.24904865168463
v 323.24572827207146 -735.9100457159999 265.2270840448648
v 177.895236070079 -714.4361531799999 328.59685841721574
v 177.895236070079 -714.4361531799999 328.59685841721574
v 177.895236070079 -714.4361531799999 328.59685841721574
v 178.27920711095842 716.739500592 328.59685841721574
v 178.27920711095842 716.739500592 328.59685841721574
v 178.27920711095842 716.739500592 328.59685841721574
v 324.15329618687736 732.6802429039999 260.41647640428477
v 324.29292201992445 797.2995330199999 260.4306012521266
v 324.29292201992445 797.2995330199999 260.4306012521266
v 324.25801556166266 797.8264997079999 264.24904865168463
v 324.25801556166266 797.8264997079999 264.24904865168463
v 177.99995544486433 813.7013711839999 328.7777619080459
v 177.99995544486433 813.7013711839999 328.7777619080459
v 177.99995544486433 813.7013711839999 328.7777619080459
v 177.5810779457231 814.2942087079999 325.2268696647123
v 177.5810779457231 814.2942087079999 325.2268696647123
v 177.5810779457231 814.2942087079999 325.2268696647123
v -1852.718160391618 -43.080592667999994 346.8798833898155
v -1852.718160391618 -42.882980159999995 413.04521624978804
v -1853.4511960151153 39.12621066 346.8798833898155
v -1853.4511960151153 39.12621066 413.8569689512312
v -475.8329142562693 -43.47581768399999 556.3364038421771
v -475.9725400893164 -43.47581768399999 562.274209486685
v -475.8329142562693 -34.583254823999994 556.3364038421771
v -475.9725400893164 -34.583254823999994 562.274209486685



g Mesh2
usemtl RED
f 29  5 35
f  7 35  5
f 35  7 37
f 10 37  7
f 37 10 40
f 55 53 40
f  9 11 39
f 42 39 11
f 39 42 56
f 58 56 42
f  3 36  6
f 38  6 36
f  6 38  8
f 41  8 38
f  8 41 12
f 23 46 26
f 48 26 46
f 26 48 28
f 50 28 48
f 28 50 33
f 52 33 50
f 33 52 36
f 54 36 52
f 36 54 38
f 57 38 54
f 38 57 41
f  3 33 36
f  2 32  4
f  2 30 32
f 29  1  5
f 46 23 44
f 33 22 18
f 31 21 34
f 31 20 21
f 24 15 25
f 17 25 15
f 25 17 27
f 19 27 17
f 27 19 29
f 33 18 28
f 16 28 18
f 28 16 26
f 14 26 16
f 26 14 23
f 13 15 24
f 40 53 37
f 51 37 53
f 37 51 35
f 49 35 51
f 35 49 29
f 47 29 49
f 29 47 27
f 45 27 47
f 27 45 25
f 43 25 45
f 25 43 24
g Mesh3
usemtl RED
f 74 75 71
f 77 71 75
f 71 77 69
f 82 69 77
f 69 82 64
f 86 64 82
f 64 86 65
f 83 65 86
f 65 83 67
f 79 67 83
f 67 79 61
f 62 80 68
f 84 68 80
f 68 84 66
f 85 66 84
f 66 85 63
f 81 63 85
f 63 81 70
f 78 70 81
f 70 78 72
f 76 72 78
f 72 76 59
f 73 59 76
f 60 74 71
g Mesh4
usemtl RED
f 114 105 102
f 111 102 105
f 102 111 108
f 95 108 111
f 108 95 91
f 94 88 90
f 94 92 88
f 93 96 112
f 99 110 106
f 93 112 100
f 113 100 104
f 100 113 118
f 115 114 102
f 103 117 116
f 103 97 117
f 101 109 98
f 107 87 97
f 107 89 87
g Mesh5
usemtl RED
f 134 131 128
f 131 134 139
f 129 138 136
f 138 129 130
f 135 133 137
f 133 135 123
f 123 135 122
f 136 124 120
f 137 123 135
f 125 140 132
f 126 136 120
f 127 121 134
f 121 127 119
g Mesh6
usemtl RED
f 170 164 193
f 173 193 164
f 193 173 354
f 205 354 173
f 354 205 464
f 273 464 205
f 464 273 302
f 456 354 464
f 146 150 163
f 168 163 150
f 163 168 172
f 192 172 168
f 172 192 203
f 352 203 192
f 203 352 454
f 454 458 203
f 459 203 458
f 203 459 272
f 299 272 459
f 701 459 458
f 639 459 701
f 664 459 639
f 712 459 664
f 723 459 712
f 727 459 723
f 719 459 727
f 719 748 459
f 668 665 641
f 640 641 665
f 641 640 706
f 703 706 640
f 702 759 705
f 467 567 701
f 740 701 567
f 701 740 760
f 763 760 740
f 760 763 767
f 781 767 763
f 767 781 786
f 792 790 788
f 785 788 790
f 788 785 783
f 782 783 785
f 783 782 765
f 764 765 782
f 765 764 739
f 773 786 789
f 773 767 786
f 775 768 774
f 775 772 768
f 791 770 776
f 791 787 770
f 784 770 787
f 784 766 770
f 742 770 766
f 770 742 762
f 569 762 742
f 762 569 704
f 464 704 569
f 704 464 642
f 667 642 464
f 765 739 741
f 568 741 739
f 741 568 570
f 470 570 568
f 470 568 468
f 464 569 469
f 464 714 667
f 464 726 714
f 464 730 726
f 464 721 730
f 464 749 721
f 615 624 464
f 631 464 624
f 464 631 749
f 647 749 631
f 749 647 655
f 655 670 749
f 677 749 670
f 749 677 734
f 687 734 677
f 734 687 698
f 688 678 682 694
f 678 669 673 682
f 669 656 660 673
f 656 648 651 660
f 648 632 635 651
f 632 623 627 635
f 615 464 608
f 608 464 596
f 596 464 588
f 588 464 583
f 583 464 590
f 590 464 598
f 633 626 734
f 617 734 626
f 734 617 464
f 610 464 617
f 464 610 598
f 646 734 464
f 580 459 643
f 572 459 580
f 572 576 459
f 692 606 578 465
f 756 752 744
f 736 744 752
f 744 736 716
f 708 716 736
f 716 708 685
f 460 685 708
f 685 460 459
f 287 459 460
f 459 287 336
f 459 604 685
f 576 604 459
f 154 176 179
f 187 179 176
f 179 187 196
f 211 196 187
f 196 211 235
f 287 235 211
f 235 287 460
f 156 153 181
f 180 181 153
f 181 180 198
f 195 198 180
f 198 195 238
f 236 238 195
f 238 236 461
f 178 155 189
f 182 189 155
f 189 182 213
f 197 213 182
f 213 197 289
f 237 289 197
f 289 237 465
f 465 337 289
f 346 337 465 356 355
f 343 459 336
f 348 459 343
f 348 339 459
f 341 464 334
f 201 334 464
f 321 464 327
f 327 464 320
f 320 464 312
f 312 464 304
f 304 464 291
f 247 255 185
f 264 185 255
f 185 264 464
f 279 464 264
f 464 279 291
f 247 185 240
f 222 215 201
f 219 201 215
f 201 219 185
f 228 185 219
f 185 228 240
f 222 201 230
f 230 201 242
f 242 201 249
f 249 201 258
f 258 201 266
f 201 282 266
f 321 314 464
f 305 464 314
f 464 305 201
f 293 201 305
f 201 293 282
f 294 306 309 297
f 306 313 317 309
f 313 322 325 317
f 322 328 330 325
f 328 319 324 330
f 319 311 316 324
f 311 303 307 316
f 303 292 295 307
f 292 280 283 295
f 280 263 268 283
f 263 256 260 268
f 256 248 251 260
f 248 239 243 251
f 239 227 232 243
f 227 220 223 232
f 220 216 217 223
f 216 221 225 217
f 221 229 234 225
f 229 241 245 234
f 241 250 253 245
f 250 257 262 253
f 257 265 270 262
f 265 281 286 270
f 281 294 297 286
f 218 226 233 246 254 261 269 285 298 310 318 326 329 323 315 308 296 284 267 259 252 244 231 224
f 464 209 185
f 278 209 464
f 276 459 207
f 299 459 276
f 171 206 174
f 162 174 166
f 171 174 162
f 148 164 151
f 148 143 164
f 146 157 141
f 163 157 146
f 161 159 158
f 161 165 159
f 143 160 164
f 164 170 151
f 194 191 169
f 351 191 194
f 191 167 169
f 149 169 167
f 169 149 152
f 145 152 149
f 152 145 147
f 142 147 145
f 147 142 144
f 468 457 463
f 453 463 457
f 463 453 455
f 351 455 453
f 455 351 353
f 194 353 351
f 464 302 278
f 184 207 459
f 171 204 206
f 271 206 204
f 206 271 274
f 300 274 271
f 274 300 301
f 275 301 300
f 301 275 277
f 208 277 275
f 277 208 210
f 183 210 208
f 210 183 186
f 184 459 199
f 199 459 332
f 339 332 459
f 425 433 464
f 465 464 433
f 464 465 483
f 476 483 465
f 442 465 433
f 465 442 450
f 441 434 437 445
f 434 426 429 437
f 426 417 421 429
f 417 410 413 421
f 410 402 405 413
f 394 401 341
f 409 341 401
f 341 409 464
f 418 464 409
f 464 418 425
f 394 341 385
f 385 341 378
f 378 341 369
f 369 341 362
f 362 341 358
f 358 341 364
f 396 388 465
f 380 465 388
f 465 380 341
f 371 341 380
f 341 371 364
f 465 341 350
f 350 346 355 356 465
f 396 465 403
f 465 412 403
f 465 419 412
f 465 428 419
f 465 436 428
f 465 443 436
f 465 450 443
f 449 441 445 451
f 408 415 423 432 439 447 452 446 438 430 422 414 406 398 390 381 373 365 360 368 376 383 392 400
f 404 411 416 407
f 411 420 424 416
f 420 427 431 424
f 427 435 440 431
f 435 444 448 440
f 444 449 451 448
f 395 404 407 399
f 387 395 399 391
f 379 387 391 384
f 372 379 384 375
f 363 372 375 367
f 357 363 367 359
f 361 357 359 366
f 370 361 366 374
f 377 370 374 382
f 386 377 382 389
f 393 386 389 397
f 402 393 397 405
f 471 476 465
f 492 464 483
f 492 499 464
f 507 464 499
f 464 507 581
f 515 581 507
f 581 515 523
f 516 508 512 520
f 508 500 504 512
f 500 491 495 504
f 491 484 488 495
f 484 475 479 488
f 471 465 478
f 478 465 486
f 486 465 494
f 494 465 501
f 501 465 510
f 510 465 518
f 465 526 518
f 558 550 581
f 541 581 550
f 581 541 465
f 534 465 541
f 465 534 526
f 558 581 564
f 564 581 555
f 555 581 548
f 548 581 540
f 540 581 532
f 532 581 523
f 524 516 520 527
f 522 530 537 545 554 561 565 559 551 544 535 528 519 511 503 496 487 480 474 482 490 498 506 514
f 517 525 529 521
f 525 533 538 529
f 533 542 546 538
f 542 549 553 546
f 549 557 562 553
f 557 563 566 562
f 563 556 560 566
f 556 547 552 560
f 547 539 543 552
f 539 531 536 543
f 531 524 527 536
f 509 517 521 513
f 502 509 513 505
f 493 502 505 497
f 485 493 497 489
f 477 485 489 481
f 472 477 481 473
f 475 472 473 479
f 578 574 465
f 581 465 574
f 464 581 646
f 288 338 335
f 345 335 338
f 335 345 344
f 349 344 345
f 344 349 347
f 342 347 349
f 347 342 340
f 333 340 342
f 340 333 331
f 202 331 333
f 331 202 200
f 175 177 188
f 190 188 177
f 188 190 212
f 214 212 190
f 212 214 288
f 290 288 214
f 288 290 338
f 238 461 466
f 466 461 709
f 461 707 709
f 735 709 707
f 709 735 738
f 751 738 735
f 738 751 753
f 778 753 751
f 753 778 780
f 465 710 692
f 737 692 710
f 692 737 717
f 754 717 737
f 717 754 745
f 779 745 754
f 745 779 757
f 777 752 756
f 686 718 715
f 746 715 718
f 715 746 743
f 758 743 746
f 743 758 755
f 459 731 643
f 748 731 459
f 732 733 644
f 645 644 733
f 644 645 579
f 582 579 645
f 579 582 571
f 573 571 582
f 571 573 575
f 577 575 573
f 575 577 603
f 605 603 577
f 603 605 686
f 691 686 605
f 686 691 718
f 734 649 633
f 734 658 649
f 734 671 658
f 734 680 671
f 734 689 680
f 734 698 689
f 697 688 694 699
f 637 653 661 676 684 696 700 693 681 674 659 652 636 628 620 612 600 592 586 594 601 614 622 630
f 634 650 654 638
f 650 657 662 654
f 657 672 675 662
f 672 679 683 675
f 679 690 695 683
f 690 697 699 695
f 625 634 638 629
f 618 625 629 621
f 609 618 621 613
f 597 609 613 602
f 589 597 602 593
f 584 589 593 585
f 587 584 585 591
f 595 587 591 599
f 607 595 599 611
f 616 607 611 619
f 623 616 619 627
f 663 666 711
f 713 711 666
f 711 713 724
f 725 724 713
f 724 725 728
f 729 728 725
f 728 729 720
f 722 720 729
f 720 722 747
f 750 747 722
f 769 771 761
f 761 759 769
f 761 705 759
f 469 462 464
f 468 463 470
f 467 701 458
f 464 462 456
g Mesh7
usemtl RED
f 898 859 848
f 823 848 859
f 848 823 822
f 806 822 823
f 822 806 817
f 797 817 806
f 817 797 810
f 794 810 797
f 810 794 816
f 795 816 794
f 816 795 825
f 807 825 795
f 825 807 853
f 831 853 807
f 879 911 834
f 871 834 911
f 834 871 811
f 842 811 871
f 811 841 803
f 889 836 846
f 814 846 836
f 846 814 827
f 802 827 814
f 827 802 819
f 799 819 802
f 819 799 829
f 803 829 799
f 829 803 842
f 909 926 872
f 913 872 926
f 872 913 841
f 891 841 913
f 841 891 829
f 863 830 891
f 830 863 820
f 941 934 892
f 881 892 934
f 892 881 863
f 856 863 881
f 863 856 819
f 820 856 828
f 915 889 896
f 846 896 889
f 896 846 865
f 827 865 846
f 865 827 856
f 940 937 935
f 900 869 938
f 839 869 900
f 851 907 826
f 873 826 907
f 826 873 815
f 850 815 873
f 815 850 809
f 844 809 850
f 809 844 840
f 833 837 852
f 888 852 837
f 852 888 908
f 914 908 888
f 908 914 922
f 894 875 854
f 935 937 931
f 894 882 936
f 854 882 894
f 921 899 904
f 847 904 899
f 904 847 867
f 821 867 847
f 867 821 840
f 818 840 821
f 840 818 809
f 840 843 870
f 857 870 843
f 870 857 939
f 933 939 857
f 936 932 894
f 858 894 932
f 894 858 875
f 845 875 858
f 877 843 884
f 849 884 843
f 884 849 906
f 874 906 849
f 906 874 924
f 907 924 873
f 855 876 866
f 883 866 876
f 866 883 895
f 905 895 883
f 895 905 916
f 923 916 905
f 930 925 920
f 910 920 925
f 920 910 897
f 880 897 910
f 897 880 861
f 927 928 912
f 917 912 928
f 912 917 890
f 901 890 917
f 890 901 862
f 887 862 901
f 929 919 918
f 903 918 919
f 918 903 902
f 868 902 903
f 902 868 885
f 840 885 867
f 900 886 839
f 938 942 900
f 893 900 942
f 900 893 886
f 864 886 893
f 860 878 824
f 835 824 878
f 824 835 805
f 812 805 835
f 805 812 798
f 804 798 812
f 798 804 793
f 800 793 804
f 793 800 796
f 801 796 800
f 796 801 808
f 813 808 801
f 808 813 832
f 838 832 813
g Mesh8
usemtl RED
f 943 944 945
f 943 944 945
f 945 944 946
f 945 944 946
g Mesh10
usemtl RED
f 1003 980 982
f 1003 1001 980
f 979 1002 977
f 999 977 1002
f 977 999 975
f 997 975 999
f 975 997 969
f 994 969 997
f 969 990 967
f 987 967 990
f 967 987 965
f 985 965 987
f 965 985 964
f 984 964 985
f 948 963 950
f 966 950 963
f 950 966 952
f 968 952 966
f 952 968 954
f 972 954 968
f 954 972 956
f 976 956 972
f 956 976 958
f 978 958 976
f 958 978 962
f 981 962 978
f 963 983 966
f 986 966 983
f 966 986 968
f 988 968 986
f 968 988 972
f 992 972 988
f 973 993 996
f 973 971 993
f 991 970 974
f 991 989 970
f 972 995 976
f 998 976 995
f 976 998 978
f 1000 978 998
f 978 1000 981
f 1004 981 1000
f 982 960 961
f 960 982 980
f 964 947 965
f 949 965 947
f 965 949 967
f 951 967 949
f 967 951 969
f 953 969 951
f 969 953 975
f 955 975 953
f 975 955 977
f 957 977 955
f 977 957 979
f 959 979 957
g Mesh12
usemtl RED
f 1017 1019 1014
f 1020 1018 1011
f 1018 1010 1011
f 1009 1007 1012
f 1009 1005 1007
f 1016 1008 1006
f 1016 1006 1013
f 1019 1015 1014
g Mesh13
usemtl RED
f 1044 1040 1022
f 1031 1042 1045
f 1031 1028 1042
f 1034 1029 1032
f 1035 1025 1027
f 1037 1026 1034
f 1036 1023 1025
f 1044 1022 1037
f 1038 1033 1043
f 1039 1034 1032
f 1024 1021 1041 1030
g Mesh14
usemtl RED
f 1076 1066 1079
f 1076 1064 1066
f 1068 1060 1070
f 1062 1070 1060
f 1070 1062 1072
f 1065 1072 1062
f 1072 1065 1074
f 1085 1098 1082
f 1096 1082 1098
f 1082 1096 1080
f 1094 1080 1096
f 1080 1094 1074
f 1092 1074 1094
f 1074 1092 1072
f 1090 1072 1092
f 1072 1090 1070
f 1088 1070 1090
f 1070 1088 1068
f 1050 1074 1047
f 1046 1075 1078
f 1046 1078 1049
f 1087 1053 1083
f 1051 1083 1053
f 1083 1051 1081
f 1048 1081 1051
f 1081 1048 1077
f 1077 1067 1063
f 1077 1063 1073
f 1061 1073 1063
f 1073 1061 1071
f 1059 1071 1061
f 1071 1059 1069
f 1058 1060 1068
f 1091 1069 1089
f 1069 1091 1071
f 1093 1071 1091
f 1071 1093 1073
f 1095 1073 1093
f 1073 1095 1077
f 1097 1077 1095
f 1077 1097 1081
f 1099 1081 1097
f 1081 1099 1083
f 1102 1083 1099
f 1083 1102 1087
f 1057 1053 1087
f 1103 1100 1086
f 1084 1086 1100
f 1086 1084 1056
f 1055 1056 1084
f 1101 1098 1085
f 1074 1050 1080
f 1052 1080 1050
f 1080 1052 1082
f 1054 1082 1052
f 1082 1054 1085
g Mesh15
usemtl RED
f 1104 1114 1112
f 1105 1111 1115
f 1105 1106 1111
f 1108 1110 1107
f 1108 1112 1110
f 1113 1109 1104
g Mesh16
usemtl RED
f 1118 1123 1119
f 1126 1121 1122
f 1116 1120 1127
f 1117 1118 1119
f 1124 1116 1127
f 1124 1127 1131
f 1131 1126 1130
f 1126 1122 1130
f 1129 1125 1131
f 1125 1129 1128
g Mesh18
usemtl RED
f 1155 1150 1159
f 1156 1141 1154
f 1139 1157 1161
f 1162 1155 1159
f 1163 1158 1146
f 1160 1152 1145
f 1152 1138 1145
f 1151 1154 1141
f 1154 1134 1143 1151
f 1133 1153 1140
f 1153 1149 1140
f 1142 1140 1149
f 1140 1142 1133
f 1137 1138 1135
f 1138 1137 1148
f 1132 1147 1136
f 1147 1132 1139
f 1144 1139 1161
g Mesh19
usemtl RED
f 1208 1186 1189
f 1208 1207 1186
f 1187 1206 1184
f 1204 1184 1206
f 1184 1204 1182
f 1202 1182 1204
f 1182 1202 1180
f 1201 1180 1202
f 1165 1181 1167
f 1183 1167 1181
f 1167 1183 1169
f 1185 1169 1183
f 1169 1185 1171
f 1190 1171 1185
f 1171 1190 1173
f 1193 1173 1190
f 1173 1193 1175
f 1195 1175 1193
f 1175 1195 1178
f 1198 1178 1195
f 1181 1200 1183
f 1203 1183 1200
f 1183 1203 1185
f 1205 1185 1203
f 1185 1205 1190
f 1209 1190 1205
f 1191 1210 1212
f 1191 1188 1210
f 1211 1187 1214
f 1192 1214 1187
f 1214 1192 1216
f 1194 1216 1192
f 1216 1194 1219
f 1196 1219 1194
f 1180 1164 1182
f 1166 1182 1164
f 1182 1166 1184
f 1168 1184 1166
f 1184 1168 1187
f 1170 1187 1168
f 1187 1170 1192
f 1172 1192 1170
f 1192 1172 1194
f 1174 1194 1172
f 1194 1174 1196
f 1177 1196 1174
f 1176 1199 1197
f 1199 1176 1179
f 1221 1197 1199
f 1221 1218 1197
f 1190 1213 1193
f 1215 1193 1213
f 1193 1215 1195
f 1217 1195 1215
f 1195 1217 1198
f 1220 1198 1217
g Mesh20
usemtl RED
f 1223 1229 1253
f 1227 1253 1229
f 1253 1227 1251
f 1225 1251 1227
f 1251 1225 1242
f 1247 1223 1253
f 1248 1241 1222
f 1244 1224 1240
f 1226 1240 1224
f 1240 1226 1241
f 1228 1241 1226
f 1241 1228 1222
f 1235 1252 1250
f 1235 1246 1252
f 1249 1236 1237
f 1234 1237 1236
f 1234 1236 1232
f 1230 1232 1236
f 1238 1233 1231
f 1233 1238 1245
f 1239 1235 1243
f 1243 1235 1250
g Mesh21
usemtl RED
f 1257 1263 1261
f 1256 1254 1264
f 1258 1259 1255
f 1260 1257 1261
f 1259 1262 1255
g Mesh22
usemtl RED
f 1283 1274 1271
f 1282 1284 1273
f 1286 1281 1278
f 1281 1279 1278
f 1280 1283 1271
f 1271 1269 1280
f 1272 1275 1270
f 1275 1266 1270
f 1284 1267 1273
f 1265 1285 1277
f 1268 1265 1277
f 1269 1276 1280
g Mesh23
usemtl RED
f 1290 1305 1291
f 1305 1290 1301
f 1315 1309 1297
f 1293 1297 1309
f 1297 1293 1302
f 1300 1302 1293
f 1302 1300 1289
f 1304 1308 1298
f 1292 1307 1303
f 1292 1303 1287
f 1288 1302 1289
f 1317 1296 1307
f 1317 1316 1296
f 1310 1314 1318
f 1294 1311 1312
f 1310 1318 1313
f 1294 1312 1305
f 1306 1299 1295
g Mesh25
usemtl RED
f 1353 1346 1352
f 1350 1352 1346
f 1352 1350 1357
f 1340 1357 1350
f 1351 1338 1347
f 1343 1347 1338
f 1347 1343 1348
f 1345 1348 1343
f 1348 1345 1353
f 1354 1348 1353
f 1328 1371 1359
f 1376 1360 1372
f 1360 1376 1361
f 1373 1361 1376
f 1361 1373 1366
f 1358 1368 1374
f 1357 1339 1367
f 1345 1343 1341
f 1354 1347 1349
f 1347 1354 1351
f 1351 1355 1338
f 1344 1332 1341
f 1331 1341 1332
f 1345 1342 1350
f 1330 1350 1342
f 1350 1330 1339
f 1323 1339 1330
f 1339 1323 1327
f 1324 1336 1325
f 1337 1324 1322
f 1321 1323 1331
f 1321 1331 1332
f 1329 1319 1333
f 1328 1335 1320
f 1359 1335 1328
f 1334 1337 1322
f 1365 1377 1363
f 1370 1363 1377
f 1363 1370 1355
f 1329 1355 1370
f 1355 1329 1338
f 1333 1338 1329
f 1338 1333 1343
f 1369 1325 1336
f 1326 1367 1339
f 1336 1362 1369
f 1352 1358 1364
f 1357 1374 1364
f 1377 1365 1375
f 1352 1364 1353
f 1363 1353 1364
f 1353 1363 1354
f 1356 1354 1363
f 1354 1356 1351
g Mesh26
usemtl RED
f 1457 1453 1447
f 1443 1447 1453
f 1447 1443 1436
f 1433 1436 1443
f 1436 1433 1428
f 1430 1428 1433
f 1428 1430 1420
f 1453 1454 1443
f 1444 1443 1454
f 1443 1444 1433
f 1435 1433 1444
f 1433 1435 1430
f 1455 1464 1445
f 1459 1445 1464
f 1445 1459 1434
f 1449 1434 1459
f 1434 1449 1439
f 1406 1419 1422
f 1438 1422 1419
f 1422 1438 1442
f 1448 1442 1438
f 1442 1448 1452
f 1458 1452 1448
f 1452 1458 1462
f 1463 1462 1458
f 1462 1463 1467
f 1397 1406 1403
f 1422 1403 1406
f 1403 1422 1425
f 1442 1425 1422
f 1425 1442 1440
f 1452 1440 1442
f 1440 1452 1450
f 1462 1450 1452
f 1450 1462 1461
f 1467 1461 1462
f 1461 1467 1465
f 1434 1439 1429
f 1418 1429 1439
f 1429 1418 1421
f 1413 1421 1418
f 1408 1412 1414
f 1417 1414 1412
f 1414 1417 1420
f 1423 1420 1417
f 1420 1423 1428
f 1432 1428 1423
f 1428 1432 1436
f 1400 1402 1412
f 1410 1412 1402
f 1412 1410 1417
f 1415 1417 1410
f 1417 1415 1423
f 1427 1423 1415
f 1423 1427 1432
f 1379 1378 1384
f 1383 1384 1378
f 1384 1383 1395
f 1393 1395 1383
f 1395 1393 1405
f 1403 1405 1393
f 1405 1403 1425
f 1378 1381 1383
f 1387 1383 1381
f 1383 1387 1393
f 1397 1393 1387
f 1393 1397 1403
f 1446 1466 1456
f 1413 1418 1407
f 1413 1407 1409
f 1407 1396 1409
f 1386 1409 1396
f 1409 1386 1401
f 1382 1401 1386
f 1401 1382 1391
f 1402 1399 1410
f 1400 1412 1408
f 1400 1390 1402
f 1392 1402 1390
f 1402 1392 1399
f 1389 1399 1392
f 1466 1446 1460
f 1437 1460 1446
f 1460 1437 1451
f 1431 1451 1437
f 1451 1431 1441
f 1426 1441 1431
f 1441 1426 1424
f 1416 1424 1426
f 1424 1416 1404
f 1411 1404 1416
f 1404 1411 1394
f 1398 1394 1411
f 1394 1398 1385
f 1388 1385 1398
f 1385 1388 1380
g Mesh27
usemtl RED
f 1470 1468 1478
f 1469 1472 1477
f 1472 1475 1477
f 1473 1474 1476
f 1473 1471 1474
f 1470 1478 1474
g Mesh28
usemtl RED
f 1931 2027 1856
f 2065 1856 2027
f 1856 2065 1857
f 1964 1857 2065
f 1857 1964 1849
f 1848 1850 1747
f 1848 1962 1850
f 2075 2073 2053
f 2051 2053 2073
f 2053 2051 2036
f 2035 2036 2051
f 2036 2035 2026
f 2024 2026 2035
f 2026 2024 2009
f 2008 2009 2024
f 2009 2008 1963
f 1961 1963 2008
f 1963 1961 1847
f 2038 2040 2049
f 2059 2049 2040
f 2049 2059 2068
f 2066 2068 2059
f 2068 2066 2092
f 2076 2092 2066
f 2092 2076 2084
f 2052 2084 2076
f 2084 2052 2037
f 2037 2025 2084
f 2065 2084 2025
f 2084 2065 2093
f 2083 2093 2065
f 2010 2065 2025
f 2065 2010 1964
f 1856 1927 1931
f 1856 1912 1927
f 1856 1902 1912
f 1856 1890 1902
f 1856 1882 1890
f 1882 1856 1830
f 1856 1824 1830
f 1824 1856 1812
f 1812 1856 1801
f 1801 1856 1792
f 1605 1656 1663
f 1763 1663 1656
f 1663 1763 1856
f 1779 1856 1763
f 1856 1779 1792
f 1849 1744 1857
f 1625 1857 1744
f 1857 1625 1856
f 1663 1856 1625
f 1744 1679 1625
f 1664 1625 1679
f 1625 1664 1598
f 1645 1598 1664
f 1598 1645 1630
f 1846 1746 1745
f 1680 1745 1746
f 1745 1680 1678
f 1666 1678 1680
f 1678 1666 1665
f 1647 1665 1666
f 1665 1647 1646
f 1632 1646 1647
f 1646 1632 1631
f 1613 1631 1632
f 1631 1613 1611
f 1630 1609 1598
f 1592 1598 1609
f 1598 1592 1584
f 1585 1584 1592
f 1584 1585 1579
f 1561 1579 1585
f 1579 1561 1552
f 1553 1552 1561
f 1552 1553 1533
f 1523 1533 1553
f 1533 1523 1538
f 1520 1538 1523
f 1618 1626 1616
f 1634 1616 1626
f 1616 1634 1623
f 1654 1623 1634
f 1634 1626 1648
f 1627 1629 1648
f 1626 1620 1629
f 1620 1626 1619
f 1619 1610 1620
f 1621 1620 1610
f 1620 1621 1629
f 1628 1629 1621
f 1610 1612 1622
f 1634 1648 1652
f 1650 1688 1651
f 1649 1692 1689
f 1708 1689 1692
f 1688 1708 1693
f 1758 1693 1708
f 1693 1758 1741
f 1809 1741 1758
f 1741 1809 1806
f 1837 1806 1809
f 1806 1837 1858
f 1908 1858 1837
f 1858 1908 1940
f 1967 1940 1908
f 1940 1967 2004
f 1996 2004 1967
f 2004 1996 2007
f 1999 2007 1996
f 2007 1999 2013
f 1908 1837 1906
f 1838 1836 1907
f 1836 1838 1810
f 1836 1810 1757
f 1836 1757 1709
f 1836 1709 1692
f 1692 1843 1836
f 1997 1836 1843
f 1836 1997 1991
f 2000 1991 1997
f 1992 2004 2007
f 2007 2013 1992
f 2013 2070 1993
f 2096 2089 2063
f 2070 2063 2089
f 2063 2070 2029
f 2013 2029 2070
f 2029 2013 2001
f 2028 2049 2064
f 2029 1999 2039
f 2000 2041 2039
f 2000 1997 2042
f 2028 2038 2049
f 2058 2060 2040
f 2059 2058 2062
f 2061 2062 2058
f 2062 2061 2075
f 2074 2075 2061
f 2067 2059 2062
f 2057 2061 2058
f 1931 2034 2027
f 2083 2027 2034
f 2027 2083 2065
f 2084 2099 2092
f 2098 2092 2099
f 2092 2098 2096
f 2091 2096 2098
f 2084 2093 2099
f 2107 2099 2093
f 2099 2107 2098
f 2128 2098 2107
f 2098 2128 2091
f 2118 2091 2128
f 2091 2118 2100
f 2129 2100 2118
f 2100 2129 2113
f 2138 2150 2132
f 2131 2132 2150
f 2132 2131 2128
f 2129 2128 2131
f 2128 2129 2118
f 2107 2132 2128
f 2107 2094 2095
f 2082 2095 2094
f 2095 2082 2081
f 2033 2081 2082
f 2081 2033 2016
f 1934 1958 2016 2033
f 2015 1957 1937 1767
f 1959 1936 1956
f 1937 1959 1945
f 1959 1951 1945
f 1959 1968 1951
f 1972 1951 1968
f 1951 1972 1954
f 1960 1954 1972
f 1972 1974 1960
f 1975 1960 1974
f 1960 1975 1969
f 1973 1969 1975
f 1975 1977 1973
f 1979 1973 1977
f 1973 1979 1976
f 1978 1976 1979
f 1979 1980 1978
f 1982 1978 1980
f 1978 1982 1981
f 1983 1981 1982
f 1982 1984 1983
f 1985 1983 1984
f 1983 1985 1988
f 1990 1988 1985
f 1990 1985 1987
f 1989 1990 1987 1986
f 1935 1768 1782 1794 1804 1814 1826 1832 1883 1893 1905 1913 1929
f 1781 1766 1764 1780
f 1655 1769 1765
f 1769 1655 1670 1750
f 1614 1670 1655 1607
f 1669 1615 1661
f 1660 1661 1615 1608 1659
f 1661 1660 1662 1783 1669
f 1659 1662 1660
f 1861 1783 1662 1659
f 1930 1669 1783
f 1669 1930 2015
f 1783 1861 1930
f 2030 1930 1861
f 1930 2030 2015
f 2080 2015 2030
f 1834 2032 1863
f 1834 1994 2031
f 1995 1835 2055
f 1697 2055 1835
f 2055 1697 1635
f 1570 1635 1697
f 1696 1833 1657
f 1833 1862 1657
f 1696 1657 1573
f 1571 1658 1575
f 1659 1608 1578
f 1563 1574 1607 1588
f 1607 1574 1575
f 1563 1575 1574
f 1575 1563 1559
f 1565 1559 1563
f 1559 1565 1557
f 1558 1540 1577
f 1558 1513 1540
f 1508 1511 1560
f 1510 1516 1512
f 1510 1521 1516
f 1522 1509 1537
f 1555 1508 1560
f 1565 1563 1568
f 1588 1568 1563
f 1606 1590 1588
f 1579 1588 1590
f 1588 1579 1567
f 1552 1567 1579
f 1567 1552 1547
f 1533 1547 1552
f 1547 1533 1538
f 1520 1504 1503
f 1505 1496 1503
f 1486 1503 1496
f 1503 1486 1501
f 1497 1501 1486
f 1501 1497 1517
f 1499 1517 1497
f 1517 1499 1519
f 1491 1486 1496
f 1494 1485 1492
f 1687 1548 1591
f 1544 1591 1548
f 1591 1544 1530
f 1529 1530 1544
f 1530 1529 1524
f 1507 1524 1529
f 1524 1507 1495
f 1514 1525 1528
f 1543 1528 1525
f 1528 1543 1527
f 1542 1527 1543
f 1514 1528 1527
f 1545 1597 1542
f 1595 1543 1550
f 1799 1604 1548
f 1596 1549 1603
f 1596 1603 1668
f 2078 1667 1602
f 1667 2078 2022
f 2079 2086 2023
f 2086 2079 2135
f 2134 2077 2002
f 1551 1686 1601
f 1796 1601 1686
f 1601 1796 2077
f 1915 2077 1796
f 2077 1915 2002
f 1797 1687 1684
f 1591 1684 1687
f 1684 1591 1633
f 1530 1633 1591
f 1633 1530 1524
f 1694 1798 1684
f 1495 1491 1524
f 1633 1524 1491
f 1590 1584 1579
f 1607 1606 1588
f 1606 1607 1655
f 1625 1605 1663
f 1605 1625 1590
f 1598 1590 1625
f 1590 1598 1584
f 1553 1561 1554
f 1520 1523 1504
f 1553 1504 1523
f 1504 1553 1496
f 1554 1496 1553
f 1496 1554 1491
f 1566 1491 1554
f 1491 1566 1633
f 1644 1633 1566
f 1633 1644 1694
f 1593 1624 1600
f 1653 1599 1624
f 1599 1653 1677
f 1690 1677 1653
f 1654 1634 1652
f 1653 1651 1688
f 1599 1677 1721
f 1806 1777 1741
f 1691 1741 1777
f 1741 1691 1693
f 1683 1693 1691
f 1693 1683 1688
f 1875 1878 1828
f 1860 1828 1878
f 1828 1860 1691
f 1720 1691 1860
f 1691 1720 1683
f 1677 1683 1720
f 1683 1677 1688
f 1720 1860 1852
f 1870 1899 1875
f 1885 1875 1899
f 1875 1885 1880
f 2004 1880 1885
f 1880 2004 1859
f 1992 1859 2004
f 1859 1992 1853
f 1901 1853 1992
f 1853 1901 1866
f 1916 1866 1901
f 1866 1916 1887
f 1901 1992 2005
f 2070 2005 1992
f 2005 2070 2050
f 2100 2050 2070
f 2050 2100 2113
f 2100 2070 2091
f 2090 2091 2071
f 2090 2097 2091
f 2068 2096 2063
f 2096 2068 2092
f 2067 2062 2075
f 2069 2064 2049
f 2163 2174 2171
f 2163 2179 2174
f 2178 2164 2145
f 2107 2117 2132
f 2138 2132 2117
f 2146 2150 2138
f 2150 2146 2160
f 2162 2160 2146
f 2169 2181 2162
f 2180 2162 2181
f 2162 2180 2160
f 2131 2160 2180
f 2160 2131 2150
f 2190 2198 2192
f 2120 2137 2116
f 2145 2137 2120
f 2145 2120 2178
f 2127 2145 2120
f 2145 2127 2178
f 2178 2120 2127
f 2176 2177 2122
f 2119 2122 2177
f 2107 2095 2115
f 2121 2115 2095
f 2115 2121 2119
f 2123 2119 2121
f 2119 2123 2126
f 2122 2177 2125
f 2095 2081 2108 2121
f 2081 2110 2108
f 2109 2080 2030
f 2101 2110 2031
f 2143 2124 2111
f 2124 2143 2175
f 2174 2142 2151
f 2142 2168 2174
f 2168 2142 2151 2156
f 2112 2102 2144
f 2147 2144 2102
f 2144 2147 2152
f 2165 2152 2147
f 2102 2106 2147
f 2148 2147 2106
f 2147 2148 2165
f 2167 2165 2148
f 2165 2167 2184
f 2186 2184 2167
f 2184 2186 2196
f 2194 2196 2186
f 2196 2194 2205
f 2202 2205 2194
f 2104 1536 2149
f 1518 2149 1536
f 2149 1518 2166
f 1500 2166 1518
f 2166 1500 2187
f 1488 2187 1500
f 2187 1488 2195
f 1481 2195 1488
f 2195 1481 2203
f 1517 1519 1534
f 1535 1534 1519
f 1534 1535 1572
f 1582 1572 1535
f 1576 1539 1572
f 1581 1536 2104
f 1580 1636 1571
f 1581 1879 1637
f 1889 1854 2017
f 2021 2017 1854
f 2017 2021 2044
f 2047 2044 2021
f 2044 2047 2045
f 2048 2045 2047
f 2045 2048 2056
f 2054 1637 2046
f 1639 2046 1637
f 2046 1639 2043
f 1641 2043 1639
f 2043 1641 2018
f 1672 2018 1641
f 2018 1672 2019
f 1673 2019 1672
f 2019 1673 2012
f 1681 2012 1673
f 1855 1888 1674
f 1671 1674 1888
f 1674 1671 1643
f 1640 1643 1671
f 1643 1640 1642
f 1638 1642 1640
f 1642 1638 1636
f 2011 1682 2014
f 1676 2014 1682
f 2014 1676 2020
f 1675 2020 1676
f 1541 1512 1532
f 1512 1516 1532
f 1572 1539 1534
f 1531 1534 1539
f 1534 1531 1517
f 1515 1517 1531
f 1517 1515 1501
f 1503 1502 1515
f 1498 2185 1490
f 2197 1490 2185
f 1490 2197 1483
f 2206 1483 2197
f 2172 2159 2188
f 2003 2006 2088
f 2072 2088 2006
f 2088 2072 2159
f 2192 2159 2072
f 2159 2192 2188
f 2182 2198 2181
f 2190 2181 2198
f 2181 2190 2180
f 2131 2180 2190
f 2131 2190 2130
f 2192 2130 2190
f 2130 2192 2114
f 2072 2114 2192
f 2113 2072 2050
f 1998 2050 2072
f 2050 1998 2005
f 1901 2005 1998
f 2006 1998 2072
f 1998 2006 1917
f 2006 2003 1916
f 2172 2157 2159
f 2140 2159 2157
f 2159 2140 2088
f 2133 2088 2140
f 2088 2133 2003
f 2139 2158 2154
f 2161 2154 2158
f 2161 2153 2154
f 2141 2154 2153
f 2154 2141 2139
f 2087 2139 2141
f 2139 2085 2136
f 1998 1916 1901
f 1866 1887 1864
f 1886 1796 1821
f 1796 1886 1915
f 1694 1684 1633
f 1811 1685 1720
f 1720 1685 1599
f 1811 1720 1852
f 1811 1852 1865
f 1587 1594 1589
f 1599 1589 1594
f 1562 1589 1583
f 1599 1583 1589
f 1583 1599 1644
f 1685 1644 1599
f 1644 1685 1695
f 1811 1695 1685
f 1695 1811 1797
f 1865 1797 1811
f 1797 1865 1822
f 1864 1822 1865
f 1618 1617 1592
f 1586 1592 1617
f 1592 1586 1585
f 1589 1585 1586
f 1585 1589 1561
f 1562 1561 1589
f 1561 1562 1554
f 1583 1554 1562
f 1554 1583 1566
f 1644 1566 1583
f 2193 2200 2189
f 2193 2198 2200
f 2169 2183 2181
f 2158 2173 2161
f 2189 2161 2173
f 2161 2189 2191
f 2200 2191 2189
f 2191 2200 2196
f 2199 2196 2200
f 2196 2199 2184
f 2182 2184 2199
f 2184 2182 2165
f 2169 2165 2182
f 2152 2165 2170 2155
f 2168 2174 2151 2156
f 2201 1479 1482
f 1489 1484 1480
f 2201 1482 2204
f 1489 1480 1487
f 1492 1485 1486
f 1489 1486 1485
f 1486 1489 1497
f 1487 1497 1489
f 1497 1487 1499
f 1489 1485 1493
f 1494 1493 1485
f 1493 1494 1514
f 1506 1514 1494
f 1514 1506 1525
f 1520 1503 1515
f 2101 2056 2105
f 2103 1995 2055
f 2101 2030 1994
f 1879 2104 2054
f 2123 2121 2110
f 2121 2108 2110
f 2115 2108 2121
f 1875 1827 1817
f 1790 1817 1827
f 1875 1828 1827
f 1691 1827 1828
f 1827 1691 1736
f 1772 1736 1691
f 1827 1736 1790
f 1742 1790 1736
f 1772 1691 1776
f 1858 1777 1806
f 1777 1858 1845
f 1940 1845 1858
f 1939 1839 1844
f 1939 1942 1839
f 1899 1924 1885
f 1970 1885 1924
f 1885 1970 2004
f 1944 2004 1970
f 2004 1944 1941
f 1908 1906 1967
f 1953 1967 1906
f 1967 1953 1996
f 1991 1996 1953
f 1996 1991 1999
f 1952 1907 1836
f 1952 1836 1991
f 1970 1924 1966
f 1859 1877 1880
f 1876 1880 1877
f 1737 1770 1743
f 1737 1773 1770
f 1840 1770 1773
f 1770 1840 1851
f 1946 1851 1840
f 1851 1946 1938
f 1839 1774 1775
f 1775 1844 1839
f 1949 1923 1938
f 1841 1938 1923
f 1938 1841 1851
f 1778 1851 1841
f 1851 1778 1770
f 1840 1943 1946
f 1971 1946 1943
f 1971 1965 1946
f 1875 1816 1870
f 1869 1870 1816
f 1870 1869 1900
f 1898 1900 1869
f 1900 1898 1925
f 1918 1925 1898
f 1925 1918 1965
f 1869 1816 1818
f 1789 1818 1816
f 1818 1789 1795
f 1743 1795 1789
f 1742 1754 1795
f 1743 1771 1753
f 1778 1753 1771
f 1841 1784 1778
f 1760 1778 1784
f 1778 1760 1753
f 1807 1753 1760
f 1753 1807 1795
f 1819 1795 1807
f 1795 1819 1818
f 1868 1818 1819
f 1818 1868 1869
f 1898 1869 1868
f 1761 1785 1786
f 1842 1786 1785
f 1786 1842 1921
f 1922 1921 1842
f 1921 1922 1948
f 1787 1808 1762
f 1787 1873 1808
f 1920 1874 1788
f 1909 1872 1919
f 1872 1909 1897
f 1949 1955 1910
f 1918 1910 1955
f 1910 1918 1896
f 1898 1896 1918
f 1896 1898 1868
f 1919 1950 1909
f 1949 1938 1955
f 1947 1955 1938
f 1965 1955 1946
f 1966 1918 1955
f 1867 1871 1897
f 1871 1867 1820
f 1808 1871 1820
f 1609 1618 1592
f 1624 1586 1617
f 1586 1624 1593
f 1529 1526 1507
f 1526 1529 1544
f 1509 1556 1537
f 1564 1537 1556
f 1537 1564 1546
f 1569 1546 1564
f 1574 1568 1563
f 2015 1767 1749 1669
f 1748 1759 1768
f 1759 1748 1740
f 1735 1759 1740
f 1759 1735 1756
f 1751 1734 1755
f 1734 1751 1731
f 1727 1752 1730
f 1752 1727 1739
f 1732 1726 1738
f 1726 1732 1725
f 1719 1733 1724
f 1733 1719 1728
f 1723 1718 1729
f 1718 1723 1715
f 1712 1722 1714
f 1722 1712 1716
f 1711 1713 1717
f 1713 1711 1710
f 1711 1705 1710
f 1705 1711 1707
f 1704 1700 1706
f 1700 1704 1703
f 1702 1700 1703
f 1700 1702 1699
f 1699 1702 1701 1698
f 1793 1781 1780 1791
f 1803 1793 1791 1802
f 1813 1800 1805 1815
f 1823 1813 1815 1825
f 1829 1823 1825 1831
f 1881 1829 1831 1884
f 1892 1881 1884 1894
f 1904 1895 1891 1903
f 1914 1904 1903 1911
f 1928 1914 1911 1926
f 1936 1928 1926 1933
f 1934 2033 1932
g Mesh29
usemtl RED
f 2291 2214 2255
f 2279 2304 2309
f 2304 2279 2290
f 2207 2290 2279
f 2290 2207 2215
f 2209 2218 2213
f 2209 2211 2218
f 2208 2249 2212
f 2280 2249 2208
f 2309 2304 2340
f 2298 2340 2304
f 2340 2298 2334
f 2272 2334 2298
f 2334 2272 2324
f 2242 2324 2272
f 2324 2242 2297
f 2226 2234 2241
f 2260 2241 2234
f 2241 2260 2295
f 2311 2295 2260
f 2295 2311 2318
f 2239 2314 2278
f 2338 2278 2314
f 2278 2338 2308
f 2346 2308 2338
f 2308 2346 2320
f 2349 2320 2346
f 2320 2349 2330
f 2347 2330 2349
f 2330 2347 2321
f 2335 2322 2347
f 2322 2335 2302
f 2312 2302 2335
f 2302 2312 2261
f 2239 2271 2314
f 2288 2269 2251
f 2238 2251 2269
f 2251 2238 2228
f 2222 2228 2238
f 2228 2222 2221
f 2296 2341 2323
f 2354 2323 2341
f 2323 2354 2333
f 2355 2333 2354
f 2333 2355 2339
f 2351 2339 2355
f 2339 2351 2332
f 2344 2332 2351
f 2332 2344 2328
f 2326 2328 2344
f 2328 2326 2300
f 2287 2300 2326
f 2300 2287 2252
f 2296 2316 2341
f 2270 2325 2315
f 2343 2315 2325
f 2315 2343 2337
f 2352 2337 2343
f 2337 2352 2345
f 2356 2345 2352
f 2345 2356 2350
f 2353 2350 2356
f 2350 2353 2348
f 2342 2348 2353
f 2348 2342 2336
f 2317 2336 2342
f 2336 2317 2313
f 2325 2270 2289
f 2340 2331 2309
f 2327 2309 2331
f 2309 2327 2281
f 2301 2281 2327
f 2281 2301 2246
f 2250 2246 2301
f 2246 2250 2230
f 2261 2254 2303
f 2282 2303 2254
f 2303 2282 2321
f 2292 2321 2282
f 2321 2292 2329
f 2284 2329 2292
f 2329 2284 2319
f 2258 2319 2284
f 2319 2258 2307
f 2236 2307 2258
f 2307 2236 2277
f 2223 2277 2236
f 2277 2223 2240
f 2267 2284 2292
f 2267 2257 2284
f 2217 2257 2267
f 2217 2210 2257
f 2249 2256 2212
f 2219 2237 2232
f 2259 2232 2237
f 2232 2259 2248
f 2285 2248 2259
f 2248 2285 2263
f 2229 2231 2245
f 2247 2245 2231
f 2245 2247 2281
f 2264 2281 2247
f 2281 2264 2309
f 2280 2310 2249
f 2262 2249 2310
f 2249 2262 2256
f 2286 2256 2262
f 2231 2229 2220
f 2224 2237 2219
f 2268 2255 2216
f 2305 2291 2274
f 2255 2274 2291
f 2274 2255 2293
f 2268 2293 2255
f 2216 2255 2214
f 2254 2261 2235
f 2275 2283 2266
f 2253 2266 2283
f 2266 2253 2243
f 2233 2243 2253
f 2243 2233 2227
f 2283 2275 2294
f 2272 2225 2242
f 2225 2273 2244
f 2299 2244 2273
f 2244 2299 2265
f 2306 2265 2299
f 2265 2306 2276
g Mesh30
usemtl RED
f 2358 2359 2360
f 2359 2358 2357
g Mesh31
usemtl RED
f 2363 2362 2364
f 2361 2362 2363
f 2361 2362 2363
f 2363 2362 2364
g Mesh32
usemtl RED
f 2365 2366 2367
f 2365 2366 2367
f 2367 2366 2368
f 2367 2366 2368
g Mesh34
usemtl RED
f 2382 2370 2378
f 2393 2370 2382
f 2369 2399 2394
f 2369 2396 2381
f 2375 2369 2381
f 2398 2380 2394
f 2398 2392 2380
f 2389 2380 2392
f 2380 2389 2376
f 2373 2376 2389
f 2376 2373 2372
f 2384 2373 2389
f 2384 2389 2387
f 2384 2387 2385
f 2386 2388 2383
f 2390 2383 2388
f 2383 2390 2374
f 2377 2374 2390
f 2374 2377 2371
f 2377 2390 2379
f 2391 2379 2390
f 2379 2391 2397
f 2379 2397 2395
g Mesh35
usemtl RED
f 2410 2403 2419
f 2410 2400 2403
f 2412 2408 2402
f 2417 2420 2404 2413
f 2401 2414 2405
f 2401 2407 2414
f 2418 2416 2411
f 2409 2411 2416
f 2411 2409 2406
f 2416 2406 2409
f 2406 2416 2415
g Mesh36
usemtl RED
f 2441 2432 2430
f 2441 2443 2432
f 2431 2444 2427
f 2439 2427 2444
f 2427 2439 2424
f 2436 2424 2439
f 2422 2423 2435
f 2422 2435 2434
f 2425 2421 2433
f 2425 2433 2438
f 2426 2437 2428
f 2440 2428 2437
f 2428 2440 2429
f 2442 2429 2440
g Mesh37
usemtl RED
f 2446 2453 2452
f 2445 2459 2454
f 2459 2445 2451
f 2460 2452 2453
f 2449 2458 2447
f 2457 2450 2455
f 2450 2448 2455
f 2458 2456 2447
g Mesh38
usemtl RED
f 2464 2461 2462
f 2464 2461 2462
f 2461 2464 2463
f 2464 2463 2461
g Mesh39
usemtl RED
f 2466 2465 2468
f 2467 2468 2465
f 2468 2467 2470
f 2469 2470 2467
g Mesh40
usemtl RED
f 2474 2472 2471
f 2474 2471 2473
g Mesh41
usemtl RED
f 2489 2495 2479
f 2498 2495 2489
f 2497 2499 2493
f 2497 2493 2494
f 2493 2491 2494
f 2493 2486 2491
f 2484 2492 2475
f 2477 2475 2492
f 2481 2488 2500 2496
f 2500 2488 2502
f 2487 2502 2488
f 2502 2487 2504
f 2507 2504 2487
f 2507 2487 2485
f 2476 2506 2483
f 2482 2501 2478
f 2503 2478 2501
f 2478 2503 2476
f 2505 2476 2503
f 2476 2505 2506
f 2492 2480 2477
f 2480 2492 2490
g Mesh42
usemtl RED
f 2523 2528 2519
f 2533 2519 2528
f 2519 2533 2515
f 2541 2515 2533
f 2534 2530 2526
f 2524 2511 2521
f 2536 2521 2511
f 2521 2536 2529
f 2539 2529 2536
f 2529 2539 2527
f 2535 2540 2537
f 2535 2537 2543
f 2524 2509 2511
f 2517 2513 2510
f 2538 2512 2542
f 2516 2542 2512
f 2542 2516 2532
f 2514 2532 2516
f 2517 2510 2508
f 2518 2525 2522
f 2518 2522 2520
f 2534 2526 2531
g Mesh43
usemtl RED
f 2545 2546 2547
f 2546 2545 2544
g Mesh44
usemtl RED
f 2551 2548 2549
f 2551 2550 2548
g Mesh45
usemtl RED
f 2553 2555 2552
f 2552 2555 2554
f 2554 2555 2557
f 2554 2557 2556
g Mesh46
usemtl RED
f 2561 2558 2559
f 2559 2561 2558
f 2558 2561 2560
f 2561 2560 2558
g Mesh47
usemtl RED
f 2569 2580 2573
f 2577 2573 2580
f 2573 2577 2562
f 2585 2562 2577
f 2581 2578 2576
f 2575 2576 2578
f 2576 2575 2584
f 2583 2584 2575
f 2579 2566 2574
f 2571 2574 2566
f 2574 2571 2582
f 2565 2582 2571
f 2567 2568 2570
f 2572 2570 2568
f 2570 2572 2564
f 2563 2564 2572
g Mesh48
usemtl RED
f 2586 2587 2588
f 2588 2587 2589
g Mesh49
usemtl RED
f 2596 2605 2592
f 2605 2596 2601
f 2597 2602 2599
f 2594 2602 2597
f 2595 2598 2593
f 2591 2593 2598
f 2604 2600 2603
f 2604 2606 2600
f 2607 2592 2605
f 2607 2590 2592
g Mesh50
usemtl RED
f 2609 2611 2622
f 2627 2623 2610
f 2627 2610 2614
f 2630 2626 2615
f 2630 2615 2619
f 2629 2631 2618
f 2629 2618 2617
f 2616 2625 2628
f 2616 2613 2625
f 2612 2621 2624
f 2612 2608 2621
f 2609 2622 2620
g Mesh51
usemtl RED
f 2634 2633 2632
f 2633 2634 2635
g Mesh52
usemtl RED
f 2637 2638 2639
f 2638 2637 2636
g Mesh53
usemtl RED
f 2642 2652 2644
f 2642 2653 2652
f 2647 2654 2640
f 2654 2647 2648
f 2643 2648 2647
f 2643 2650 2648
f 2651 2655 2649
f 2641 2645 2646
g Mesh54
usemtl RED
f 2658 2656 2659
f 2659 2656 2657
g Mesh55
usemtl RED
f 2663 2660 2661
f 2662 2660 2663
g Mesh56
usemtl RED
f 2664 2675 2666
f 2673 2675 2664
f 2668 2672 2665
f 2671 2672 2668
f 2670 2669 2674
f 2674 2669 2667
g Mesh57
usemtl RED
f 2676 2679 2678
f 2679 2676 2677
f 2679 2678 2676
f 2679 2676 2677
g Mesh58
usemtl RED
f 2686 2700 2681
f 2697 2681 2700
f 2681 2697 2684
f 2691 2684 2697
f 2718 2689 2698
f 2689 2718 2728
f 2732 2728 2718
f 2729 2731 2716
f 2731 2725 2715
f 2707 2715 2725
f 2715 2707 2701
f 2705 2701 2707
f 2701 2705 2695
f 2735 2732 2719
f 2721 2735 2719
f 2733 2727 2723
f 2717 2723 2727
f 2723 2717 2711
f 2709 2711 2717
f 2711 2709 2708
f 2704 2708 2709
f 2708 2704 2703
f 2696 2703 2704
f 2703 2696 2693
f 2680 2693 2696
f 2693 2680 2682
f 2694 2683 2701
f 2682 2692 2701
f 2690 2715 2701
f 2690 2730 2715
f 2725 2714 2707
f 2710 2707 2714
f 2707 2710 2705
f 2703 2705 2710
f 2705 2703 2694
f 2710 2713 2711
f 2731 2734 2724
f 2722 2724 2734
f 2724 2722 2713
f 2712 2713 2722
f 2708 2710 2711
f 2708 2703 2710
f 2709 2706 2704
f 2702 2704 2706
f 2704 2702 2696
f 2685 2696 2702
f 2696 2685 2680
f 2702 2727 2687
f 2702 2717 2727
f 2702 2706 2717
f 2709 2717 2706
f 2699 2688 2726
f 2720 2699 2726
g Mesh59
usemtl RED
f 2738 2737 2739
f 2736 2737 2738
f 2736 2737 2738
f 2738 2737 2739
g Mesh60
usemtl RED
f 2741 2743 2742
f 2745 2742 2743
f 2742 2745 2744
f 2747 2744 2745
f 2744 2747 2746
f 2741 2742 2740
g Mesh61
usemtl RED
f 2748 2751 2750
f 2751 2748 2749
g Mesh62
usemtl RED
f 2754 2758 2756
f 2759 2761 2757
f 2754 2756 2753
f 2752 2760 2755
g Mesh63
usemtl RED
f 2765 2767 2762
f 2768 2766 2764
f 2768 2771 2766
f 2769 2763 2770
g Mesh64
usemtl RED
f 2772 2775 2774
f 2775 2772 2773
g Mesh65
usemtl RED
f 2780 2779 2778
f 2781 2779 2780
f 2778 2779 2777
f 2778 2777 2776
g Mesh66
usemtl RED
f 2793 2788 2791
f 2782 2785 2787
f 2789 2787 2785
f 2787 2789 2790
f 2792 2790 2789
f 2791 2788 2786
f 2788 2784 2786
f 2786 2784 2783
g Mesh67
usemtl RED
f 2804 2801 2803
f 2803 2801 2798
f 2805 2802 2800
f 2799 2800 2802
f 2800 2799 2796
f 2795 2796 2799
f 2801 2797 2798
f 2798 2797 2794
g Mesh68
usemtl RED
f 2809 2808 2806
f 2809 2808 2806
f 2809 2806 2807
f 2807 2809 2806
g Mesh69
usemtl RED
f 2810 2813 2812
f 2813 2810 2811
g Mesh70
usemtl RED
f 2814 2815 2816
f 2817 2816 2815
f 2816 2817 2818
f 2819 2818 2817
g Mesh71
usemtl RED
f 2827 2840 2829
f 2840 2827 2839
f 2824 2839 2827
f 2824 2837 2839
f 2820 2836 2825
f 2836 2820 2833
f 2822 2832 2821
f 2822 2835 2832
f 2826 2834 2823
f 2834 2826 2838
f 2830 2838 2826
f 2830 2842 2838
f 2843 2831 2828
f 2843 2828 2841
g Mesh72
usemtl RED
f 2873 2865 2868
f 2859 2868 2865
f 2868 2859 2863
f 2854 2863 2859
f 2863 2854 2858
f 2849 2858 2854
f 2858 2849 2851
f 2848 2851 2849
f 2851 2848 2846
f 2882 2876 2874
f 2871 2874 2876
f 2874 2871 2869
f 2868 2869 2871
f 2869 2868 2867
f 2863 2867 2868
f 2867 2863 2861
f 2858 2861 2863
f 2861 2858 2857
f 2851 2857 2858
f 2857 2851 2852
f 2846 2852 2851
f 2852 2846 2845
f 2870 2866 2864
f 2862 2864 2866
f 2864 2862 2860
f 2856 2860 2862
f 2860 2856 2855
f 2853 2855 2856
f 2855 2853 2850
f 2847 2850 2853
f 2844 2847 2853
f 2864 2872 2870
f 2877 2870 2872
f 2870 2877 2875
f 2879 2875 2877
f 2875 2879 2881
f 2882 2883 2876
f 2878 2876 2883
f 2876 2878 2871
f 2873 2871 2878
f 2871 2873 2868
f 2883 2880 2878
g Mesh73
usemtl RED
f 2888 2892 2884
f 2894 2887 2900
f 2895 2900 2887
f 2900 2895 2911
f 2904 2911 2895
f 2908 2909 2902
f 2905 2902 2909
f 2902 2905 2885
f 2896 2885 2905
f 2885 2896 2889
f 2903 2886 2922
f 2925 2924 2884
f 2923 2927 2920
f 2927 2917 2920
f 2926 2916 2917
f 2916 2926 2899
f 2925 2884 2898
f 2891 2898 2884
f 2890 2914 2897
f 2890 2901 2914
f 2893 2901 2890
f 2891 2884 2892
f 2901 2913 2914
f 2906 2910 2912
f 2907 2912 2910
f 2912 2907 2915
f 2918 2915 2907
f 2907 2921 2918
f 2922 2919 2903
g Mesh74
usemtl RED
f 2928 2934 2938 2930
f 2983 2975 2967 2958 2951 2943 2935 2929 2932 2941 2949 2956 2965 2973 2981 2989 2997 3005 3012 3021 3015 3007 2999 2991
f 2974 2982 2986 2978
f 2982 2990 2994 2986
f 2990 2998 3003 2994
f 2998 3006 3011 3003
f 3006 3014 3018 3011
f 3014 3020 3022 3018
f 3020 3013 3017 3022
f 3013 3004 3009 3017
f 3004 2996 3000 3009
f 2996 2988 2993 3000
f 2988 2980 2985 2993
f 2980 2972 2977 2985
f 2972 2964 2968 2977
f 2964 2957 2960 2968
f 2957 2948 2952 2960
f 2948 2940 2945 2952
f 2940 2933 2937 2945
f 2933 2928 2930 2937
f 2979 2987 2995 3002 3010 3019 3023 3016 3008 3001 2992 2984 2976 2969 2961 2953 2944 2936 2931 2939 2947 2954 2963 2970
f 2934 2942 2946 2938
f 2942 2950 2955 2946
f 2950 2959 2962 2955
f 2959 2966 2971 2962
f 2966 2974 2978 2971
g Mesh75
usemtl RED
f 3026 3034 3032
f 3040 3032 3034
f 3032 3040 3038
f 3048 3038 3040
f 3038 3048 3046
f 3050 3046 3048
f 3046 3050 3054
f 3058 3054 3050
f 3054 3058 3061
f 3063 3061 3058
f 3061 3063 3067
f 3070 3067 3063
f 3067 3070 3071
f 3064 3057 3068
f 3062 3068 3057
f 3068 3062 3066
f 3059 3066 3062
f 3056 3055 3062 3057
f 3051 3055 3056 3057
f 3047 3055 3051 3049
f 3044 3053 3047
f 3071 3065 3067
f 3060 3067 3065
f 3067 3060 3061
f 3052 3061 3060
f 3061 3052 3054
f 3045 3054 3052
f 3054 3045 3046
f 3037 3046 3045
f 3046 3037 3038
f 3031 3038 3037
f 3038 3031 3032
f 3024 3032 3031
f 3032 3024 3026
f 3044 3047 3042 3039
f 3039 3042 3047 3043 3041
f 3047 3049 3041 3043
f 3025 3030 3027
f 3033 3027 3030
f 3027 3033 3028
f 3035 3028 3033
f 3044 3039 3036
f 3030 3036 3033
f 3039 3033 3036
f 3033 3039 3035
f 3041 3035 3039
f 3029 3034 3026
f 3071 3073 3065
f 3047 3053 3055
f 3059 3055 3053
f 3055 3059 3062
f 3066 3074 3068
f 3072 3068 3074
f 3068 3072 3064
f 3069 3064 3072
g Mesh76
usemtl RED
f 3076 3082 3090
f 3086 3090 3082
f 3090 3086 3098
f 3100 3098 3086
f 3098 3100 3103
f 3102 3101 3097
f 3087 3097 3101
f 3097 3087 3091
f 3083 3091 3087
f 3091 3083 3075
f 3095 3087 3101
f 3084 3087 3095
f 3086 3085 3094
f 3095 3089 3084
f 3085 3088 3094
f 3086 3094 3100
f 3099 3104 3092
f 3104 3080 3092
f 3105 3078 3077
f 3091 3075 3078
f 3090 3079 3076
f 3081 3105 3093
f 3093 3105 3096
g Mesh77
usemtl RED
f 3112 3113 3110
f 3114 3106 3108
f 3111 3109 3107
g Mesh78
usemtl RED
f 3115 3116 3117
f 3117 3116 3118
g Mesh79
usemtl RED
f 3122 3119 3120
f 3121 3119 3122
g Mesh80
usemtl RED
f 3125 3123 3126
f 3126 3123 3124
g Mesh81
usemtl RED
f 3139 3140 3141
f 3139 3135 3140
f 3132 3136 3138
f 3136 3132 3128
f 3132 3127 3128
f 3127 3131 3133
f 3131 3142 3134
f 3131 3137 3142
f 3127 3133 3129
f 3130 3129 3133
g Mesh82
usemtl RED
f 3191 3184 3185 3194
f 3228 3220 3212 3204 3196 3188 3179 3171 3163 3156 3148 3144 3151 3160 3167 3175 3183 3192 3200 3208 3215 3223 3232 3236
f 3219 3227 3229 3222
f 3227 3235 3237 3229
f 3235 3231 3233 3237
f 3231 3224 3225 3233
f 3224 3216 3217 3225
f 3216 3207 3210 3217
f 3207 3199 3202 3210
f 3199 3191 3194 3202
f 3221 3230 3238 3234 3226 3218 3209 3201 3193 3186 3178 3170 3162 3154 3146 3150 3158 3165 3173 3182 3189 3198 3206 3213
f 3184 3176 3177 3185
f 3176 3168 3169 3177
f 3168 3159 3161 3169
f 3159 3152 3153 3161
f 3152 3143 3145 3153
f 3143 3147 3149 3145
f 3147 3155 3157 3149
f 3155 3164 3166 3157
f 3164 3172 3174 3166
f 3172 3180 3181 3174
f 3180 3187 3190 3181
f 3187 3195 3197 3190
f 3195 3203 3205 3197
f 3203 3211 3214 3205
f 3211 3219 3222 3214
g Mesh83
usemtl RED
f 3243 3240 3242
f 3240 3241 3242
f 3241 3240 3239
g Mesh84
usemtl RED
f 3253 3244 3246
f 3245 3254 3259
f 3259 3250 3245
f 3250 3259 3260
f 3260 3251 3250
f 3257 3252 3261
f 3248 3252 3257
f 3256 3249 3258
f 3249 3256 3247
f 3246 3255 3253
g Mesh85
usemtl RED
f 3265 3262 3274
f 3274 3262 3272
f 3271 3278 3268
f 3276 3268 3278
f 3268 3276 3266
f 3273 3266 3276
f 3266 3273 3263
f 3271 3281 3278
f 3264 3277 3267
f 3279 3267 3277
f 3267 3279 3269
f 3280 3269 3279
f 3269 3280 3270
f 3275 3277 3264
g Mesh86
usemtl RED
f 3319 3315 3311
f 3318 3315 3319
f 3298 3314 3316
f 3314 3298 3296
f 3295 3297 3300
f 3317 3301 3299
f 3301 3317 3320
f 3320 3302 3301
f 3319 3306 3303
f 3311 3306 3319
f 3308 3293 3289
f 3300 3288 3292
f 3288 3300 3285
f 3300 3284 3285
f 3301 3302 3283
f 3307 3282 3304
f 3282 3307 3286
f 3290 3293 3312
f 3308 3312 3293
f 3312 3308 3305
f 3287 3305 3308
f 3287 3308 3289
f 3291 3300 3292
f 3300 3291 3295
f 3309 3294 3290
f 3294 3309 3313
f 3311 3315 3310
f 3290 3312 3309
g Mesh87
usemtl RED
f 3347 3327 3322
f 3324 3323 3329
f 3321 3325 3365
f 3352 3365 3325
f 3352 3361 3365
f 3332 3360 3354
f 3332 3350 3360
f 3337 3350 3332
f 3355 3351 3335
f 3351 3355 3363
f 3366 3364 3356
f 3365 3358 3362
f 3358 3365 3361
f 3360 3350 3359
f 3351 3363 3357
f 3356 3344 3366
f 3355 3335 3345
f 3338 3339 3346
f 3340 3336 3342
f 3333 3342 3336
f 3342 3333 3331
f 3324 3330 3334
f 3330 3324 3329
f 3331 3328 3342
f 3353 3326 3334
f 3341 3343 3348
f 3348 3346 3339
f 3349 3366 3344
f 3367 3347 3322
g Mesh88
usemtl RED
f 3394 3373 3393
f 3368 3393 3373
f 3393 3368 3391
f 3370 3391 3368
f 3391 3370 3388
f 3374 3388 3370
f 3388 3374 3387
f 3377 3387 3374
f 3387 3377 3384
f 3378 3384 3377
f 3384 3378 3380
f 3392 3372 3395
f 3372 3392 3369
f 3390 3369 3392
f 3369 3390 3371
f 3389 3371 3390
f 3371 3389 3375
f 3386 3375 3389
f 3375 3386 3376
f 3385 3376 3386
f 3376 3385 3379
f 3382 3379 3385
f 3379 3382 3381
f 3383 3384 3380
g Mesh89
usemtl RED
f 3399 3398 3396
f 3399 3396 3397
g Mesh90
usemtl RED
f 3403 3401 3404
f 3407 3404 3401
f 3404 3407 3409
f 3411 3409 3407
f 3409 3411 3413
f 3414 3413 3411
f 3413 3414 3416
f 3418 3416 3414
f 3416 3418 3423
f 3421 3423 3418
f 3423 3421 3424
f 3423 3424 3426
f 3429 3426 3424
f 3426 3429 3431
f 3433 3431 3429
f 3431 3433 3434
f 3437 3434 3433
f 3434 3437 3438
f 3443 3438 3437
f 3438 3443 3440
f 3441 3442 3439
f 3436 3439 3442
f 3439 3436 3435
f 3432 3435 3436
f 3435 3432 3430
f 3428 3430 3432
f 3430 3428 3427
f 3425 3427 3428
f 3427 3425 3422
f 3425 3420 3422
f 3419 3422 3420
f 3422 3419 3417
f 3415 3417 3419
f 3417 3415 3412
f 3410 3412 3415
f 3412 3410 3408
f 3406 3408 3410
f 3408 3406 3405
f 3400 3405 3406
f 3405 3400 3402
g Mesh91
usemtl RED
f 3444 3447 3445
f 3444 3446 3447
g Mesh92
usemtl RED
f 3456 3451 3455
f 3450 3455 3451
f 3455 3450 3453
f 3449 3453 3450
f 3448 3457 3454
f 3457 3448 3452
g Mesh93
usemtl RED
f 3491 3489 3470
f 3481 3470 3489
f 3470 3481 3466
f 3480 3466 3481
f 3466 3480 3463
f 3484 3463 3480
f 3463 3484 3469
f 3464 3467 3465
f 3458 3465 3467
f 3465 3458 3473
f 3474 3473 3458
f 3462 3458 3467
f 3461 3477 3459
f 3477 3461 3488
f 3468 3486 3460
f 3486 3468 3483
f 3485 3478 3487
f 3478 3485 3479
f 3482 3478 3479
f 3478 3482 3490
f 3466 3472 3470
f 3459 3494 3475
f 3477 3494 3459
f 3478 3492 3496
f 3492 3478 3490
f 3491 3470 3472
f 3471 3495 3493
f 3495 3471 3476
g Mesh94
usemtl RED
f 3498 3499 3497
g Mesh95
usemtl RED
f 3504 3503 3502
f 3501 3502 3503
f 3501 3503 3500
g Mesh96
usemtl RED
f 3507 3506 3505
g Mesh97
usemtl RED
f 3517 3511 3514
f 3516 3521 3512
f 3518 3521 3516
f 3513 3519 3508
f 3515 3509 3520
f 3514 3511 3510
g Mesh98
usemtl RED
f 3526 3531 3529
f 3533 3531 3526
f 3535 3523 3532
f 3524 3534 3527
f 3530 3522 3528
f 3528 3522 3525
g Mesh99
usemtl RED
f 3538 3539 3537 3536
g Mesh100
usemtl RED
f 3543 3540 3541
f 3542 3540 3543
