mtllib material.mtl

v -1239.5343736736518 70.9823109 261.1678728428461
v -1239.5343736736518 70.9823109 261.1678728428461
v -1239.5343736736518 70.9823109 268.748000405661
v -1239.5343736736518 70.9823109 268.748000405661
v -1245.8832489536242 70.9823109 257.11036549156506
v -1245.8832489536242 70.9823109 272.8054855433199
v -1253.6639982329098 70.9823109 258.0740181895454
v -1253.6639982329098 70.9823109 271.8418550589617
v -1259.9858570223291 70.9823109 262.522466631756
v -1259.9858570223291 70.9823109 262.522466631756
v -1259.9858570223291 70.9823109 267.3934066167511
v -1259.9858570223291 70.9823109 267.3934066167511
v -1092.2674836688423 140.56389216666668 183.5046007564912
v -1092.2674836688423 140.56389216666668 183.5046007564912
v -1094.725984309172 140.56389216666668 175.36785224598793
v -1094.725984309172 140.56389216666668 191.64080725461326
v -1098.5082929866026 140.56389216666668 172.3869334249413
v -1098.5082929866026 140.56389216666668 194.62172607565986
v -1116.6903911288216 140.56389216666668 179.71426552462069
v -1116.6903911288216 140.56389216666668 179.71426552462069
v -1116.6903911288216 140.56389216666668 187.29439397598048
v -1116.6903911288216 140.56389216666668 187.29439397598048
v -1194.1466695444865 772.8448856666666 250.55579732611216
v -1194.1466695444865 772.8448856666666 250.55579732611216
v -1196.6051701848162 772.8448856666666 242.41961304161228
v -1196.6051701848162 772.8448856666666 258.6925449480705
v -1200.3874788622468 772.8448856666666 239.43810689239524
v -1200.3874788622468 772.8448856666666 261.6734637691171
v -1218.5695770044658 772.8448856666666 246.76600410662286
v -1218.5695770044658 772.8448856666666 246.76600410662286
v -1218.5695770044658 772.8448856666666 246.76600410662286
v -1218.5695770044658 772.8448856666666 254.34615477160483
v -1218.5695770044658 772.8448856666666 254.34615477160483
v -1218.5695770044658 772.8448856666666 254.34615477160483
v -1224.1619905489522 772.8448856666666 242.70795474296062
v -1224.1619905489522 772.8448856666666 258.40363902071886
v -1231.9157233376848 772.8448856666666 243.67217166694434
v -1231.9157233376848 772.8448856666666 257.4399863227385
v -1238.2375821271041 772.8448856666666 248.1206201091549
v -1238.2375821271041 772.8448856666666 248.1206201091549
v -1238.2375821271041 772.8448856666666 252.9915378805279
v -1238.2375821271041 772.8448856666666 252.9915378805279
v -1196.55113720371 839.8850741666666 250.55579732611216
v -1196.55113720371 839.8850741666666 250.55579732611216
v -1199.0096378440398 839.8850741666666 242.41961304161228
v -1199.0096378440398 839.8850741666666 258.6925449480705
v -1202.7919465214704 839.8850741666666 239.43810689239524
v -1202.7919465214704 839.8850741666666 261.6734637691171
v -1216.2731753074545 839.8850741666666 246.76600410662286
v -1216.2731753074545 839.8850741666666 254.34615477160483
v -1221.8655888519409 839.8850741666666 242.70851896896397
v -1221.8655888519409 839.8850741666666 258.40363902071886
v -1229.6463381312262 839.8850741666666 243.67217166694434
v -1229.6463381312262 839.8850741666666 257.4399863227385
v -1235.9411804300926 839.8850741666666 248.1206201091549
v -1235.9411804300926 839.8850741666666 248.1206201091549
v -1235.9411804300926 839.8850741666666 252.9915378805279
v -1235.9411804300926 839.8850741666666 252.9915378805279
v -757.3980832634833 -1044.6891136666666 286.68510669081644
v -757.3980832634833 -1044.6891136666666 286.68510669081644
v -1080.4342608065956 -1042.0600866666666 499.712447900833
v -1080.4342608065956 -1042.0600866666666 499.712447900833
v -999.1686572229473 -1041.1837443333334 329.34950731704595
v -999.1686572229473 -1041.1837443333334 329.34950731704595
v -1027.1037084548266 -1041.0961101 353.73226304683527
v -1027.1037084548266 -1041.0961101 353.73226304683527
v -1052.0399292353143 -1041.0961101 400.0970159642076
v -1052.0399292353143 -1041.0961101 400.0970159642076
v -962.8044609385091 -1039.3434254333333 309.88695960915777
v -962.8044609385091 -1039.3434254333333 309.88695960915777
v -919.3619441291653 -1037.3278380666666 296.9996538406132
v -919.3619441291653 -1037.3278380666666 296.9996538406132
v -757.6142151879079 -1023.6568976666667 284.66781746558314
v -757.6142151879079 -1023.6568976666667 284.66781746558314
v -919.6050925441428 -804.7465827999999 296.8723875564182
v -919.6050925441428 -804.7465827999999 296.8723875564182
v -962.8044609385091 -782.8380244666666 309.88695960915777
v -962.8044609385091 -782.8380244666666 309.88695960915777
v -1082.325415145311 -763.6461273666667 499.65857542432155
v -1082.325415145311 -763.6461273666667 499.65857542432155
v -999.1956737135006 -761.8934427 330.10333547118114
v -999.1956737135006 -761.8934427 330.10333547118114
v -1052.7423579896943 -753.6558247666668 400.0052950296805
v -1052.7423579896943 -753.6558247666668 400.0052950296805
v -1027.1037084548266 -751.114432 353.73226304683527
v -1027.1037084548266 -751.114432 353.73226304683527
v -1079.137469260048 -815.4379592666667 149.23263276332875
v -1079.137469260048 -815.4379592666667 149.23263276332875
v -1244.7755728409481 -814.5616169333334 148.63760002016633
v -1244.7755728409481 -814.5616169333334 148.63760002016633
v -1244.7755728409481 -814.5616169333334 148.63760002016633
v -1079.110452769495 -810.9686133666667 139.08432880774936
v -1079.110452769495 -810.9686133666667 139.08432880774936
v -1244.7755728409481 -810.0922710333333 141.05747245735142
v -1244.7755728409481 -810.0922710333333 141.05747245735142
v -1244.7755728409481 -810.0922710333333 141.05747245735142
v -1078.8673043545173 -730.082216 149.44074241554162
v -1078.8673043545173 -730.082216 149.44074241554162
v -1079.083436278942 -713.9575170666667 139.2798220111087
v -1079.083436278942 -713.9575170666667 139.2798220111087
v -1243.965078124356 -670.9291085 225.26213203430234
v -1243.965078124356 -670.9291085 225.26213203430234
v -1243.965078124356 -670.9291085 225.26213203430234
v -1243.7219297093782 -657.2581681 218.0603291135635
v -1243.7219297093782 -657.2581681 218.0603291135635
v -1243.7219297093782 -657.2581681 218.0603291135635
v -1244.9106552937135 -639.4684187333334 148.63760002016633
v -1244.9106552937135 -639.4684187333334 148.63760002016633
v -1244.9106552937135 -639.4684187333334 148.63760002016633
v -1244.7755728409481 -625.9727468000001 140.03078371943775
v -1244.7755728409481 -625.9727468000001 140.03078371943775
v -1244.7755728409481 -625.9727468000001 140.03078371943775
v -1243.6949132188251 -219.96334376666667 229.2152797885807
v -1243.6949132188251 -219.96334376666667 229.2152797885807
v -1243.8299956715905 -216.28270596666667 235.92349869010934
v -1243.8299956715905 -216.28270596666667 235.92349869010934
v -1078.8132713734112 -215.93216903333334 149.44130664154503
v -1079.056419788389 -214.61765553333336 138.80573622090347
v -131.37196416764 -508.3676056666667 235.42878533034752
v -131.37196416764 -501.2692327666667 235.42878533034752
v -130.7235683943662 -438.34785323333335 157.20717740467194
v -130.7235683943662 -438.34785323333335 157.20717740467194
v -130.7235683943662 -432.21345690000004 157.20717740467194
v -130.7235683943662 -432.21345690000004 157.20717740467194
v -130.7235683943662 -432.21345690000004 157.20717740467194
v -75.4208122322226 -365.96197650000005 262.73915163067534
v -75.4208122322226 -365.96197650000005 262.73915163067534
v -76.1772739677087 -365.96197650000005 211.44899892362588
v -76.1772739677087 -365.96197650000005 211.44899892362588
v -6.015448001374098 -301.63844923333335 210.51976401185158
v -6.015448001374098 -301.63844923333335 210.51976401185158
v -130.7235683943662 -298.3083483666667 157.20717740467194
v -130.7235683943662 -298.3083483666667 157.20717740467194
v -76.04219151494331 -294.1895394 156.06353661161398
v -76.04219151494331 -294.1895394 156.06353661161398
v -76.04219151494331 -294.1895394 156.06353661161398
v -6.150530454139472 -229.2525725 155.7155673285197
v -6.150530454139472 -229.2525725 155.7155673285197
v -6.150530454139472 -229.2525725 155.7155673285197
v -6.150530454139472 -229.2525725 155.7155673285197
v -364.0920137918241 -194.46178186666668 440.64324375579986
v -364.0920137918241 -194.46178186666668 440.64324375579986
v -366.8206793376847 -194.46178186666668 440.64324375579986
v -366.8206793376847 -194.46178186666668 440.64324375579986
v -364.0920137918241 -175.70805593333336 427.02905762245933
v -364.0920137918241 -175.70805593333336 427.02905762245933
v -366.8206793376847 -175.70805593333336 427.02905762245933
v -366.8206793376847 -175.70805593333336 427.02905762245933
v -364.0920137918241 -161.59894436666667 422.13288473975723
v -364.0920137918241 -161.59894436666667 422.13288473975723
v -366.8206793376847 -161.59894436666667 422.13288473975723
v -366.8206793376847 -161.59894436666667 422.13288473975723
v -364.0920137918241 -160.72260203333335 570.4794565540894
v -364.0920137918241 -160.72260203333335 570.4794565540894
v -366.8206793376847 -160.72260203333335 570.4794565540894
v -366.8206793376847 -160.72260203333335 570.4794565540894
v -364.0920137918241 -159.40808853333334 448.3753071630582
v -364.0920137918241 -159.40808853333334 448.3753071630582
v -366.8206793376847 -159.40808853333334 448.3753071630582
v -366.8206793376847 -159.40808853333334 448.3753071630582
v -364.0920137918241 -155.28927956666666 444.7294137880525
v -364.0920137918241 -155.28927956666666 444.7294137880525
v -364.0920137918241 -155.28927956666666 444.7294137880525
v -366.8206793376847 -155.28927956666666 444.7294137880525
v -366.8206793376847 -155.28927956666666 444.7294137880525
v -366.8206793376847 -155.28927956666666 444.7294137880525
v -364.0920137918241 -151.78391023333333 421.75054298624616
v -364.0920137918241 -151.78391023333333 421.75054298624616
v -366.8206793376847 -151.78391023333333 421.75054298624616
v -366.8206793376847 -151.78391023333333 421.75054298624616
v -364.0920137918241 -149.067249 445.1576160088272
v -364.0920137918241 -149.067249 445.1576160088272
v -366.8206793376847 -149.067249 445.1576160088272
v -366.8206793376847 -149.067249 445.1576160088272
v -364.0920137918241 -148.5414436 565.0524820610315
v -364.0920137918241 -148.5414436 565.0524820610315
v -366.8206793376847 -148.5414436 565.0524820610315
v -366.8206793376847 -148.5414436 565.0524820610315
v -364.0920137918241 -146.7011247 579.1298533159008
v -364.0920137918241 -146.7011247 579.1298533159008
v -366.8206793376847 -146.7011247 579.1298533159008
v -366.8206793376847 -146.7011247 579.1298533159008
v -364.0920137918241 -139.6027518 490.79492344685536
v -364.0920137918241 -139.6027518 490.79492344685536
v -366.8206793376847 -139.6027518 490.79492344685536
v -366.8206793376847 -139.6027518 490.79492344685536
v -364.0920137918241 -139.2522148666667 569.4694013764642
v -364.0920137918241 -139.2522148666667 569.4694013764642
v -366.8206793376847 -139.2522148666667 569.4694013764642
v -366.8206793376847 -139.2522148666667 569.4694013764642
v -364.0920137918241 -136.53555363333334 423.0357591903627
v -364.0920137918241 -136.53555363333334 423.0357591903627
v -366.8206793376847 -136.53555363333334 423.0357591903627
v -366.8206793376847 -136.53555363333334 423.0357591903627
v -364.0920137918241 -135.922114 584.249008315138
v -364.0920137918241 -135.922114 584.249008315138
v -366.8206793376847 -135.922114 584.249008315138
v -366.8206793376847 -135.922114 584.249008315138
v -364.0920137918241 -134.8705032 515.0183195396685
v -364.0920137918241 -134.8705032 515.0183195396685
v -366.8206793376847 -134.8705032 515.0183195396685
v -366.8206793376847 -134.8705032 515.0183195396685
v -364.0920137918241 -129.17427803333334 450.7869672624857
v -364.0920137918241 -129.17427803333334 450.7869672624857
v -366.8206793376847 -129.17427803333334 450.7869672624857
v -366.8206793376847 -129.17427803333334 450.7869672624857
v -364.0920137918241 -128.73610686666666 483.5690622847504
v -364.0920137918241 -128.73610686666666 483.5690622847504
v -366.8206793376847 -128.73610686666666 483.5690622847504
v -366.8206793376847 -128.73610686666666 483.5690622847504
v -364.0920137918241 -128.47320416666668 568.838822395089
v -364.0920137918241 -128.47320416666668 568.838822395089
v -366.8206793376847 -128.47320416666668 568.838822395089
v -366.8206793376847 -128.47320416666668 568.838822395089
v -366.8206793376847 -127.15869066666667 501.63456330610757
v -366.8206793376847 -127.15869066666667 501.63456330610757
v -370.0896746946067 -127.15869066666667 501.63456330610757
v -370.0896746946067 -127.15869066666667 501.63456330610757
v -366.8206793376847 -126.89578796666667 500.69214771947645
v -366.8206793376847 -126.89578796666667 500.69214771947645
v -366.8206793376847 -126.89578796666667 502.57643688035756
v -366.8206793376847 -126.89578796666667 502.57643688035756
v -370.0896746946067 -126.89578796666667 500.69214771947645
v -370.0896746946067 -126.89578796666667 500.69214771947645
v -370.0896746946067 -126.89578796666667 502.57643688035756
v -370.0896746946067 -126.89578796666667 502.57643688035756
v -366.8206793376847 -126.36998256666668 499.81448306441087
v -366.8206793376847 -126.36998256666668 499.81448306441087
v -366.8206793376847 -126.36998256666668 503.45464354780427
v -366.8206793376847 -126.36998256666668 503.45464354780427
v -370.0896746946067 -126.36998256666668 499.81448306441087
v -370.0896746946067 -126.36998256666668 499.81448306441087
v -370.0896746946067 -126.36998256666668 503.45464354780427
v -370.0896746946067 -126.36998256666668 503.45464354780427
v -364.0920137918241 -125.58127446666667 585.6557819025493
v -364.0920137918241 -125.58127446666667 585.6557819025493
v -366.8206793376847 -125.58127446666667 585.6557819025493
v -366.8206793376847 -125.58127446666667 585.6557819025493
v -366.8206793376847 -125.49364023333334 499.06008979572744
v -366.8206793376847 -125.49364023333334 499.06008979572744
v -366.8206793376847 -125.49364023333334 504.2084717019395
v -366.8206793376847 -125.49364023333334 504.2084717019395
v -370.0896746946067 -125.49364023333334 499.06008979572744
v -370.0896746946067 -125.49364023333334 499.06008979572744
v -370.0896746946067 -125.49364023333334 504.2084717019395
v -370.0896746946067 -125.49364023333334 504.2084717019395
v -366.8206793376847 -124.35439520000001 498.48166839923135
v -366.8206793376847 -124.35439520000001 498.48166839923135
v -366.8206793376847 -124.35439520000001 504.78689398698043
v -366.8206793376847 -124.35439520000001 504.78689398698043
v -370.0896746946067 -124.35439520000001 498.48166839923135
v -370.0896746946067 -124.35439520000001 498.48166839923135
v -370.0896746946067 -124.35439520000001 504.78689398698043
v -370.0896746946067 -124.35439520000001 504.78689398698043
v -366.8206793376847 -123.03988170000001 498.1182384350996
v -366.8206793376847 -123.03988170000001 498.1182384350996
v -366.8206793376847 -123.03988170000001 505.15034527618946
v -366.8206793376847 -123.03988170000001 505.15034527618946
v -370.0896746946067 -123.03988170000001 498.1182384350996
v -370.0896746946067 -123.03988170000001 498.1182384350996
v -370.0896746946067 -123.03988170000001 505.15034527618946
v -370.0896746946067 -123.03988170000001 505.15034527618946
v -366.8206793376847 -121.55009973333334 497.9944028227141
v -366.8206793376847 -121.55009973333334 497.9944028227141
v -366.8206793376847 -121.55009973333334 505.274723789501
v -366.8206793376847 -121.55009973333334 505.274723789501
v -370.0896746946067 -121.55009973333334 497.9944028227141
v -370.0896746946067 -121.55009973333334 497.9944028227141
v -370.0896746946067 -121.55009973333334 505.274723789501
v -370.0896746946067 -121.55009973333334 505.274723789501
v -364.0920137918241 -121.1995628 458.0764731177717
v -364.0920137918241 -121.1995628 458.0764731177717
v -366.8206793376847 -121.1995628 458.0764731177717
v -366.8206793376847 -121.1995628 458.0764731177717
v -364.0920137918241 -120.23558623333335 475.1382160791194
v -364.0920137918241 -120.23558623333335 475.1382160791194
v -366.8206793376847 -120.23558623333335 475.1382160791194
v -366.8206793376847 -120.23558623333335 475.1382160791194
v -366.8206793376847 -120.147952 498.1182384350996
v -366.8206793376847 -120.147952 498.1182384350996
v -366.8206793376847 -120.147952 505.15034527618946
v -366.8206793376847 -120.147952 505.15034527618946
v -370.0896746946067 -120.147952 498.1182384350996
v -370.0896746946067 -120.147952 498.1182384350996
v -370.0896746946067 -120.147952 505.15034527618946
v -370.0896746946067 -120.147952 505.15034527618946
v -364.0920137918241 -119.70978083333334 565.4933007306596
v -364.0920137918241 -119.70978083333334 565.4933007306596
v -366.8206793376847 -119.70978083333334 565.4933007306596
v -366.8206793376847 -119.70978083333334 565.4933007306596
v -366.8206793376847 -118.74580426666668 498.48166839923135
v -366.8206793376847 -118.74580426666668 498.48166839923135
v -366.8206793376847 -118.74580426666668 504.78689398698043
v -366.8206793376847 -118.74580426666668 504.78689398698043
v -370.0896746946067 -118.74580426666668 498.48166839923135
v -370.0896746946067 -118.74580426666668 498.48166839923135
v -370.0896746946067 -118.74580426666668 504.78689398698043
v -370.0896746946067 -118.74580426666668 504.78689398698043
v -364.0920137918241 -118.39526733333334 465.89506569178116
v -364.0920137918241 -118.39526733333334 465.89506569178116
v -366.8206793376847 -118.39526733333334 465.89506569178116
v -366.8206793376847 -118.39526733333334 465.89506569178116
v -366.8206793376847 -117.60655923333333 499.06008979572744
v -366.8206793376847 -117.60655923333333 499.06008979572744
v -366.8206793376847 -117.60655923333333 504.2084717019395
v -366.8206793376847 -117.60655923333333 504.2084717019395
v -370.0896746946067 -117.60655923333333 499.06008979572744
v -370.0896746946067 -117.60655923333333 499.06008979572744
v -370.0896746946067 -117.60655923333333 504.2084717019395
v -370.0896746946067 -117.60655923333333 504.2084717019395
v -366.8206793376847 -116.73021690000002 499.81448306441087
v -366.8206793376847 -116.73021690000002 499.81448306441087
v -366.8206793376847 -116.73021690000002 503.45464354780427
v -366.8206793376847 -116.73021690000002 503.45464354780427
v -370.0896746946067 -116.73021690000002 499.81448306441087
v -370.0896746946067 -116.73021690000002 499.81448306441087
v -370.0896746946067 -116.73021690000002 503.45464354780427
v -370.0896746946067 -116.73021690000002 503.45464354780427
v -366.8206793376847 -116.2044115 500.69214771947645
v -366.8206793376847 -116.2044115 500.69214771947645
v -366.8206793376847 -116.2044115 502.57643688035756
v -366.8206793376847 -116.2044115 502.57643688035756
v -370.0896746946067 -116.2044115 500.69214771947645
v -370.0896746946067 -116.2044115 500.69214771947645
v -370.0896746946067 -116.2044115 502.57643688035756
v -370.0896746946067 -116.2044115 502.57643688035756
v -366.8206793376847 -116.02914303333333 501.63456330610757
v -366.8206793376847 -116.02914303333333 501.63456330610757
v -370.0896746946067 -116.02914303333333 501.63456330610757
v -370.0896746946067 -116.02914303333333 501.63456330610757
v -364.0920137918241 -115.59097186666668 520.5932109886451
v -364.0920137918241 -115.59097186666668 520.5932109886451
v -366.8206793376847 -115.59097186666668 520.5932109886451
v -366.8206793376847 -115.59097186666668 520.5932109886451
v -364.0920137918241 -110.24528363333333 555.1862004755626
v -364.0920137918241 -110.24528363333333 555.1862004755626
v -366.8206793376847 -110.24528363333333 555.1862004755626
v -366.8206793376847 -110.24528363333333 555.1862004755626
v -364.0920137918241 -106.7399143 524.8794333480735
v -364.0920137918241 -106.7399143 524.8794333480735
v -366.8206793376847 -106.7399143 524.8794333480735
v -366.8206793376847 -106.7399143 524.8794333480735
v -364.0920137918241 -102.62110533333333 544.1871787657119
v -364.0920137918241 -102.62110533333333 544.1871787657119
v -366.8206793376847 -102.62110533333333 544.1871787657119
v -366.8206793376847 -102.62110533333333 544.1871787657119
v -364.0920137918241 -101.744763 533.3383540179606
v -364.0920137918241 -101.744763 533.3383540179606
v -366.8206793376847 -101.744763 533.3383540179606
v -366.8206793376847 -101.744763 533.3383540179606
v -364.0920137918241 -100.9560549 427.3907718064139
v -364.0920137918241 -100.9560549 427.3907718064139
v -366.8206793376847 -100.9560549 427.3907718064139
v -366.8206793376847 -100.9560549 427.3907718064139
v -366.8206793376847 -98.8528333 545.7424344235901
v -366.8206793376847 -79.83620466666667 553.6011545732508
v -366.8206793376847 -66.60343543333333 533.6278472734828
v -366.8206793376847 -66.60343543333333 533.6278472734828
v -370.0896746946067 -66.60343543333333 533.6278472734828
v -370.0896746946067 -66.60343543333333 533.6278472734828
v -366.8206793376847 -66.42816696666668 532.685995912855
v -366.8206793376847 -66.42816696666668 532.685995912855
v -366.8206793376847 -66.42816696666668 534.5702850737362
v -366.8206793376847 -66.42816696666668 534.5702850737362
v -370.0896746946067 -66.42816696666668 532.685995912855
v -370.0896746946067 -66.42816696666668 532.685995912855
v -370.0896746946067 -66.42816696666668 534.5702850737362
v -370.0896746946067 -66.42816696666668 534.5702850737362
v -366.8206793376847 -65.90236156666667 531.807767031786
v -366.8206793376847 -65.90236156666667 531.807767031786
v -366.8206793376847 -65.90236156666667 535.4479275151795
v -366.8206793376847 -65.90236156666667 535.4479275151795
v -370.0896746946067 -65.90236156666667 531.807767031786
v -370.0896746946067 -65.90236156666667 531.807767031786
v -370.0896746946067 -65.90236156666667 535.4479275151795
v -370.0896746946067 -65.90236156666667 535.4479275151795
v -366.8206793376847 -65.02601923333333 531.0539388776508
v -366.8206793376847 -65.02601923333333 531.0539388776508
v -366.8206793376847 -65.02601923333333 536.2023429974851
v -366.8206793376847 -65.02601923333333 536.2023429974851
v -370.0896746946067 -65.02601923333333 531.0539388776508
v -370.0896746946067 -65.02601923333333 531.0539388776508
v -370.0896746946067 -65.02601923333333 536.2023429974851
v -370.0896746946067 -65.02601923333333 536.2023429974851
v -366.8206793376847 -63.886774200000005 530.475539694777
v -366.8206793376847 -63.886774200000005 530.475539694777
v -366.8206793376847 -63.886774200000005 536.780742180359
v -366.8206793376847 -63.886774200000005 536.780742180359
v -370.0896746946067 -63.886774200000005 530.475539694777
v -370.0896746946067 -63.886774200000005 530.475539694777
v -370.0896746946067 -63.886774200000005 536.780742180359
v -370.0896746946067 -63.886774200000005 536.780742180359
v -366.8206793376847 -62.48462646666667 530.112087517023
v -366.8206793376847 -62.48462646666667 530.112087517023
v -366.8206793376847 -62.48462646666667 537.1441943581129
v -366.8206793376847 -62.48462646666667 537.1441943581129
v -370.0896746946067 -62.48462646666667 530.112087517023
v -370.0896746946067 -62.48462646666667 530.112087517023
v -370.0896746946067 -62.48462646666667 537.1441943581129
v -370.0896746946067 -62.48462646666667 537.1441943581129
v -366.8206793376847 -61.08247873333334 529.9876867900894
v -366.8206793376847 -61.08247873333334 529.9876867900894
v -366.8206793376847 -61.08247873333334 537.2680077568762
v -366.8206793376847 -61.08247873333334 537.2680077568762
v -370.0896746946067 -61.08247873333334 529.9876867900894
v -370.0896746946067 -61.08247873333334 529.9876867900894
v -370.0896746946067 -61.08247873333334 537.2680077568762
v -370.0896746946067 -61.08247873333334 537.2680077568762
v -366.8206793376847 -59.59269676666667 530.112087517023
v -366.8206793376847 -59.59269676666667 530.112087517023
v -366.8206793376847 -59.59269676666667 537.1441943581129
v -366.8206793376847 -59.59269676666667 537.1441943581129
v -370.0896746946067 -59.59269676666667 530.112087517023
v -370.0896746946067 -59.59269676666667 530.112087517023
v -370.0896746946067 -59.59269676666667 537.1441943581129
v -370.0896746946067 -59.59269676666667 537.1441943581129
v -366.8206793376847 -58.27818326666667 530.475539694777
v -366.8206793376847 -58.27818326666667 530.475539694777
v -366.8206793376847 -58.27818326666667 536.780742180359
v -366.8206793376847 -58.27818326666667 536.780742180359
v -370.0896746946067 -58.27818326666667 530.475539694777
v -370.0896746946067 -58.27818326666667 530.475539694777
v -370.0896746946067 -58.27818326666667 536.780742180359
v -370.0896746946067 -58.27818326666667 536.780742180359
v -366.8206793376847 -57.138938233333334 531.0539388776508
v -366.8206793376847 -57.138938233333334 531.0539388776508
v -366.8206793376847 -57.138938233333334 536.2023429974851
v -366.8206793376847 -57.138938233333334 536.2023429974851
v -370.0896746946067 -57.138938233333334 531.0539388776508
v -370.0896746946067 -57.138938233333334 531.0539388776508
v -370.0896746946067 -57.138938233333334 536.2023429974851
v -370.0896746946067 -57.138938233333334 536.2023429974851
v -366.8206793376847 -56.2625959 531.807767031786
v -366.8206793376847 -56.2625959 531.807767031786
v -366.8206793376847 -56.2625959 535.4479275151795
v -366.8206793376847 -56.2625959 535.4479275151795
v -370.0896746946067 -56.2625959 531.807767031786
v -370.0896746946067 -56.2625959 531.807767031786
v -370.0896746946067 -56.2625959 535.4479275151795
v -370.0896746946067 -56.2625959 535.4479275151795
v -366.8206793376847 -55.64915626666667 532.685995912855
v -366.8206793376847 -55.64915626666667 532.685995912855
v -366.8206793376847 -55.64915626666667 534.5702850737362
v -366.8206793376847 -55.64915626666667 534.5702850737362
v -370.0896746946067 -55.64915626666667 532.685995912855
v -370.0896746946067 -55.64915626666667 532.685995912855
v -370.0896746946067 -55.64915626666667 534.5702850737362
v -370.0896746946067 -55.64915626666667 534.5702850737362
v -366.8206793376847 -55.4738878 533.6278472734828
v -366.8206793376847 -55.4738878 533.6278472734828
v -370.0896746946067 -55.4738878 533.6278472734828
v -370.0896746946067 -55.4738878 533.6278472734828
v -364.0920137918241 -48.46314913333334 434.75651659011226
v -364.0920137918241 -48.46314913333334 434.75651659011226
v -366.8206793376847 -48.46314913333334 434.75651659011226
v -366.8206793376847 -48.46314913333334 434.75651659011226
v -364.0920137918241 -2.1046397000000003 438.5262233638813
v -364.0920137918241 -2.1046397000000003 438.5262233638813
v -364.0920137918241 -2.1046397000000003 491.3280494906361
v -364.0920137918241 -2.1046397000000003 585.6557819025493
v -364.0920137918241 -2.1046397000000003 585.6557819025493
v -366.8206793376847 -2.1046397000000003 438.5262233638813
v -366.8206793376847 -2.1046397000000003 438.5262233638813
v -366.8206793376847 -2.1046397000000003 491.3280494906361
v -366.8206793376847 -2.1046397000000003 585.6557819025493
v -366.8206793376847 -2.1046397000000003 585.6557819025493
v -364.0920137918241 44.25386973333333 434.75651659011226
v -364.0920137918241 44.25386973333333 434.75651659011226
v -366.8206793376847 44.25386973333333 434.75651659011226
v -366.8206793376847 44.25386973333333 434.75651659011226
v -366.8206793376847 53.01729306666667 533.6278472734828
v -366.8206793376847 53.01729306666667 533.6278472734828
v -370.0896746946067 53.01729306666667 533.6278472734828
v -370.0896746946067 53.01729306666667 533.6278472734828
v -366.8206793376847 53.19256153333333 532.685995912855
v -366.8206793376847 53.19256153333333 532.685995912855
v -366.8206793376847 53.19256153333333 534.5702850737362
v -366.8206793376847 53.19256153333333 534.5702850737362
v -370.0896746946067 53.19256153333333 532.685995912855
v -370.0896746946067 53.19256153333333 532.685995912855
v -370.0896746946067 53.19256153333333 534.5702850737362
v -370.0896746946067 53.19256153333333 534.5702850737362
v -366.8206793376847 53.718366933333336 531.807767031786
v -366.8206793376847 53.718366933333336 531.807767031786
v -366.8206793376847 53.718366933333336 535.4479275151795
v -366.8206793376847 53.718366933333336 535.4479275151795
v -370.0896746946067 53.718366933333336 531.807767031786
v -370.0896746946067 53.718366933333336 531.807767031786
v -370.0896746946067 53.718366933333336 535.4479275151795
v -370.0896746946067 53.718366933333336 535.4479275151795
v -366.8206793376847 54.59470926666667 531.0539388776508
v -366.8206793376847 54.59470926666667 531.0539388776508
v -366.8206793376847 54.59470926666667 536.2023429974851
v -366.8206793376847 54.59470926666667 536.2023429974851
v -370.0896746946067 54.59470926666667 531.0539388776508
v -370.0896746946067 54.59470926666667 531.0539388776508
v -370.0896746946067 54.59470926666667 536.2023429974851
v -370.0896746946067 54.59470926666667 536.2023429974851
v -366.8206793376847 55.7339543 530.475539694777
v -366.8206793376847 55.7339543 530.475539694777
v -366.8206793376847 55.7339543 536.780742180359
v -366.8206793376847 55.7339543 536.780742180359
v -370.0896746946067 55.7339543 530.475539694777
v -370.0896746946067 55.7339543 530.475539694777
v -370.0896746946067 55.7339543 536.780742180359
v -370.0896746946067 55.7339543 536.780742180359
v -366.8206793376847 57.13610203333334 530.112087517023
v -366.8206793376847 57.13610203333334 530.112087517023
v -366.8206793376847 57.13610203333334 537.1441943581129
v -366.8206793376847 57.13610203333334 537.1441943581129
v -370.0896746946067 57.13610203333334 530.112087517023
v -370.0896746946067 57.13610203333334 530.112087517023
v -370.0896746946067 57.13610203333334 537.1441943581129
v -370.0896746946067 57.13610203333334 537.1441943581129
v -366.8206793376847 58.53824976666667 529.9876867900894
v -366.8206793376847 58.53824976666667 529.9876867900894
v -366.8206793376847 58.53824976666667 537.2680077568762
v -366.8206793376847 58.53824976666667 537.2680077568762
v -370.0896746946067 58.53824976666667 529.9876867900894
v -370.0896746946067 58.53824976666667 529.9876867900894
v -370.0896746946067 58.53824976666667 537.2680077568762
v -370.0896746946067 58.53824976666667 537.2680077568762
v -366.8206793376847 60.028031733333336 530.112087517023
v -366.8206793376847 60.028031733333336 530.112087517023
v -366.8206793376847 60.028031733333336 537.1441943581129
v -366.8206793376847 60.028031733333336 537.1441943581129
v -370.0896746946067 60.028031733333336 530.112087517023
v -370.0896746946067 60.028031733333336 530.112087517023
v -370.0896746946067 60.028031733333336 537.1441943581129
v -370.0896746946067 60.028031733333336 537.1441943581129
v -366.8206793376847 61.34254523333334 530.475539694777
v -366.8206793376847 61.34254523333334 530.475539694777
v -366.8206793376847 61.34254523333334 536.780742180359
v -366.8206793376847 61.34254523333334 536.780742180359
v -370.0896746946067 61.34254523333334 530.475539694777
v -370.0896746946067 61.34254523333334 530.475539694777
v -370.0896746946067 61.34254523333334 536.780742180359
v -370.0896746946067 61.34254523333334 536.780742180359
v -366.8206793376847 62.481790266666664 531.0539388776508
v -366.8206793376847 62.481790266666664 531.0539388776508
v -366.8206793376847 62.481790266666664 536.2023429974851
v -366.8206793376847 62.481790266666664 536.2023429974851
v -370.0896746946067 62.481790266666664 531.0539388776508
v -370.0896746946067 62.481790266666664 531.0539388776508
v -370.0896746946067 62.481790266666664 536.2023429974851
v -370.0896746946067 62.481790266666664 536.2023429974851
v -366.8206793376847 63.358132600000005 531.807767031786
v -366.8206793376847 63.358132600000005 531.807767031786
v -366.8206793376847 63.358132600000005 535.4479275151795
v -366.8206793376847 63.358132600000005 535.4479275151795
v -370.0896746946067 63.358132600000005 531.807767031786
v -370.0896746946067 63.358132600000005 531.807767031786
v -370.0896746946067 63.358132600000005 535.4479275151795
v -370.0896746946067 63.358132600000005 535.4479275151795
v -366.8206793376847 63.97157223333333 532.685995912855
v -366.8206793376847 63.97157223333333 532.685995912855
v -366.8206793376847 63.97157223333333 534.5702850737362
v -366.8206793376847 63.97157223333333 534.5702850737362
v -370.0896746946067 63.97157223333333 532.685995912855
v -370.0896746946067 63.97157223333333 532.685995912855
v -370.0896746946067 63.97157223333333 534.5702850737362
v -370.0896746946067 63.97157223333333 534.5702850737362
v -366.8206793376847 64.1468407 533.6278472734828
v -366.8206793376847 64.1468407 533.6278472734828
v -370.0896746946067 64.1468407 533.6278472734828
v -370.0896746946067 64.1468407 533.6278472734828
v -364.0920137918241 96.74677550000001 427.3907718064139
v -364.0920137918241 96.74677550000001 427.3907718064139
v -366.8206793376847 96.74677550000001 427.3907718064139
v -366.8206793376847 96.74677550000001 427.3907718064139
v -364.0920137918241 97.53548359999999 533.3383540179606
v -364.0920137918241 97.53548359999999 533.3383540179606
v -366.8206793376847 97.53548359999999 533.3383540179606
v -366.8206793376847 97.53548359999999 533.3383540179606
v -364.0920137918241 98.41182593333333 544.1871787657119
v -364.0920137918241 98.41182593333333 544.1871787657119
v -366.8206793376847 98.41182593333333 544.1871787657119
v -366.8206793376847 98.41182593333333 544.1871787657119
v -364.0920137918241 102.5306349 524.8794333480735
v -364.0920137918241 102.5306349 524.8794333480735
v -366.8206793376847 102.5306349 524.8794333480735
v -366.8206793376847 102.5306349 524.8794333480735
v -366.8206793376847 104.54622226666667 501.63456330610757
v -366.8206793376847 104.54622226666667 501.63456330610757
v -370.0896746946067 104.54622226666667 501.63456330610757
v -370.0896746946067 104.54622226666667 501.63456330610757
v -366.8206793376847 104.72149073333333 500.69214771947645
v -366.8206793376847 104.72149073333333 500.69214771947645
v -366.8206793376847 104.72149073333333 502.57643688035756
v -366.8206793376847 104.72149073333333 502.57643688035756
v -370.0896746946067 104.72149073333333 500.69214771947645
v -370.0896746946067 104.72149073333333 500.69214771947645
v -370.0896746946067 104.72149073333333 502.57643688035756
v -370.0896746946067 104.72149073333333 502.57643688035756
v -366.8206793376847 105.24729613333334 499.81448306441087
v -366.8206793376847 105.24729613333334 499.81448306441087
v -366.8206793376847 105.24729613333334 503.45464354780427
v -366.8206793376847 105.24729613333334 503.45464354780427
v -370.0896746946067 105.24729613333334 499.81448306441087
v -370.0896746946067 105.24729613333334 499.81448306441087
v -370.0896746946067 105.24729613333334 503.45464354780427
v -370.0896746946067 105.24729613333334 503.45464354780427
v -364.0920137918241 106.03600423333334 555.1862004755626
v -364.0920137918241 106.03600423333334 555.1862004755626
v -366.8206793376847 106.03600423333334 555.1862004755626
v -366.8206793376847 106.03600423333334 555.1862004755626
v -366.8206793376847 106.12363846666666 499.06008979572744
v -366.8206793376847 106.12363846666666 499.06008979572744
v -366.8206793376847 106.12363846666666 504.2084717019395
v -366.8206793376847 106.12363846666666 504.2084717019395
v -370.0896746946067 106.12363846666666 499.06008979572744
v -370.0896746946067 106.12363846666666 499.06008979572744
v -370.0896746946067 106.12363846666666 504.2084717019395
v -370.0896746946067 106.12363846666666 504.2084717019395
v -366.8206793376847 107.35051773333335 498.48166839923135
v -366.8206793376847 107.35051773333335 498.48166839923135
v -366.8206793376847 107.35051773333335 504.78689398698043
v -366.8206793376847 107.35051773333335 504.78689398698043
v -370.0896746946067 107.35051773333335 498.48166839923135
v -370.0896746946067 107.35051773333335 498.48166839923135
v -370.0896746946067 107.35051773333335 504.78689398698043
v -370.0896746946067 107.35051773333335 504.78689398698043
v -366.8206793376847 108.66503123333334 498.1182384350996
v -366.8206793376847 108.66503123333334 498.1182384350996
v -366.8206793376847 108.66503123333334 505.15034527618946
v -366.8206793376847 108.66503123333334 505.15034527618946
v -370.0896746946067 108.66503123333334 498.1182384350996
v -370.0896746946067 108.66503123333334 498.1182384350996
v -370.0896746946067 108.66503123333334 505.15034527618946
v -370.0896746946067 108.66503123333334 505.15034527618946
v -366.8206793376847 110.06717896666667 497.9944028227141
v -366.8206793376847 110.06717896666667 497.9944028227141
v -366.8206793376847 110.06717896666667 505.274723789501
v -366.8206793376847 110.06717896666667 505.274723789501
v -370.0896746946067 110.06717896666667 497.9944028227141
v -370.0896746946067 110.06717896666667 497.9944028227141
v -370.0896746946067 110.06717896666667 505.274723789501
v -370.0896746946067 110.06717896666667 505.274723789501
v -364.0920137918241 111.03115553333335 458.0764731177717
v -364.0920137918241 111.03115553333335 458.0764731177717
v -366.8206793376847 111.03115553333335 458.0764731177717
v -366.8206793376847 111.03115553333335 458.0764731177717
v -364.0920137918241 111.38169246666666 520.5932109886451
v -364.0920137918241 111.38169246666666 520.5932109886451
v -366.8206793376847 111.38169246666666 520.5926467626417
v -366.8206793376847 111.38169246666666 520.5926467626417
v -366.8206793376847 111.55696093333334 498.1182384350996
v -366.8206793376847 111.55696093333334 498.1182384350996
v -366.8206793376847 111.55696093333334 505.15034527618946
v -366.8206793376847 111.55696093333334 505.15034527618946
v -370.0896746946067 111.55696093333334 498.1182384350996
v -370.0896746946067 111.55696093333334 498.1182384350996
v -370.0896746946067 111.55696093333334 505.15034527618946
v -370.0896746946067 111.55696093333334 505.15034527618946
v -366.8206793376847 112.87147443333333 498.48166839923135
v -366.8206793376847 112.87147443333333 498.48166839923135
v -366.8206793376847 112.87147443333333 504.78689398698043
v -366.8206793376847 112.87147443333333 504.78689398698043
v -370.0896746946067 112.87147443333333 498.48166839923135
v -370.0896746946067 112.87147443333333 498.48166839923135
v -370.0896746946067 112.87147443333333 504.78689398698043
v -370.0896746946067 112.87147443333333 504.78689398698043
v -364.0920137918241 113.48491406666666 464.78525624530374
v -364.0920137918241 113.48491406666666 464.78525624530374
v -364.0920137918241 113.48491406666666 464.78525624530374
v -366.8206793376847 113.48491406666666 464.78525624530374
v -366.8206793376847 113.48491406666666 464.78525624530374
v -366.8206793376847 113.48491406666666 464.78525624530374
v -366.8206793376847 114.01071946666669 499.06008979572744
v -366.8206793376847 114.01071946666669 499.06008979572744
v -366.8206793376847 114.01071946666669 504.2084717019395
v -366.8206793376847 114.01071946666669 504.2084717019395
v -370.0896746946067 114.01071946666669 499.06008979572744
v -370.0896746946067 114.01071946666669 499.06008979572744
v -370.0896746946067 114.01071946666669 504.2084717019395
v -370.0896746946067 114.01071946666669 504.2084717019395
v -366.8206793376847 114.8870618 499.81448306441087
v -366.8206793376847 114.8870618 499.81448306441087
v -366.8206793376847 114.8870618 503.45464354780427
v -366.8206793376847 114.8870618 503.45464354780427
v -370.0896746946067 114.8870618 499.81448306441087
v -370.0896746946067 114.8870618 499.81448306441087
v -370.0896746946067 114.8870618 503.45464354780427
v -370.0896746946067 114.8870618 503.45464354780427
v -364.0920137918241 115.50050143333333 565.4933007306596
v -364.0920137918241 115.50050143333333 565.4933007306596
v -366.8206793376847 115.50050143333333 500.69214771947645
v -366.8206793376847 115.50050143333333 500.69214771947645
v -366.8206793376847 115.50050143333333 502.57643688035756
v -366.8206793376847 115.50050143333333 502.57643688035756
v -366.8206793376847 115.50050143333333 565.4933007306596
v -366.8206793376847 115.50050143333333 565.4933007306596
v -370.0896746946067 115.50050143333333 500.69214771947645
v -370.0896746946067 115.50050143333333 500.69214771947645
v -370.0896746946067 115.50050143333333 502.57643688035756
v -370.0896746946067 115.50050143333333 502.57643688035756
v -366.8206793376847 115.6757699 501.63456330610757
v -366.8206793376847 115.6757699 501.63456330610757
v -370.0896746946067 115.6757699 501.63456330610757
v -370.0896746946067 115.6757699 501.63456330610757
v -364.0920137918241 116.02630683333334 450.7869672624857
v -364.0920137918241 116.02630683333334 450.7869672624857
v -364.0920137918241 116.02630683333334 450.7869672624857
v -366.8206793376847 116.02630683333334 450.7869672624857
v -366.8206793376847 116.02630683333334 450.7869672624857
v -366.8206793376847 116.02630683333334 450.7869672624857
v -364.0920137918241 121.37199506666667 585.6557819025493
v -364.0920137918241 121.37199506666667 585.6557819025493
v -366.8206793376847 121.37199506666667 585.6557819025493
v -366.8206793376847 121.37199506666667 585.6557819025493
v -364.0920137918241 121.89780046666668 466.9057304111989
v -364.0920137918241 121.89780046666668 466.9057304111989
v -366.8206793376847 121.89780046666668 466.9057304111989
v -366.8206793376847 121.89780046666668 466.9057304111989
v -364.0920137918241 124.26392476666666 568.838822395089
v -364.0920137918241 124.26392476666666 568.838822395089
v -366.8206793376847 124.26392476666666 568.838822395089
v -366.8206793376847 124.26392476666666 568.838822395089
v -364.0920137918241 128.0321968 483.5690622847504
v -364.0920137918241 128.0321968 483.5690622847504
v -366.8206793376847 128.0321968 483.5690622847504
v -366.8206793376847 128.0321968 483.5690622847504
v -364.0920137918241 128.38273373333334 471.4596438002519
v -364.0920137918241 128.38273373333334 471.4596438002519
v -366.8206793376847 128.38273373333334 471.4596438002519
v -366.8206793376847 128.38273373333334 471.4596438002519
v -364.0920137918241 129.52197876666668 477.51435304250117
v -364.0920137918241 129.52197876666668 477.51435304250117
v -366.8206793376847 129.52197876666668 477.51435304250117
v -366.8206793376847 129.52197876666668 477.51435304250117
v -364.0920137918241 130.66122380000002 515.0183195396685
v -364.0920137918241 130.66122380000002 515.0183195396685
v -366.8206793376847 130.66122380000002 515.0183195396685
v -366.8206793376847 130.66122380000002 515.0183195396685
v -364.0920137918241 131.7128346 584.249008315138
v -364.0920137918241 131.7128346 584.249008315138
v -366.8206793376847 131.7128346 584.249008315138
v -366.8206793376847 131.7128346 584.249008315138
v -364.0920137918241 132.32627423333332 423.0357591903627
v -364.0920137918241 132.32627423333332 423.0357591903627
v -366.8206793376847 132.32627423333332 423.0357591903627
v -366.8206793376847 132.32627423333332 423.0357591903627
v -364.0920137918241 135.04293546666668 569.4694013764642
v -364.0920137918241 135.04293546666668 569.4694013764642
v -366.8206793376847 135.04293546666668 569.4694013764642
v -366.8206793376847 135.04293546666668 569.4694013764642
v -364.0920137918241 135.3934724 490.79492344685536
v -364.0920137918241 135.3934724 490.79492344685536
v -366.8206793376847 135.3934724 490.79492344685536
v -366.8206793376847 135.3934724 490.79492344685536
v -364.0920137918241 142.4918453 579.1298533159008
v -364.0920137918241 142.4918453 579.1298533159008
v -366.8206793376847 142.4918453 579.1298533159008
v -366.8206793376847 142.4918453 579.1298533159008
v -364.0920137918241 144.33216420000002 565.0524820610315
v -364.0920137918241 144.33216420000002 565.0524820610315
v -366.8206793376847 144.33216420000002 565.0524820610315
v -366.8206793376847 144.33216420000002 565.0524820610315
v -364.0920137918241 144.85796960000002 445.1576160088272
v -364.0920137918241 144.85796960000002 445.1576160088272
v -366.8206793376847 144.85796960000002 445.1576160088272
v -366.8206793376847 144.85796960000002 445.1576160088272
v -364.0920137918241 147.48699660000003 421.75054298624616
v -364.0920137918241 147.48699660000003 421.75054298624616
v -366.8206793376847 147.48699660000003 421.75054298624616
v -366.8206793376847 147.48699660000003 421.75054298624616
v -364.0920137918241 151.08000016666668 444.7294137880525
v -364.0920137918241 151.08000016666668 444.7294137880525
v -364.0920137918241 151.08000016666668 444.7294137880525
v -366.8206793376847 151.08000016666668 444.7294137880525
v -366.8206793376847 151.08000016666668 444.7294137880525
v -366.8206793376847 151.08000016666668 444.7294137880525
v -364.0920137918241 155.19880913333336 448.3753071630582
v -364.0920137918241 155.19880913333336 448.3753071630582
v -366.8206793376847 155.19880913333336 448.3753071630582
v -366.8206793376847 155.19880913333336 448.3753071630582
v -364.0920137918241 156.51332263333333 570.4794565540894
v -364.0920137918241 156.51332263333333 570.4794565540894
v -366.8206793376847 156.51332263333333 570.4794565540894
v -366.8206793376847 156.51332263333333 570.4794565540894
v -364.0920137918241 157.3896649666667 422.13288473975723
v -364.0920137918241 157.3896649666667 422.13288473975723
v -366.8206793376847 157.3896649666667 422.13288473975723
v -366.8206793376847 157.3896649666667 422.13288473975723
v -364.0920137918241 171.4111423 427.02905762245933
v -364.0920137918241 171.4111423 427.02905762245933
v -366.8206793376847 171.4111423 427.02905762245933
v -366.8206793376847 171.4111423 427.02905762245933
v -364.0920137918241 190.25250246666667 440.64324375579986
v -364.0920137918241 190.25250246666667 440.64324375579986
v -366.8206793376847 190.25250246666667 440.64324375579986
v -366.8206793376847 190.25250246666667 440.64324375579986
v -364.03798081071795 -223.4687131 504.46415671304817
v -364.03798081071795 -223.4687131 504.46415671304817
v -364.03798081071795 -220.66441763333336 476.23886373926484
v -364.03798081071795 -220.66441763333336 476.23886373926484
v -364.03798081071795 -220.40151493333335 522.0710548388597
v -364.03798081071795 -220.40151493333335 522.0710548388597
v -369.7114438268636 -219.43753836666667 504.3397559861145
v -369.7114438268636 -219.43753836666667 504.3397559861145
v -369.7114438268636 -216.72087713333335 476.5209083229975
v -369.7114438268636 -216.72087713333335 476.5209083229975
v -369.7114438268636 -216.45797443333333 521.7506188961854
v -369.7114438268636 -216.45797443333333 521.7506188961854
v -364.03798081071795 -212.68970240000002 544.1396034068161
v -364.03798081071795 -212.68970240000002 544.1396034068161
v -364.03798081071795 -211.55045736666668 458.51959400720256
v -364.03798081071795 -211.55045736666668 458.51959400720256
v -359.6342928505668 -209.4472357666667 504.027332941233
v -359.6342928505668 -209.4472357666667 504.027332941233
v -369.7114438268636 -208.83379613333335 543.6231109233239
v -369.7114438268636 -208.83379613333335 543.6231109233239
v -369.7114438268636 -207.6945511 459.07736562051986
v -369.7114438268636 -207.6945511 459.07736562051986
v -359.6342928505668 -206.8182087666667 477.2282904587885
v -359.6342928505668 -206.8182087666667 477.2282904587885
v -359.6342928505668 -206.64294030000002 521.2622026540392
v -359.6342928505668 -206.64294030000002 521.2622026540392
v -372.41309288217104 -200.50854396666668 503.7475896887581
v -372.41309288217104 -200.50854396666668 503.7475896887581
v -359.6342928505668 -199.10639623333336 542.3275582765344
v -359.6342928505668 -199.10639623333336 542.3275582765344
v -364.03798081071795 -198.84349353333332 563.431889920507
v -364.03798081071795 -198.84349353333332 563.431889920507
v -359.6342928505668 -197.9671512 460.4761040965161
v -359.6342928505668 -197.9671512 460.4761040965161
v -372.41309288217104 -197.87951696666667 477.861734997425
v -372.41309288217104 -197.87951696666667 477.861734997425
v -372.41309288217104 -197.79188273333332 520.845443114322
v -372.41309288217104 -197.79188273333332 520.845443114322
v -364.03798081071795 -196.47736923333335 438.4018226369475
v -364.03798081071795 -196.47736923333335 438.4018226369475
v -364.03798081071795 -196.47736923333335 438.4018226369475
v -369.7114438268636 -195.16285573333334 562.6350677449144
v -369.7114438268636 -195.16285573333334 562.6350677449144
v -369.7114438268636 -193.4978053 438.9051575477499
v -369.7114438268636 -193.4978053 438.9051575477499
v -369.7114438268636 -193.4978053 438.9051575477499
v -359.85042477499144 -190.51824136666667 520.8184953249828
v -359.85042477499144 -190.51824136666667 520.8184953249828
v -372.41309288217104 -190.3429729 541.1667196971846
v -372.41309288217104 -190.3429729 541.1667196971846
v -359.85042477499144 -189.90480173333336 490.0468281843324
v -359.85042477499144 -189.90480173333336 490.0468281843324
v -359.85042477499144 -189.90480173333336 490.0468281843324
v -372.41309288217104 -189.29136210000001 461.728663610393
v -359.6342928505668 -185.78599276666668 560.6355636341434
v -359.6342928505668 -185.78599276666668 560.6355636341434
v -359.85042477499144 -185.52309006666667 478.7439818784739
v -359.85042477499144 -185.52309006666667 478.7439818784739
v -359.6342928505668 -184.20857656666666 440.7796967055837
v -359.6342928505668 -184.20857656666666 440.7796967055837
v -359.6342928505668 -184.20857656666666 440.7796967055837
v -370.0896746946067 -182.71879460000002 490.05256018739976
v -370.0896746946067 -182.71879460000002 490.05256018739976
v -370.0896746946067 -182.71879460000002 490.05256018739976
v -360.44478756715904 -181.31664686666667 491.90130311006817
v -360.44478756715904 -181.31664686666667 491.90130311006817
v -364.03798081071795 -179.56396220000002 581.5214722853973
v -364.03798081071795 -179.56396220000002 581.5214722853973
v -364.03798081071795 -179.56396220000002 581.5214722853973
v -370.0896746946067 -178.6876198666667 520.6534027963944
v -370.0896746946067 -178.6876198666667 520.6534027963944
v -370.0896746946067 -178.6876198666667 520.6534027963944
v -370.0896746946067 -178.33708293333333 479.2518750245477
v -370.0896746946067 -178.33708293333333 479.2518750245477
v -359.85042477499144 -178.16181446666667 539.5507080055536
v -359.85042477499144 -178.16181446666667 539.5507080055536
v -360.44478756715904 -177.54837483333336 518.8425083317417
v -360.44478756715904 -177.54837483333336 518.8425083317417
v -372.41309288217104 -177.37310636666666 558.8452745254251
v -372.41309288217104 -177.37310636666666 558.8452745254251
v -359.85042477499144 -177.11020366666668 463.4730691496808
v -359.85042477499144 -177.11020366666668 463.4730691496808
v -364.5242776406733 -177.11020366666668 488.57986278917184
v -364.5242776406733 -177.11020366666668 488.57986278917184
v -364.5242776406733 -177.11020366666668 488.57986278917184
v -369.7114438268636 -176.49676403333336 580.1301807041008
v -369.7114438268636 -176.49676403333336 580.1301807041008
v -369.7114438268636 -176.49676403333336 580.1301807041008
v -369.4142624307798 -174.4811766666667 491.88295465814724
v -369.4142624307798 -174.4811766666667 491.88295465814724
v -364.5242776406733 -172.81612623333334 479.64455410927656
v -364.5242776406733 -172.81612623333334 479.64455410927656
v -364.5242776406733 -172.64085776666667 521.8526540597633
v -364.5242776406733 -172.64085776666667 521.8526540597633
v -364.5242776406733 -172.64085776666667 521.8526540597633
v -372.41309288217104 -172.02741813333333 443.3553208815928
v -372.41309288217104 -172.02741813333333 443.3553208815928
v -370.0896746946067 -171.1510758 538.6203224281504
v -370.0896746946067 -171.1510758 538.6203224281504
v -369.4142624307798 -170.80053886666667 518.4544105844512
v -369.4142624307798 -170.80053886666667 518.4544105844512
v -364.60532711233253 -170.27473346666667 490.4091288079125
v -370.0896746946067 -170.18709923333336 464.4774145378607
v -370.0896746946067 -170.18709923333336 464.4774145378607
v -359.6342928505668 -168.60968303333334 576.6396529568033
v -359.6342928505668 -168.60968303333334 576.6396529568033
v -359.6342928505668 -168.60968303333334 576.6396529568033
v -364.57831062177945 -166.1559245 520.3295148568333
v -364.5242776406733 -165.71775333333335 537.9008889580542
v -364.5242776406733 -165.71775333333335 537.9008889580542
v -359.85042477499144 -165.6301191 556.3522077205213
v -359.85042477499144 -165.6301191 556.3522077205213
v -364.5242776406733 -164.75377676666668 465.25417336990006
v -364.5242776406733 -164.75377676666668 465.25417336990006
v -359.85042477499144 -164.66614253333333 444.8457802921161
v -359.85042477499144 -164.66614253333333 444.8457802921161
v -372.41309288217104 -161.59894436666667 573.5137058392663
v -372.41309288217104 -161.59894436666667 573.5137058392663
v -372.41309288217104 -161.59894436666667 573.5137058392663
v -370.0896746946067 -158.88228313333335 554.916207226135
v -370.0896746946067 -158.88228313333335 554.916207226135
v -370.00862522294744 -156.86669576666668 446.51796490297147
v -370.00862522294744 -156.86669576666668 446.51796490297147
v -370.00862522294744 -156.86669576666668 446.51796490297147
v -364.5242776406733 -153.71186336666668 553.806962005661
v -364.5242776406733 -153.71186336666668 553.806962005661
v -359.85042477499144 -151.87154446666668 569.1609732293957
v -359.85042477499144 -151.87154446666668 569.1609732293957
v -359.85042477499144 -151.87154446666668 569.1609732293957
v -364.38919518790794 -151.78391023333333 447.6696185938223
v -364.38919518790794 -151.78391023333333 447.6696185938223
v -364.38919518790794 -151.78391023333333 447.6696185938223
v -370.0896746946067 -146.26295353333333 566.6541393100094
v -370.0896746946067 -146.26295353333333 566.6541393100094
v -370.0896746946067 -146.26295353333333 566.6541393100094
v -364.5242776406733 -141.88124186666667 564.7171292267906
v -364.5242776406733 -141.88124186666667 564.7171292267906
v -364.5242776406733 -141.88124186666667 564.7171292267906
v -363.68676643352796 -138.46350676666668 489.94765946656076
v -363.68676643352796 -138.46350676666668 489.94765946656076
v -363.68676643352796 -138.46350676666668 489.94765946656076
v -367.06382775266235 -138.46350676666668 489.9046654451033
v -367.06382775266235 -138.46350676666668 489.9046654451033
v -367.06382775266235 -138.46350676666668 489.9046654451033
v -363.7407994146342 -133.73125816666666 516.945602722007
v -363.7407994146342 -133.73125816666666 516.945602722007
v -363.7407994146342 -133.73125816666666 516.945602722007
v -367.11786073376845 -133.73125816666666 516.6211505564426
v -367.11786073376845 -133.73125816666666 516.6211505564426
v -367.11786073376845 -133.73125816666666 516.6211505564426
v -367.0097947715562 -61.52064990000001 558.2089626524375
v -367.0097947715562 -61.52064990000001 564.2476256625687
v -367.0097947715562 -51.00454190000001 558.2089626524375
v -367.0097947715562 -51.00454190000001 564.2476256625687
v -1199.3608522212298 -844.4448905 366.687230619996
v -1199.3608522212298 -844.4448905 366.687230619996
v -1201.8193528615595 -844.4448905 358.5504598958706
v -1201.8193528615595 -844.4448905 374.82341490449585
v -1205.6016615389901 -844.4448905 355.5695410748239
v -1205.6016615389901 -844.4448905 377.804920165168
v -1219.1099068155272 -844.4448905 362.8968731745033
v -1219.1099068155272 -844.4448905 370.47700073731824
v -1224.7023203600138 -844.4448905 358.8393880368444
v -1224.7023203600138 -844.4448905 374.53507231460264
v -1232.4560531487462 -844.4448905 359.8030185212026
v -1232.4560531487462 -844.4448905 373.57085539061893
v -1238.7779119381657 -844.4448905 364.25205340303876
v -1238.7779119381657 -844.4448905 364.25205340303876
v -1238.7779119381657 -844.4448905 369.12240694840835
v -1238.7779119381657 -844.4448905 369.12240694840835
v -1196.9563845620062 -777.404702 366.687230619996
v -1196.9563845620062 -777.404702 366.687230619996
v -1199.414885202336 -777.404702 358.5504598958706
v -1199.414885202336 -777.404702 374.82341490449585
v -1203.1971938797665 -777.404702 355.5695410748239
v -1203.1971938797665 -777.404702 377.804920165168
v -1221.3792920219855 -777.404702 362.8968731745033
v -1221.3792920219855 -777.404702 362.8968731745033
v -1221.3792920219855 -777.404702 362.8968731745033
v -1221.3792920219855 -777.404702 370.47700073731824
v -1221.3792920219855 -777.404702 370.47700073731824
v -1221.3792920219855 -777.404702 370.47700073731824
v -1226.9717055664719 -777.404702 358.8393880368444
v -1226.9717055664719 -777.404702 374.53507231460264
v -1234.7254383552045 -777.404702 359.8030185212026
v -1234.7254383552045 -777.404702 373.57085539061893
v -1241.0472971446238 -777.404702 364.25205340303876
v -1241.0472971446238 -777.404702 364.25205340303876
v -1241.0472971446238 -777.404702 369.12240694840835
v -1241.0472971446238 -777.404702 369.12240694840835
v -1105.7757289453796 -144.68553733333334 282.9922021829182
v -1105.7757289453796 -144.68553733333334 282.9922021829182
v -1108.2342295857095 -144.68553733333334 274.8560178984184
v -1108.2342295857095 -144.68553733333334 291.1289729070437
v -1112.0165382631399 -144.68553733333334 271.8750990773718
v -1112.0165382631399 -144.68553733333334 294.1098917280903
v -1130.1986364053591 -144.68553733333334 279.20243117705115
v -1130.1986364053591 -144.68553733333334 279.20243117705115
v -1130.1986364053591 -144.68553733333334 286.7825596284109
v -1130.1986364053591 -144.68553733333334 286.7825596284109
v -1239.5343736736518 -75.1915903 361.82947042131286
v -1239.5343736736518 -75.1915903 361.82947042131286
v -1239.5343736736518 -75.1915903 369.4096210862948
v -1239.5343736736518 -75.1915903 369.4096210862948
v -1245.8832489536242 -75.1915903 357.771985283654
v -1245.8832489536242 -75.1915903 373.4671053354088
v -1253.6639982329098 -75.1915903 358.73563887017923
v -1253.6639982329098 -75.1915903 372.50345263742844
v -1259.9858570223291 -75.1915903 363.1840864238449
v -1259.9858570223291 -75.1915903 363.1840864238449
v -1259.9858570223291 -75.1915903 368.05500419521786
v -1259.9858570223291 -75.1915903 368.05500419521786
v -689.1814446169701 -15.425043166666667 884.7565898442831
v -689.1814446169701 -15.425043166666667 884.7565898442831
v -702.6356569124013 -15.337408933333334 947.4246762314297
v -702.6356569124013 -15.337408933333334 947.4246762314297
v -735.1094785571968 2.014169266666667 883.8565818394839
v -735.1094785571968 2.014169266666667 883.8565818394839
v -743.6466895719684 2.5399746666666667 942.6609382985315
v -743.6466895719684 2.5399746666666667 942.6609382985315
v -684.3454928079698 3.4163170000000003 885.7253889942502
v -684.3454928079698 3.4163170000000003 885.7253889942502
v -697.7997051034009 3.5039512333333334 948.3992073844641
v -697.7997051034009 3.5039512333333334 948.3992073844641
v -689.1814446169701 16.911988933333333 884.7565898442831
v -689.1814446169701 16.911988933333333 884.7565898442831
v -702.6356569124013 16.999623166666666 947.4246762314297
v -702.6356569124013 16.999623166666666 947.4246762314297
v 129.12103774510476 188.67508626666668 164.7592074010635
v 129.12103774510476 188.67508626666668 164.7592074010635
v 129.12103774510476 188.67508626666668 164.7592074010635
v 129.12103774510476 208.56805723333332 164.7592074010635
v 129.12103774510476 208.56805723333332 164.7592074010635
v 129.12103774510476 208.56805723333332 164.7592074010635
v 129.12103774510476 226.0949039 164.7592074010635
v 129.12103774510476 226.0949039 164.7592074010635
v 129.12103774510476 226.0949039 164.7592074010635
v 129.12103774510476 226.0949039 164.7592074010635
v -10.878416300927515 232.05403176666667 151.5738099281232
v -10.878416300927515 232.05403176666667 151.5738099281232
v -10.878416300927515 232.05403176666667 151.5738099281232
v -6.474728340776365 240.5545524 151.5738099281232
v -6.474728340776365 240.5545524 151.5738099281232
v -10.878416300927515 244.41045866666667 151.5738099281232
v -10.878416300927515 244.41045866666667 151.5738099281232
v -10.878416300927515 244.41045866666667 151.5738099281232
v -10.878416300927515 244.41045866666667 151.5738099281232
v 128.39159250017178 389.2698463666667 326.9057316512152
v 128.39159250017178 389.2698463666667 326.9057316512152
v 128.39159250017178 389.2698463666667 326.9057316512152
v -11.121564715905187 462.70733390000004 312.8506806439125
v -11.121564715905187 462.70733390000004 312.8506806439125
v -11.121564715905187 462.70733390000004 312.8506806439125
v -1239.5343736736518 70.9823109 361.82947042131286
v -1239.5343736736518 70.9823109 361.82947042131286
v -1239.5343736736518 70.9823109 369.4096210862948
v -1239.5343736736518 70.9823109 369.4096210862948
v -1245.8832489536242 70.9823109 357.771985283654
v -1245.8832489536242 70.9823109 373.4671053354088
v -1253.6639982329098 70.9823109 358.73563887017923
v -1253.6639982329098 70.9823109 372.50345263742844
v -1259.9858570223291 70.9823109 363.1840864238449
v -1259.9858570223291 70.9823109 363.1840864238449
v -1259.9858570223291 70.9823109 368.05500419521786
v -1259.9858570223291 70.9823109 368.05500419521786
v -1105.7757289453796 140.47625793333333 282.9922021829182
v -1105.7757289453796 140.47625793333333 282.9922021829182
v -1108.2342295857095 140.47625793333333 274.8560178984184
v -1108.2342295857095 140.47625793333333 291.1289729070437
v -1112.0165382631399 140.47625793333333 271.8750990773718
v -1112.0165382631399 140.47625793333333 294.1098917280903
v -1130.1986364053591 140.47625793333333 279.20243117705115
v -1130.1986364053591 140.47625793333333 279.20243117705115
v -1130.1986364053591 140.47625793333333 286.7825596284109
v -1130.1986364053591 140.47625793333333 286.7825596284109
v -1196.9563845620062 772.8448856666666 366.687230619996
v -1196.9563845620062 772.8448856666666 366.687230619996
v -1199.414885202336 772.8448856666666 358.5504598958706
v -1199.414885202336 772.8448856666666 374.82341490449585
v -1203.1971938797665 772.8448856666666 355.5695410748239
v -1203.1971938797665 772.8448856666666 377.804920165168
v -1221.3792920219855 772.8448856666666 362.8968731745033
v -1221.3792920219855 772.8448856666666 362.8968731745033
v -1221.3792920219855 772.8448856666666 362.8968731745033
v -1221.3792920219855 772.8448856666666 370.47700073731824
v -1221.3792920219855 772.8448856666666 370.47700073731824
v -1221.3792920219855 772.8448856666666 370.47700073731824
v -1226.9717055664719 772.8448856666666 358.8393880368444
v -1226.9717055664719 772.8448856666666 374.53507231460264
v -1234.7254383552045 772.8448856666666 359.8030185212026
v -1234.7254383552045 772.8448856666666 373.57085539061893
v -1241.0472971446238 772.8448856666666 364.25205340303876
v -1241.0472971446238 772.8448856666666 364.25205340303876
v -1241.0472971446238 772.8448856666666 369.12240694840835
v -1241.0472971446238 772.8448856666666 369.12240694840835
v -1199.3608522212298 839.8850741666666 366.687230619996
v -1199.3608522212298 839.8850741666666 366.687230619996
v -1201.8193528615595 839.8850741666666 358.5504598958706
v -1201.8193528615595 839.8850741666666 374.82341490449585
v -1205.6016615389901 839.8850741666666 355.5695410748239
v -1205.6016615389901 839.8850741666666 377.804920165168
v -1219.1099068155272 839.8850741666666 362.8968731745033
v -1219.1099068155272 839.8850741666666 370.47700073731824
v -1224.7023203600138 839.8850741666666 358.8393880368444
v -1224.7023203600138 839.8850741666666 374.53507231460264
v -1232.4560531487462 839.8850741666666 359.8030185212026
v -1232.4560531487462 839.8850741666666 373.57085539061893
v -1238.7779119381657 839.8850741666666 364.25205340303876
v -1238.7779119381657 839.8850741666666 364.25205340303876
v -1238.7779119381657 839.8850741666666 369.12240694840835
v -1238.7779119381657 839.8850741666666 369.12240694840835
v -427.60778308210234 -426.0790605666667 595.9210388018178
v -427.60778308210234 -426.0790605666667 595.9210388018178
v -438.1171979072484 -425.6408894 594.3216615590204
v -438.1171979072484 -425.6408894 594.3216615590204
v -431.6332401745105 -418.1919795666667 594.0161211828351
v -431.6332401745105 -418.1919795666667 594.0161211828351
v -438.06316492614224 -395.8452500666667 541.4751256306309
v -438.06316492614224 -395.8452500666667 541.4751256306309
v -431.5792071934043 -378.40603763333337 543.339350559414
v -431.5792071934043 -378.40603763333337 543.339350559414
v -427.55375010099624 -378.3184034 543.937813974386
v -427.55375010099624 -378.3184034 543.937813974386
v -615.0211780487805 -363.15768103333335 371.1081670468639
v -615.0211780487805 -363.15768103333335 371.1081670468639
v -659.3552390463758 -356.76038200000005 569.5662678744332
v -371.0892848450704 -331.6969912666667 364.3695705727313
v -371.0892848450704 -331.6969912666667 364.3695705727313
v -371.0892848450704 -331.6969912666667 364.3695705727313
v -309.7618512895912 -311.45348336666666 559.3142138636437
v -309.7618512895912 -311.45348336666666 559.3142138636437
v -612.5356609178975 -301.9013519333334 357.9198809144953
v -612.5356609178975 -301.9013519333334 357.9198809144953
v -358.20241885125387 -239.06760663333333 351.18128444036273
v -358.20241885125387 -239.06760663333333 351.18128444036273
v -546.372275553418 -236.43857963333335 178.37285241056767
v -362.76820575472345 -218.12302486666667 284.7199972640845
v -292.0930664678804 -216.3703402 565.2393537133503
v -349.0168120632085 -215.93216903333334 337.9930205216163
v -6.150530454139472 236.17284073333335 155.70581732547234
v -6.150530454139472 236.17284073333335 155.70581732547234
v -6.150530454139472 236.17284073333335 155.70581732547234
v -6.150530454139472 236.17284073333335 155.70581732547234
v -6.015448001374098 302.1614184333333 210.51976401185158
v -6.015448001374098 302.1614184333333 210.51976401185158
v -76.04219151494331 309.6979625 156.06353661161398
v -76.04219151494331 309.6979625 156.06353661161398
v -76.04219151494331 309.6979625 156.06353661161398
v -76.04219151494331 309.6979625 156.06353661161398
v -130.7235683943662 312.2393552666667 157.20717740467194
v -130.7235683943662 312.2393552666667 157.20717740467194
v -75.4208122322226 367.7118249666667 262.73915163067534
v -75.4208122322226 367.7118249666667 262.73915163067534
v -75.4208122322226 367.7118249666667 262.73915163067534
v -76.1772739677087 367.7118249666667 211.44899892362588
v -76.1772739677087 367.7118249666667 211.44899892362588
v -130.7235683943662 439.3089936 157.20717740467194
v -130.7235683943662 439.3089936 157.20717740467194
v -130.7235683943662 439.3089936 157.20717740467194
v -130.7235683943662 439.3089936 157.20717740467194
v -130.7235683943662 441.32458096666664 157.20717740467194
v -130.7235683943662 441.32458096666664 157.20717740467194
v -130.7235683943662 446.4950007333333 157.20717740467194
v -130.7235683943662 446.4950007333333 157.20717740467194
v -130.7235683943662 446.4950007333333 157.20717740467194
v -131.37196416764 495.9207083333334 235.42878533034752
v -131.37196416764 495.9207083333334 235.42878533034752
v -131.37196416764 495.9207083333334 235.42878533034752
v -131.37196416764 503.01908123333334 235.42878533034752
v -131.37196416764 503.01908123333334 235.42878533034752
v -131.37196416764 503.01908123333334 235.42878533034752
v -1196.55113720371 -844.4448905 250.55579732611216
v -1196.55113720371 -844.4448905 250.55579732611216
v -1199.0096378440398 -844.4448905 242.41961304161228
v -1199.0096378440398 -844.4448905 258.6925449480705
v -1202.7919465214704 -844.4448905 239.43810689239524
v -1202.7919465214704 -844.4448905 261.6734637691171
v -1216.2731753074545 -844.4448905 246.76600410662286
v -1216.2731753074545 -844.4448905 254.34615477160483
v -1221.8655888519409 -844.4448905 242.70851896896397
v -1221.8655888519409 -844.4448905 258.40363902071886
v -1229.6463381312262 -844.4448905 243.67217166694434
v -1229.6463381312262 -844.4448905 257.4399863227385
v -1235.9411804300926 -844.4448905 248.1206201091549
v -1235.9411804300926 -844.4448905 248.1206201091549
v -1235.9411804300926 -844.4448905 252.9915378805279
v -1235.9411804300926 -844.4448905 252.9915378805279
v -1194.1466695444865 -777.404702 250.55579732611216
v -1194.1466695444865 -777.404702 250.55579732611216
v -1196.6051701848162 -777.404702 242.41961304161228
v -1196.6051701848162 -777.404702 258.6925449480705
v -1200.3874788622468 -777.404702 239.43810689239524
v -1200.3874788622468 -777.404702 261.6734637691171
v -1218.5695770044658 -777.404702 246.76600410662286
v -1218.5695770044658 -777.404702 246.76600410662286
v -1218.5695770044658 -777.404702 246.76600410662286
v -1218.5695770044658 -777.404702 254.34615477160483
v -1218.5695770044658 -777.404702 254.34615477160483
v -1218.5695770044658 -777.404702 254.34615477160483
v -1224.1619905489522 -777.404702 242.70851896896397
v -1224.1619905489522 -777.404702 258.40363902071886
v -1231.9157233376848 -777.404702 243.67217166694434
v -1231.9157233376848 -777.404702 257.4399863227385
v -1238.2375821271041 -777.404702 248.1206201091549
v -1238.2375821271041 -777.404702 248.1206201091549
v -1238.2375821271041 -777.404702 252.9915378805279
v -1238.2375821271041 -777.404702 252.9915378805279
v -1092.2674836688423 -144.77317156666666 183.5046007564912
v -1092.2674836688423 -144.77317156666666 183.5046007564912
v -1094.725984309172 -144.77317156666666 175.36785224598793
v -1094.725984309172 -144.77317156666666 191.64080725461326
v -1098.5082929866026 -144.77317156666666 172.3869334249413
v -1098.5082929866026 -144.77317156666666 194.62172607565986
v -1116.6903911288216 -144.77317156666666 179.71426552462069
v -1116.6903911288216 -144.77317156666666 179.71426552462069
v -1116.6903911288216 -144.77317156666666 187.29439397598048
v -1116.6903911288216 -144.77317156666666 187.29439397598048
v -1239.5343736736518 -75.1915903 261.1678728428461
v -1239.5343736736518 -75.1915903 261.1678728428461
v -1239.5343736736518 -75.1915903 268.748000405661
v -1239.5343736736518 -75.1915903 268.748000405661
v -1245.8832489536242 -75.1915903 257.11036549156506
v -1245.8832489536242 -75.1915903 272.8054855433199
v -1253.6639982329098 -75.1915903 258.0740181895454
v -1253.6639982329098 -75.1915903 271.8418550589617
v -1259.9858570223291 -75.1915903 262.522466631756
v -1259.9858570223291 -75.1915903 262.522466631756
v -1259.9858570223291 -75.1915903 267.3934066167511
v -1259.9858570223291 -75.1915903 267.3934066167511
v -951.538584377877 -1049.5966307333333 544.0364175776094
v -951.538584377877 -1049.5966307333333 544.0364175776094
v -918.578465903126 -1049.3337280333333 534.384541873424
v -918.578465903126 -1049.3337280333333 534.384541873424
v -925.0083906547578 -1049.3337280333333 527.1638484883831
v -925.8188853713501 -1049.3337280333333 531.2127342886236
v -940.0025429117142 -1049.3337280333333 528.8629817771227
v -940.6779551755411 -1049.3337280333333 533.715573310197
v -883.9163085235315 -807.2003413333334 439.98802009343297
v -883.9163085235315 -807.2003413333334 439.98802009343297
v -918.578465903126 -802.6433612000001 534.384541873424
v -918.578465903126 -802.6433612000001 534.384541873424
v -925.7108194091377 -800.1896026666667 530.2668658165608
v -915.3905200178632 -797.9987468333334 438.1295271677173
v -915.3905200178632 -797.9987468333334 438.1295271677173
v -940.5698892133287 -796.0707937000001 532.7691183985086
v -883.9163085235315 -794.3181090333335 440.0963736997037
v -883.9163085235315 -794.3181090333335 440.0963736997037
v -925.0083906547578 -791.7767162666667 527.1638484883831
v -940.0025429117142 -791.2509108666668 528.8629817771227
v -918.578465903126 -791.1632766333335 534.384541873424
v -918.578465903126 -791.1632766333335 534.384541873424
v -918.578465903126 -791.1632766333335 534.384541873424
v -918.578465903126 -791.1632766333335 534.384541873424
v -951.4035019251115 -791.1632766333335 543.6747042821996
v -951.4035019251115 -791.1632766333335 543.6747042821996
v -951.4035019251115 -791.1632766333335 543.6747042821996
v -951.4035019251115 -791.1632766333335 543.6747042821996
v -925.8188853713501 -790.6374712333334 531.2127342886236
v -925.8188853713501 -790.6374712333334 531.2127342886236
v -940.6779551755411 -790.0240316000001 533.715573310197
v -940.6779551755411 -790.0240316000001 533.715573310197
v -191.0784082899347 -7.5379621666666665 560.8528128590661
v -191.0784082899347 -7.5379621666666665 560.8528128590661
v -191.3485731954655 -5.697643266666667 617.226573438595
v -191.3485731954655 -5.697643266666667 617.226573438595
v -191.3485731954655 -5.697643266666667 617.226573438595
v -199.66965228581245 -2.1922739333333334 617.2294398844011
v -199.66965228581245 -2.1922739333333334 617.2294398844011
v -199.99385017244933 -2.1922739333333334 560.8528128590661
v -199.99385017244933 -2.1922739333333334 560.8528128590661
v -191.15945776159396 2.9781458333333335 560.8528128590661
v -191.15945776159396 2.9781458333333335 560.8528128590661
v -694.6117592181381 -174.3059082 930.1353467139413
v -694.6117592181381 -174.3059082 930.1353467139413
v -694.6117592181381 -174.3059082 930.1353467139413
v -687.9386860515287 -172.29032083333334 949.4482607971888
v -687.9386860515287 -172.29032083333334 949.4482607971888
v -687.9386860515287 -172.29032083333334 949.4482607971888
v -701.9062116674681 -172.29032083333334 963.103162722896
v -701.9062116674681 -172.29032083333334 963.103162722896
v -752.1568840961869 -172.29032083333334 942.1278122547507
v -752.1568840961869 -172.29032083333334 942.1278122547507
v -752.1568840961869 -172.29032083333334 942.1278122547507
v -687.9386860515287 175.96812243333335 949.4482607971888
v -687.9386860515287 175.96812243333335 949.4482607971888
v -687.9386860515287 175.96812243333335 949.4482607971888
v -701.9062116674681 175.96812243333335 963.103162722896
v -701.9062116674681 175.96812243333335 963.103162722896
v -751.1842904362762 175.96812243333335 942.5348226799654
v -751.1842904362762 175.96812243333335 942.5348226799654
v -751.1842904362762 175.96812243333335 942.5348226799654
v -694.6117592181381 177.28263593333335 930.1353467139413
v -694.6117592181381 177.28263593333335 930.1353467139413
v -694.6117592181381 177.28263593333335 930.1353467139413
v -1243.8299956715905 212.07342656666668 235.92349869010934
v -1243.8299956715905 212.07342656666668 235.92349869010934
v -1243.6949132188251 215.75406436666665 229.2152797885807
v -1243.6949132188251 215.75406436666665 229.2152797885807
v -1079.056419788389 216.80567516666667 138.80573622090347
v -1078.8132713734112 218.12018866666668 149.44130664154503
v -1244.7755728409481 621.7634674000001 140.03078371943775
v -1244.7755728409481 621.7634674000001 140.03078371943775
v -1244.7755728409481 621.7634674000001 140.03078371943775
v -1244.9106552937135 635.2591393333333 148.63760002016633
v -1244.9106552937135 635.2591393333333 148.63760002016633
v -1244.9106552937135 635.2591393333333 148.63760002016633
v -1243.7219297093782 653.0488887 218.0603291135635
v -1243.7219297093782 653.0488887 218.0603291135635
v -1243.7219297093782 653.0488887 218.0603291135635
v -1243.965078124356 666.7198291 225.26213203430234
v -1243.965078124356 666.7198291 225.26213203430234
v -1243.965078124356 666.7198291 225.26213203430234
v -1079.083436278942 709.7482376666667 139.2798220111087
v -1079.083436278942 709.7482376666667 139.2798220111087
v -1078.8673043545173 725.8729366000001 149.44074241554162
v -1078.8673043545173 725.8729366000001 149.44074241554162
v -1244.7755728409481 805.8829916333334 141.05747245735142
v -1244.7755728409481 805.8829916333334 141.05747245735142
v -1244.7755728409481 805.8829916333334 141.05747245735142
v -1079.110452769495 806.7593339666668 139.08432880774936
v -1079.110452769495 806.7593339666668 139.08432880774936
v -1244.7755728409481 810.3523375333333 148.63760002016633
v -1244.7755728409481 810.3523375333333 148.63760002016633
v -1244.7755728409481 810.3523375333333 148.63760002016633
v -1079.137469260048 811.2286798666667 149.23263276332875
v -1079.137469260048 811.2286798666667 149.23263276332875
v -440.62973152868426 398.99724626666665 634.3708746595929
v -440.62973152868426 398.99724626666665 634.3708746595929
v -440.62973152868426 398.99724626666665 634.3708746595929
v -440.62973152868426 398.99724626666665 634.3708746595929
v -440.57569854757816 399.78595436666666 594.0556623188609
v -440.57569854757816 399.78595436666666 594.0556623188609
v -441.52127571693575 404.7811056666667 589.2919252745075
v -441.52127571693575 404.7811056666667 589.2919252745075
v -441.52127571693575 404.7811056666667 589.2919252745075
v -441.60232518859493 405.0440083666667 638.3205917420617
v -441.60232518859493 405.0440083666667 638.3205917420617
v -424.0416063290965 410.6525993000001 598.1894077100094
v -424.0416063290965 410.6525993000001 598.1894077100094
v -424.0145898385435 410.74023353333337 626.5987058903054
v -424.0145898385435 410.74023353333337 626.5987058903054
v -432.49776787220884 413.8950659333334 628.9650928506398
v -432.49776787220884 413.8950659333334 628.9650928506398
v -432.44373489110274 415.6477506 596.4558797372309
v -432.44373489110274 415.6477506 596.4558797372309
v -425.52751330951565 419.3283884 632.338125641867
v -425.41944734730333 419.59129110000003 591.9231590322827
v -425.41944734730333 419.59129110000003 591.9231590322827
v -418.47620927516317 421.6945127 603.3177253841234
v -418.47620927516317 421.6945127 603.3177253841234
v -418.6112917279285 422.2203181 615.366365621247
v -418.6112917279285 422.2203181 615.366365621247
v -417.6116815774648 431.1590099 605.2037303251818
v -417.6116815774648 431.1590099 605.2037303251818
v -420.610512028856 431.24664413333335 621.2926570251274
v -417.5846650869117 431.5095468333334 612.8039221200947
v -417.5846650869117 431.5095468333334 612.8039221200947
v -420.71857799106834 431.7724495333333 597.2475341357595
v -427.71584904431467 512.4835784333334 621.0278324413089
v -428.79650866643766 512.9217496 596.5991931420889
v -426.60817293163865 519.8448540333334 604.8448825870335
v -426.25695855444866 520.6335621333334 613.0687698060804
v -436.0909611157678 555.4243527666667 636.4093547918412
v -436.0909611157678 555.4243527666667 636.4093547918412
v -436.03692813466165 555.8625239333334 591.9231590322827
v -436.03692813466165 555.8625239333334 591.9231590322827
v -438.9276926238406 562.2598229666667 629.0212666584092
v -438.9276926238406 562.2598229666667 629.0212666584092
v -438.52244526554443 563.1361653 596.6026238138984
v -438.52244526554443 563.1361653 596.6026238138984
v -437.8740494922707 569.7087328 631.097596137218
v -437.71195054895225 570.6727093666667 596.9763893321582
v -437.71195054895225 570.6727093666667 596.9763893321582
v -449.95042076949505 579.0855957666668 589.5476093970715
v -449.95042076949505 579.0855957666668 589.5476093970715
v -449.95042076949505 579.0855957666668 589.5476093970715
v -449.95042076949505 579.0855957666668 589.5476093970715
v -449.7613053356235 579.2608642333333 637.7685530203566
v -449.7613053356235 579.2608642333333 637.7685530203566
v -449.7613053356235 579.2608642333333 637.7685530203566
v -450.43671759945033 582.7662335666666 592.4964126517148
v -450.43671759945033 582.7662335666666 592.4964126517148
v -450.43671759945033 582.7662335666666 592.4964126517148
v -450.3556681277911 582.9415020333333 634.7291581717379
v -450.3556681277911 582.9415020333333 634.7291581717379
v -364.76742605565096 -177.63600906666667 577.8635497897086
v -368.00940492201994 -175.70805593333336 577.1400992081774
v -368.00940492201994 -175.70805593333336 577.1400992081774
v -362.25489243421504 -174.65644513333336 576.7290716715275
v -362.25489243421504 -174.65644513333336 576.7290716715275
v -364.76742605565096 -165.3672164 586.0438787612948
v -368.00940492201994 -163.70216596666668 585.1708185458348
v -368.00940492201994 -163.70216596666668 585.1708185458348
v -362.25489243421504 -162.7381894 584.6743671922736
v -362.25489243421504 -162.7381894 584.6743671922736
v -368.2525533369976 -157.30486693333336 570.1349401564268
v -368.2525533369976 -157.30486693333336 570.1349401564268
v -362.3899748869804 -157.2172327 570.1022603640201
v -362.3899748869804 -157.2172327 570.1022603640201
v -365.0375909611817 -154.67583993333335 569.1283156506112
v -364.8214590367571 -150.3817625 592.2911925474751
v -368.00940492201994 -148.89198053333334 591.3344234067359
v -368.00940492201994 -148.89198053333334 591.3344234067359
v -362.4710243586396 -148.10327243333333 590.7909831339044
v -362.4710243586396 -148.10327243333333 590.7909831339044
v -368.2525533369976 -147.66510126666668 576.7107232196067
v -368.2525533369976 -147.66510126666668 576.7107232196067
v -362.3899748869804 -147.57746703333333 576.6705956439554
v -362.3899748869804 -147.57746703333333 576.6705956439554
v -365.0375909611817 -145.29897696666666 575.4948614981163
v -364.76742605565096 -141.00489953333334 593.9490467063896
v -368.00940492201994 -139.8656545 593.0381371443691
v -368.00940492201994 -139.8656545 593.0381371443691
v -362.25489243421504 -139.16458063333334 592.5204939952479
v -362.25489243421504 -139.16458063333334 592.5204939952479
v -362.60610681140497 -135.57157706666666 582.3286086900407
v -362.60610681140497 -135.57157706666666 582.3286086900407
v -368.2255368464445 -135.57157706666666 582.3721891511236
v -368.2255368464445 -135.57157706666666 582.3721891511236
v -365.09162394228787 -133.64362393333334 581.0405260401179
v -362.3899748869804 -128.56083840000002 584.1750724950733
v -362.3899748869804 -128.56083840000002 584.1750724950733
v -368.2525533369976 -128.56083840000002 584.2169149623569
v -368.2525533369976 -128.56083840000002 584.2169149623569
v -365.0375909611817 -126.9834222 582.9488734423652
v -362.2819089247681 -2.1046397000000003 592.8420797150063
v -362.2819089247681 -2.1046397000000003 592.8420797150063
v -362.3899748869804 -2.1046397000000003 584.1051306842766
v -362.3899748869804 -2.1046397000000003 584.1051306842766
v -364.76742605565096 -2.1046397000000003 594.1812137114237
v -365.0375909611817 -2.1046397000000003 582.9557569996064
v -368.00940492201994 -2.1046397000000003 593.3270661738878
v -368.00940492201994 -2.1046397000000003 593.3270661738878
v -368.2255368464445 -2.1046397000000003 584.1446940339245
v -368.2255368464445 -2.1046397000000003 584.1446940339245
v -365.0375909611817 122.7741428 582.9488734423652
v -362.3899748869804 124.35155900000001 584.1750724950733
v -362.3899748869804 124.35155900000001 584.1750724950733
v -368.2525533369976 124.35155900000001 584.2169149623569
v -368.2525533369976 124.35155900000001 584.2169149623569
v -365.09162394228787 129.43434453333336 581.0405260401179
v -362.60610681140497 131.36229766666668 582.3286086900407
v -362.60610681140497 131.36229766666668 582.3286086900407
v -368.2255368464445 131.36229766666668 582.3721891511236
v -368.2255368464445 131.36229766666668 582.3721891511236
v -362.25489243421504 134.95530123333333 592.5204939952479
v -362.25489243421504 134.95530123333333 592.5204939952479
v -368.00940492201994 135.65637510000002 593.0381371443691
v -368.00940492201994 135.65637510000002 593.0381371443691
v -364.76742605565096 136.79562013333333 593.9490467063896
v -365.0375909611817 141.08969756666667 575.4948614981163
v -362.3899748869804 143.36818763333335 576.6705956439554
v -362.3899748869804 143.36818763333335 576.6705956439554
v -368.2525533369976 143.45582186666667 576.7107232196067
v -368.2525533369976 143.45582186666667 576.7107232196067
v -362.4710243586396 143.89399303333335 590.7909831339044
v -362.4710243586396 143.89399303333335 590.7909831339044
v -368.00940492201994 144.68270113333332 591.3344234067359
v -368.00940492201994 144.68270113333332 591.3344234067359
v -364.8214590367571 146.1724831 592.2911925474751
v -365.0375909611817 150.46656053333334 569.1283156506112
v -362.3899748869804 153.0079533 570.1022603640201
v -362.3899748869804 153.0079533 570.1022603640201
v -368.2525533369976 153.09558753333334 570.1349401564268
v -368.2525533369976 153.09558753333334 570.1349401564268
v -362.25489243421504 158.52891 584.6743671922736
v -362.25489243421504 158.52891 584.6743671922736
v -368.00940492201994 159.49288656666667 585.1708185458348
v -368.00940492201994 159.49288656666667 585.1708185458348
v -364.76742605565096 161.157937 586.0438787612948
v -362.25489243421504 170.44716573333332 576.7290716715275
v -362.25489243421504 170.44716573333332 576.7290716715275
v -368.00940492201994 171.49877653333334 577.1400992081774
v -368.00940492201994 171.49877653333334 577.1400992081774
v -364.76742605565096 173.42672966666666 577.8635497897086
v -427.55375010099624 374.0214897666667 543.937813974386
v -427.55375010099624 374.0214897666667 543.937813974386
v -431.5792071934043 374.19675823333336 543.339350559414
v -431.5792071934043 374.19675823333336 543.339350559414
v -438.06316492614224 391.6359706666667 541.4751256306309
v -438.06316492614224 391.6359706666667 541.4751256306309
v -431.6332401745105 413.9827001666667 594.0161211828351
v -438.1171979072484 421.43161 594.3216615590204
v -438.1171979072484 421.43161 594.3216615590204
v -427.60778308210234 421.8697811666667 595.9210388018178
v -427.60778308210234 421.8697811666667 595.9210388018178
v -1079.9209474860872 -1048.0192145333333 134.1388647859742
v -1079.9209474860872 -1048.0192145333333 134.1388647859742
v -1079.9209474860872 -1048.0192145333333 134.1388647859742
v -1079.9209474860872 -1048.0192145333333 149.72563123145827
v -1079.9209474860872 -1048.0192145333333 149.72563123145827
v -1079.9209474860872 -1048.0192145333333 149.72563123145827
v -735.7578743304706 -1042.3229893666667 486.5591437806739
v -538.6185427646857 -1035.6627876333334 500.0351851747653
v -538.9697571418756 -1035.3122507 134.1234049934816
v -538.9697571418756 -1035.3122507 134.1234049934816
v -538.9697571418756 -1035.3122507 145.7696170313738
v -538.9697571418756 -1035.3122507 145.7696170313738
v -739.8373644039849 -1032.6832237 500.885338703033
v -739.8373644039849 -1032.6832237 500.885338703033
v -738.2163749708004 -1025.6724850333335 143.39806229397544
v -846.795650503607 -1012.0015446333333 441.8144196663675
v -846.795650503607 -1012.0015446333333 441.8144196663675
v -540.185499216764 -996.2273826333334 513.2704833285712
v -490.9614534290622 -972.3032369333333 158.88908980495248
v -490.9614534290622 -972.3032369333333 158.88908980495248
v -496.9861308223978 -972.3032369333333 134.46505583388296
v -496.9861308223978 -972.3032369333333 134.46505583388296
v -492.01509656063206 -970.9887234333333 482.2196140592823
v -492.01509656063206 -970.9887234333333 482.2196140592823
v -494.52763018206804 -965.5554009666668 488.9782738769681
v -499.6337468965991 -943.8221111 509.5529332511365
v -499.6337468965991 -943.8221111 509.5529332511365
v -917.9570866204054 -940.1414733 429.0457595195222
v -917.9570866204054 -940.1414733 429.0457595195222
v -632.9060947949158 -915.5162537333333 496.10839788165583
v -632.9060947949158 -915.5162537333333 496.10839788165583
v -632.9060947949158 -915.5162537333333 496.10839788165583
v -630.9609074750945 -913.8512033000001 274.188177787198
v -630.9609074750945 -913.8512033000001 274.188177787198
v -630.9609074750945 -913.8512033000001 274.188177787198
v -929.2499796715905 -895.5356485333333 144.6959171605677
v -466.4845129879767 -874.9416037 475.1462511905345
v -466.4845129879767 -874.9416037 475.1462511905345
v -467.1869417423566 -874.0652613666666 183.3211597759819
v -473.07653668292687 -874.0652613666666 133.32256570645396
v -473.07653668292687 -874.0652613666666 133.32256570645396
v -469.40229396770866 -868.3690362 490.47505261872925
v -469.40229396770866 -868.3690362 490.47505261872925
v -469.40229396770866 -868.3690362 490.47505261872925
v -480.58712105668155 -836.7330779666668 509.56496237181955
v -921.1720489962213 -815.3503250333334 446.95248734352884
v -1001.573124882171 -795.7202567666667 394.4883153822727
v -1001.573124882171 -795.7202567666667 394.4883153822727
v -1000.4114157883888 -790.8127397000001 144.80598654701564
v -1000.843679637238 -789.4982262 228.58813147901495
v -1000.2763333356235 -761.5429057666666 409.2432767514099
v -997.6287172614221 -712.0295639333333 418.64578766426916
v -448.8967776379251 -705.6322649 248.17735903147258
v -448.8967776379251 -705.6322649 248.17735903147258
v -460.2166871796633 -697.6575496666668 510.0952219697942
v -447.383854166953 -692.5747641333334 181.60713092075318
v -451.2742288065956 -692.5747641333334 133.32256570645396
v -451.2742288065956 -692.5747641333334 133.32256570645396
v -447.059656280316 -686.0021966333334 491.7654374884547
v -447.059656280316 -686.0021966333334 491.7654374884547
v -447.059656280316 -685.1258543 218.88468551812093
v -447.059656280316 -685.1258543 218.88468551812093
v -447.059656280316 -685.1258543 218.88468551812093
v -1089.7549500474065 -640.8705664666667 144.95157906950934
v -1098.346194043284 -623.2560855666667 380.4481839321711
v -1098.346194043284 -623.2560855666667 380.4481839321711
v -1098.346194043284 -623.2560855666667 380.4481839321711
v -430.66064651459976 -557.0046051666667 492.179895696914
v -430.66064651459976 -557.0046051666667 492.179895696914
v -1230.7810307344555 -542.1067855 368.791635451606
v -1230.7810307344555 -542.1067855 368.791635451606
v -1230.7810307344555 -542.1067855 368.791635451606
v -1230.7810307344555 -542.1067855 368.791635451606
v -442.06160552799724 -538.3385134666667 510.3101920770812
v -525.704660280316 -529.2245532 523.2513925357595
v -639.4170690182068 -513.8885623666667 520.9887565191801
v -525.5155448464445 -498.81547423333336 492.6728932764986
v -525.5155448464445 -498.81547423333336 492.6728932764986
v -525.5155448464445 -498.81547423333336 492.6728932764986
v -525.2994129220199 -498.28966883333334 247.9727022646914
v -525.2994129220199 -498.28966883333334 247.9727022646914
v -525.2994129220199 -498.28966883333334 247.9727022646914
v -524.8671490731707 -494.60903103333334 533.4467085127762
v -639.849332867056 -492.7687121333334 533.1973428329054
v -457.83923601099275 -491.1036617 239.94543670101052
v -455.56985080453455 -490.05205090000004 492.2894008573586
v -455.56985080453455 -490.05205090000004 492.2894008573586
v -745.1325965523874 -486.8095842666667 510.6994404900006
v -413.82937290003434 -483.30421493333336 492.6568470443805
v -413.82937290003434 -483.30421493333336 492.6568470443805
v -413.82937290003434 -483.30421493333336 492.6568470443805
v -432.44373489110274 -476.0305735666667 181.07113931971114
v -432.44373489110274 -476.0305735666667 181.07113931971114
v -432.44373489110274 -476.0305735666667 181.07113931971114
v -432.44373489110274 -476.0305735666667 181.07113931971114
v -423.7714414235658 -471.2983249666667 242.6511936070208
v -433.5243945132257 -471.2983249666667 205.3025696353945
v -433.5243945132257 -471.2983249666667 205.3025696353945
v -433.5243945132257 -471.2983249666667 205.3025696353945
v -433.5243945132257 -471.2983249666667 205.3025696353945
v -437.9550989639299 -467.2671502333334 534.9715626073386
v -437.3607361717623 -466.21553943333333 130.92004606828124
v -437.3607361717623 -466.21553943333333 130.92004606828124
v -437.3607361717623 -466.21553943333333 130.92004606828124
v -748.3205424376503 -455.2612602666666 521.2885631152081
v -434.0377078337341 -434.5795812 566.7825571483783
v -535.6197123132944 -428.6204533333334 578.7303137760979
v -535.4035803888697 -411.00597243333334 582.5149161163561
v -535.4035803888697 -411.00597243333334 582.5149161163561
v -298.5770242006183 -397.1597635666667 509.60452572146744
v -658.1124804809343 -396.3710554666667 636.0419086048194
v -301.6569041236688 -391.8140753333334 561.5023045183657
v -1097.913930194435 -388.9221456333334 394.57200209392965
v -426.82430485606324 -387.87053483333335 581.8866393547836
v -657.7882825942975 -386.03021593333335 645.9505977721201
v -657.7882825942975 -386.03021593333335 645.9505977721201
v -1198.7124564479561 -358.2501639666667 206.7299707923623
v -1198.7124564479561 -358.2501639666667 206.7299707923623
v -1198.7124564479561 -358.2501639666667 206.7299707923623
v -307.41141661147367 -340.28514613333334 585.1197894129623
v -758.1275285084164 -322.2324940666667 623.0605805704898
v -758.1275285084164 -322.2324940666667 623.0605805704898
v -1106.5321906808658 -321.2685175 347.51018126981705
v -1106.5321906808658 -321.2685175 347.51018126981705
v -1106.5321906808658 -321.2685175 347.51018126981705
v -1106.5321906808658 -321.2685175 347.51018126981705
v -146.14998450017177 -320.04163823333334 563.5144250779902
v -146.14998450017177 -320.04163823333334 563.5144250779902
v -164.41313211405017 -319.86636976666665 263.25909699959925
v -164.41313211405017 -319.86636976666665 263.25909699959925
v -418.31411033184474 -316.97444006666666 584.6009947096674
v -418.31411033184474 -316.97444006666666 584.6009947096674
v -418.31411033184474 -316.97444006666666 584.6009947096674
v -418.2330608601855 -316.7991716 554.9351199040593
v -418.2330608601855 -316.7991716 554.9351199040593
v -146.1229680096187 -312.8556311 267.2110940882486
v -146.1229680096187 -312.8556311 267.2110940882486
v -532.9720962390932 -306.1954293666667 586.9507703233353
v -532.9720962390932 -306.1954293666667 586.9507703233353
v -424.7170185929234 -305.2314528 585.0074409088786
v -424.7170185929234 -305.2314528 585.0074409088786
v -425.1222659512195 -296.38039523333333 578.404123616734
v -423.44724353692885 -296.2051267666667 537.945597871144
v -423.44724353692885 -296.2051267666667 537.945597871144
v -657.653200141532 -292.61212320000004 648.3238674011509
v -657.653200141532 -292.61212320000004 648.3238674011509
v -145.04230838749572 -292.0863178 568.2799001161428
v -533.4043600879423 -291.82341510000003 582.7648682358525
v -533.4043600879423 -291.82341510000003 582.7648682358525
v -543.5625605358983 -291.7357808666667 537.2783441995491
v -549.236023552044 -291.7357808666667 565.8068753297149
v -362.55207383029887 -289.01911963333333 584.8910521911929
v -362.55207383029887 -289.01911963333333 584.8910521911929
v -362.57909032085195 -288.9314854 554.7539811433528
v -963.8040710889728 -284.81267643333337 466.7790274644624
v -657.626183650979 -284.46213950000003 640.7460189559715
v -76.87970272208862 -283.7610656333334 103.77856371757557
v -76.87970272208862 -283.7610656333334 103.77856371757557
v -76.87970272208862 -283.7610656333334 103.77856371757557
v -433.20019662658876 -276.75032696666665 103.38525287743187
v -433.20019662658876 -276.75032696666665 103.38525287743187
v -1003.3291967681209 -274.91000806666665 103.40256350892446
v -1003.3291967681209 -274.91000806666665 103.40256350892446
v -430.06628372243216 -271.40463873333334 143.23755110282548
v -1003.2751637870148 -269.56431983333334 144.86157391515945
v -964.0202030133973 -266.84765860000005 475.65242944497595
v -346.7204103661972 -265.27024240000003 586.0329780926185
v -346.7204103661972 -265.27024240000003 586.0329780926185
v -346.66637738509104 -265.1826081666667 554.9763990338844
v -639.9303823387152 -263.1670208 569.4011753458448
v -639.9303823387152 -263.1670208 569.4011753458448
v -639.9303823387152 -263.1670208 569.4011753458448
v -648.3595273912745 -261.76487306666667 582.0631967780516
v -648.3595273912745 -261.76487306666667 582.0631967780516
v -758.5597923572656 -259.04821183333337 630.5381096322684
v -758.5597923572656 -259.04821183333337 630.5381096322684
v -3.9081617382342837 -257.47079563333335 562.6912415526838
v -3.9081617382342837 -257.47079563333335 562.6912415526838
v -223.30908151975265 -253.70252360000003 233.47857147010478
v -223.30908151975265 -253.70252360000003 233.47857147010478
v -223.30908151975265 -253.70252360000003 233.47857147010478
v -184.67550002885608 -249.67134886666668 243.93126424769554
v -146.0149020474064 -245.64017413333335 254.38398012745336
v -198.426893720371 -239.1552408666667 238.70492940998366
v -4.637606983167297 -238.454167 572.5775642680837
v -336.69729237100654 -237.40255620000002 587.0212763601354
v -336.69729237100654 -237.40255620000002 587.0212763601354
v -336.4271274654758 -237.31492196666667 561.7448088546175
v -1089.3767191796633 -226.97408243333336 159.02554275473636
v -1089.3767191796633 -226.97408243333336 159.02554275473636
v 91.1088355369289 -220.92732033333334 318.5155781357838
v 91.1088355369289 -220.92732033333334 318.5155781357838
v -1122.5259530882859 -217.5972194666667 103.41994166982852
v -1122.5259530882859 -217.5972194666667 103.41994166982852
v -1232.5100861298522 -217.5972194666667 103.41994166982852
v -1122.2828046733082 -213.47841050000002 159.18375172608353
v -1121.3372275039505 -212.68970240000002 107.18592455197523
v -1232.75323454483 -211.37518890000004 107.70591523668841
v -765.7191623538303 -209.4472357666667 634.6099252218683
v -329.9431697327379 -203.48810790000002 588.4268983933728
v -329.9431697327379 -203.48810790000002 588.4268983933728
v -329.59195535554795 -203.4004736666667 562.9979325944979
v -1318.7467239752661 -201.20961783333337 134.30569530836195
v -1318.7467239752661 -201.20961783333337 134.30569530836195
v -761.2344249220199 -196.30210076666668 640.8979308097032
v -1171.15563608382 -191.56985216666666 416.81081185608326
v -974.5026013479903 -179.3010595 544.756438375876
v -1240.8041487296462 -177.11020366666668 394.30602595593723
v -1240.8041487296462 -177.11020366666668 394.30602595593723
v -647.0627358447268 -176.75966673333335 615.9310207918055
v -647.0627358447268 -176.75966673333335 615.9310207918055
v -647.0627358447268 -176.75966673333335 615.9310207918055
v -759.9646498660254 -171.67688120000003 669.7750176625888
v -640.7949100364136 -159.75862546666667 573.0109582566342
v -645.7389278076262 -152.7478868 667.023400289315
v -1172.0201637815182 -151.78391023333333 416.4014992110658
v -1172.0201637815182 -151.78391023333333 416.4014992110658
v -225.65951619787012 -147.31456433333332 154.97606962632543
v -225.65951619787012 -147.31456433333332 154.97606962632543
v 318.6687354654758 -143.19575536666667 170.04805847994962
v 318.6687354654758 -143.19575536666667 217.6005977660111
v 318.64171897492275 -142.7575842 222.9691175565742
v 279.1706262768808 -142.58231573333333 170.04805847994962
v 279.1706262768808 -142.58231573333333 217.6005977660111
v 279.1706262768808 -142.40704726666667 222.90204219158363
v 279.1706262768808 -141.88124186666667 228.1920226110214
v 279.1706262768808 -141.88124186666667 228.1920226110214
v 318.56066950326345 -141.7059734 228.29349266005096
v 318.56066950326345 -141.7059734 228.29349266005096
v -640.6868440742013 -141.00489953333334 664.4265612155789
v -640.6868440742013 -141.00489953333334 664.4265612155789
v 279.1706262768808 -140.9172653 233.45907235255495
v 318.4526035410512 -139.8656545 233.5301648289806
v 279.1706262768808 -139.6027518 238.69116229550127
v 279.1706262768808 -139.6027518 238.69116229550127
v 279.1706262768808 -137.85006713333334 243.87680533155844
v 279.1706262768808 -137.85006713333334 243.87680533155844
v 318.2634881071797 -137.41189596666666 238.63670337936418
v 318.2634881071797 -137.41189596666666 238.63670337936418
v 279.1706262768808 -135.83447976666668 249.0057103338429
v 279.1706262768808 -135.83447976666668 249.0057103338429
v -976.8530360261078 -134.43233203333332 561.749390192056
v -976.8530360261078 -134.43233203333332 561.749390192056
v 318.0473561827551 -134.2570635666667 243.57011517828926
v 318.0473561827551 -134.2570635666667 243.57011517828926
v 279.1706262768808 -133.38072123333333 254.0652599649562
v 279.1706262768808 -133.38072123333333 254.0652599649562
v 279.1706262768808 -130.5764257666667 259.0450964571482
v 279.1706262768808 -130.5764257666667 259.0450964571482
v 317.77719127722435 -130.4011573 248.29085820118516
v 317.77719127722435 -130.4011573 248.29085820118516
v 279.1706262768808 -127.50922760000002 263.9349500086124
v 279.1706262768808 -127.50922760000002 263.9349500086124
v 317.48000988114046 -125.93181140000002 252.7593699869489
v 317.48000988114046 -125.93181140000002 252.7593699869489
v 279.1706262768808 -124.00385826666667 268.7227683964989
v 279.1706262768808 -124.00385826666667 268.7227683964989
v -716.3060011322569 -121.02429433333333 744.3037210803661
v -716.3060011322569 -121.02429433333333 744.3037210803661
v 317.1287955039505 -120.93666010000001 256.9395400713644
v 317.1287955039505 -120.93666010000001 256.9395400713644
v 279.1706262768808 -120.147952 273.39936673230847
v -645.657878335967 -117.25602230000001 700.0084140845614
v -664.48837225146 -116.55494843333334 774.4224658899075
v -664.48837225146 -116.55494843333334 774.4224658899075
v -326.8632898096874 -116.29204573333334 589.4088773296519
v -326.8632898096874 -116.29204573333334 589.4088773296519
v -326.4850589419443 -116.2044115 563.2100362559788
v -326.4850589419443 -116.2044115 563.2100362559788
v 279.1706262768808 -116.02914303333333 277.9533023349837
v 279.1706262768808 -116.02914303333333 277.9533023349837
v 279.1706262768808 -116.02914303333333 277.9533023349837
v 316.7505646362075 -115.32806916666667 260.797537107851
v 316.7505646362075 -115.32806916666667 260.797537107851
v -662.4621354599793 -109.8947467 777.0766303255868
v -662.4621354599793 -109.8947467 777.0766303255868
v 316.34531727791136 -109.19367283333334 264.30070351762424
v 316.34531727791136 -109.19367283333334 264.30070351762424
v -640.6598275836483 -107.17808546666667 695.8695222414262
v -640.6598275836483 -107.17808546666667 695.8695222414262
v 315.8860369385091 -102.70873956666667 267.4214828580972
v -661.4895418000687 -96.57434323333335 781.553741448769
v -661.4895418000687 -96.57434323333335 781.553741448769
v -661.4895418000687 -96.57434323333335 781.553741448769
v 317.50702637169354 -95.78563513333334 313.5901783461067
v 317.50702637169354 -95.78563513333334 313.5901783461067
v 317.50702637169354 -95.78563513333334 313.5901783461067
v 315.42675659910685 -95.78563513333334 270.1329726557197
v 315.42675659910685 -95.78563513333334 270.1329726557197
v 315.42675659910685 -95.78563513333334 270.1329726557197
v 315.42675659910685 -95.78563513333334 270.1329726557197
v -664.0831248931638 -95.17219550000002 765.4223840648245
v -664.0831248931638 -95.17219550000002 765.4223840648245
v -678.7260627729303 -90.87811806666666 758.1191333086783
v -678.7260627729303 -90.87811806666666 758.1191333086783
v -678.7260627729303 -90.87811806666666 758.1191333086783
v -677.3752382452765 -90.26467843333333 711.0894058373468
v -677.3752382452765 -90.26467843333333 711.0894058373468
v -677.3752382452765 -90.26467843333333 711.0894058373468
v -662.4081024788732 -89.82650726666667 770.2835749353172
v 323.80186867055994 -89.73887303333333 312.230438993755
v 323.80186867055994 -89.73887303333333 312.230438993755
v 321.7215988979732 -89.73887303333333 268.77321020120087
v 321.7215988979732 -89.73887303333333 268.77321020120087
v 61.12053102301615 -87.5480172 293.17835459651326
v -662.0298716111301 -82.20232896666667 776.6122945384288
v -662.0298716111301 -82.20232896666667 776.6122945384288
v -717.7919081126761 -81.06308393333335 776.9906422826721
v -717.7919081126761 -81.06308393333335 776.9906422826721
v -717.7919081126761 -81.06308393333335 776.9906422826721
v -665.8121802885606 -80.88781546666667 879.1100416928775
v -665.8121802885606 -80.88781546666667 879.1100416928775
v 329.5023481772587 -79.1351308 311.0008092692374
v 329.5023481772587 -79.1351308 311.0008092692374
v 327.39506191411886 -79.1351308 267.5435813652282
v 327.39506191411886 -79.1351308 267.5435813652282
v -664.0290919120578 -75.1915903 875.4698812094841
v -1288.2180896502919 -74.22761373333334 385.66594253463154
v -1288.2180896502919 -74.22761373333334 385.66594253463154
v -1288.2180896502919 -74.22761373333334 385.66594253463154
v -797.3284563009274 -70.89751286666667 173.28177365267663
v 334.28426700515286 -64.50021383333333 309.9678020886308
v 334.28426700515286 -64.50021383333333 309.9678020886308
v 334.28426700515286 -64.50021383333333 309.9678020886308
v 332.17698074201303 -64.50021383333333 266.5105963982437
v 332.17698074201303 -64.50021383333333 266.5105963982437
v 332.17698074201303 -64.50021383333333 266.5105963982437
v -645.6848948265201 -64.06204266666667 712.522539885927
v -663.4347291198901 -63.53623726666667 872.5921482176443
v -663.4347291198901 -63.53623726666667 872.5921482176443
v -640.7408770553075 -61.34538143333334 708.0855572269409
v -640.7408770553075 -61.34538143333334 708.0855572269409
v -1197.5777638447269 -55.12335086666667 472.0116825219569
v 337.90447673926485 -46.62283023333334 309.1875903711597
v 337.90447673926485 -46.62283023333334 309.1875903711597
v 335.797190476125 -46.62283023333334 265.73038468077266
v 335.797190476125 -46.62283023333334 265.73038468077266
v -666.0283122129853 -39.787360033333336 896.4394987860171
v -666.0283122129853 -39.787360033333336 896.4394987860171
v -664.110141383717 -36.63252763333333 892.5872346411428
v -663.4617456104431 -35.318014133333335 885.6279360566557
v -663.4617456104431 -35.318014133333335 885.6279360566557
v -1368.727231498454 -34.00350063333334 369.3540106159839
v -1368.727231498454 -34.00350063333334 369.3540106159839
v 340.14684545517 -26.554590800000003 308.7026270144452
v 340.14684545517 -26.554590800000003 308.7026270144452
v 338.0665756825833 -26.554590800000003 265.24542132405816
v 338.0665756825833 -26.554590800000003 265.24542132405816
v -729.6251309749227 -22.085244900000003 887.1126625755668
v -785.2791015142562 -7.099791000000001 870.2016808023217
v 340.9303236812092 -5.3471063333333335 308.53868515148577
v 340.9303236812092 -5.3471063333333335 308.53868515148577
v 338.8230374180694 -5.3471063333333335 265.0814572474765
v 338.8230374180694 -5.3471063333333335 265.0814572474765
v -194.806683986259 -3.9449586 154.97606962632543
v -194.806683986259 -3.9449586 154.97606962632543
v -194.806683986259 -3.9449586 154.97606962632543
v -640.6598275836483 -2.8933478000000004 664.3635038505682
v -640.8219265269666 -2.8933478000000004 714.563323126523
v -640.8219265269666 -2.8933478000000004 714.563323126523
v -671.1344289275163 -2.7180793333333337 763.5191822260192
v -671.1344289275163 -2.7180793333333337 763.5191822260192
v -661.975838630024 -2.5428108666666667 776.9677124933128
v -661.975838630024 -2.5428108666666667 776.9677124933128
v -640.7949100364136 -2.4551766333333336 573.347462645049
v -669.2973075699073 -2.4551766333333336 717.6703575661356
v -669.2973075699073 -2.4551766333333336 717.6703575661356
v -308.248927818619 -2.1922739333333334 584.8967850828052
v -308.248927818619 -2.1922739333333334 584.8967850828052
v -308.248927818619 -2.1922739333333334 584.8967850828052
v -325.7826301875644 -2.1922739333333334 593.4187871084149
v -325.83666316867055 -2.1922739333333334 555.5811817800942
v -662.4621354599793 -2.1922739333333334 770.0313436981851
v -1212.9771634599792 -1.9293712333333335 517.0923467986745
v -1212.9771634599792 -1.9293712333333335 517.0923467986745
v -1353.8951781848161 -1.841737 303.7422674261809
v -1353.8951781848161 -1.841737 303.7422674261809
v -7.258206566815527 -1.7541027666666666 586.7317831046132
v -161.46833464376505 -1.7541027666666666 592.4786506394194
v -645.7929607887323 -1.7541027666666666 717.9168568002003
v -1002.9509659003778 -1.4912000666666665 701.0803981751903
v -1002.9509659003778 -1.4912000666666665 701.0803981751903
v -185.62107719821367 -1.4035658333333336 236.60910081362505
v -185.62107719821367 -1.4035658333333336 236.60910081362505
v -185.62107719821367 -1.4035658333333336 236.60910081362505
v -1367.538505914119 -1.0530289000000002 378.1683492407549
v -1290.5955408189625 -0.0014181 444.71221600176057
v -1290.5955408189625 -0.0014181 444.71221600176057
v -663.5698115726555 1.0501927 889.996128459019
v -663.5698115726555 1.0501927 889.996128459019
v -664.0561084026108 1.751266566666667 896.5942770855548
v -666.0283122129853 1.751266566666667 900.2115077795888
v -695.287171481965 1.9265350333333333 885.811377037165
v -695.287171481965 1.9265350333333333 885.811377037165
v -695.287171481965 1.9265350333333333 885.811377037165
v -695.287171481965 1.9265350333333333 885.811377037165
v -735.2445610099622 2.014169266666667 896.3879063156862
v -735.2445610099622 2.014169266666667 896.3879063156862
v -786.5758930608039 2.014169266666667 877.596652492995
v -786.5758930608039 2.014169266666667 877.596652492995
v -440.1974676798351 2.6276089000000002 130.97910942402382
v -785.2791015142562 10.689958366666668 870.2016808023217
v 340.14684545517 15.948012366666669 308.7054934602513
v 340.14684545517 15.948012366666669 308.7054934602513
v 338.0665756825833 15.948012366666669 265.2482868813194
v 338.0665756825833 15.948012366666669 265.2482868813194
v -729.6251309749227 25.7630465 887.1126625755668
v -1368.727231498454 29.794221233333335 369.3540106159839
v -1368.727231498454 29.794221233333335 369.3540106159839
v -1261.3636980405358 33.562493266666664 116.4888597935045
v -1261.3636980405358 33.562493266666664 116.4888597935045
v 337.90447673926485 36.016251800000006 309.19275903676856
v 337.90447673926485 36.016251800000006 309.19275903676856
v 337.90447673926485 36.016251800000006 309.19275903676856
v 335.8242069666781 36.016251800000006 265.73611668384
v 335.8242069666781 36.016251800000006 265.73611668384
v 335.8242069666781 36.016251800000006 265.73611668384
v -663.4617456104431 45.480749 885.6279360566557
v -663.4617456104431 45.480749 885.6279360566557
v -664.110141383717 46.7952625 892.5872346411428
v -666.0283122129853 49.9500949 896.4394987860171
v -666.0283122129853 49.9500949 896.4394987860171
v -1197.5777638447269 50.91407146666666 472.0116825219569
v 334.31128349570594 53.8936354 309.97581409787875
v 334.31128349570594 53.8936354 309.97581409787875
v 332.20399723256617 53.8936354 266.5186084074917
v 332.20399723256617 53.8936354 266.5186084074917
v -640.7408770553075 57.13610203333334 708.0855572269409
v -640.7408770553075 57.13610203333334 708.0855572269409
v -645.6848948265201 59.85276326666667 712.522539885927
v -663.4347291198901 60.90437406666667 872.5921482176443
v -663.4347291198901 60.90437406666667 872.5921482176443
v 329.5293646678117 68.52855236666667 311.0105370586625
v 329.5293646678117 68.52855236666667 311.0105370586625
v 327.449094895225 68.52855236666667 267.5533313682755
v 327.449094895225 68.52855236666667 267.5533313682755
v -1288.2180896502919 70.01833433333334 385.66594253463154
v -1288.2180896502919 70.01833433333334 385.66594253463154
v -1288.2180896502919 70.01833433333334 385.66594253463154
v -664.0290919120578 72.5597271 875.4698812094841
v -717.7919081126761 76.85380453333333 776.9906422826721
v -717.7919081126761 76.85380453333333 776.9906422826721
v -717.7919081126761 76.85380453333333 776.9906422826721
v -662.0298716111301 77.99304956666667 776.6122945384288
v -662.0298716111301 77.99304956666667 776.6122945384288
v -665.8121802885606 78.25595226666667 879.1100416928775
v -665.8121802885606 78.25595226666667 879.1100416928775
v 323.828885161113 79.13229460000001 312.24131656026424
v 323.828885161113 79.13229460000001 312.24131656026424
v 321.7486153885263 79.21992883333334 268.7846750958806
v 321.7486153885263 79.21992883333334 268.7846750958806
v 61.12053102301615 83.3387378 293.17835459651326
v 317.5340428622467 85.26669093333334 313.60164324078636
v 317.5340428622467 85.26669093333334 313.60164324078636
v 317.5340428622467 85.26669093333334 313.60164324078636
v 315.4537730896599 85.26669093333334 270.1450239900249
v 315.4537730896599 85.26669093333334 270.1450239900249
v 315.4537730896599 85.26669093333334 270.1450239900249
v 315.4537730896599 85.26669093333334 270.1450239900249
v -662.4081024788732 85.61722786666667 770.2835749353172
v -677.9155680563381 87.0193756 711.0894058373468
v -677.9155680563381 87.0193756 711.0894058373468
v -677.9155680563381 87.0193756 711.0894058373468
v -678.7260627729303 88.68442603333334 758.1191333086783
v -678.7260627729303 88.68442603333334 758.1191333086783
v -678.7260627729303 88.68442603333334 758.1191333086783
v 315.9130534290622 92.10216113333334 267.41288352067875
v -664.0831248931638 92.10216113333334 765.4223840648245
v -664.0831248931638 92.10216113333334 765.4223840648245
v -661.4895418000687 92.36506383333332 781.553741448769
v -661.4895418000687 92.36506383333332 781.553741448769
v -661.4895418000687 92.36506383333332 781.553741448769
v 316.37233376846444 98.5870944 264.2766221740911
v -640.6598275836483 102.96880606666667 695.8695222414262
v -640.6598275836483 102.96880606666667 695.8695222414262
v 316.77758112676054 104.6338565 260.76142664363476
v -662.4621354599793 105.6854673 777.0766303255868
v 279.1706262768808 106.03600423333334 278.00719791366225
v 279.1706262768808 106.03600423333334 278.00719791366225
v 279.1706262768808 106.03600423333334 278.00719791366225
v 279.1706262768808 110.06717896666667 273.4205816300355
v 317.1558119945036 110.24244743333334 256.8959818239036
v -326.4850589419443 111.9951321 563.2100362559788
v -326.4850589419443 111.9951321 563.2100362559788
v -326.8632898096874 112.08276633333334 589.4088773296519
v -326.8632898096874 112.08276633333334 589.4088773296519
v -664.48837225146 112.34566903333334 774.4224658899075
v -664.48837225146 112.34566903333334 774.4224658899075
v -645.657878335967 113.04674290000001 700.0084140845614
v 279.1706262768808 113.74781676666667 268.71875128506383
v 317.50702637169354 115.23759873333334 252.71179462805307
v -716.33301762281 116.81501493333334 744.355313550697
v -716.33301762281 116.81501493333334 744.355313550697
v 279.1706262768808 117.07791763333333 263.91201933070823
v 317.8042077677774 119.6193104 248.24328284228932
v 279.1706262768808 120.1451158 259.00957243255755
v 279.1706262768808 122.86177703333334 254.02226594349878
v 318.0743726733081 123.47521666666667 243.52540537665465
v 279.1706262768808 125.22790133333334 248.95928564057596
v 318.2634881071797 126.63004906666667 238.59772646934186
v 279.1706262768808 127.2434887 243.83209641846872
v 279.1706262768808 128.8209049 238.65103471984997
v 318.4526035410512 129.0838076 233.49919992820622
v 279.1706262768808 130.13541840000002 233.4263916716034
v 318.56066950326345 130.9241265 228.27171353632056
v 279.1706262768808 131.01176073333335 228.1690919331172
v 279.1706262768808 131.6252003666667 222.89057729690398
v 279.1706262768808 131.80046883333333 170.04805847994962
v 279.1706262768808 131.80046883333333 217.6005977660111
v 318.64171897492275 131.9757373 222.95821688789792
v 318.6687354654758 132.32627423333332 170.04805847994962
v 318.6687354654758 132.32627423333332 217.6005977660111
v -640.6868440742013 136.79562013333333 664.4265612155789
v -976.8530360261078 138.81120750000002 561.749390192056
v -976.8530360261078 138.81120750000002 561.749390192056
v -226.01073057506008 143.45582186666667 154.67224591886236
v -226.01073057506008 143.45582186666667 154.67224591886236
v -645.7389278076262 148.53860740000002 667.023400289315
v -640.7949100364136 155.54934606666666 573.0109582566342
v -1171.50685046101 165.45201443333335 417.3020945440355
v -647.0627358447268 172.55038733333333 615.9310207918055
v -647.0627358447268 172.55038733333333 615.9310207918055
v -647.0627358447268 172.55038733333333 615.9310207918055
v -1240.8041487296462 172.90092426666666 394.30602595593723
v -1240.8041487296462 172.90092426666666 394.30602595593723
v -759.9646498660254 173.77726660000002 669.7750176625888
v -973.8001725936103 176.49392783333334 544.756438375876
v -1171.15563608382 192.1804556 416.81081185608326
v -761.2344249220199 194.10840873333333 640.8979308097032
v -329.59195535554795 199.19119426666666 562.9979325944979
v -329.9431697327379 199.2788285 588.4268983933728
v -329.9431697327379 199.2788285 588.4268983933728
v -1318.5846250319478 202.78419783333337 134.66856015794545
v -1318.5846250319478 202.78419783333337 134.66856015794545
v -765.8272283160426 205.15032213333333 634.1381425400107
v -1233.2125148842322 209.44439956666668 107.34275627874729
v 92.13546217794573 212.86213466666666 318.5155781357838
v 92.13546217794573 212.86213466666666 318.5155781357838
v -1122.3638541449675 218.4707256 103.7829646804019
v -1122.3638541449675 218.4707256 103.7829646804019
v -1232.3750036770869 218.4707256 103.7829646804019
v -1121.472309956716 220.0481418 106.82276559403411
v -1122.3908706355205 221.36265530000003 159.5431859038575
v -1089.3767191796633 225.2185615666667 156.5456335225223
v -1089.3767191796633 225.2185615666667 156.5456335225223
v -336.4271274654758 233.01800833333334 561.7448088546175
v -336.69729237100654 233.1932768 587.0212763601354
v -336.69729237100654 233.1932768 587.0212763601354
v -5.66423362418413 239.06477043333334 572.5775642680837
v -758.5597923572656 248.52926763333335 630.5381096322684
v -758.5597923572656 248.52926763333335 630.5381096322684
v -223.30908151975265 249.4932442 233.47857147010478
v -223.30908151975265 249.4932442 233.47857147010478
v -223.30908151975265 249.4932442 233.47857147010478
v -4.934788379251116 258.0813990666667 562.6912415526838
v -4.934788379251116 258.0813990666667 562.6912415526838
v -346.66637738509104 260.97332876666667 554.9763990338844
v -346.7204103661972 261.060963 586.0329780926185
v -346.7204103661972 261.060963 586.0329780926185
v -648.3595273912745 265.09213773333335 582.0631967780516
v -648.3595273912745 265.09213773333335 582.0631967780516
v -639.9303823387152 267.3706278 569.4011753458448
v -639.9303823387152 267.3706278 569.4011753458448
v -639.9303823387152 267.3706278 569.4011753458448
v -1003.356213258674 269.82438633333334 103.76560873312008
v -1003.356213258674 269.82438633333334 103.76560873312008
v -433.36229556990725 270.78836290000004 103.63599491333306
v -433.36229556990725 270.78836290000004 103.63599491333306
v -1003.383229749227 272.8039502666667 144.8919745899304
v -430.2283826657506 273.68029260000003 143.00538320924653
v -657.626183650979 280.2528601 640.7460189559715
v -963.6419721456544 284.6345717666667 475.65242944497595
v -362.57909032085195 284.72220599999997 554.7539811433528
v -362.55207383029887 284.8098402333334 584.8910521911929
v -362.55207383029887 284.8098402333334 584.8910521911929
v -76.9067192126417 286.12435373333335 103.83038187830786
v -76.9067192126417 286.12435373333335 103.83038187830786
v -76.9067192126417 286.12435373333335 103.83038187830786
v -543.5625605358983 287.5265014666667 537.2783441995491
v -549.236023552044 287.5265014666667 565.8068753297149
v -533.4043600879423 287.6141357 582.7648682358525
v -533.4043600879423 287.6141357 582.7648682358525
v -423.44724353692885 291.9958473666667 537.945597871144
v -425.1222659512195 292.1711158333334 578.404123616734
v -657.653200141532 292.609287 648.3238674011509
v -657.653200141532 292.609287 648.3238674011509
v -144.50197857643423 294.9754113 568.2799001161428
v -424.7170185929234 301.0221734 585.0074409088786
v -424.7170185929234 301.0221734 585.0074409088786
v -532.9720962390932 301.9861499666667 586.9507703233353
v -532.9720962390932 301.9861499666667 586.9507703233353
v -758.1275285084164 304.4399085 623.0628827902926
v -758.1275285084164 304.4399085 623.0628827902926
v -963.3988237306768 308.1205463 466.7790274644624
v -417.6657145585709 308.4710832333334 554.9351199040593
v -417.6657145585709 308.4710832333334 554.9351199040593
v -417.74676403023017 308.5587174666667 584.6009947096674
v -417.74676403023017 308.5587174666667 584.6009947096674
v -1106.5321906808658 312.7651606666667 347.4006769979174
v -1106.5321906808658 312.7651606666667 347.4006769979174
v -1106.5321906808658 312.7651606666667 347.4006769979174
v -163.8187693218825 321.4409497666667 263.25909699959925
v -163.8187693218825 321.4409497666667 263.25909699959925
v -145.5826381985572 322.93073173333335 563.5144250779902
v -145.5826381985572 322.93073173333335 563.5144250779902
v -306.9791527626245 336.0758667333333 585.1197894129623
v -1198.7124564479561 354.0408845666667 206.7299707923623
v -1198.7124564479561 354.0408845666667 206.7299707923623
v -1198.7124564479561 354.0408845666667 206.7299707923623
v -1097.7518312511165 375.4236375 393.85200439783006
v -657.7882825942975 375.51127173333333 645.9505977721201
v -657.7882825942975 375.51127173333333 645.9505977721201
v -658.1124804809343 383.39835273333335 636.0419086048194
v -426.82430485606324 383.66125543333334 581.8866393547836
v -301.19762378426657 389.70801753333336 561.5023045183657
v -301.19762378426657 389.70801753333336 561.5023045183657
v -298.5770242006183 392.9504841666667 509.60452572146744
v -535.4035803888697 396.2805850333334 582.5149161163561
v -535.4035803888697 396.2805850333334 582.5149161163561
v -534.1878383139814 419.5036568666667 576.8414432777782
v -434.0377078337341 430.37030180000005 566.7825571483783
v -748.2665094565441 457.36164566666673 521.244440641744
v -427.1485027427001 459.64013573333335 181.07113931971114
v -427.1485027427001 459.64013573333335 181.07113931971114
v -427.1485027427001 459.64013573333335 181.07113931971114
v -434.5780376447956 459.64013573333335 132.18007557902496
v -434.5780376447956 459.64013573333335 132.18007557902496
v -434.5780376447956 459.64013573333335 132.18007557902496
v -437.9550989639299 463.05787083333337 534.9715626073386
v -424.9601670079011 464.7229212666667 242.55317644342296
v -430.87677843902435 464.7229212666667 205.3025696353945
v -430.87677843902435 464.7229212666667 205.3025696353945
v -430.87677843902435 464.7229212666667 205.3025696353945
v -430.87677843902435 464.7229212666667 205.3025696353945
v -745.1325965523874 472.96053919999997 510.6994404900006
v -745.1325965523874 472.96053919999997 510.6994404900006
v -414.7209170882858 475.76483466666673 492.6568470443805
v -414.7209170882858 475.76483466666673 492.6568470443805
v -414.7209170882858 475.76483466666673 492.6568470443805
v -639.9033658481621 479.44547246666673 533.1973428329054
v -455.56985080453455 481.6363283 492.2894008573586
v -455.56985080453455 481.6363283 492.2894008573586
v -457.83923601099275 482.68793910000005 239.94543670101052
v -523.5973740171762 485.75513726666674 212.4349958598849
v -523.5973740171762 485.75513726666674 212.4349958598849
v -523.5973740171762 485.75513726666674 212.4349958598849
v -522.1114670367572 491.97716783333334 516.035280488157
v -522.1114670367572 491.97716783333334 516.035280488157
v -522.1114670367572 491.97716783333334 516.035280488157
v -522.1114670367572 491.97716783333334 531.8628132760936
v -639.4170690182068 501.7922019666667 520.9887565191801
v -639.4170690182068 501.7922019666667 520.9887565191801
v -524.8131160920645 528.2577404333334 523.2513925357595
v -442.06160552799724 534.1292340666666 510.3101920770812
v -1230.7540142439025 543.5937312666667 369.1906338675727
v -1230.7540142439025 543.5937312666667 369.1906338675727
v -1230.7540142439025 543.5937312666667 369.1906338675727
v -1230.7540142439025 543.5937312666667 369.1906338675727
v -430.66064651459976 552.7953257666667 492.179895696914
v -430.66064651459976 552.7953257666667 492.179895696914
v -1098.373210533837 591.3543884333333 380.5897815568519
v -1098.373210533837 591.3543884333333 380.5897815568519
v -1089.7279335568533 608.3554297000001 150.96273006429777
v -447.059656280316 680.9165749 218.88468551812093
v -447.059656280316 680.9165749 218.88468551812093
v -447.059656280316 680.9165749 218.88468551812093
v -447.059656280316 681.7929172333334 491.7654374884547
v -447.059656280316 681.7929172333334 491.7654374884547
v -447.383854166953 688.3654847333333 181.60713092075318
v -451.2742288065956 688.3654847333333 133.32256570645396
v -451.2742288065956 688.3654847333333 133.32256570645396
v -460.2166871796633 693.4482702666667 510.0952219697942
v -448.8967776379251 701.4229855000001 248.17735903147258
v -448.8967776379251 701.4229855000001 248.17735903147258
v -1000.4924652600481 771.3551037 145.52654846911858
v -1000.9517455994503 779.0669162333334 228.07107476951933
v -457.6771370676744 786.0776549000001 361.6615114469183
v -457.6771370676744 786.0776549000001 361.6615114469183
v -1001.573124882171 787.1292657 395.33901092292166
v -1001.573124882171 787.1292657 395.33901092292166
v -921.5502798639642 815.2598545999999 445.82660767422135
v -480.58712105668155 832.5237985666666 509.56496237181955
v -928.7636828416352 859.5151424333334 145.82120950170474
v -469.40229396770866 864.1597568000001 490.47505261872925
v -469.40229396770866 864.1597568000001 490.47505261872925
v -469.40229396770866 864.1597568000001 490.47505261872925
v -467.1869417423566 869.8559819666667 183.3211597759819
v -473.07653668292687 869.8559819666667 133.32256570645396
v -473.07653668292687 869.8559819666667 133.32256570645396
v -466.4845129879767 870.7323243000001 475.1462511905345
v -466.4845129879767 870.7323243000001 475.1462511905345
v -466.4845129879767 870.7323243000001 475.1462511905345
v -466.4845129879767 870.7323243000001 475.1462511905345
v -917.7679711865337 903.5075275666667 429.0457595195222
v -917.7679711865337 903.5075275666667 429.0457595195222
v -630.9609074750945 909.6419239 274.188177787198
v -630.9609074750945 909.6419239 274.188177787198
v -630.9609074750945 909.6419239 274.188177787198
v -632.9060947949158 911.3069743333334 496.10839788165583
v -632.9060947949158 911.3069743333334 496.10839788165583
v -632.9060947949158 911.3069743333334 496.10839788165583
v -499.57971391549296 931.3752137666667 509.5529332511365
v -494.52763018206804 961.3461215666666 488.9782738769681
v -492.01509656063206 966.7794440333333 482.2196140592823
v -492.01509656063206 966.7794440333333 482.2196140592823
v -490.9614534290622 968.0939575333334 158.88908980495248
v -490.9614534290622 968.0939575333334 158.88908980495248
v -496.9861308223978 968.0939575333334 134.46505583388296
v -496.9861308223978 968.0939575333334 134.46505583388296
v -845.9041063153555 991.7552005333334 442.30396436052047
v -845.9041063153555 991.7552005333334 442.30396436052047
v -540.185499216764 993.2449825 513.2704833285712
v -738.2163749708004 1021.4632056333334 143.39806229397544
v -739.8373644039849 1025.1438434333334 500.885338703033
v -739.8373644039849 1025.1438434333334 500.885338703033
v -538.9697571418756 1031.1029713 134.1234049934816
v -538.9697571418756 1031.1029713 134.1234049934816
v -538.9697571418756 1031.1029713 145.7696170313738
v -538.9697571418756 1031.1029713 145.7696170313738
v -538.6185427646857 1031.4535082333334 500.0351851747653
v -538.6185427646857 1031.4535082333334 500.0351851747653
v -735.7578743304706 1038.1137099666666 486.5591437806739
v -1079.0294032978356 1065.1050538333334 134.1388647859742
v -1079.0294032978356 1065.1050538333334 134.1388647859742
v -1079.0294032978356 1065.1050538333334 134.1388647859742
v -1079.0294032978356 1065.1050538333334 149.72563123145827
v -1079.0294032978356 1065.1050538333334 149.72563123145827
v -1079.0294032978356 1065.1050538333334 149.72563123145827
v -363.7407994146342 129.52197876666668 516.945602722007
v -363.7407994146342 129.52197876666668 516.945602722007
v -363.7407994146342 129.52197876666668 516.945602722007
v -367.11786073376845 129.52197876666668 516.6211505564426
v -367.11786073376845 129.52197876666668 516.6211505564426
v -367.11786073376845 129.52197876666668 516.6211505564426
v -363.68676643352796 134.25422736666667 489.94765946656076
v -363.68676643352796 134.25422736666667 489.94765946656076
v -363.68676643352796 134.25422736666667 489.94765946656076
v -367.06382775266235 134.25422736666667 489.9046654451033
v -367.06382775266235 134.25422736666667 489.9046654451033
v -367.06382775266235 134.25422736666667 489.9046654451033
v -364.5242776406733 137.67196246666668 564.7171292267906
v -364.5242776406733 137.67196246666668 564.7171292267906
v -364.5242776406733 137.67196246666668 564.7171292267906
v -370.0896746946067 142.05367413333335 566.6541393100094
v -370.0896746946067 142.05367413333335 566.6541393100094
v -370.0896746946067 142.05367413333335 566.6541393100094
v -364.38919518790794 147.57463083333334 447.6696185938223
v -364.38919518790794 147.57463083333334 447.6696185938223
v -364.38919518790794 147.57463083333334 447.6696185938223
v -359.85042477499144 147.66226506666666 569.1609732293957
v -359.85042477499144 147.66226506666666 569.1609732293957
v -359.85042477499144 147.66226506666666 569.1609732293957
v -364.5242776406733 149.5025839666667 553.8063746774906
v -364.5242776406733 149.5025839666667 553.8063746774906
v -370.00862522294744 152.65741636666667 446.51796490297147
v -370.00862522294744 152.65741636666667 446.51796490297147
v -370.00862522294744 152.65741636666667 446.51796490297147
v -370.0896746946067 154.67300373333336 554.916207226135
v -370.0896746946067 154.67300373333336 554.916207226135
v -372.41309288217104 157.3896649666667 573.5137058392663
v -372.41309288217104 157.3896649666667 573.5137058392663
v -372.41309288217104 157.3896649666667 573.5137058392663
v -359.85042477499144 160.45686313333334 444.8457802921161
v -359.85042477499144 160.45686313333334 444.8457802921161
v -364.5242776406733 160.54449736666666 465.25417336990006
v -364.5242776406733 160.54449736666666 465.25417336990006
v -359.85042477499144 161.42083970000002 556.3522077205213
v -359.85042477499144 161.42083970000002 556.3522077205213
v -364.5242776406733 161.50847393333333 537.9008889580542
v -364.5242776406733 161.50847393333333 537.9008889580542
v -364.57831062177945 161.9466451 520.3295148568333
v -359.6342928505668 164.40040363333335 576.6396529568033
v -359.6342928505668 164.40040363333335 576.6396529568033
v -359.6342928505668 164.40040363333335 576.6396529568033
v -370.0896746946067 165.97781983333334 464.4774145378607
v -370.0896746946067 165.97781983333334 464.4774145378607
v -364.60532711233253 166.0654540666667 490.4091288079125
v -369.4142624307798 166.59125946666668 518.4544105844512
v -369.4142624307798 166.59125946666668 518.4544105844512
v -370.0896746946067 166.94179640000002 538.6203224281504
v -370.0896746946067 166.94179640000002 538.6203224281504
v -372.41309288217104 167.81813873333334 443.3553208815928
v -372.41309288217104 167.81813873333334 443.3553208815928
v -364.5242776406733 168.43157836666666 521.8526540597633
v -364.5242776406733 168.43157836666666 521.8526540597633
v -364.5242776406733 168.43157836666666 521.8526540597633
v -364.5242776406733 168.60684683333335 479.64455410927656
v -364.5242776406733 168.60684683333335 479.64455410927656
v -369.4142624307798 170.27189726666668 491.88295465814724
v -369.4142624307798 170.27189726666668 491.88295465814724
v -369.7114438268636 172.28748463333335 580.1301807041008
v -369.7114438268636 172.28748463333335 580.1301807041008
v -369.7114438268636 172.28748463333335 580.1301807041008
v -359.85042477499144 172.90092426666666 463.4730691496808
v -359.85042477499144 172.90092426666666 463.4730691496808
v -364.5242776406733 172.90092426666666 488.57986278917184
v -364.5242776406733 172.90092426666666 488.57986278917184
v -364.5242776406733 172.90092426666666 488.57986278917184
v -372.41309288217104 173.16382696666668 558.8452745254251
v -372.41309288217104 173.16382696666668 558.8452745254251
v -360.44478756715904 173.33909543333334 518.8425083317417
v -360.44478756715904 173.33909543333334 518.8425083317417
v -359.85042477499144 173.95253506666668 539.5507080055536
v -370.0896746946067 174.12780353333335 479.2518750245477
v -370.0896746946067 174.12780353333335 479.2518750245477
v -370.0896746946067 174.47834046666668 520.6534027963944
v -370.0896746946067 174.47834046666668 520.6534027963944
v -370.0896746946067 174.47834046666668 520.6534027963944
v -364.03798081071795 175.3546828 581.5214722853973
v -364.03798081071795 175.3546828 581.5214722853973
v -364.03798081071795 175.3546828 581.5214722853973
v -360.44478756715904 177.1073674666667 491.90130311006817
v -360.44478756715904 177.1073674666667 491.90130311006817
v -370.0896746946067 178.5095152 490.05256018739976
v -370.0896746946067 178.5095152 490.05256018739976
v -370.0896746946067 178.5095152 490.05256018739976
v -359.6342928505668 179.99929716666665 440.7796967055837
v -359.6342928505668 179.99929716666665 440.7796967055837
v -359.6342928505668 179.99929716666665 440.7796967055837
v -359.85042477499144 181.31381066666668 478.7439818784739
v -359.85042477499144 181.31381066666668 478.7439818784739
v -359.6342928505668 181.57671336666667 560.6355636341434
v -359.6342928505668 181.57671336666667 560.6355636341434
v -372.41309288217104 185.0820827 461.728663610393
v -372.41309288217104 185.0820827 461.728663610393
v -359.85042477499144 185.69552233333334 490.0468281843324
v -359.85042477499144 185.69552233333334 490.0468281843324
v -359.85042477499144 185.69552233333334 490.0468281843324
v -372.41309288217104 186.1336935 541.1667196971846
v -372.41309288217104 186.1336935 541.1667196971846
v -359.85042477499144 186.3089619666667 520.8184953249828
v -359.85042477499144 186.3089619666667 520.8184953249828
v -369.7114438268636 189.28852590000002 438.9051575477499
v -369.7114438268636 189.28852590000002 438.9051575477499
v -369.7114438268636 189.28852590000002 438.9051575477499
v -369.7114438268636 190.95357633333333 562.6350677449144
v -369.7114438268636 190.95357633333333 562.6350677449144
v -364.03798081071795 192.26808983333333 438.4018226369475
v -364.03798081071795 192.26808983333333 438.4018226369475
v -364.03798081071795 192.26808983333333 438.4018226369475
v -372.41309288217104 193.58260333333337 520.845443114322
v -372.41309288217104 193.58260333333337 520.845443114322
v -372.41309288217104 193.67023756666669 477.861734997425
v -372.41309288217104 193.67023756666669 477.861734997425
v -359.6342928505668 193.7578718 460.4761040965161
v -359.6342928505668 193.7578718 460.4761040965161
v -364.03798081071795 194.63421413333336 563.431889920507
v -364.03798081071795 194.63421413333336 563.431889920507
v -359.6342928505668 194.89711683333334 542.3275582765344
v -359.6342928505668 194.89711683333334 542.3275582765344
v -372.41309288217104 196.29926456666666 503.7475896887581
v -372.41309288217104 196.29926456666666 503.7475896887581
v -359.6342928505668 202.4336609 521.2622026540392
v -359.6342928505668 202.4336609 521.2622026540392
v -359.6342928505668 202.6089293666667 477.2282904587885
v -359.6342928505668 202.6089293666667 477.2282904587885
v -369.7114438268636 203.4852717 459.07736562051986
v -369.7114438268636 203.4852717 459.07736562051986
v -369.7114438268636 204.62451673333334 543.6231109233239
v -369.7114438268636 204.62451673333334 543.6231109233239
v -359.6342928505668 205.23795636666668 504.027332941233
v -359.6342928505668 205.23795636666668 504.027332941233
v -364.03798081071795 207.34117796666666 458.51959400720256
v -364.03798081071795 207.34117796666666 458.51959400720256
v -364.03798081071795 208.480423 544.1396034068161
v -364.03798081071795 208.480423 544.1396034068161
v -369.7114438268636 212.24869503333335 521.7506188961854
v -369.7114438268636 212.24869503333335 521.7506188961854
v -369.7114438268636 212.51159773333333 476.5209083229975
v -369.7114438268636 212.51159773333333 476.5209083229975
v -369.7114438268636 215.2282589666667 504.3391917601111
v -369.7114438268636 215.2282589666667 504.3391917601111
v -364.03798081071795 216.19223553333336 522.0710548388597
v -364.03798081071795 216.19223553333336 522.0710548388597
v -364.03798081071795 216.45513823333334 476.23886373926484
v -364.03798081071795 216.45513823333334 476.23886373926484
v -364.03798081071795 219.25943370000002 504.46415671304817
v -364.03798081071795 219.25943370000002 504.46415671304817
v -368.27956982755063 41.27430580000001 592.2539305290851
v -368.38763578976295 41.27430580000001 585.4987013832088
v -368.27956982755063 53.10492730000001 592.2539305290851
v -368.38763578976295 53.10492730000001 585.4987013832088
v -367.0097947715562 -61.52064990000001 567.1253586544085
v -367.0097947715562 -61.52064990000001 573.1640207759948
v -367.0097947715562 -51.00454190000001 567.1253586544085
v -367.0097947715562 -51.00454190000001 573.1640207759948
v -367.0097947715562 -61.52064990000001 549.3212524336053
v -367.0097947715562 -61.52064990000001 555.359328115566
v -367.0097947715562 -51.00454190000001 549.3212524336053
v -367.0097947715562 -51.00454190000001 555.359328115566
v -1078.9753703167296 518.8808774666667 362.30757243440826
v -1078.9753703167296 518.8808774666667 362.30757243440826
v -1190.4994433198215 558.6668194 374.7368626355777
v -1190.4994433198215 558.6668194 374.7368626355777
v -1213.6255592332532 583.5549416666667 456.79640247709693
v -1213.6255592332532 583.5549416666667 456.79640247709693
v -1116.0690118461011 586.3592371333334 373.96412091497336
v -1116.3391767516318 586.3592371333334 374.9931109841449
v -1116.3391767516318 586.3592371333334 374.9931109841449
v -1116.3391767516318 586.3592371333334 374.9931109841449
v -1080.947574127104 633.0682835 374.5900954567431
v -1080.947574127104 633.0682835 374.5900954567431
v -1080.947574127104 633.0682835 374.5900954567431
v -1080.947574127104 633.0682835 374.5900954567431
v -1229.6463381312262 652.6983517666666 545.0688614207575
v -1229.6463381312262 652.6983517666666 545.0688614207575
v -1243.3977318227414 688.4531189666667 576.6253216163175
v -1243.3977318227414 688.4531189666667 576.6253216163175
v -1133.6297307055995 734.1981887666667 577.9483871669945
v -1133.6297307055995 734.1981887666667 577.9483871669945
v -1112.070571244246 735.1621653333333 556.6709278830184
v -1112.070571244246 735.1621653333333 556.6709278830184
v -1097.211501440055 741.5594643666667 537.7661740020698
v -1097.211501440055 741.5594643666667 537.7661740020698
v -1047.9874556523532 746.0288102666667 391.5888032667024
v -1047.9874556523532 746.0288102666667 391.5888032667024
v -1047.9874556523532 746.0288102666667 391.5888032667024
v -1047.9874556523532 746.0288102666667 394.33696775454456
v -1081.2987885042942 751.3744985 499.65857542432155
v -1081.2987885042942 751.3744985 499.65857542432155
v -998.7904263552044 756.9830894333335 330.73906001599823
v -11.121564715905187 -475.5047681666667 313.111511218463
v -11.121564715905187 -475.5047681666667 313.111511218463
v -11.121564715905187 -475.5047681666667 313.111511218463
v 128.39159250017178 -378.7565745666667 326.9057316512152
v 128.39159250017178 -378.7565745666667 326.9057316512152
v 128.39159250017178 -378.7565745666667 326.9057316512152
v -10.878416300927515 -240.11921743333332 151.5738099281232
v -10.878416300927515 -240.11921743333332 151.5738099281232
v -10.878416300927515 -240.11921743333332 151.5738099281232
v -6.474728340776365 -233.28374723333334 151.5738099281232
v -10.878416300927515 -227.76279053333332 151.5738099281232
v -10.878416300927515 -227.76279053333332 151.5738099281232
v -10.878416300927515 -227.76279053333332 151.5738099281232
v 129.12103774510476 -199.98273856666665 164.7592074010635
v 129.12103774510476 -199.98273856666665 164.7592074010635
v 129.12103774510476 -199.98273856666665 164.7592074010635
v 129.12103774510476 -197.7042485 164.7592074010635
v 129.12103774510476 -197.7042485 164.7592074010635
v 129.12103774510476 -178.33708293333333 164.7592074010635
v 129.12103774510476 -178.33708293333333 164.7592074010635
v 129.12103774510476 -178.33708293333333 164.7592074010635
v -1209.3569537258675 -844.4448905 260.2747252931209
v -1209.3569537258675 -844.4448905 260.2747252931209
v -1211.0319761401581 -844.4448905 254.6195786928418
v -1211.0319761401581 -844.4448905 254.6195786928418
v -1211.0319761401581 -844.4448905 265.92987189340005
v -1211.0319761401581 -844.4448905 265.92987189340005
v -1215.2195321758845 -844.4448905 253.74938403464301
v -1215.2195321758845 -844.4448905 266.8000896537659
v -1223.5135947756785 -844.4448905 262.47888528212815
v -1223.5135947756785 -844.4448905 262.47888528212815
v -1224.7023203600138 -844.4448905 258.0705653041137
v -1224.7023203600138 -844.4448905 258.0705653041137
v -1184.7989638131226 -118.74580426666668 389.35367837692087
v -1184.7989638131226 -118.74580426666668 389.35367837692087
v -1186.4469697368602 -118.74580426666668 383.69853177664174
v -1186.4469697368602 -118.74580426666668 383.69853177664174
v -1186.4469697368602 -118.74580426666668 395.0088258657449
v -1186.4469697368602 -118.74580426666668 395.0088258657449
v -1190.6345257725868 -118.74580426666668 382.82833711844296
v -1190.6345257725868 -118.74580426666668 395.8790196353988
v -1198.9556048629336 -118.74580426666668 391.5578383659281
v -1198.9556048629336 -118.74580426666668 391.5578383659281
v -1200.144330447269 -118.74580426666668 387.14951838791364
v -1200.144330447269 -118.74580426666668 387.14951838791364
v -80.93217630504981 -2.8933478000000004 657.6335058253092
v -80.93217630504981 -2.8933478000000004 657.6335058253092
v -103.9772427468224 -2.8933478000000004 552.4661122290665
v -103.9772427468224 -2.8933478000000004 552.4661122290665
v -103.9772427468224 -2.8933478000000004 657.6335058253092
v -103.9772427468224 -2.8933478000000004 657.6335058253092
v -103.9772427468224 -2.8933478000000004 657.6335058253092
v -103.9772427468224 -2.8933478000000004 657.6335058253092
v -80.93217630504981 0.6120215333333334 660.47684413311
v -80.93217630504981 0.6120215333333334 660.47684413311
v -105.38210025558227 0.6120215333333334 552.4661122290665
v -105.38210025558227 0.6120215333333334 552.4661122290665
v -105.38210025558227 0.6120215333333334 660.47684413311
v -105.38210025558227 0.6120215333333334 660.47684413311
v -105.38210025558227 0.6120215333333334 660.47684413311
v -105.38210025558227 0.6120215333333334 660.47684413311
v -367.0097947715562 48.28504446666667 549.3212524336053
v -367.0097947715562 48.28504446666667 555.359328115566
v -367.0097947715562 58.80115246666667 549.3212524336053
v -367.0097947715562 58.80115246666667 555.359328115566
v -363.82184888629337 59.85276326666667 491.02307422899923
v -363.82184888629337 59.85276326666667 528.8159697556853
v -360.55285352937136 77.8177811 491.02307422899923
v -360.55285352937136 77.8177811 528.8159697556853
v -360.55285352937136 137.40905976666667 491.02307422899923
v -360.55285352937136 137.40905976666667 528.8159697556853
v -543.2383626492614 -370.78185933333333 178.46111957111816
v -659.3552390463758 -356.76038200000005 569.5662678744332
v -543.2383626492614 350.9736864 178.46111957111816
v -659.3552390463758 352.55110260000004 569.5662678744332
v -940.6779551755411 785.8147521999999 533.715573310197
v -940.6779551755411 785.8147521999999 533.715573310197
v -925.8188853713501 786.4281918333334 531.2127342886236
v -925.8188853713501 786.4281918333334 531.2127342886236
v -918.578465903126 786.9539972333333 534.384541873424
v -918.578465903126 786.9539972333333 534.384541873424
v -918.578465903126 786.9539972333333 534.384541873424
v -918.578465903126 786.9539972333333 534.384541873424
v -951.4035019251115 786.9539972333333 543.6747042821996
v -951.4035019251115 786.9539972333333 543.6747042821996
v -951.4035019251115 786.9539972333333 543.6747042821996
v -951.4035019251115 786.9539972333333 543.6747042821996
v -940.0025429117142 787.0416314666667 528.8629817771227
v -925.0083906547578 787.5674368666668 527.1638484883831
v -883.9163085235315 790.1088296333334 440.0963736997037
v -883.9163085235315 790.1088296333334 440.0963736997037
v -940.5698892133287 791.8615143000001 532.7691183985086
v -915.3905200178632 793.7894674333335 438.1295271677173
v -915.3905200178632 793.7894674333335 438.1295271677173
v -925.7108194091377 795.9803232666667 530.2668658165608
v -918.578465903126 798.4340818 534.384541873424
v -918.578465903126 798.4340818 534.384541873424
v -918.578465903126 798.4340818 534.384541873424
v -883.9163085235315 802.9910619333333 439.98802009343297
v -883.9163085235315 802.9910619333333 439.98802009343297
v -918.578465903126 1045.1244486333335 534.384541873424
v -918.578465903126 1045.1244486333335 534.384541873424
v -925.0083906547578 1045.1244486333335 527.1638484883831
v -925.8188853713501 1045.1244486333335 531.2127342886236
v -940.0025429117142 1045.1244486333335 528.8629817771227
v -940.6779551755411 1045.1244486333335 533.715573310197
v -951.538584377877 1045.3873513333333 544.0364175776094
v -951.538584377877 1045.3873513333333 544.0364175776094
v -1232.5100861298522 -217.5972194666667 103.41994166982852
v -1369.8889405922362 -216.01980326666668 103.02232049843698
v -1369.8889405922362 -216.01980326666668 103.02232049843698
v -1368.700215007901 -215.23109516666668 326.99630103156846
v -1368.700215007901 -215.23109516666668 326.99630103156846
v -1368.700215007901 -215.23109516666668 326.99630103156846
v -1079.839898014428 -214.61765553333336 133.71580812864136
v -1122.2828046733082 -213.47841050000002 159.18375172608353
v -1232.2669377148745 -213.47841050000002 232.84054470548494
v -1232.2669377148745 -213.47841050000002 232.84054470548494
v -1232.429036658193 -209.35960153333335 102.84174507518892
v -1232.8613005070422 -206.3800376 231.36441663544744
v -1232.8613005070422 -206.3800376 231.36441663544744
v -1369.2945778000687 -199.01876199999998 316.93283356473006
v -1369.2945778000687 -199.01876199999998 316.93283356473006
v -1369.2945778000687 -199.01876199999998 316.93283356473006
v -1369.807891120577 -198.66822506666668 102.92344500047804
v -1369.807891120577 -198.66822506666668 102.92344500047804
v -1369.7538581394708 194.19604296666665 102.70301300776941
v -1369.7538581394708 194.19604296666665 102.70301300776941
v -1369.375627271728 194.98475106666666 315.17867713385004
v -1369.375627271728 194.98475106666666 315.17867713385004
v -1369.375627271728 194.98475106666666 315.17867713385004
v -1232.5100861298522 209.2691311 103.38216074122437
v -1079.9479639766403 211.89815810000002 134.07580742096357
v -1232.9423499787015 213.3879400666667 229.61026109311234
v -1232.9423499787015 213.3879400666667 229.61026109311234
v -1232.3750036770869 218.4707256 103.7829646804019
v -1368.8082809701134 219.69760486666667 327.3562994353458
v -1368.8082809701134 219.69760486666667 327.3562994353458
v -1368.8082809701134 219.69760486666667 327.3562994353458
v -1369.7268416489178 219.96050756666665 103.38525287743187
v -1369.7268416489178 219.96050756666665 103.38525287743187
v -1122.3908706355205 221.36265530000003 159.5431859038575
v -1232.3750036770869 221.36265530000003 233.19995666963672
v -1232.3750036770869 221.36265530000003 233.19995666963672
v -368.27956982755063 21.644237533333335 592.2539305290851
v -368.38763578976295 21.644237533333335 585.4987013832088
v -368.27956982755063 33.47485903333334 592.2539305290851
v -368.38763578976295 33.47485903333334 585.4987013832088
v -367.5231080920646 48.28504446666667 558.2089626524375
v -367.5231080920646 48.28504446666667 564.2476256625687
v -367.5231080920646 58.80115246666667 558.2089626524375
v -367.5231080920646 58.80115246666667 564.2476256625687
v -360.98511737822054 -141.61833916666666 491.02307422899923
v -360.98511737822054 -141.61833916666666 528.8159697556853
v -360.98511737822054 -82.0270605 491.02307422899923
v -360.98511737822054 -82.0270605 528.8159697556853
v -364.2270962445895 -64.06204266666667 491.02307422899923
v -364.2270962445895 -64.06204266666667 528.8159697556853
v -367.0097947715562 -7.187425233333334 534.0514912589861
v -367.0097947715562 -7.187425233333334 540.0895669409467
v -367.0097947715562 2.9781458333333335 534.0514912589861
v -367.0097947715562 2.9781458333333335 540.0895669409467
v -1054.6064958378563 -227.1493509 124.56634236003092
v -1054.6064958378563 -227.1493509 124.56634236003092
v -1084.2976189556853 -222.24183383333335 378.47562672219453
v -1084.2976189556853 -222.24183383333335 378.47562672219453
v -1434.5123859951907 -57.8400121 423.50469852858123
v -1434.5123859951907 -57.8400121 423.50469852858123
v -1433.945039693576 -57.3142067 347.20750822798294
v -1433.945039693576 -57.3142067 347.20750822798294
v -1370.6724188182754 -33.390061 370.67822683228985
v -1370.6724188182754 -33.390061 370.67822683228985
v -1371.2937981009961 -33.390061 329.57077365340376
v -1371.2937981009961 -33.390061 329.57077365340376
v -1370.6724188182754 36.8049599 370.67822683228985
v -1370.6724188182754 36.8049599 370.67822683228985
v -1371.2937981009961 36.8049599 329.57077365340376
v -1371.2937981009961 36.8049599 329.57077365340376
v -1434.5123859951907 52.05331650000001 423.404943371184
v -1434.5123859951907 52.05331650000001 423.404943371184
v -1433.918023203023 52.491487666666664 347.02979925054103
v -1433.918023203023 52.491487666666664 347.02979925054103
v -1084.2976189556853 221.45028953333335 378.47562672219453
v -1084.2976189556853 221.45028953333335 378.47562672219453
v -1054.6064958378563 226.35780660000003 124.56634236003092
v -1054.6064958378563 226.35780660000003 124.56634236003092
v -367.0097947715562 -40.31316543333334 542.3842963103071
v -367.0097947715562 -40.31316543333334 552.513123361959
v -367.0097947715562 10.2517872 542.3842963103071
v -367.0097947715562 10.2517872 552.513123361959
v -547.425918684988 -235.12406613333337 178.88591422225036
v -362.76820575472345 -218.12302486666667 284.7199972640845
v -362.76820575472345 -218.12302486666667 284.7199972640845
v -292.0930664678804 -216.3703402 565.2393537133503
v -13.715147809000344 -178.6876198666667 563.1756406833949
v -13.715147809000344 -178.6876198666667 563.1756406833949
v -13.607081846788047 -170.099465 307.41452126235544
v -13.607081846788047 -170.099465 307.41452126235544
v -13.607081846788047 -170.099465 307.41452126235544
v -13.607081846788047 157.21439650000002 307.41452126235544
v -13.607081846788047 157.21439650000002 307.41452126235544
v -13.607081846788047 157.21439650000002 307.41452126235544
v -13.715147809000344 160.71976583333333 563.1756406833949
v -13.715147809000344 160.71976583333333 563.1756406833949
v -292.0930664678804 212.16106080000003 565.2393537133503
v -362.76820575472345 213.91374546666668 284.7199972640845
v -362.76820575472345 213.91374546666668 284.7199972640845
v -547.425918684988 230.91478673333333 178.88591422225036
v -1212.8961139883202 -844.4448905 314.88803321269893
v -1212.8961139883202 -844.4448905 314.88803321269893
v -1215.9759939113708 -844.4448905 303.5760242319635
v -1215.9759939113708 -844.4448905 303.5760242319635
v -1215.9759939113708 -844.4448905 326.199477967431
v -1215.9759939113708 -844.4448905 326.199477967431
v -1222.1357537574718 -844.4448905 303.5760242319635
v -1222.1357537574718 -844.4448905 303.5760242319635
v -1222.1357537574718 -844.4448905 326.199477967431
v -1222.1357537574718 -844.4448905 326.199477967431
v -1225.2156336805222 -844.4448905 314.88803321269893
v -1225.2156336805222 -844.4448905 314.88803321269893
v -1212.8961139883202 839.8850741666666 314.88803321269893
v -1212.8961139883202 839.8850741666666 314.88803321269893
v -1215.9759939113708 839.8850741666666 303.5760242319635
v -1215.9759939113708 839.8850741666666 303.5760242319635
v -1215.9759939113708 839.8850741666666 326.199477967431
v -1215.9759939113708 839.8850741666666 326.199477967431
v -1222.1357537574718 839.8850741666666 303.5760242319635
v -1222.1357537574718 839.8850741666666 303.5760242319635
v -1222.1357537574718 839.8850741666666 326.199477967431
v -1222.1357537574718 839.8850741666666 326.199477967431
v -1225.2156336805222 839.8850741666666 314.88803321269893
v -1225.2156336805222 839.8850741666666 314.88803321269893
v -368.27956982755063 61.34254523333334 592.2539305290851
v -368.38763578976295 61.34254523333334 585.4987013832088
v -368.27956982755063 73.08553250000001 592.2539305290851
v -368.38763578976295 73.08553250000001 585.4987013832088
v -368.27956982755063 2.5399746666666667 592.2539305290851
v -368.38763578976295 2.5399746666666667 585.4987013832088
v -368.27956982755063 14.370596166666667 592.2539305290851
v -368.38763578976295 14.370596166666667 585.4987013832088
v -532.1345850319478 -1029.9665624666668 143.87557786744534
v -532.1345850319478 -1029.9665624666668 143.87557786744534
v -532.1345850319478 -1029.9665624666668 143.87557786744534
v -383.8140518955685 -1012.7902527333333 149.884426642431
v -383.8140518955685 -1012.7902527333333 149.884426642431
v -383.8140518955685 -1012.7902527333333 149.884426642431
v -398.59207222810033 -1010.7746653666668 163.90449474897943
v -398.59207222810033 -1010.7746653666668 163.90449474897943
v -398.59207222810033 989.301442 163.90449474897943
v -398.59207222810033 989.301442 163.90449474897943
v -383.8140518955685 990.5283212666667 149.884426642431
v -383.8140518955685 990.5283212666667 149.884426642431
v -383.8140518955685 990.5283212666667 149.884426642431
v -539.077823104088 1008.4933391 144.28432539791453
v -539.077823104088 1008.4933391 144.28432539791453
v -539.077823104088 1008.4933391 144.28432539791453
v -368.27956982755063 -19.018046733333335 585.4987013832088
v -368.38763578976295 -19.018046733333335 592.2539305290851
v -368.27956982755063 -7.187425233333334 585.4987013832088
v -368.38763578976295 -7.187425233333334 592.2539305290851
v -367.0097947715562 -40.31316543333334 553.869432931046
v -367.0097947715562 -40.31316543333334 563.8778763671992
v -367.0097947715562 10.2517872 553.869432931046
v -367.0097947715562 10.2517872 563.8778763671992
v 30.726979150807285 -404.60867340000004 298.7062349125973
v 30.726979150807285 -404.60867340000004 298.7062349125973
v 30.186649339745788 -404.60867340000004 286.00178368493647
v 30.186649339745788 -404.60867340000004 286.00178368493647
v 33.34757873445551 -402.85598873333333 290.9913923937979
v 33.34757873445551 -402.85598873333333 290.9913923937979
v 33.34757873445551 398.6467093333333 290.9913923937979
v 33.34757873445551 398.6467093333333 290.9913923937979
v 30.726979150807285 406.2708876333333 298.7062349125973
v 30.726979150807285 406.2708876333333 298.7062349125973
v 30.186649339745788 406.2708876333333 286.00178368493647
v 30.186649339745788 406.2708876333333 286.00178368493647
v -367.0097947715562 48.28504446666667 558.2089626524375
v -367.0097947715562 48.28504446666667 564.2476256625687
v -367.0097947715562 58.80115246666667 558.2089626524375
v -367.0097947715562 58.80115246666667 564.2476256625687
v -450.3556681277911 -588.7281976333334 634.7291581717379
v -450.3556681277911 -588.7281976333334 634.7291581717379
v -450.43671759945033 -588.5529291666667 592.4964126517148
v -450.43671759945033 -588.5529291666667 592.4964126517148
v -450.43671759945033 -588.5529291666667 592.4964126517148
v -449.7613053356235 -585.0475598333334 637.7685530203566
v -449.7613053356235 -585.0475598333334 637.7685530203566
v -449.7613053356235 -585.0475598333334 637.7685530203566
v -449.7613053356235 -585.0475598333334 637.7685530203566
v -449.95042076949505 -584.8722913666667 589.5476093970715
v -449.95042076949505 -584.8722913666667 589.5476093970715
v -449.95042076949505 -584.8722913666667 589.5476093970715
v -449.95042076949505 -584.8722913666667 589.5476093970715
v -437.71195054895225 -576.4594049666667 596.9763893321582
v -437.71195054895225 -576.4594049666667 596.9763893321582
v -437.71195054895225 -576.4594049666667 596.9763893321582
v -437.8740494922707 -575.4954284 631.097596137218
v -438.52244526554443 -569.0104951333334 596.6026238138984
v -438.52244526554443 -569.0104951333334 596.6026238138984
v -438.9276926238406 -568.0465185666667 629.0212666584092
v -438.9276926238406 -568.0465185666667 629.0212666584092
v -436.03692813466165 -561.6492195333334 591.9231590322827
v -436.0909611157678 -561.2110483666668 636.4093547918412
v -426.60817293163865 -527.9100397 604.8448825870335
v -426.25695855444866 -527.4718685333333 613.0687698060804
v -428.79650866643766 -520.9869352666667 596.5991931420889
v -427.71584904431467 -520.5487641000001 621.0278324413089
v -421.1508418399176 -436.06936316666673 597.2475341357595
v -417.98991244520784 -435.71882623333335 612.8039221200947
v -421.0157593871522 -435.45592353333336 621.2926570251274
v -418.0169289357609 -435.3682893 605.2037303251818
v -419.01653908622467 -426.4295975 615.366365621247
v -419.01653908622467 -426.4295975 615.366365621247
v -418.9084731240124 -425.90379210000003 603.3177253841234
v -418.9084731240124 -425.90379210000003 603.3177253841234
v -425.8246947055994 -423.80057050000005 591.9231590322827
v -425.8246947055994 -423.80057050000005 591.9231590322827
v -425.93276066781175 -423.5376678 632.338125641867
v -432.44373489110274 -419.85703 596.4558797372309
v -432.44373489110274 -419.85703 596.4558797372309
v -432.49776787220884 -418.1043453333333 628.9650928506398
v -432.49776787220884 -418.1043453333333 628.9650928506398
v -424.4198371968396 -414.9495129333334 626.5987058903054
v -424.4198371968396 -414.9495129333334 626.5987058903054
v -424.44685368739266 -414.8618787 598.1894077100094
v -424.44685368739266 -414.8618787 598.1894077100094
v -441.60232518859493 -409.25328776666674 638.3205917420617
v -441.60232518859493 -409.25328776666674 638.3205917420617
v -441.52127571693575 -408.9903850666667 589.2919252745075
v -441.52127571693575 -408.9903850666667 589.2919252745075
v -441.52127571693575 -408.9903850666667 589.2919252745075
v -440.57569854757816 -403.9952337666667 594.0556623188609
v -440.57569854757816 -403.9952337666667 594.0556623188609
v -440.62973152868426 -403.20652566666666 634.3708746595929
v -440.62973152868426 -403.20652566666666 634.3708746595929
v -440.62973152868426 -403.20652566666666 634.3708746595929
v -367.0097947715562 -36.89543033333334 534.0514912589861
v -367.0097947715562 -36.89543033333334 540.0895669409467
v -367.0097947715562 -26.291688100000002 534.0514912589861
v -367.0097947715562 -26.291688100000002 540.0895669409467
v -367.0097947715562 -96.83724593333334 475.03101313847765
v -367.0097947715562 -96.83724593333334 521.8744331834937
v -367.0097947715562 -93.3318766 472.3355704615181
v -367.0097947715562 -93.3318766 524.5698758604532
v -367.0097947715562 89.1225972 472.3355704615181
v -367.0097947715562 89.1225972 524.5698758604532
v -367.0097947715562 92.62796653333334 475.03101313847765
v -367.0097947715562 92.62796653333334 521.8744331834937
v -368.27956982755063 -77.82061730000001 585.4987013832088
v -368.38763578976295 -77.82061730000001 592.2539305290851
v -368.27956982755063 -65.9899958 585.4987013832088
v -368.38763578976295 -65.9899958 592.2539305290851
v -1244.7755728409481 357.8091566 139.7344069066744
v -1244.7755728409481 357.8091566 139.7344069066744
v -1243.7219297093782 363.6806502333334 221.91891258967564
v -1243.7219297093782 363.6806502333334 221.91891258967564
v -1244.7755728409481 369.9903150333334 139.7344069066744
v -1244.7755728409481 369.9903150333334 139.7344069066744
v -1243.7219297093782 375.77417443333337 221.91891258967564
v -1243.7219297093782 375.77417443333337 221.91891258967564
v -1078.056809637925 482.77557333333334 139.2798220111087
v -1078.056809637925 482.77557333333334 139.2798220111087
v -1079.083436278942 -544.7358125000001 139.2798220111087
v -1079.083436278942 -544.7358125000001 139.2798220111087
v -1243.7219297093782 -379.98345383333333 221.91891258967564
v -1243.7219297093782 -379.98345383333333 221.91891258967564
v -1244.7755728409481 -374.1995944333334 139.7344069066744
v -1244.7755728409481 -374.1995944333334 139.7344069066744
v -1243.7219297093782 -367.88992963333334 221.91891258967564
v -1243.7219297093782 -367.88992963333334 221.91891258967564
v -1244.7755728409481 -362.018436 139.7344069066744
v -1244.7755728409481 -362.018436 139.7344069066744
v -367.0097947715562 48.28504446666667 567.1253586544085
v -367.0097947715562 48.28504446666667 573.1640207759948
v -367.0097947715562 58.80115246666667 567.1253586544085
v -367.0097947715562 58.80115246666667 573.1640207759948
v -360.55285352937136 -141.61833916666666 491.02307422899923
v -360.55285352937136 -141.61833916666666 528.8159697556853
v -360.55285352937136 -82.0270605 491.02307422899923
v -360.55285352937136 -82.0270605 528.8159697556853
v -363.82184888629337 -64.06204266666667 491.02307422899923
v -363.82184888629337 -64.06204266666667 528.8159697556853
v -918.0381360920645 1045.3873513333333 521.2438542021184
v -918.0381360920645 1045.3873513333333 521.2438542021184
v -918.0651525826175 1045.3873513333333 540.189322098344
v -918.0651525826175 1045.3873513333333 540.189322098344
v -921.2530984678804 1045.3873513333333 517.6019779385477
v -921.2530984678804 1045.3873513333333 517.6019779385477
v -921.2801149584334 1045.3873513333333 544.0003071133931
v -921.2801149584334 1045.3873513333333 544.0003071133931
v -951.538584377877 1045.3873513333333 517.6392399569378
v -951.538584377877 1045.3873513333333 517.6392399569378
v -951.538584377877 1045.3873513333333 544.0364175776094
v -951.538584377877 1045.3873513333333 544.0364175776094
v -918.0381360920645 -1049.5966307333333 521.2438542021184
v -918.0381360920645 -1049.5966307333333 521.2438542021184
v -918.0651525826175 -1049.5966307333333 540.189322098344
v -918.0651525826175 -1049.5966307333333 540.189322098344
v -921.2530984678804 -1049.5966307333333 517.6019779385477
v -921.2530984678804 -1049.5966307333333 517.6019779385477
v -921.2801149584334 -1049.5966307333333 544.0003071133931
v -921.2801149584334 -1049.5966307333333 544.0003071133931
v -951.538584377877 -1049.5966307333333 517.6392399569378
v -951.538584377877 -1049.5966307333333 517.6392399569378
v -951.538584377877 -1049.5966307333333 544.0364175776094
v -951.538584377877 -1049.5966307333333 544.0364175776094
v -367.0097947715562 22.082408700000002 534.0514912589861
v -367.0097947715562 22.082408700000002 540.0895669409467
v -367.0097947715562 32.68615093333334 534.0514912589861
v -367.0097947715562 32.68615093333334 540.0895669409467
v -368.27956982755063 -38.209943833333334 585.4987013832088
v -368.38763578976295 -38.209943833333334 592.2539305290851
v -368.27956982755063 -26.379322333333334 585.4987013832088
v -368.38763578976295 -26.379322333333334 592.2539305290851
v -364.2270962445895 59.85276326666667 491.02307422899923
v -364.2270962445895 59.85276326666667 528.8159697556853
v -360.98511737822054 77.8177811 491.02307422899923
v -360.98511737822054 77.8177811 528.8159697556853
v -360.98511737822054 137.40905976666667 491.02307422899923
v -360.98511737822054 137.40905976666667 528.8159697556853
v -1184.7989638131226 114.53652486666668 389.35367837692087
v -1184.7989638131226 114.53652486666668 389.35367837692087
v -1186.4469697368602 114.53652486666668 383.69853177664174
v -1186.4469697368602 114.53652486666668 383.69853177664174
v -1186.4469697368602 114.53652486666668 395.0088258657449
v -1186.4469697368602 114.53652486666668 395.0088258657449
v -1190.6345257725868 114.53652486666668 382.82833711844296
v -1190.6345257725868 114.53652486666668 395.8790196353988
v -1198.9556048629336 114.53652486666668 391.5578383659281
v -1198.9556048629336 114.53652486666668 391.5578383659281
v -1200.144330447269 114.53652486666668 387.14951838791364
v -1200.144330447269 114.53652486666668 387.14951838791364
v -1209.3569537258675 839.8850741666666 260.2747252931209
v -1209.3569537258675 839.8850741666666 260.2747252931209
v -1211.0319761401581 839.8850741666666 254.6195786928418
v -1211.0319761401581 839.8850741666666 254.6195786928418
v -1211.0319761401581 839.8850741666666 265.92987189340005
v -1211.0319761401581 839.8850741666666 265.92987189340005
v -1215.2195321758845 839.8850741666666 253.74938403464301
v -1215.2195321758845 839.8850741666666 266.8000896537659
v -1223.5135947756785 839.8850741666666 262.47888528212815
v -1223.5135947756785 839.8850741666666 262.47888528212815
v -1224.7023203600138 839.8850741666666 258.0705653041137
v -1224.7023203600138 839.8850741666666 258.0705653041137
v 249.85773402679493 -975.8962405000001 219.4481891345056
v 249.85773402679493 -975.8962405000001 219.4481891345056
v 244.48145240673307 -975.8962405000001 232.18358304931866
v 152.24715365853658 -952.1473632666667 313.48013117328094
v 152.24715365853658 -952.1473632666667 313.48013117328094
v 160.21701837169357 -396.98449510000006 301.4956776417196
v 160.21701837169357 -396.98449510000006 301.4956776417196
v 243.64394119958774 -355.7087712 215.68306369817503
v 249.0202228196496 -351.41469376666663 202.94764845828465
v 249.0202228196496 -351.41469376666663 202.94764845828465
v 174.80592327035384 -231.8815995 242.42419437905073
v 174.80592327035384 -231.8815995 242.42419437905073
v 249.0202228196496 -209.2719673 191.34844755328496
v 249.0202228196496 -209.2719673 191.34844755328496
v 243.64394119958774 -209.2719673 204.08384146809803
v 197.1485609577465 -47.14863563333334 210.75707746887238
v 197.1485609577465 -47.14863563333334 210.75707746887238
v 249.0202228196496 -40.7513366 179.4734991821682
v 249.0202228196496 -40.7513366 179.4734991821682
v 243.64394119958774 -40.7513366 192.2088922084364
v 197.1485609577465 29.794221233333335 210.75707746887238
v 197.1485609577465 29.794221233333335 210.75707746887238
v 249.0202228196496 29.881855466666668 179.4734991821682
v 249.0202228196496 29.881855466666668 179.4734991821682
v 243.64394119958774 29.881855466666668 192.2088922084364
v 249.0202228196496 198.4901204 191.34844755328496
v 249.0202228196496 198.4901204 191.34844755328496
v 243.64394119958774 198.4901204 204.08384146809803
v 174.80592327035384 221.09975260000002 242.42419437905073
v 174.80592327035384 221.09975260000002 242.42419437905073
v 249.0202228196496 340.6328468666667 202.94764845828465
v 249.0202228196496 340.6328468666667 202.94764845828465
v 243.64394119958774 344.9269243 215.68306369817503
v 160.21701837169357 386.2026482 301.4956776417196
v 160.21701837169357 386.2026482 301.4956776417196
v 152.24715365853658 950.2165739333333 313.48013117328094
v 152.24715365853658 950.2165739333333 313.48013117328094
v 249.56055263071107 972.2127665 219.4481891345056
v 249.56055263071107 972.2127665 219.4481891345056
v 244.18427101064927 972.2127665 232.18358304931866
v 137.09090245826175 924.8902805 165.79909813891132
v 137.09090245826175 924.8902805 165.79909813891132
v 137.09090245826175 924.8902805 165.79909813891132
v 135.74007793060804 924.8902805 329.20790880382026
v 135.74007793060804 924.8902805 329.20790880382026
v 135.74007793060804 924.8902805 329.20790880382026
v 136.92880351494333 955.2117252333334 243.27949347076031
v 136.92880351494333 955.2117252333334 243.27949347076031
v 136.0102428361388 956.9644099000001 329.20790880382026
v 136.0102428361388 956.9644099000001 329.20790880382026
v 136.0102428361388 956.9644099000001 329.20790880382026
v 245.61614500996222 971.1611557000001 283.64112961621436
v 245.61614500996222 971.1611557000001 283.64112961621436
v 136.17234177945724 988.7756366000001 172.98483261390987
v 136.17234177945724 988.7756366000001 172.98483261390987
v 136.17234177945724 988.7756366000001 172.98483261390987
v 245.64316150051528 998.0648653333333 284.4459638010549
v 245.64316150051528 998.0648653333333 284.4459638010549
v 346.4687042445895 1009.8078526 163.00965540978902
v 346.4687042445895 1009.8078526 163.00965540978902
v 346.52273722569566 1010.1583895333334 304.2811263615739
v 346.52273722569566 1010.1583895333334 304.2811263615739
v 346.52273722569566 1010.1583895333334 304.2811263615739
v 351.5478044685675 1026.8965281 166.69795547808172
v 351.5478044685675 1026.8965281 166.69795547808172
v 351.0344911480591 1026.9841623333334 289.22689952024507
v 351.0344911480591 1026.9841623333334 289.22689952024507
v 346.38765477293026 1049.6814287666668 304.2811263615739
v 346.38765477293026 1049.6814287666668 304.2811263615739
v 346.38765477293026 1049.6814287666668 304.2811263615739
v 346.3606382823772 1050.7330395666668 181.85019948300842
v 346.3606382823772 1050.7330395666668 181.85019948300842
v 346.3606382823772 1050.7330395666668 181.85019948300842
v 342.5513131143937 1077.0233095666667 168.44696545697497
v 342.5513131143937 1077.0233095666667 168.44696545697497
v 342.0109833033322 1079.9152392666667 163.58290902922107
v 342.0109833033322 1079.9152392666667 163.58290902922107
v 342.0109833033322 1079.9152392666667 163.58290902922107
v 136.60460562830644 1082.0184608666666 166.39185176443806
v 136.60460562830644 1082.0184608666666 166.39185176443806
v 136.60460562830644 1082.0184608666666 166.39185176443806
v 136.44250668498796 1082.0184608666666 172.84323410068419
v 136.44250668498796 1082.0184608666666 172.84323410068419
v 136.44250668498796 1082.0184608666666 172.84323410068419
v -366.8206793376847 76.5032676 553.6011545732508
v -366.8206793376847 76.5032676 553.6011545732508
v -370.0896746946067 76.5032676 553.6011545732508
v -370.0896746946067 76.5032676 553.6011545732508
v -366.8206793376847 76.94143876666668 551.8120392323285
v -366.8206793376847 76.94143876666668 551.8120392323285
v -366.8206793376847 76.94143876666668 555.3902930163404
v -366.8206793376847 76.94143876666668 555.3902930163404
v -370.0896746946067 76.94143876666668 551.8120392323285
v -370.0896746946067 76.94143876666668 551.8120392323285
v -370.0896746946067 76.94143876666668 555.3902930163404
v -370.0896746946067 76.94143876666668 555.3902930163404
v -366.8206793376847 77.99304956666667 550.1444350703667
v -366.8206793376847 77.99304956666667 550.1444350703667
v -366.8206793376847 77.99304956666667 557.0573098501317
v -366.8206793376847 77.99304956666667 557.0573098501317
v -370.0896746946067 77.99304956666667 550.1444350703667
v -370.0896746946067 77.99304956666667 550.1444350703667
v -370.0896746946067 77.99304956666667 557.0573098501317
v -370.0896746946067 77.99304956666667 557.0573098501317
v -366.8206793376847 79.6581 548.7130168019638
v -366.8206793376847 79.6581 548.7130168019638
v -366.8206793376847 79.6581 558.489292344538
v -366.8206793376847 79.6581 558.489292344538
v -370.0896746946067 79.6581 548.7130168019638
v -370.0896746946067 79.6581 548.7130168019638
v -370.0896746946067 79.6581 558.489292344538
v -370.0896746946067 79.6581 558.489292344538
v -366.8206793376847 81.84895583333333 547.6141071356178
v -366.8206793376847 81.84895583333333 547.6141071356178
v -366.8206793376847 81.84895583333333 559.5876377848806
v -366.8206793376847 81.84895583333333 559.5876377848806
v -370.0896746946067 81.84895583333333 547.6141071356178
v -370.0896746946067 81.84895583333333 547.6141071356178
v -370.0896746946067 81.84895583333333 559.5876377848806
v -370.0896746946067 81.84895583333333 559.5876377848806
v -366.8206793376847 84.39034860000001 546.9233363464932
v -366.8206793376847 84.39034860000001 546.9233363464932
v -366.8206793376847 84.39034860000001 560.2784085740052
v -366.8206793376847 84.39034860000001 560.2784085740052
v -370.0896746946067 84.39034860000001 546.9233363464932
v -370.0896746946067 84.39034860000001 546.9233363464932
v -370.0896746946067 84.39034860000001 560.2784085740052
v -370.0896746946067 84.39034860000001 560.2784085740052
v -366.8206793376847 87.10700983333334 546.688302895653
v -366.8206793376847 87.10700983333334 546.688302895653
v -366.8206793376847 87.10700983333334 560.5140293530159
v -366.8206793376847 87.10700983333334 560.5140293530159
v -370.0896746946067 87.10700983333334 546.688302895653
v -370.0896746946067 87.10700983333334 546.688302895653
v -370.0896746946067 87.10700983333334 560.5140293530159
v -370.0896746946067 87.10700983333334 560.5140293530159
v -366.8206793376847 89.82367106666666 546.9233363464932
v -366.8206793376847 89.82367106666666 546.9233363464932
v -366.8206793376847 89.82367106666666 560.2784085740052
v -366.8206793376847 89.82367106666666 560.2784085740052
v -370.0896746946067 89.82367106666666 546.9233363464932
v -370.0896746946067 89.82367106666666 546.9233363464932
v -370.0896746946067 89.82367106666666 560.2784085740052
v -370.0896746946067 89.82367106666666 560.2784085740052
v -366.8206793376847 92.36506383333332 547.6141071356178
v -366.8206793376847 92.36506383333332 547.6141071356178
v -366.8206793376847 92.36506383333332 559.5876377848806
v -366.8206793376847 92.36506383333332 559.5876377848806
v -370.0896746946067 92.36506383333332 547.6141071356178
v -370.0896746946067 92.36506383333332 547.6141071356178
v -370.0896746946067 92.36506383333332 559.5876377848806
v -370.0896746946067 92.36506383333332 559.5876377848806
v -366.8206793376847 94.55591966666668 548.7130168019638
v -366.8206793376847 94.55591966666668 548.7130168019638
v -366.8206793376847 94.55591966666668 558.489292344538
v -366.8206793376847 94.55591966666668 558.489292344538
v -370.0896746946067 94.55591966666668 548.7130168019638
v -370.0896746946067 94.55591966666668 548.7130168019638
v -370.0896746946067 94.55591966666668 558.489292344538
v -370.0896746946067 94.55591966666668 558.489292344538
v -366.8206793376847 96.2209701 550.1444350703667
v -366.8206793376847 96.2209701 550.1444350703667
v -366.8206793376847 96.2209701 557.0573098501317
v -366.8206793376847 96.2209701 557.0573098501317
v -370.0896746946067 96.2209701 550.1444350703667
v -370.0896746946067 96.2209701 550.1444350703667
v -370.0896746946067 96.2209701 557.0573098501317
v -370.0896746946067 96.2209701 557.0573098501317
v -366.8206793376847 97.36021513333334 551.8120392323285
v -366.8206793376847 97.36021513333334 551.8120392323285
v -366.8206793376847 97.36021513333334 555.3902930163404
v -366.8206793376847 97.36021513333334 555.3902930163404
v -370.0896746946067 97.36021513333334 551.8120392323285
v -370.0896746946067 97.36021513333334 551.8120392323285
v -370.0896746946067 97.36021513333334 555.3902930163404
v -370.0896746946067 97.36021513333334 555.3902930163404
v -366.8206793376847 97.71075206666667 553.6011545732508
v -366.8206793376847 97.71075206666667 553.6011545732508
v -370.0896746946067 97.71075206666667 553.6011545732508
v -370.0896746946067 97.71075206666667 553.6011545732508
v 346.8739516028856 -1030.9305390333334 184.8528974277854
v 346.8739516028856 -1030.9305390333334 184.8528974277854
v 344.79368183029885 -1030.9305390333334 182.04339046656506
v 338.36375707866716 -1030.9305390333334 200.66840109503892
v 219.8424130223291 -966.9575487000001 205.30487185519723
v 219.8424130223291 -966.9575487000001 205.30487185519723
v 348.79212243215386 -514.7649047 177.656849612281
v 348.79212243215386 -514.7649047 177.656849612281
v 344.5505334153212 -514.7649047 174.47815847023932
v 338.28270760700786 -514.7649047 193.84095013218538
v 218.92385234352457 -513.0998542666667 198.4768566663403
v 218.92385234352457 -513.0998542666667 198.4768566663403
v 348.92720488491926 -248.88264076666667 161.3145401210294
v 348.92720488491926 -248.88264076666667 161.3145401210294
v 344.6315828869804 -248.88264076666667 155.6978053162244
v 338.57988900309175 -248.88264076666667 173.98229355630366
v 219.73434706011682 -247.21759033333333 174.11644428628477
v 219.73434706011682 -247.21759033333333 174.11644428628477
v 338.57988900309175 -143.4586580666667 169.98154734096244
v 279.1706262768808 -142.58231573333333 170.04805847994962
v 348.92720488491926 -37.947041133333336 153.3119192383402
v 348.92720488491926 -37.947041133333336 153.3119192383402
v 344.6315828869804 -37.947041133333336 147.69574865953854
v 338.57988900309175 -37.947041133333336 165.98023778816273
v 219.73434706011682 -36.2819907 166.11382340359555
v 219.73434706011682 -36.2819907 166.11382340359555
v 219.73434706011682 25.500143800000004 166.11382340359555
v 219.73434706011682 25.500143800000004 166.11382340359555
v 348.92720488491926 27.165194233333334 153.3119192383402
v 348.92720488491926 27.165194233333334 153.3119192383402
v 344.6315828869804 27.165194233333334 147.69574865953854
v 338.57988900309175 27.165194233333334 165.98023778816273
v 279.1706262768808 131.80046883333333 170.04805847994962
v 219.73434706011682 236.43574343333333 174.11644428628477
v 219.73434706011682 236.43574343333333 174.11644428628477
v 348.92720488491926 238.10079386666666 161.3145401210294
v 348.92720488491926 238.10079386666666 161.3145401210294
v 344.6315828869804 238.10079386666666 155.6978053162244
v 338.57988900309175 238.10079386666666 173.98229355630366
v 218.92385234352457 502.2303731333334 198.4768566663403
v 218.92385234352457 502.2303731333334 198.4768566663403
v 348.79212243215386 503.8954235666667 177.656849612281
v 348.79212243215386 503.8954235666667 177.656849612281
v 344.5505334153212 503.8954235666667 174.47815847023932
v 338.28270760700786 503.8954235666667 193.84095013218538
v 220.57185826726212 946.7112046 205.30487185519723
v 220.57185826726212 946.7112046 205.30487185519723
v 344.79368183029885 1026.5459911666667 182.04339046656506
v 338.36375707866716 1026.5459911666667 200.66840109503892
v 346.4957207351426 1026.8088938666667 184.8528974277854
v 346.4957207351426 1026.8088938666667 184.8528974277854
v -1082.325415145311 -763.6461273666667 499.65857542432155
v -1082.325415145311 -763.6461273666667 499.65857542432155
v -999.1956737135006 -761.8934427 330.10333547118114
v -1047.4741423318446 -754.9703382666667 389.96762379800754
v -1047.4741423318446 -754.9703382666667 389.96762379800754
v -1047.4741423318446 -754.9703382666667 389.96762379800754
v -1047.4741423318446 -754.9703382666667 392.71581138801673
v -1097.211501440055 -748.9235761666667 537.7661740020698
v -1097.211501440055 -748.9235761666667 537.7661740020698
v -1133.6297307055995 -738.4074681666666 577.9483871669945
v -1133.6297307055995 -738.4074681666666 577.9483871669945
v -1112.070571244246 -738.2321997 556.6709278830184
v -1112.070571244246 -738.2321997 556.6709278830184
v -1243.3977318227414 -687.1414416666667 576.6253216163175
v -1243.3977318227414 -687.1414416666667 576.6253216163175
v -1080.3261948443835 -659.7995608666666 374.5900954567431
v -1080.3261948443835 -659.7995608666666 374.5900954567431
v -1080.3261948443835 -659.7995608666666 374.5900954567431
v -1080.3261948443835 -659.7995608666666 374.5900954567431
v -1229.6463381312262 -654.3662384 545.0688614207575
v -1229.6463381312262 -654.3662384 545.0688614207575
v -1116.7444241099279 -612.9152460333333 373.72850013596275
v -1117.0145890154586 -612.9152460333333 374.75692597913087
v -1117.0145890154586 -612.9152460333333 374.75692597913087
v -1117.0145890154586 -612.9152460333333 374.75692597913087
v -1213.1662788938509 -587.8518553 455.9726325121651
v -1213.1662788938509 -587.8518553 455.9726325121651
v -1191.120822602542 -567.082542 374.7368626355777
v -1191.120822602542 -567.082542 374.7368626355777
v -1078.9213373356235 -547.8906449 361.52277937949873
v -1078.9213373356235 -547.8906449 361.52277937949873
v -280.39492605839916 -18.6675098 592.1719604861503
v -280.39492605839916 -18.6675098 592.1719604861503
v -280.34089307729306 -2.3675424 621.7128703388212
v -280.34089307729306 -2.3675424 621.7128703388212
v -280.34089307729306 -2.3675424 621.7128703388212
v -242.65288875575405 -2.017005466666667 588.8728857286098
v -242.65288875575405 -2.017005466666667 588.8728857286098
v -280.39492605839916 14.896401566666666 592.5491566762196
v -280.39492605839916 14.896401566666666 592.5491566762196
v -367.5231080920646 -61.52064990000001 558.2089626524375
v -367.5231080920646 -61.52064990000001 564.2476256625687
v -367.5231080920646 -51.00454190000001 558.2089626524375
v -367.5231080920646 -51.00454190000001 564.2476256625687
v -367.0097947715562 15.685109666666666 557.4964127395826
v -367.0097947715562 15.685109666666666 579.0908764058786
v -367.0097947715562 40.39796346666667 557.4964127395826
v -367.0097947715562 40.39796346666667 579.0908764058786
v -367.0097947715562 -40.31316543333334 565.1997903637023
v -367.0097947715562 -40.31316543333334 579.0908764058786
v -367.0097947715562 10.2517872 565.1997903637023
v -367.0097947715562 10.2517872 579.0908764058786
v -349.0168120632085 211.72288963333332 337.9930205216163
v -292.0930664678804 212.16106080000003 565.2393537133503
v -362.76820575472345 213.91374546666668 284.7199972640845
v -546.372275553418 232.22930023333333 178.37285241056767
v -358.20241885125387 234.85832723333334 351.18128444036273
v -358.20241885125387 234.85832723333334 351.18128444036273
v -612.5356609178975 297.6920725333333 357.9198809144953
v -612.5356609178975 297.6920725333333 357.9198809144953
v -309.7618512895912 307.24420396666665 559.3142138636437
v -309.7618512895912 307.24420396666665 559.3142138636437
v -371.0892848450704 327.4877118666667 364.3695705727313
v -371.0892848450704 327.4877118666667 364.3695705727313
v -371.0892848450704 327.4877118666667 364.3695705727313
v -659.3552390463758 352.55110260000004 569.5662678744332
v -615.0211780487805 358.94840163333333 371.1081670468639
v -615.0211780487805 358.94840163333333 371.1081670468639
v -366.8206793376847 -100.60551796666667 549.3848740246192
v -366.8206793376847 -100.60551796666667 549.3848740246192
v -370.0896746946067 -100.60551796666667 549.3848740246192
v -370.0896746946067 -100.60551796666667 549.3848740246192
v -366.8206793376847 -100.34261526666667 551.3001280862748
v -366.8206793376847 -100.34261526666667 551.3001280862748
v -370.0896746946067 -100.34261526666667 551.3001280862748
v -370.0896746946067 -100.34261526666667 551.3001280862748
v -366.8206793376847 -100.07971256666667 547.4891199690585
v -366.8206793376847 -100.07971256666667 547.4891199690585
v -370.0896746946067 -100.07971256666667 547.4891199690585
v -370.0896746946067 -100.07971256666667 547.4891199690585
v -366.8206793376847 -99.29100446666668 553.1041389936863
v -366.8206793376847 -99.29100446666668 553.1041389936863
v -370.0896746946067 -99.29100446666668 553.1041389936863
v -370.0896746946067 -99.29100446666668 553.1041389936863
v -366.8206793376847 -98.8528333 545.7424344235901
v -366.8206793376847 -98.8528333 545.7424344235901
v -370.0896746946067 -98.8528333 545.7424344235901
v -370.0896746946067 -98.8528333 545.7424344235901
v -366.8206793376847 -97.62595403333334 554.674854444057
v -366.8206793376847 -97.62595403333334 554.674854444057
v -370.0896746946067 -97.62595403333334 554.674854444057
v -370.0896746946067 -97.62595403333334 554.674854444057
v -366.8206793376847 -97.0125144 544.262853468121
v -366.8206793376847 -97.0125144 544.262853468121
v -370.0896746946067 -97.0125144 544.262853468121
v -370.0896746946067 -97.0125144 544.262853468121
v -366.8206793376847 -95.34746396666667 555.9039190540263
v -366.8206793376847 -95.34746396666667 555.9039190540263
v -370.0896746946067 -95.34746396666667 555.9039190540263
v -370.0896746946067 -95.34746396666667 555.9039190540263
v -366.8206793376847 -94.6463901 543.152456693473
v -366.8206793376847 -94.6463901 543.152456693473
v -370.0896746946067 -94.6463901 543.152456693473
v -370.0896746946067 -94.6463901 543.152456693473
v -366.8206793376847 -92.71843696666667 556.7087763410341
v -366.8206793376847 -92.71843696666667 556.7087763410341
v -370.0896746946067 -92.71843696666667 556.7087763410341
v -370.0896746946067 -92.71843696666667 556.7087763410341
v -366.8206793376847 -91.84209463333333 542.4863536875072
v -366.8206793376847 -91.84209463333333 542.4863536875072
v -370.0896746946067 -91.84209463333333 542.4863536875072
v -370.0896746946067 -91.84209463333333 542.4863536875072
v -366.8206793376847 -89.82650726666667 557.0337927326019
v -366.8206793376847 -89.82650726666667 557.0337927326019
v -370.0896746946067 -89.82650726666667 557.0337927326019
v -370.0896746946067 -89.82650726666667 557.0337927326019
v -366.8206793376847 -88.95016493333334 542.3092089360687
v -366.8206793376847 -88.95016493333334 542.3092089360687
v -370.0896746946067 -88.95016493333334 542.3092089360687
v -370.0896746946067 -88.95016493333334 542.3092089360687
v -366.8206793376847 -86.84694333333334 556.8572353093339
v -366.8206793376847 -86.84694333333334 556.8572353093339
v -370.0896746946067 -86.84694333333334 556.8572353093339
v -370.0896746946067 -86.84694333333334 556.8572353093339
v -366.8206793376847 -86.05823523333333 542.6342484298036
v -366.8206793376847 -86.05823523333333 542.6342484298036
v -370.0896746946067 -86.05823523333333 542.6342484298036
v -370.0896746946067 -86.05823523333333 542.6342484298036
v -366.8206793376847 -84.1302821 556.1905458637424
v -366.8206793376847 -84.1302821 556.1905458637424
v -370.0896746946067 -84.1302821 556.1905458637424
v -370.0896746946067 -84.1302821 556.1905458637424
v -366.8206793376847 -83.341574 543.4390835031891
v -366.8206793376847 -83.341574 543.4390835031891
v -370.0896746946067 -83.341574 543.4390835031891
v -370.0896746946067 -83.341574 543.4390835031891
v -366.8206793376847 -81.67652356666667 555.0801490890946
v -366.8206793376847 -81.67652356666667 555.0801490890946
v -370.0896746946067 -81.67652356666667 555.0801490890946
v -370.0896746946067 -81.67652356666667 555.0801490890946
v -366.8206793376847 -81.06308393333335 544.6687123391619
v -366.8206793376847 -81.06308393333335 544.6687123391619
v -370.0896746946067 -81.06308393333335 544.6687123391619
v -370.0896746946067 -81.06308393333335 544.6687123391619
v -366.8206793376847 -79.83620466666667 553.6011545732508
v -366.8206793376847 -79.83620466666667 553.6011545732508
v -370.0896746946067 -79.83620466666667 553.6011545732508
v -370.0896746946067 -79.83620466666667 553.6011545732508
v -366.8206793376847 -79.3980335 546.2388626749843
v -366.8206793376847 -79.3980335 546.2388626749843
v -370.0896746946067 -79.3980335 546.2388626749843
v -370.0896746946067 -79.3980335 546.2388626749843
v -366.8206793376847 -78.6093254 551.8538816996121
v -366.8206793376847 -78.6093254 551.8538816996121
v -370.0896746946067 -78.6093254 551.8538816996121
v -370.0896746946067 -78.6093254 551.8538816996121
v -366.8206793376847 -78.3464227 548.0428966845628
v -366.8206793376847 -78.3464227 548.0428966845628
v -370.0896746946067 -78.3464227 548.0428966845628
v -370.0896746946067 -78.3464227 548.0428966845628
v -366.8206793376847 -78.08352000000001 549.9581276440513
v -366.8206793376847 -78.08352000000001 549.9581276440513
v -370.0896746946067 -78.08352000000001 549.9581276440513
v -370.0896746946067 -78.08352000000001 549.9581276440513
v 343.74003869872894 -1017.1719644000001 235.69934280577837
v 264.1224410388183 -983.5204188000001 269.1894055149147
v 325.5579405565098 -880.7254631000001 248.36366645778799
v 298.5144335128822 -807.7261467333334 257.0880221418313
v 263.8792926238406 -784.5907091333333 269.1894055149147
v -1405.4156256695294 -754.2692644 695.3077344052188
v -1405.4156256695294 -754.2692644 695.3077344052188
v -1407.5499284232221 -754.2692644 687.1102076473405
v -1407.5499284232221 -754.2692644 687.1102076473405
v -1414.1689686087254 -754.2692644 689.7815689807669
v -1414.1689686087254 -754.2692644 689.7815689807669
v -1415.735925060804 -754.2692644 712.918085416462
v -1436.457573315012 -754.2692644 779.7823872315971
v -1436.457573315012 -754.2692644 779.7823872315971
v -1405.4156256695294 748.7454715 695.3077344052188
v -1405.4156256695294 748.7454715 695.3077344052188
v -1407.5499284232221 748.7454715 687.1102076473405
v -1407.5499284232221 748.7454715 687.1102076473405
v -1414.1689686087254 748.7454715 689.7815689807669
v -1414.1689686087254 748.7454715 689.7815689807669
v -1415.735925060804 748.7454715 712.918085416462
v -1436.457573315012 748.7454715 779.7823872315971
v -1436.457573315012 748.7454715 779.7823872315971
v -1305.1304127365165 -754.2692644 642.3734946537372
v -1305.1304127365165 -754.2692644 642.3734946537372
v -1309.2909522816901 -754.2692644 653.9130901906133
v -1309.2909522816901 -754.2692644 653.9130901906133
v -1311.9926013369975 -754.2692644 631.9804063557253
v -1326.3653743112334 -754.2692644 656.4927314780573
v -1377.1293600604604 -754.2692644 633.7059001056339
v -1382.856856057712 -754.2692644 653.53474244637
v -1413.1963749488148 -754.2692644 682.1744936286127
v -1413.1963749488148 -754.2692644 682.1744936286127
v -1305.1304127365165 748.7454715 642.3734946537372
v -1305.1304127365165 748.7454715 642.3734946537372
v -1309.2909522816901 748.7454715 653.9130901906133
v -1309.2909522816901 748.7454715 653.9130901906133
v -1311.9926013369975 748.7454715 631.9804063557253
v -1326.3653743112334 748.7454715 656.4927314780573
v -1377.1293600604604 748.7454715 633.7059001056339
v -1382.856856057712 748.7454715 653.53474244637
v -1413.1963749488148 748.7454715 682.1744936286127
v -1413.1963749488148 748.7454715 682.1744936286127
v -1436.3765238433527 731.5691617666668 346.8302889357466
v -1436.3765238433527 731.5691617666668 346.8302889357466
v -1436.3765238433527 731.5691617666668 346.8302889357466
v -1330.9311612147028 746.2040787333334 347.7251513771041
v -1330.9311612147028 746.2040787333334 347.7251513771041
v -1330.9311612147028 746.2040787333334 347.7251513771041
v -1304.9412973026451 746.3793472 474.3276267890444
v -1304.9412973026451 746.3793472 474.3276267890444
v -1298.9976693809685 747.8691291666667 762.0172579208161
v -1298.9976693809685 747.8691291666667 762.0172579208161
v -1299.8351805881139 747.8691291666667 498.17784380322337
v -1299.8351805881139 747.8691291666667 498.17784380322337
v -1305.9138909625558 747.8691291666667 780.0976767222846
v -1305.9138909625558 747.8691291666667 780.0976767222846
v -1305.9138909625558 747.8691291666667 780.0976767222846
v -1436.3765238433527 747.8691291666667 782.1327270712684
v -1436.3765238433527 747.8691291666667 782.1327270712684
v -1436.3765238433527 747.8691291666667 782.1327270712684
v -1436.862820673308 751.7250354333333 502.10864820776794
v -1436.862820673308 751.7250354333333 502.10864820776794
v -1436.3765238433527 751.8126696666667 346.8302889357466
v -1436.3765238433527 751.8126696666667 346.8302889357466
v -1436.3765238433527 751.8126696666667 346.8302889357466
v -1330.9311612147028 756.1067471 347.7251513771041
v -1330.9311612147028 756.1067471 347.7251513771041
v -1330.9311612147028 756.1067471 347.7251513771041
v -1304.9412973026451 756.2820155666666 474.3276267890444
v -1298.9976693809685 764.7825362 762.0172579208161
v -1298.9976693809685 764.7825362 762.0172579208161
v -1299.8351805881139 764.7825362 497.95944302412687
v -1299.8351805881139 764.7825362 497.95944302412687
v -1305.9138909625558 764.7825362 780.0976767222846
v -1305.9138909625558 764.7825362 780.0976767222846
v -1305.9138909625558 764.7825362 780.0976767222846
v -1436.3765238433527 768.0250028333334 782.1327270712684
v -1436.3765238433527 768.0250028333334 782.1327270712684
v -1436.3765238433527 768.0250028333334 782.1327270712684
v -1436.9438701449674 771.9685433333333 502.20208403392735
v -1436.9438701449674 771.9685433333333 502.20208403392735
v 136.30742423222262 -1082.6347367 166.39185176443806
v 136.30742423222262 -1082.6347367 166.39185176443806
v 136.30742423222262 -1082.6347367 166.39185176443806
v 136.14532528890413 -1082.6347367 172.84323410068419
v 136.14532528890413 -1082.6347367 172.84323410068419
v 136.14532528890413 -1082.6347367 172.84323410068419
v 342.0109833033322 -1081.9336628333333 163.58290902922107
v 342.0109833033322 -1081.9336628333333 163.58290902922107
v 342.0109833033322 -1081.9336628333333 163.58290902922107
v 342.5513131143937 -1079.0417331333335 168.44696545697497
v 342.5513131143937 -1079.0417331333335 168.44696545697497
v 346.279588810718 -1051.2616811666667 181.85019948300842
v 346.279588810718 -1051.2616811666667 181.85019948300842
v 346.279588810718 -1051.2616811666667 181.85019948300842
v 346.6848361690141 -1048.5450199333334 304.2811263615739
v 346.6848361690141 -1048.5450199333334 304.2811263615739
v 346.6848361690141 -1048.5450199333334 304.2811263615739
v 346.6848361690141 -1048.5450199333334 304.2811263615739
v 351.27763956303676 -1035.8380561 289.22689952024507
v 351.27763956303676 -1035.8380561 289.22689952024507
v 351.27763956303676 -1035.8380561 289.22689952024507
v 351.7639363929921 -1035.7504218666668 166.69795547808172
v 351.7639363929921 -1035.7504218666668 166.69795547808172
v 346.73886915012025 -1013.1407896666668 304.2811263615739
v 346.73886915012025 -1013.1407896666668 304.2811263615739
v 346.73886915012025 -1013.1407896666668 304.2811263615739
v 346.7658856406733 -1013.0531554333335 163.00965540978902
v 346.7658856406733 -1013.0531554333335 163.00965540978902
v 346.7658856406733 -1013.0531554333335 163.00965540978902
v 245.64316150051528 -1008.9343464666666 284.4459638010549
v 245.64316150051528 -1008.9343464666666 284.4459638010549
v 136.17234177945724 -999.5574835000001 172.98483261390987
v 136.17234177945724 -999.5574835000001 172.98483261390987
v 136.17234177945724 -999.5574835000001 172.98483261390987
v 245.61614500996222 -978.5252675 283.64112961621436
v 245.61614500996222 -978.5252675 283.64112961621436
v 135.14571513844038 -951.7091921000001 329.20790880382026
v 135.14571513844038 -951.7091921000001 329.20790880382026
v 135.14571513844038 -951.7091921000001 329.20790880382026
v 136.06427581724495 -949.9565074333333 243.27949347076031
v 136.06427581724495 -949.9565074333333 243.27949347076031
v 135.25378110065267 -923.4033347333334 329.20790880382026
v 135.25378110065267 -923.4033347333334 329.20790880382026
v 135.25378110065267 -923.4033347333334 329.20790880382026
v 136.60460562830644 -923.3157005 165.79909813891132
v 136.60460562830644 -923.3157005 165.79909813891132
v 136.60460562830644 -923.3157005 165.79909813891132
v -1053.2556713102026 746.7298841333334 401.6264744983754
v -1053.2556713102026 746.7298841333334 401.6264744983754
v -1027.1037084548266 746.9927868333334 353.73226304683527
v -1027.1037084548266 746.9927868333334 353.73226304683527
v -1081.2987885042942 751.3744985 499.65857542432155
v -1081.2987885042942 751.3744985 499.65857542432155
v -999.1686572229473 756.9830894333335 329.34950731704595
v -999.1686572229473 756.9830894333335 329.34950731704595
v -962.8044609385091 786.8663630000001 309.88695960915777
v -962.8044609385091 786.8663630000001 309.88695960915777
v -919.6050925441428 816.3114654000001 296.8723875564182
v -919.6050925441428 816.3114654000001 296.8723875564182
v -757.6682481690141 1007.1788256000001 284.66781746558314
v -757.6682481690141 1007.1788256000001 284.66781746558314
v -757.7222811501202 1038.2013442 286.68510669081644
v -757.7222811501202 1038.2013442 286.68510669081644
v -919.3619441291653 1045.2997171 296.9996538406132
v -919.3619441291653 1045.2997171 296.9996538406132
v -962.8044609385091 1048.7174522 309.88695960915777
v -962.8044609385091 1048.7174522 309.88695960915777
v -999.1686572229473 1052.2228215333334 329.34950731704595
v -999.1686572229473 1052.2228215333334 329.34950731704595
v -1027.1037084548266 1054.3260431333335 353.73226304683527
v -1027.1037084548266 1054.3260431333335 353.73226304683527
v -1051.7697643297836 1056.0787278 399.3890473887911
v -1051.7697643297836 1056.0787278 399.3890473887911
v -1080.3802278254896 1056.1663620333334 499.63851208076835
v -1080.3802278254896 1056.1663620333334 499.63851208076835
v -448.59959624184125 -585.6609994666667 590.542204782204
v -448.6266127323944 -585.1351940666667 635.8452869494532
v -437.76598353005846 -410.3048985666667 591.0999755069764
v -437.76598353005846 -409.8667274 635.7048399904013
v -346.66637738509104 -271.2293702666667 573.095230519372
v -346.66637738509104 -271.2293702666667 573.095230519372
v -354.9334234943318 -268.33744056666666 603.5716724014328
v -354.9334234943318 -268.33744056666666 603.5716724014328
v -353.2313845894882 -265.27024240000003 605.9099831204211
v -353.2313845894882 -265.27024240000003 605.9099831204211
v -342.88406870766056 -265.1826081666667 569.9652662903999
v -342.88406870766056 -265.1826081666667 569.9652662903999
v -343.18125010374445 -237.40255620000002 608.5784788965861
v -343.18125010374445 -237.40255620000002 608.5784788965861
v -332.72586825970455 -237.22728773333336 570.7259557881541
v -332.72586825970455 -237.22728773333336 570.7259557881541
v -336.0759130882858 -203.48810790000002 610.0408398521413
v -336.0759130882858 -203.48810790000002 610.0408398521413
v -325.7826301875644 -203.4004736666667 571.0722092910712
v -325.7826301875644 -203.4004736666667 571.0722092910712
v -332.9960331652353 -116.29204573333334 610.6674017220814
v -332.9960331652353 -116.29204573333334 610.6674017220814
v -322.6757337739608 -116.2044115 572.0851531281246
v -322.6757337739608 -116.2044115 572.0851531281246
v -322.02733800068705 -2.017005466666667 572.5901807169372
v -322.02733800068705 -2.017005466666667 572.5901807169372
v -332.3476373919615 -2.017005466666667 610.7889360032091
v -332.3476373919615 -2.017005466666667 610.7889360032091
v -322.6757337739608 111.9951321 572.0851531281246
v -322.6757337739608 111.9951321 572.0851531281246
v -332.9960331652353 112.08276633333334 610.6674017220814
v -332.9960331652353 112.08276633333334 610.6674017220814
v -325.7826301875644 199.19119426666666 571.0722092910712
v -325.7826301875644 199.19119426666666 571.0722092910712
v -336.0759130882858 199.2788285 610.0408398521413
v -336.0759130882858 199.2788285 610.0408398521413
v -332.75288475025764 233.01800833333334 570.7259557881541
v -332.75288475025764 233.01800833333334 570.7259557881541
v -343.18125010374445 233.1932768 608.5784788965861
v -343.18125010374445 233.1932768 608.5784788965861
v -342.8570522171075 260.2722549 569.9652662903999
v -342.8570522171075 260.2722549 569.9652662903999
v -353.20436809893505 260.4475233666667 605.9099831204211
v -353.20436809893505 260.4475233666667 605.9099831204211
v -354.82535753211954 263.25181883333335 603.5716724014328
v -354.82535753211954 263.25181883333335 603.5716724014328
v -346.3691959890072 266.2313827666667 573.095230519372
v -346.3691959890072 266.2313827666667 573.095230519372
v -437.76598353005846 405.65744800000004 635.7048399904013
v -437.76598353005846 406.09561916666667 591.0999755069764
v -448.6266127323944 579.3484984666667 635.8452869494532
v -448.59959624184125 579.8743038666667 590.542204782204
v -1382.2084602844382 -753.2176536000001 371.225096888386
v -1382.2084602844382 -753.2176536000001 371.225096888386
v -1386.5851317540364 -753.2176536000001 382.71941928616883
v -1434.296254070766 -753.2176536000001 396.53424418631056
v -1434.296254070766 -753.2176536000001 396.53424418631056
v -1382.2084602844382 747.6938607000001 371.225096888386
v -1382.2084602844382 747.6938607000001 371.225096888386
v -1386.5851317540364 747.6938607000001 382.71941928616883
v -1434.296254070766 747.6938607000001 396.53424418631056
v -1434.296254070766 747.6938607000001 396.53424418631056
v -1436.9438701449674 -777.404702 502.20208403392735
v -1436.9438701449674 -777.404702 502.20208403392735
v -1436.3765238433527 -773.5487957333335 782.1327270712684
v -1436.3765238433527 -773.5487957333335 782.1327270712684
v -1436.3765238433527 -773.5487957333335 782.1327270712684
v -1298.9976693809685 -770.3063291 762.0172579208161
v -1298.9976693809685 -770.3063291 762.0172579208161
v -1299.8351805881139 -770.3063291 497.95944302412687
v -1299.8351805881139 -770.3063291 497.95944302412687
v -1305.9138909625558 -770.3063291 780.0976767222846
v -1305.9138909625558 -770.3063291 780.0976767222846
v -1305.9138909625558 -770.3063291 780.0976767222846
v -1304.9412973026451 -761.8058084666667 474.3276267890444
v -1330.9311612147028 -761.5429057666666 347.7251513771041
v -1330.9311612147028 -761.5429057666666 347.7251513771041
v -1330.9311612147028 -761.5429057666666 347.7251513771041
v -1436.3765238433527 -757.2488283333333 346.8302889357466
v -1436.3765238433527 -757.2488283333333 346.8302889357466
v -1436.3765238433527 -757.2488283333333 346.8302889357466
v -1436.862820673308 -757.2488283333333 502.10864820776794
v -1436.862820673308 -757.2488283333333 502.10864820776794
v -1298.9976693809685 -753.3052878333334 762.0172579208161
v -1298.9976693809685 -753.3052878333334 762.0172579208161
v -1299.8351805881139 -753.3052878333334 498.17784380322337
v -1299.8351805881139 -753.3052878333334 498.17784380322337
v -1305.9138909625558 -753.3052878333334 780.0976767222846
v -1305.9138909625558 -753.3052878333334 780.0976767222846
v -1305.9138909625558 -753.3052878333334 780.0976767222846
v -1436.3765238433527 -753.3052878333334 782.1327270712684
v -1436.3765238433527 -753.3052878333334 782.1327270712684
v -1436.3765238433527 -753.3052878333334 782.1327270712684
v -1304.9412973026451 -751.9031401 474.3276267890444
v -1304.9412973026451 -751.9031401 474.3276267890444
v -1330.9311612147028 -751.6402374 347.7251513771041
v -1330.9311612147028 -751.6402374 347.7251513771041
v -1330.9311612147028 -751.6402374 347.7251513771041
v -1436.3765238433527 -737.0929546666667 346.8302889357466
v -1436.3765238433527 -737.0929546666667 346.8302889357466
v -1436.3765238433527 -737.0929546666667 346.8302889357466
v -1386.9093296406734 1.1378269333333333 657.3755416965648
v -1409.1439013658537 1.1378269333333333 681.0050566003893
v -1410.9540062329095 1.1378269333333333 702.1466493742071
v 265.09503469872897 781.2577720666667 269.1894055149147
v 299.70315909721745 812.0173879666667 257.0880221418313
v 324.66639636825835 869.6807134999999 248.36366645778799
v 264.1224410388183 972.7385719000001 269.1894055149147
v 343.68600571762283 1025.4943803666667 235.69934280577837
v -1386.9093296406734 -4.7336667 657.3755416965648
v -1409.1439013658537 -4.7336667 681.2228922649376
v -1410.9540062329095 -4.7336667 702.1466493742071
v 137.171951929921 -1083.9492502 322.5736488245234
v 137.171951929921 -1083.9492502 322.5736488245234
v 137.171951929921 -1083.9492502 322.5736488245234
v 137.46913332600482 -1083.1605421000002 326.6133719498869
v 137.46913332600482 -1083.1605421000002 326.6133719498869
v 137.46913332600482 -1083.1605421000002 326.6133719498869
v 250.77629470559944 -1073.0826052666666 248.85725136554305
v 250.77629470559944 -1073.0826052666666 248.85725136554305
v 250.96541013947095 -1072.2938971666667 253.2013624243731
v 250.96541013947095 -1072.2938971666667 253.2013624243731
v 250.1819319134318 -979.0510729 254.31403831665665
v 137.6852652504294 -950.4823128333334 326.4075645174768
v 137.6852652504294 -950.4823128333334 326.4075645174768
v 137.6852652504294 -950.4823128333334 326.4075645174768
v 137.9824466465132 953.5466748000001 326.4075645174768
v 137.9824466465132 953.5466748000001 326.4075645174768
v 137.9824466465132 953.5466748000001 326.4075645174768
v 250.88436066781173 974.7541592666666 248.84118203125786
v 250.99242663002403 1060.7233421666667 248.85725136554305
v 250.99242663002403 1060.7233421666667 248.85725136554305
v 250.96541013947095 1061.4244160333333 253.2013624243731
v 250.96541013947095 1061.4244160333333 253.2013624243731
v 137.76631472208862 1082.5442662666667 326.6133719498869
v 137.76631472208862 1082.5442662666667 326.6133719498869
v 137.76631472208862 1082.5442662666667 326.6133719498869
v 137.4421168354517 1083.3329743666668 322.5736488245234
v 137.4421168354517 1083.3329743666668 322.5736488245234
v 137.4421168354517 1083.3329743666668 322.5736488245234
v -1433.945039693576 -57.3142067 347.20750822798294
v -1433.945039693576 -57.051304 422.481441351022
v -1434.5123859951907 52.05331650000001 347.20750822798294
v -1434.5123859951907 52.05331650000001 423.404943371184
v -368.27956982755063 -57.8400121 585.4987013832088
v -368.38763578976295 -57.8400121 592.2539305290851
v -368.27956982755063 -46.0093906 585.4987013832088
v -368.38763578976295 -46.0093906 592.2539305290851



g Mesh2
usemtl RED
f 29  5 35
f  7 35  5
f 35  7 37
f 10 37  7
f 37 10 40
f 55 53 40
f  9 11 39
f 42 39 11
f 39 42 56
f 58 56 42
f  3 36  6
f 38  6 36
f  6 38  8
f 41  8 38
f  8 41 12
f 23 46 26
f 48 26 46
f 26 48 28
f 50 28 48
f 28 50 33
f 52 33 50
f 33 52 36
f 54 36 52
f 36 54 38
f 57 38 54
f 38 57 41
f  3 33 36
f  2 32  4
f  2 30 32
f 29  1  5
f 46 23 44
f 33 22 18
f 31 21 34
f 31 20 21
f 24 15 25
f 17 25 15
f 25 17 27
f 19 27 17
f 27 19 29
f 33 18 28
f 16 28 18
f 28 16 26
f 14 26 16
f 26 14 23
f 13 15 24
f 40 53 37
f 51 37 53
f 37 51 35
f 49 35 51
f 35 49 29
f 47 29 49
f 29 47 27
f 45 27 47
f 27 45 25
f 43 25 45
f 25 43 24
g Mesh3
usemtl RED
f 74 75 71
f 77 71 75
f 71 77 69
f 82 69 77
f 69 82 64
f 86 64 82
f 64 86 65
f 83 65 86
f 65 83 67
f 79 67 83
f 67 79 61
f 62 80 68
f 84 68 80
f 68 84 66
f 85 66 84
f 66 85 63
f 81 63 85
f 63 81 70
f 78 70 81
f 70 78 72
f 76 72 78
f 72 76 59
f 73 59 76
f 60 74 71
g Mesh4
usemtl RED
f 114 105 102
f 111 102 105
f 102 111 108
f 95 108 111
f 108 95 91
f 94 88 90
f 94 92 88
f 93 96 112
f 99 110 106
f 93 112 100
f 113 100 104
f 100 113 118
f 115 114 102
f 103 117 116
f 103 97 117
f 101 109 98
f 107 87 97
f 107 89 87
g Mesh5
usemtl RED
f 134 131 128
f 131 134 139
f 129 138 136
f 138 129 130
f 135 133 137
f 133 135 123
f 123 135 122
f 136 124 120
f 137 123 135
f 125 140 132
f 126 136 120
f 127 121 134
f 121 127 119
g Mesh6
usemtl RED
f 170 164 193
f 173 193 164
f 193 173 354
f 205 354 173
f 354 205 464
f 273 464 205
f 464 273 302
f 456 354 464
f 146 150 163
f 168 163 150
f 163 168 172
f 192 172 168
f 172 192 203
f 352 203 192
f 203 352 454
f 454 458 203
f 459 203 458
f 203 459 272
f 299 272 459
f 701 459 458
f 639 459 701
f 664 459 639
f 712 459 664
f 723 459 712
f 727 459 723
f 719 459 727
f 719 748 459
f 668 665 641
f 640 641 665
f 641 640 706
f 703 706 640
f 702 759 705
f 467 567 701
f 740 701 567
f 701 740 760
f 763 760 740
f 760 763 767
f 781 767 763
f 767 781 786
f 792 790 788
f 785 788 790
f 788 785 783
f 782 783 785
f 783 782 765
f 764 765 782
f 765 764 739
f 773 786 789
f 773 767 786
f 775 768 774
f 775 772 768
f 791 770 776
f 791 787 770
f 784 770 787
f 784 766 770
f 742 770 766
f 770 742 762
f 569 762 742
f 762 569 704
f 464 704 569
f 704 464 642
f 667 642 464
f 765 739 741
f 568 741 739
f 741 568 570
f 470 570 568
f 470 568 468
f 464 569 469
f 464 714 667
f 464 726 714
f 464 730 726
f 464 721 730
f 464 749 721
f 615 624 464
f 631 464 624
f 464 631 749
f 647 749 631
f 749 647 655
f 655 670 749
f 677 749 670
f 749 677 734
f 687 734 677
f 734 687 698
f 688 678 682 694
f 678 669 673 682
f 669 656 660 673
f 656 648 651 660
f 648 632 635 651
f 632 623 627 635
f 615 464 608
f 608 464 596
f 596 464 588
f 588 464 583
f 583 464 590
f 590 464 598
f 633 626 734
f 617 734 626
f 734 617 464
f 610 464 617
f 464 610 598
f 646 734 464
f 580 459 643
f 572 459 580
f 572 576 459
f 692 606 578 465
f 756 752 744
f 736 744 752
f 744 736 716
f 708 716 736
f 716 708 685
f 460 685 708
f 685 460 459
f 287 459 460
f 459 287 336
f 459 604 685
f 576 604 459
f 154 176 179
f 187 179 176
f 179 187 196
f 211 196 187
f 196 211 235
f 287 235 211
f 235 287 460
f 156 153 181
f 180 181 153
f 181 180 198
f 195 198 180
f 198 195 238
f 236 238 195
f 238 236 461
f 178 155 189
f 182 189 155
f 189 182 213
f 197 213 182
f 213 197 289
f 237 289 197
f 289 237 465
f 465 337 289
f 346 337 465 356 355
f 343 459 336
f 348 459 343
f 348 339 459
f 341 464 334
f 201 334 464
f 321 464 327
f 327 464 320
f 320 464 312
f 312 464 304
f 304 464 291
f 247 255 185
f 264 185 255
f 185 264 464
f 279 464 264
f 464 279 291
f 247 185 240
f 222 215 201
f 219 201 215
f 201 219 185
f 228 185 219
f 185 228 240
f 222 201 230
f 230 201 242
f 242 201 249
f 249 201 258
f 258 201 266
f 201 282 266
f 321 314 464
f 305 464 314
f 464 305 201
f 293 201 305
f 201 293 282
f 294 306 309 297
f 306 313 317 309
f 313 322 325 317
f 322 328 330 325
f 328 319 324 330
f 319 311 316 324
f 311 303 307 316
f 303 292 295 307
f 292 280 283 295
f 280 263 268 283
f 263 256 260 268
f 256 248 251 260
f 248 239 243 251
f 239 227 232 243
f 227 220 223 232
f 220 216 217 223
f 216 221 225 217
f 221 229 234 225
f 229 241 245 234
f 241 250 253 245
f 250 257 262 253
f 257 265 270 262
f 265 281 286 270
f 281 294 297 286
f 218 226 233 246 254 261 269 285 298 310 318 326 329 323 315 308 296 284 267 259 252 244 231 224
f 464 209 185
f 278 209 464
f 276 459 207
f 299 459 276
f 171 206 174
f 162 174 166
f 171 174 162
f 148 164 151
f 148 143 164
f 146 157 141
f 163 157 146
f 161 159 158
f 161 165 159
f 143 160 164
f 164 170 151
f 194 191 169
f 351 191 194
f 191 167 169
f 149 169 167
f 169 149 152
f 145 152 149
f 152 145 147
f 142 147 145
f 147 142 144
f 468 457 463
f 453 463 457
f 463 453 455
f 351 455 453
f 455 351 353
f 194 353 351
f 464 302 278
f 184 207 459
f 171 204 206
f 271 206 204
f 206 271 274
f 300 274 271
f 274 300 301
f 275 301 300
f 301 275 277
f 208 277 275
f 277 208 210
f 183 210 208
f 210 183 186
f 184 459 199
f 199 459 332
f 339 332 459
f 425 433 464
f 465 464 433
f 464 465 483
f 476 483 465
f 442 465 433
f 465 442 450
f 441 434 437 445
f 434 426 429 437
f 426 417 421 429
f 417 410 413 421
f 410 402 405 413
f 394 401 341
f 409 341 401
f 341 409 464
f 418 464 409
f 464 418 425
f 394 341 385
f 385 341 378
f 378 341 369
f 369 341 362
f 362 341 358
f 358 341 364
f 396 388 465
f 380 465 388
f 465 380 341
f 371 341 380
f 341 371 364
f 465 341 350
f 350 346 355 356 465
f 396 465 403
f 465 412 403
f 465 419 412
f 465 428 419
f 465 436 428
f 465 443 436
f 465 450 443
f 449 441 445 451
f 408 415 423 432 439 447 452 446 438 430 422 414 406 398 390 381 373 365 360 368 376 383 392 400
f 404 411 416 407
f 411 420 424 416
f 420 427 431 424
f 427 435 440 431
f 435 444 448 440
f 444 449 451 448
f 395 404 407 399
f 387 395 399 391
f 379 387 391 384
f 372 379 384 375
f 363 372 375 367
f 357 363 367 359
f 361 357 359 366
f 370 361 366 374
f 377 370 374 382
f 386 377 382 389
f 393 386 389 397
f 402 393 397 405
f 471 476 465
f 492 464 483
f 492 499 464
f 507 464 499
f 464 507 581
f 515 581 507
f 581 515 523
f 516 508 512 520
f 508 500 504 512
f 500 491 495 504
f 491 484 488 495
f 484 475 479 488
f 471 465 478
f 478 465 486
f 486 465 494
f 494 465 501
f 501 465 510
f 510 465 518
f 465 526 518
f 558 550 581
f 541 581 550
f 581 541 465
f 534 465 541
f 465 534 526
f 558 581 564
f 564 581 555
f 555 581 548
f 548 581 540
f 540 581 532
f 532 581 523
f 524 516 520 527
f 522 530 537 545 554 561 565 559 551 544 535 528 519 511 503 496 487 480 474 482 490 498 506 514
f 517 525 529 521
f 525 533 538 529
f 533 542 546 538
f 542 549 553 546
f 549 557 562 553
f 557 563 566 562
f 563 556 560 566
f 556 547 552 560
f 547 539 543 552
f 539 531 536 543
f 531 524 527 536
f 509 517 521 513
f 502 509 513 505
f 493 502 505 497
f 485 493 497 489
f 477 485 489 481
f 472 477 481 473
f 475 472 473 479
f 578 574 465
f 581 465 574
f 464 581 646
f 288 338 335
f 345 335 338
f 335 345 344
f 349 344 345
f 344 349 347
f 342 347 349
f 347 342 340
f 333 340 342
f 340 333 331
f 202 331 333
f 331 202 200
f 175 177 188
f 190 188 177
f 188 190 212
f 214 212 190
f 212 214 288
f 290 288 214
f 288 290 338
f 238 461 466
f 466 461 709
f 461 707 709
f 735 709 707
f 709 735 738
f 751 738 735
f 738 751 753
f 778 753 751
f 753 778 780
f 465 710 692
f 737 692 710
f 692 737 717
f 754 717 737
f 717 754 745
f 779 745 754
f 745 779 757
f 777 752 756
f 686 718 715
f 746 715 718
f 715 746 743
f 758 743 746
f 743 758 755
f 459 731 643
f 748 731 459
f 732 733 644
f 645 644 733
f 644 645 579
f 582 579 645
f 579 582 571
f 573 571 582
f 571 573 575
f 577 575 573
f 575 577 603
f 605 603 577
f 603 605 686
f 691 686 605
f 686 691 718
f 734 649 633
f 734 658 649
f 734 671 658
f 734 680 671
f 734 689 680
f 734 698 689
f 697 688 694 699
f 637 653 661 676 684 696 700 693 681 674 659 652 636 628 620 612 600 592 586 594 601 614 622 630
f 634 650 654 638
f 650 657 662 654
f 657 672 675 662
f 672 679 683 675
f 679 690 695 683
f 690 697 699 695
f 625 634 638 629
f 618 625 629 621
f 609 618 621 613
f 597 609 613 602
f 589 597 602 593
f 584 589 593 585
f 587 584 585 591
f 595 587 591 599
f 607 595 599 611
f 616 607 611 619
f 623 616 619 627
f 663 666 711
f 713 711 666
f 711 713 724
f 725 724 713
f 724 725 728
f 729 728 725
f 728 729 720
f 722 720 729
f 720 722 747
f 750 747 722
f 769 771 761
f 761 759 769
f 761 705 759
f 469 462 464
f 468 463 470
f 467 701 458
f 464 462 456
g Mesh7
usemtl RED
f 898 859 848
f 823 848 859
f 848 823 822
f 806 822 823
f 822 806 817
f 797 817 806
f 817 797 810
f 794 810 797
f 810 794 816
f 795 816 794
f 816 795 825
f 807 825 795
f 825 807 853
f 831 853 807
f 879 911 834
f 871 834 911
f 834 871 811
f 842 811 871
f 811 841 803
f 889 836 846
f 814 846 836
f 846 814 827
f 802 827 814
f 827 802 819
f 799 819 802
f 819 799 829
f 803 829 799
f 829 803 842
f 909 926 872
f 913 872 926
f 872 913 841
f 891 841 913
f 841 891 829
f 863 830 891
f 830 863 820
f 941 934 892
f 881 892 934
f 892 881 863
f 856 863 881
f 863 856 819
f 820 856 828
f 915 889 896
f 846 896 889
f 896 846 865
f 827 865 846
f 865 827 856
f 940 937 935
f 900 869 938
f 839 869 900
f 851 907 826
f 873 826 907
f 826 873 815
f 850 815 873
f 815 850 809
f 844 809 850
f 809 844 840
f 833 837 852
f 888 852 837
f 852 888 908
f 914 908 888
f 908 914 922
f 894 875 854
f 935 937 931
f 894 882 936
f 854 882 894
f 921 899 904
f 847 904 899
f 904 847 867
f 821 867 847
f 867 821 840
f 818 840 821
f 840 818 809
f 840 843 870
f 857 870 843
f 870 857 939
f 933 939 857
f 936 932 894
f 858 894 932
f 894 858 875
f 845 875 858
f 877 843 884
f 849 884 843
f 884 849 906
f 874 906 849
f 906 874 924
f 907 924 873
f 855 876 866
f 883 866 876
f 866 883 895
f 905 895 883
f 895 905 916
f 923 916 905
f 930 925 920
f 910 920 925
f 920 910 897
f 880 897 910
f 897 880 861
f 927 928 912
f 917 912 928
f 912 917 890
f 901 890 917
f 890 901 862
f 887 862 901
f 929 919 918
f 903 918 919
f 918 903 902
f 868 902 903
f 902 868 885
f 840 885 867
f 900 886 839
f 938 942 900
f 893 900 942
f 900 893 886
f 864 886 893
f 860 878 824
f 835 824 878
f 824 835 805
f 812 805 835
f 805 812 798
f 804 798 812
f 798 804 793
f 800 793 804
f 793 800 796
f 801 796 800
f 796 801 808
f 813 808 801
f 808 813 832
f 838 832 813
g Mesh8
usemtl RED
f 943 944 945
f 943 944 945
f 945 944 946
f 945 944 946
g Mesh10
usemtl RED
f 1003 980 982
f 1003 1001 980
f 979 1002 977
f 999 977 1002
f 977 999 975
f 997 975 999
f 975 997 969
f 994 969 997
f 969 990 967
f 987 967 990
f 967 987 965
f 985 965 987
f 965 985 964
f 984 964 985
f 948 963 950
f 966 950 963
f 950 966 952
f 968 952 966
f 952 968 954
f 972 954 968
f 954 972 956
f 976 956 972
f 956 976 958
f 978 958 976
f 958 978 962
f 981 962 978
f 963 983 966
f 986 966 983
f 966 986 968
f 988 968 986
f 968 988 972
f 992 972 988
f 973 993 996
f 973 971 993
f 991 970 974
f 991 989 970
f 972 995 976
f 998 976 995
f 976 998 978
f 1000 978 998
f 978 1000 981
f 1004 981 1000
f 982 960 961
f 960 982 980
f 964 947 965
f 949 965 947
f 965 949 967
f 951 967 949
f 967 951 969
f 953 969 951
f 969 953 975
f 955 975 953
f 975 955 977
f 957 977 955
f 977 957 979
f 959 979 957
g Mesh12
usemtl RED
f 1017 1019 1014
f 1020 1018 1011
f 1018 1010 1011
f 1009 1007 1012
f 1009 1005 1007
f 1016 1008 1006
f 1016 1006 1013
f 1019 1015 1014
g Mesh13
usemtl RED
f 1044 1040 1022
f 1031 1042 1045
f 1031 1028 1042
f 1034 1029 1032
f 1035 1025 1027
f 1037 1026 1034
f 1036 1023 1025
f 1044 1022 1037
f 1038 1033 1043
f 1039 1034 1032
f 1024 1021 1041 1030
g Mesh14
usemtl RED
f 1076 1066 1079
f 1076 1064 1066
f 1068 1060 1070
f 1062 1070 1060
f 1070 1062 1072
f 1065 1072 1062
f 1072 1065 1074
f 1085 1098 1082
f 1096 1082 1098
f 1082 1096 1080
f 1094 1080 1096
f 1080 1094 1074
f 1092 1074 1094
f 1074 1092 1072
f 1090 1072 1092
f 1072 1090 1070
f 1088 1070 1090
f 1070 1088 1068
f 1050 1074 1047
f 1046 1075 1078
f 1046 1078 1049
f 1087 1053 1083
f 1051 1083 1053
f 1083 1051 1081
f 1048 1081 1051
f 1081 1048 1077
f 1077 1067 1063
f 1077 1063 1073
f 1061 1073 1063
f 1073 1061 1071
f 1059 1071 1061
f 1071 1059 1069
f 1058 1060 1068
f 1091 1069 1089
f 1069 1091 1071
f 1093 1071 1091
f 1071 1093 1073
f 1095 1073 1093
f 1073 1095 1077
f 1097 1077 1095
f 1077 1097 1081
f 1099 1081 1097
f 1081 1099 1083
f 1102 1083 1099
f 1083 1102 1087
f 1057 1053 1087
f 1103 1100 1086
f 1084 1086 1100
f 1086 1084 1056
f 1055 1056 1084
f 1101 1098 1085
f 1074 1050 1080
f 1052 1080 1050
f 1080 1052 1082
f 1054 1082 1052
f 1082 1054 1085
g Mesh15
usemtl RED
f 1104 1114 1112
f 1105 1111 1115
f 1105 1106 1111
f 1108 1110 1107
f 1108 1112 1110
f 1113 1109 1104
g Mesh16
usemtl RED
f 1118 1123 1119
f 1126 1121 1122
f 1116 1120 1127
f 1117 1118 1119
f 1124 1116 1127
f 1124 1127 1131
f 1131 1126 1130
f 1126 1122 1130
f 1129 1125 1131
f 1125 1129 1128
g Mesh18
usemtl RED
f 1155 1150 1159
f 1156 1141 1154
f 1139 1157 1161
f 1162 1155 1159
f 1163 1158 1146
f 1160 1152 1145
f 1152 1138 1145
f 1151 1154 1141
f 1154 1134 1143 1151
f 1133 1153 1140
f 1153 1149 1140
f 1142 1140 1149
f 1140 1142 1133
f 1137 1138 1135
f 1138 1137 1148
f 1132 1147 1136
f 1147 1132 1139
f 1144 1139 1161
g Mesh19
usemtl RED
f 1208 1186 1189
f 1208 1207 1186
f 1187 1206 1184
f 1204 1184 1206
f 1184 1204 1182
f 1202 1182 1204
f 1182 1202 1180
f 1201 1180 1202
f 1165 1181 1167
f 1183 1167 1181
f 1167 1183 1169
f 1185 1169 1183
f 1169 1185 1171
f 1190 1171 1185
f 1171 1190 1173
f 1193 1173 1190
f 1173 1193 1175
f 1195 1175 1193
f 1175 1195 1178
f 1198 1178 1195
f 1181 1200 1183
f 1203 1183 1200
f 1183 1203 1185
f 1205 1185 1203
f 1185 1205 1190
f 1209 1190 1205
f 1191 1210 1212
f 1191 1188 1210
f 1211 1187 1214
f 1192 1214 1187
f 1214 1192 1216
f 1194 1216 1192
f 1216 1194 1219
f 1196 1219 1194
f 1180 1164 1182
f 1166 1182 1164
f 1182 1166 1184
f 1168 1184 1166
f 1184 1168 1187
f 1170 1187 1168
f 1187 1170 1192
f 1172 1192 1170
f 1192 1172 1194
f 1174 1194 1172
f 1194 1174 1196
f 1177 1196 1174
f 1176 1199 1197
f 1199 1176 1179
f 1221 1197 1199
f 1221 1218 1197
f 1190 1213 1193
f 1215 1193 1213
f 1193 1215 1195
f 1217 1195 1215
f 1195 1217 1198
f 1220 1198 1217
g Mesh20
usemtl RED
f 1223 1229 1253
f 1227 1253 1229
f 1253 1227 1251
f 1225 1251 1227
f 1251 1225 1242
f 1247 1223 1253
f 1248 1241 1222
f 1244 1224 1240
f 1226 1240 1224
f 1240 1226 1241
f 1228 1241 1226
f 1241 1228 1222
f 1235 1252 1250
f 1235 1246 1252
f 1249 1236 1237
f 1234 1237 1236
f 1234 1236 1232
f 1230 1232 1236
f 1238 1233 1231
f 1233 1238 1245
f 1239 1235 1243
f 1243 1235 1250
g Mesh21
usemtl RED
f 1257 1263 1261
f 1256 1254 1264
f 1258 1259 1255
f 1260 1257 1261
f 1259 1262 1255
g Mesh22
usemtl RED
f 1283 1274 1271
f 1282 1284 1273
f 1286 1281 1278
f 1281 1279 1278
f 1280 1283 1271
f 1271 1269 1280
f 1272 1275 1270
f 1275 1266 1270
f 1284 1267 1273
f 1265 1285 1277
f 1268 1265 1277
f 1269 1276 1280
g Mesh23
usemtl RED
f 1290 1305 1291
f 1305 1290 1301
f 1315 1309 1297
f 1293 1297 1309
f 1297 1293 1302
f 1300 1302 1293
f 1302 1300 1289
f 1304 1308 1298
f 1292 1307 1303
f 1292 1303 1287
f 1288 1302 1289
f 1317 1296 1307
f 1317 1316 1296
f 1310 1314 1318
f 1294 1311 1312
f 1310 1318 1313
f 1294 1312 1305
f 1306 1299 1295
g Mesh25
usemtl RED
f 1353 1346 1352
f 1350 1352 1346
f 1352 1350 1357
f 1340 1357 1350
f 1351 1338 1347
f 1343 1347 1338
f 1347 1343 1348
f 1345 1348 1343
f 1348 1345 1353
f 1354 1348 1353
f 1328 1371 1359
f 1376 1360 1372
f 1360 1376 1361
f 1373 1361 1376
f 1361 1373 1366
f 1358 1368 1374
f 1357 1339 1367
f 1345 1343 1341
f 1354 1347 1349
f 1347 1354 1351
f 1351 1355 1338
f 1344 1332 1341
f 1331 1341 1332
f 1345 1342 1350
f 1330 1350 1342
f 1350 1330 1339
f 1323 1339 1330
f 1339 1323 1327
f 1324 1336 1325
f 1337 1324 1322
f 1321 1323 1331
f 1321 1331 1332
f 1329 1319 1333
f 1328 1335 1320
f 1359 1335 1328
f 1334 1337 1322
f 1365 1377 1363
f 1370 1363 1377
f 1363 1370 1355
f 1329 1355 1370
f 1355 1329 1338
f 1333 1338 1329
f 1338 1333 1343
f 1369 1325 1336
f 1326 1367 1339
f 1336 1362 1369
f 1352 1358 1364
f 1357 1374 1364
f 1377 1365 1375
f 1352 1364 1353
f 1363 1353 1364
f 1353 1363 1354
f 1356 1354 1363
f 1354 1356 1351
g Mesh26
usemtl RED
f 1457 1453 1447
f 1443 1447 1453
f 1447 1443 1436
f 1433 1436 1443
f 1436 1433 1428
f 1430 1428 1433
f 1428 1430 1420
f 1453 1454 1443
f 1444 1443 1454
f 1443 1444 1433
f 1435 1433 1444
f 1433 1435 1430
f 1455 1464 1445
f 1459 1445 1464
f 1445 1459 1434
f 1449 1434 1459
f 1434 1449 1439
f 1406 1419 1422
f 1438 1422 1419
f 1422 1438 1442
f 1448 1442 1438
f 1442 1448 1452
f 1458 1452 1448
f 1452 1458 1462
f 1463 1462 1458
f 1462 1463 1467
f 1397 1406 1403
f 1422 1403 1406
f 1403 1422 1425
f 1442 1425 1422
f 1425 1442 1440
f 1452 1440 1442
f 1440 1452 1450
f 1462 1450 1452
f 1450 1462 1461
f 1467 1461 1462
f 1461 1467 1465
f 1434 1439 1429
f 1418 1429 1439
f 1429 1418 1421
f 1413 1421 1418
f 1408 1412 1414
f 1417 1414 1412
f 1414 1417 1420
f 1423 1420 1417
f 1420 1423 1428
f 1432 1428 1423
f 1428 1432 1436
f 1400 1402 1412
f 1410 1412 1402
f 1412 1410 1417
f 1415 1417 1410
f 1417 1415 1423
f 1427 1423 1415
f 1423 1427 1432
f 1379 1378 1384
f 1383 1384 1378
f 1384 1383 1395
f 1393 1395 1383
f 1395 1393 1405
f 1403 1405 1393
f 1405 1403 1425
f 1378 1381 1383
f 1387 1383 1381
f 1383 1387 1393
f 1397 1393 1387
f 1393 1397 1403
f 1446 1466 1456
f 1413 1418 1407
f 1413 1407 1409
f 1407 1396 1409
f 1386 1409 1396
f 1409 1386 1401
f 1382 1401 1386
f 1401 1382 1391
f 1402 1399 1410
f 1400 1412 1408
f 1400 1390 1402
f 1392 1402 1390
f 1402 1392 1399
f 1389 1399 1392
f 1466 1446 1460
f 1437 1460 1446
f 1460 1437 1451
f 1431 1451 1437
f 1451 1431 1441
f 1426 1441 1431
f 1441 1426 1424
f 1416 1424 1426
f 1424 1416 1404
f 1411 1404 1416
f 1404 1411 1394
f 1398 1394 1411
f 1394 1398 1385
f 1388 1385 1398
f 1385 1388 1380
g Mesh27
usemtl RED
f 1470 1468 1478
f 1469 1472 1477
f 1472 1475 1477
f 1473 1474 1476
f 1473 1471 1474
f 1470 1478 1474
g Mesh28
usemtl RED
f 1931 2027 1856
f 2065 1856 2027
f 1856 2065 1857
f 1964 1857 2065
f 1857 1964 1849
f 1848 1850 1747
f 1848 1962 1850
f 2075 2073 2053
f 2051 2053 2073
f 2053 2051 2036
f 2035 2036 2051
f 2036 2035 2026
f 2024 2026 2035
f 2026 2024 2009
f 2008 2009 2024
f 2009 2008 1963
f 1961 1963 2008
f 1963 1961 1847
f 2038 2040 2049
f 2059 2049 2040
f 2049 2059 2068
f 2066 2068 2059
f 2068 2066 2092
f 2076 2092 2066
f 2092 2076 2084
f 2052 2084 2076
f 2084 2052 2037
f 2037 2025 2084
f 2065 2084 2025
f 2084 2065 2093
f 2083 2093 2065
f 2010 2065 2025
f 2065 2010 1964
f 1856 1927 1931
f 1856 1912 1927
f 1856 1902 1912
f 1856 1890 1902
f 1856 1882 1890
f 1882 1856 1830
f 1856 1824 1830
f 1824 1856 1812
f 1812 1856 1801
f 1801 1856 1792
f 1605 1656 1663
f 1763 1663 1656
f 1663 1763 1856
f 1779 1856 1763
f 1856 1779 1792
f 1849 1744 1857
f 1625 1857 1744
f 1857 1625 1856
f 1663 1856 1625
f 1744 1679 1625
f 1664 1625 1679
f 1625 1664 1598
f 1645 1598 1664
f 1598 1645 1630
f 1846 1746 1745
f 1680 1745 1746
f 1745 1680 1678
f 1666 1678 1680
f 1678 1666 1665
f 1647 1665 1666
f 1665 1647 1646
f 1632 1646 1647
f 1646 1632 1631
f 1613 1631 1632
f 1631 1613 1611
f 1630 1609 1598
f 1592 1598 1609
f 1598 1592 1584
f 1585 1584 1592
f 1584 1585 1579
f 1561 1579 1585
f 1579 1561 1552
f 1553 1552 1561
f 1552 1553 1533
f 1523 1533 1553
f 1533 1523 1538
f 1520 1538 1523
f 1618 1626 1616
f 1634 1616 1626
f 1616 1634 1623
f 1654 1623 1634
f 1634 1626 1648
f 1627 1629 1648
f 1626 1620 1629
f 1620 1626 1619
f 1619 1610 1620
f 1621 1620 1610
f 1620 1621 1629
f 1628 1629 1621
f 1610 1612 1622
f 1634 1648 1652
f 1650 1688 1651
f 1649 1692 1689
f 1708 1689 1692
f 1688 1708 1693
f 1758 1693 1708
f 1693 1758 1741
f 1809 1741 1758
f 1741 1809 1806
f 1837 1806 1809
f 1806 1837 1858
f 1908 1858 1837
f 1858 1908 1940
f 1967 1940 1908
f 1940 1967 2004
f 1996 2004 1967
f 2004 1996 2007
f 1999 2007 1996
f 2007 1999 2013
f 1908 1837 1906
f 1838 1836 1907
f 1836 1838 1810
f 1836 1810 1757
f 1836 1757 1709
f 1836 1709 1692
f 1692 1843 1836
f 1997 1836 1843
f 1836 1997 1991
f 2000 1991 1997
f 1992 2004 2007
f 2007 2013 1992
f 2013 2070 1993
f 2096 2089 2063
f 2070 2063 2089
f 2063 2070 2029
f 2013 2029 2070
f 2029 2013 2001
f 2028 2049 2064
f 2029 1999 2039
f 2000 2041 2039
f 2000 1997 2042
f 2028 2038 2049
f 2058 2060 2040
f 2059 2058 2062
f 2061 2062 2058
f 2062 2061 2075
f 2074 2075 2061
f 2067 2059 2062
f 2057 2061 2058
f 1931 2034 2027
f 2083 2027 2034
f 2027 2083 2065
f 2084 2099 2092
f 2098 2092 2099
f 2092 2098 2096
f 2091 2096 2098
f 2084 2093 2099
f 2107 2099 2093
f 2099 2107 2098
f 2128 2098 2107
f 2098 2128 2091
f 2118 2091 2128
f 2091 2118 2100
f 2129 2100 2118
f 2100 2129 2113
f 2138 2150 2132
f 2131 2132 2150
f 2132 2131 2128
f 2129 2128 2131
f 2128 2129 2118
f 2107 2132 2128
f 2107 2094 2095
f 2082 2095 2094
f 2095 2082 2081
f 2033 2081 2082
f 2081 2033 2016
f 1934 1958 2016 2033
f 2015 1957 1937 1767
f 1959 1936 1956
f 1937 1959 1945
f 1959 1951 1945
f 1959 1968 1951
f 1972 1951 1968
f 1951 1972 1954
f 1960 1954 1972
f 1972 1974 1960
f 1975 1960 1974
f 1960 1975 1969
f 1973 1969 1975
f 1975 1977 1973
f 1979 1973 1977
f 1973 1979 1976
f 1978 1976 1979
f 1979 1980 1978
f 1982 1978 1980
f 1978 1982 1981
f 1983 1981 1982
f 1982 1984 1983
f 1985 1983 1984
f 1983 1985 1988
f 1990 1988 1985
f 1990 1985 1987
f 1989 1990 1987 1986
f 1935 1768 1782 1794 1804 1814 1826 1832 1883 1893 1905 1913 1929
f 1781 1766 1764 1780
f 1655 1769 1765
f 1769 1655 1670 1750
f 1614 1670 1655 1607
f 1669 1615 1661
f 1660 1661 1615 1608 1659
f 1661 1660 1662 1783 1669
f 1659 1662 1660
f 1861 1783 1662 1659
f 1930 1669 1783
f 1669 1930 2015
f 1783 1861 1930
f 2030 1930 1861
f 1930 2030 2015
f 2080 2015 2030
f 1834 2032 1863
f 1834 1994 2031
f 1995 1835 2055
f 1697 2055 1835
f 2055 1697 1635
f 1570 1635 1697
f 1696 1833 1657
f 1833 1862 1657
f 1696 1657 1573
f 1571 1658 1575
f 1659 1608 1578
f 1563 1574 1607 1588
f 1607 1574 1575
f 1563 1575 1574
f 1575 1563 1559
f 1565 1559 1563
f 1559 1565 1557
f 1558 1540 1577
f 1558 1513 1540
f 1508 1511 1560
f 1510 1516 1512
f 1510 1521 1516
f 1522 1509 1537
f 1555 1508 1560
f 1565 1563 1568
f 1588 1568 1563
f 1606 1590 1588
f 1579 1588 1590
f 1588 1579 1567
f 1552 1567 1579
f 1567 1552 1547
f 1533 1547 1552
f 1547 1533 1538
f 1520 1504 1503
f 1505 1496 1503
f 1486 1503 1496
f 1503 1486 1501
f 1497 1501 1486
f 1501 1497 1517
f 1499 1517 1497
f 1517 1499 1519
f 1491 1486 1496
f 1494 1485 1492
f 1687 1548 1591
f 1544 1591 1548
f 1591 1544 1530
f 1529 1530 1544
f 1530 1529 1524
f 1507 1524 1529
f 1524 1507 1495
f 1514 1525 1528
f 1543 1528 1525
f 1528 1543 1527
f 1542 1527 1543
f 1514 1528 1527
f 1545 1597 1542
f 1595 1543 1550
f 1799 1604 1548
f 1596 1549 1603
f 1596 1603 1668
f 2078 1667 1602
f 1667 2078 2022
f 2079 2086 2023
f 2086 2079 2135
f 2134 2077 2002
f 1551 1686 1601
f 1796 1601 1686
f 1601 1796 2077
f 1915 2077 1796
f 2077 1915 2002
f 1797 1687 1684
f 1591 1684 1687
f 1684 1591 1633
f 1530 1633 1591
f 1633 1530 1524
f 1694 1798 1684
f 1495 1491 1524
f 1633 1524 1491
f 1590 1584 1579
f 1607 1606 1588
f 1606 1607 1655
f 1625 1605 1663
f 1605 1625 1590
f 1598 1590 1625
f 1590 1598 1584
f 1553 1561 1554
f 1520 1523 1504
f 1553 1504 1523
f 1504 1553 1496
f 1554 1496 1553
f 1496 1554 1491
f 1566 1491 1554
f 1491 1566 1633
f 1644 1633 1566
f 1633 1644 1694
f 1593 1624 1600
f 1653 1599 1624
f 1599 1653 1677
f 1690 1677 1653
f 1654 1634 1652
f 1653 1651 1688
f 1599 1677 1721
f 1806 1777 1741
f 1691 1741 1777
f 1741 1691 1693
f 1683 1693 1691
f 1693 1683 1688
f 1875 1878 1828
f 1860 1828 1878
f 1828 1860 1691
f 1720 1691 1860
f 1691 1720 1683
f 1677 1683 1720
f 1683 1677 1688
f 1720 1860 1852
f 1870 1899 1875
f 1885 1875 1899
f 1875 1885 1880
f 2004 1880 1885
f 1880 2004 1859
f 1992 1859 2004
f 1859 1992 1853
f 1901 1853 1992
f 1853 1901 1866
f 1916 1866 1901
f 1866 1916 1887
f 1901 1992 2005
f 2070 2005 1992
f 2005 2070 2050
f 2100 2050 2070
f 2050 2100 2113
f 2100 2070 2091
f 2090 2091 2071
f 2090 2097 2091
f 2068 2096 2063
f 2096 2068 2092
f 2067 2062 2075
f 2069 2064 2049
f 2163 2174 2171
f 2163 2179 2174
f 2178 2164 2145
f 2107 2117 2132
f 2138 2132 2117
f 2146 2150 2138
f 2150 2146 2160
f 2162 2160 2146
f 2169 2181 2162
f 2180 2162 2181
f 2162 2180 2160
f 2131 2160 2180
f 2160 2131 2150
f 2190 2198 2192
f 2120 2137 2116
f 2145 2137 2120
f 2145 2120 2178
f 2127 2145 2120
f 2145 2127 2178
f 2178 2120 2127
f 2176 2177 2122
f 2119 2122 2177
f 2107 2095 2115
f 2121 2115 2095
f 2115 2121 2119
f 2123 2119 2121
f 2119 2123 2126
f 2122 2177 2125
f 2095 2081 2108 2121
f 2081 2110 2108
f 2109 2080 2030
f 2101 2110 2031
f 2143 2124 2111
f 2124 2143 2175
f 2174 2142 2151
f 2142 2168 2174
f 2168 2142 2151 2156
f 2112 2102 2144
f 2147 2144 2102
f 2144 2147 2152
f 2165 2152 2147
f 2102 2106 2147
f 2148 2147 2106
f 2147 2148 2165
f 2167 2165 2148
f 2165 2167 2184
f 2186 2184 2167
f 2184 2186 2196
f 2194 2196 2186
f 2196 2194 2205
f 2202 2205 2194
f 2104 1536 2149
f 1518 2149 1536
f 2149 1518 2166
f 1500 2166 1518
f 2166 1500 2187
f 1488 2187 1500
f 2187 1488 2195
f 1481 2195 1488
f 2195 1481 2203
f 1517 1519 1534
f 1535 1534 1519
f 1534 1535 1572
f 1582 1572 1535
f 1576 1539 1572
f 1581 1536 2104
f 1580 1636 1571
f 1581 1879 1637
f 1889 1854 2017
f 2021 2017 1854
f 2017 2021 2044
f 2047 2044 2021
f 2044 2047 2045
f 2048 2045 2047
f 2045 2048 2056
f 2054 1637 2046
f 1639 2046 1637
f 2046 1639 2043
f 1641 2043 1639
f 2043 1641 2018
f 1672 2018 1641
f 2018 1672 2019
f 1673 2019 1672
f 2019 1673 2012
f 1681 2012 1673
f 1855 1888 1674
f 1671 1674 1888
f 1674 1671 1643
f 1640 1643 1671
f 1643 1640 1642
f 1638 1642 1640
f 1642 1638 1636
f 2011 1682 2014
f 1676 2014 1682
f 2014 1676 2020
f 1675 2020 1676
f 1541 1512 1532
f 1512 1516 1532
f 1572 1539 1534
f 1531 1534 1539
f 1534 1531 1517
f 1515 1517 1531
f 1517 1515 1501
f 1503 1502 1515
f 1498 2185 1490
f 2197 1490 2185
f 1490 2197 1483
f 2206 1483 2197
f 2172 2159 2188
f 2003 2006 2088
f 2072 2088 2006
f 2088 2072 2159
f 2192 2159 2072
f 2159 2192 2188
f 2182 2198 2181
f 2190 2181 2198
f 2181 2190 2180
f 2131 2180 2190
f 2131 2190 2130
f 2192 2130 2190
f 2130 2192 2114
f 2072 2114 2192
f 2113 2072 2050
f 1998 2050 2072
f 2050 1998 2005
f 1901 2005 1998
f 2006 1998 2072
f 1998 2006 1917
f 2006 2003 1916
f 2172 2157 2159
f 2140 2159 2157
f 2159 2140 2088
f 2133 2088 2140
f 2088 2133 2003
f 2139 2158 2154
f 2161 2154 2158
f 2161 2153 2154
f 2141 2154 2153
f 2154 2141 2139
f 2087 2139 2141
f 2139 2085 2136
f 1998 1916 1901
f 1866 1887 1864
f 1886 1796 1821
f 1796 1886 1915
f 1694 1684 1633
f 1811 1685 1720
f 1720 1685 1599
f 1811 1720 1852
f 1811 1852 1865
f 1587 1594 1589
f 1599 1589 1594
f 1562 1589 1583
f 1599 1583 1589
f 1583 1599 1644
f 1685 1644 1599
f 1644 1685 1695
f 1811 1695 1685
f 1695 1811 1797
f 1865 1797 1811
f 1797 1865 1822
f 1864 1822 1865
f 1618 1617 1592
f 1586 1592 1617
f 1592 1586 1585
f 1589 1585 1586
f 1585 1589 1561
f 1562 1561 1589
f 1561 1562 1554
f 1583 1554 1562
f 1554 1583 1566
f 1644 1566 1583
f 2193 2200 2189
f 2193 2198 2200
f 2169 2183 2181
f 2158 2173 2161
f 2189 2161 2173
f 2161 2189 2191
f 2200 2191 2189
f 2191 2200 2196
f 2199 2196 2200
f 2196 2199 2184
f 2182 2184 2199
f 2184 2182 2165
f 2169 2165 2182
f 2152 2165 2170 2155
f 2168 2174 2151 2156
f 2201 1479 1482
f 1489 1484 1480
f 2201 1482 2204
f 1489 1480 1487
f 1492 1485 1486
f 1489 1486 1485
f 1486 1489 1497
f 1487 1497 1489
f 1497 1487 1499
f 1489 1485 1493
f 1494 1493 1485
f 1493 1494 1514
f 1506 1514 1494
f 1514 1506 1525
f 1520 1503 1515
f 2101 2056 2105
f 2103 1995 2055
f 2101 2030 1994
f 1879 2104 2054
f 2123 2121 2110
f 2121 2108 2110
f 2115 2108 2121
f 1875 1827 1817
f 1790 1817 1827
f 1875 1828 1827
f 1691 1827 1828
f 1827 1691 1736
f 1772 1736 1691
f 1827 1736 1790
f 1742 1790 1736
f 1772 1691 1776
f 1858 1777 1806
f 1777 1858 1845
f 1940 1845 1858
f 1939 1839 1844
f 1939 1942 1839
f 1899 1924 1885
f 1970 1885 1924
f 1885 1970 2004
f 1944 2004 1970
f 2004 1944 1941
f 1908 1906 1967
f 1953 1967 1906
f 1967 1953 1996
f 1991 1996 1953
f 1996 1991 1999
f 1952 1907 1836
f 1952 1836 1991
f 1970 1924 1966
f 1859 1877 1880
f 1876 1880 1877
f 1737 1770 1743
f 1737 1773 1770
f 1840 1770 1773
f 1770 1840 1851
f 1946 1851 1840
f 1851 1946 1938
f 1839 1774 1775
f 1775 1844 1839
f 1949 1923 1938
f 1841 1938 1923
f 1938 1841 1851
f 1778 1851 1841
f 1851 1778 1770
f 1840 1943 1946
f 1971 1946 1943
f 1971 1965 1946
f 1875 1816 1870
f 1869 1870 1816
f 1870 1869 1900
f 1898 1900 1869
f 1900 1898 1925
f 1918 1925 1898
f 1925 1918 1965
f 1869 1816 1818
f 1789 1818 1816
f 1818 1789 1795
f 1743 1795 1789
f 1742 1754 1795
f 1743 1771 1753
f 1778 1753 1771
f 1841 1784 1778
f 1760 1778 1784
f 1778 1760 1753
f 1807 1753 1760
f 1753 1807 1795
f 1819 1795 1807
f 1795 1819 1818
f 1868 1818 1819
f 1818 1868 1869
f 1898 1869 1868
f 1761 1785 1786
f 1842 1786 1785
f 1786 1842 1921
f 1922 1921 1842
f 1921 1922 1948
f 1787 1808 1762
f 1787 1873 1808
f 1920 1874 1788
f 1909 1872 1919
f 1872 1909 1897
f 1949 1955 1910
f 1918 1910 1955
f 1910 1918 1896
f 1898 1896 1918
f 1896 1898 1868
f 1919 1950 1909
f 1949 1938 1955
f 1947 1955 1938
f 1965 1955 1946
f 1966 1918 1955
f 1867 1871 1897
f 1871 1867 1820
f 1808 1871 1820
f 1609 1618 1592
f 1624 1586 1617
f 1586 1624 1593
f 1529 1526 1507
f 1526 1529 1544
f 1509 1556 1537
f 1564 1537 1556
f 1537 1564 1546
f 1569 1546 1564
f 1574 1568 1563
f 2015 1767 1749 1669
f 1748 1759 1768
f 1759 1748 1740
f 1735 1759 1740
f 1759 1735 1756
f 1751 1734 1755
f 1734 1751 1731
f 1727 1752 1730
f 1752 1727 1739
f 1732 1726 1738
f 1726 1732 1725
f 1719 1733 1724
f 1733 1719 1728
f 1723 1718 1729
f 1718 1723 1715
f 1712 1722 1714
f 1722 1712 1716
f 1711 1713 1717
f 1713 1711 1710
f 1711 1705 1710
f 1705 1711 1707
f 1704 1700 1706
f 1700 1704 1703
f 1702 1700 1703
f 1700 1702 1699
f 1699 1702 1701 1698
f 1793 1781 1780 1791
f 1803 1793 1791 1802
f 1813 1800 1805 1815
f 1823 1813 1815 1825
f 1829 1823 1825 1831
f 1881 1829 1831 1884
f 1892 1881 1884 1894
f 1904 1895 1891 1903
f 1914 1904 1903 1911
f 1928 1914 1911 1926
f 1936 1928 1926 1933
f 1934 2033 1932
g Mesh29
usemtl RED
f 2291 2214 2255
f 2279 2304 2309
f 2304 2279 2290
f 2207 2290 2279
f 2290 2207 2215
f 2209 2218 2213
f 2209 2211 2218
f 2208 2249 2212
f 2280 2249 2208
f 2309 2304 2340
f 2298 2340 2304
f 2340 2298 2334
f 2272 2334 2298
f 2334 2272 2324
f 2242 2324 2272
f 2324 2242 2297
f 2226 2234 2241
f 2260 2241 2234
f 2241 2260 2295
f 2311 2295 2260
f 2295 2311 2318
f 2239 2314 2278
f 2338 2278 2314
f 2278 2338 2308
f 2346 2308 2338
f 2308 2346 2320
f 2349 2320 2346
f 2320 2349 2330
f 2347 2330 2349
f 2330 2347 2321
f 2335 2322 2347
f 2322 2335 2302
f 2312 2302 2335
f 2302 2312 2261
f 2239 2271 2314
f 2288 2269 2251
f 2238 2251 2269
f 2251 2238 2228
f 2222 2228 2238
f 2228 2222 2221
f 2296 2341 2323
f 2354 2323 2341
f 2323 2354 2333
f 2355 2333 2354
f 2333 2355 2339
f 2351 2339 2355
f 2339 2351 2332
f 2344 2332 2351
f 2332 2344 2328
f 2326 2328 2344
f 2328 2326 2300
f 2287 2300 2326
f 2300 2287 2252
f 2296 2316 2341
f 2270 2325 2315
f 2343 2315 2325
f 2315 2343 2337
f 2352 2337 2343
f 2337 2352 2345
f 2356 2345 2352
f 2345 2356 2350
f 2353 2350 2356
f 2350 2353 2348
f 2342 2348 2353
f 2348 2342 2336
f 2317 2336 2342
f 2336 2317 2313
f 2325 2270 2289
f 2340 2331 2309
f 2327 2309 2331
f 2309 2327 2281
f 2301 2281 2327
f 2281 2301 2246
f 2250 2246 2301
f 2246 2250 2230
f 2261 2254 2303
f 2282 2303 2254
f 2303 2282 2321
f 2292 2321 2282
f 2321 2292 2329
f 2284 2329 2292
f 2329 2284 2319
f 2258 2319 2284
f 2319 2258 2307
f 2236 2307 2258
f 2307 2236 2277
f 2223 2277 2236
f 2277 2223 2240
f 2267 2284 2292
f 2267 2257 2284
f 2217 2257 2267
f 2217 2210 2257
f 2249 2256 2212
f 2219 2237 2232
f 2259 2232 2237
f 2232 2259 2248
f 2285 2248 2259
f 2248 2285 2263
f 2229 2231 2245
f 2247 2245 2231
f 2245 2247 2281
f 2264 2281 2247
f 2281 2264 2309
f 2280 2310 2249
f 2262 2249 2310
f 2249 2262 2256
f 2286 2256 2262
f 2231 2229 2220
f 2224 2237 2219
f 2268 2255 2216
f 2305 2291 2274
f 2255 2274 2291
f 2274 2255 2293
f 2268 2293 2255
f 2216 2255 2214
f 2254 2261 2235
f 2275 2283 2266
f 2253 2266 2283
f 2266 2253 2243
f 2233 2243 2253
f 2243 2233 2227
f 2283 2275 2294
f 2272 2225 2242
f 2225 2273 2244
f 2299 2244 2273
f 2244 2299 2265
f 2306 2265 2299
f 2265 2306 2276
g Mesh30
usemtl RED
f 2358 2359 2360
f 2359 2358 2357
g Mesh31
usemtl RED
f 2363 2362 2364
f 2361 2362 2363
f 2361 2362 2363
f 2363 2362 2364
g Mesh32
usemtl RED
f 2365 2366 2367
f 2365 2366 2367
f 2367 2366 2368
f 2367 2366 2368
g Mesh34
usemtl RED
f 2382 2370 2378
f 2393 2370 2382
f 2369 2399 2394
f 2369 2396 2381
f 2375 2369 2381
f 2398 2380 2394
f 2398 2392 2380
f 2389 2380 2392
f 2380 2389 2376
f 2373 2376 2389
f 2376 2373 2372
f 2384 2373 2389
f 2384 2389 2387
f 2384 2387 2385
f 2386 2388 2383
f 2390 2383 2388
f 2383 2390 2374
f 2377 2374 2390
f 2374 2377 2371
f 2377 2390 2379
f 2391 2379 2390
f 2379 2391 2397
f 2379 2397 2395
g Mesh35
usemtl RED
f 2410 2403 2419
f 2410 2400 2403
f 2412 2408 2402
f 2417 2420 2404 2413
f 2401 2414 2405
f 2401 2407 2414
f 2418 2416 2411
f 2409 2411 2416
f 2411 2409 2406
f 2416 2406 2409
f 2406 2416 2415
g Mesh36
usemtl RED
f 2441 2432 2430
f 2441 2443 2432
f 2431 2444 2427
f 2439 2427 2444
f 2427 2439 2424
f 2436 2424 2439
f 2422 2423 2435
f 2422 2435 2434
f 2425 2421 2433
f 2425 2433 2438
f 2426 2437 2428
f 2440 2428 2437
f 2428 2440 2429
f 2442 2429 2440
g Mesh37
usemtl RED
f 2446 2453 2452
f 2445 2459 2454
f 2459 2445 2451
f 2460 2452 2453
f 2449 2458 2447
f 2457 2450 2455
f 2450 2448 2455
f 2458 2456 2447
g Mesh38
usemtl RED
f 2464 2461 2462
f 2464 2461 2462
f 2461 2464 2463
f 2464 2463 2461
g Mesh39
usemtl RED
f 2466 2465 2468
f 2467 2468 2465
f 2468 2467 2470
f 2469 2470 2467
g Mesh40
usemtl RED
f 2474 2472 2471
f 2474 2471 2473
g Mesh41
usemtl RED
f 2489 2495 2479
f 2498 2495 2489
f 2497 2499 2493
f 2497 2493 2494
f 2493 2491 2494
f 2493 2486 2491
f 2484 2492 2475
f 2477 2475 2492
f 2481 2488 2500 2496
f 2500 2488 2502
f 2487 2502 2488
f 2502 2487 2504
f 2507 2504 2487
f 2507 2487 2485
f 2476 2506 2483
f 2482 2501 2478
f 2503 2478 2501
f 2478 2503 2476
f 2505 2476 2503
f 2476 2505 2506
f 2492 2480 2477
f 2480 2492 2490
g Mesh42
usemtl RED
f 2523 2528 2519
f 2533 2519 2528
f 2519 2533 2515
f 2541 2515 2533
f 2534 2530 2526
f 2524 2511 2521
f 2536 2521 2511
f 2521 2536 2529
f 2539 2529 2536
f 2529 2539 2527
f 2535 2540 2537
f 2535 2537 2543
f 2524 2509 2511
f 2517 2513 2510
f 2538 2512 2542
f 2516 2542 2512
f 2542 2516 2532
f 2514 2532 2516
f 2517 2510 2508
f 2518 2525 2522
f 2518 2522 2520
f 2534 2526 2531
g Mesh43
usemtl RED
f 2545 2546 2547
f 2546 2545 2544
g Mesh44
usemtl RED
f 2551 2548 2549
f 2551 2550 2548
g Mesh45
usemtl RED
f 2553 2555 2552
f 2552 2555 2554
f 2554 2555 2557
f 2554 2557 2556
g Mesh46
usemtl RED
f 2561 2558 2559
f 2559 2561 2558
f 2558 2561 2560
f 2561 2560 2558
g Mesh47
usemtl RED
f 2569 2580 2573
f 2577 2573 2580
f 2573 2577 2562
f 2585 2562 2577
f 2581 2578 2576
f 2575 2576 2578
f 2576 2575 2584
f 2583 2584 2575
f 2579 2566 2574
f 2571 2574 2566
f 2574 2571 2582
f 2565 2582 2571
f 2567 2568 2570
f 2572 2570 2568
f 2570 2572 2564
f 2563 2564 2572
g Mesh48
usemtl RED
f 2586 2587 2588
f 2588 2587 2589
g Mesh49
usemtl RED
f 2596 2605 2592
f 2605 2596 2601
f 2597 2602 2599
f 2594 2602 2597
f 2595 2598 2593
f 2591 2593 2598
f 2604 2600 2603
f 2604 2606 2600
f 2607 2592 2605
f 2607 2590 2592
g Mesh50
usemtl RED
f 2609 2611 2622
f 2627 2623 2610
f 2627 2610 2614
f 2630 2626 2615
f 2630 2615 2619
f 2629 2631 2618
f 2629 2618 2617
f 2616 2625 2628
f 2616 2613 2625
f 2612 2621 2624
f 2612 2608 2621
f 2609 2622 2620
g Mesh51
usemtl RED
f 2634 2633 2632
f 2633 2634 2635
g Mesh52
usemtl RED
f 2637 2638 2639
f 2638 2637 2636
g Mesh53
usemtl RED
f 2642 2652 2644
f 2642 2653 2652
f 2647 2654 2640
f 2654 2647 2648
f 2643 2648 2647
f 2643 2650 2648
f 2651 2655 2649
f 2641 2645 2646
g Mesh54
usemtl RED
f 2658 2656 2659
f 2659 2656 2657
g Mesh55
usemtl RED
f 2663 2660 2661
f 2662 2660 2663
g Mesh56
usemtl RED
f 2664 2675 2666
f 2673 2675 2664
f 2668 2672 2665
f 2671 2672 2668
f 2670 2669 2674
f 2674 2669 2667
g Mesh57
usemtl RED
f 2676 2679 2678
f 2679 2676 2677
f 2679 2678 2676
f 2679 2676 2677
g Mesh58
usemtl RED
f 2686 2700 2681
f 2697 2681 2700
f 2681 2697 2684
f 2691 2684 2697
f 2718 2689 2698
f 2689 2718 2728
f 2732 2728 2718
f 2729 2731 2716
f 2731 2725 2715
f 2707 2715 2725
f 2715 2707 2701
f 2705 2701 2707
f 2701 2705 2695
f 2735 2732 2719
f 2721 2735 2719
f 2733 2727 2723
f 2717 2723 2727
f 2723 2717 2711
f 2709 2711 2717
f 2711 2709 2708
f 2704 2708 2709
f 2708 2704 2703
f 2696 2703 2704
f 2703 2696 2693
f 2680 2693 2696
f 2693 2680 2682
f 2694 2683 2701
f 2682 2692 2701
f 2690 2715 2701
f 2690 2730 2715
f 2725 2714 2707
f 2710 2707 2714
f 2707 2710 2705
f 2703 2705 2710
f 2705 2703 2694
f 2710 2713 2711
f 2731 2734 2724
f 2722 2724 2734
f 2724 2722 2713
f 2712 2713 2722
f 2708 2710 2711
f 2708 2703 2710
f 2709 2706 2704
f 2702 2704 2706
f 2704 2702 2696
f 2685 2696 2702
f 2696 2685 2680
f 2702 2727 2687
f 2702 2717 2727
f 2702 2706 2717
f 2709 2717 2706
f 2699 2688 2726
f 2720 2699 2726
g Mesh59
usemtl RED
f 2738 2737 2739
f 2736 2737 2738
f 2736 2737 2738
f 2738 2737 2739
g Mesh60
usemtl RED
f 2741 2743 2742
f 2745 2742 2743
f 2742 2745 2744
f 2747 2744 2745
f 2744 2747 2746
f 2741 2742 2740
g Mesh61
usemtl RED
f 2748 2751 2750
f 2751 2748 2749
g Mesh62
usemtl RED
f 2754 2758 2756
f 2759 2761 2757
f 2754 2756 2753
f 2752 2760 2755
g Mesh63
usemtl RED
f 2765 2767 2762
f 2768 2766 2764
f 2768 2771 2766
f 2769 2763 2770
g Mesh64
usemtl RED
f 2772 2775 2774
f 2775 2772 2773
g Mesh65
usemtl RED
f 2780 2779 2778
f 2781 2779 2780
f 2778 2779 2777
f 2778 2777 2776
g Mesh66
usemtl RED
f 2793 2788 2791
f 2782 2785 2787
f 2789 2787 2785
f 2787 2789 2790
f 2792 2790 2789
f 2791 2788 2786
f 2788 2784 2786
f 2786 2784 2783
g Mesh67
usemtl RED
f 2804 2801 2803
f 2803 2801 2798
f 2805 2802 2800
f 2799 2800 2802
f 2800 2799 2796
f 2795 2796 2799
f 2801 2797 2798
f 2798 2797 2794
g Mesh68
usemtl RED
f 2809 2808 2806
f 2809 2808 2806
f 2809 2806 2807
f 2807 2809 2806
g Mesh69
usemtl RED
f 2810 2813 2812
f 2813 2810 2811
g Mesh70
usemtl RED
f 2814 2815 2816
f 2817 2816 2815
f 2816 2817 2818
f 2819 2818 2817
g Mesh71
usemtl RED
f 2827 2840 2829
f 2840 2827 2839
f 2824 2839 2827
f 2824 2837 2839
f 2820 2836 2825
f 2836 2820 2833
f 2822 2832 2821
f 2822 2835 2832
f 2826 2834 2823
f 2834 2826 2838
f 2830 2838 2826
f 2830 2842 2838
f 2843 2831 2828
f 2843 2828 2841
g Mesh72
usemtl RED
f 2873 2865 2868
f 2859 2868 2865
f 2868 2859 2863
f 2854 2863 2859
f 2863 2854 2858
f 2849 2858 2854
f 2858 2849 2851
f 2848 2851 2849
f 2851 2848 2846
f 2882 2876 2874
f 2871 2874 2876
f 2874 2871 2869
f 2868 2869 2871
f 2869 2868 2867
f 2863 2867 2868
f 2867 2863 2861
f 2858 2861 2863
f 2861 2858 2857
f 2851 2857 2858
f 2857 2851 2852
f 2846 2852 2851
f 2852 2846 2845
f 2870 2866 2864
f 2862 2864 2866
f 2864 2862 2860
f 2856 2860 2862
f 2860 2856 2855
f 2853 2855 2856
f 2855 2853 2850
f 2847 2850 2853
f 2844 2847 2853
f 2864 2872 2870
f 2877 2870 2872
f 2870 2877 2875
f 2879 2875 2877
f 2875 2879 2881
f 2882 2883 2876
f 2878 2876 2883
f 2876 2878 2871
f 2873 2871 2878
f 2871 2873 2868
f 2883 2880 2878
g Mesh73
usemtl RED
f 2888 2892 2884
f 2894 2887 2900
f 2895 2900 2887
f 2900 2895 2911
f 2904 2911 2895
f 2908 2909 2902
f 2905 2902 2909
f 2902 2905 2885
f 2896 2885 2905
f 2885 2896 2889
f 2903 2886 2922
f 2925 2924 2884
f 2923 2927 2920
f 2927 2917 2920
f 2926 2916 2917
f 2916 2926 2899
f 2925 2884 2898
f 2891 2898 2884
f 2890 2914 2897
f 2890 2901 2914
f 2893 2901 2890
f 2891 2884 2892
f 2901 2913 2914
f 2906 2910 2912
f 2907 2912 2910
f 2912 2907 2915
f 2918 2915 2907
f 2907 2921 2918
f 2922 2919 2903
g Mesh74
usemtl RED
f 2928 2934 2938 2930
f 2983 2975 2967 2958 2951 2943 2935 2929 2932 2941 2949 2956 2965 2973 2981 2989 2997 3005 3012 3021 3015 3007 2999 2991
f 2974 2982 2986 2978
f 2982 2990 2994 2986
f 2990 2998 3003 2994
f 2998 3006 3011 3003
f 3006 3014 3018 3011
f 3014 3020 3022 3018
f 3020 3013 3017 3022
f 3013 3004 3009 3017
f 3004 2996 3000 3009
f 2996 2988 2993 3000
f 2988 2980 2985 2993
f 2980 2972 2977 2985
f 2972 2964 2968 2977
f 2964 2957 2960 2968
f 2957 2948 2952 2960
f 2948 2940 2945 2952
f 2940 2933 2937 2945
f 2933 2928 2930 2937
f 2979 2987 2995 3002 3010 3019 3023 3016 3008 3001 2992 2984 2976 2969 2961 2953 2944 2936 2931 2939 2947 2954 2963 2970
f 2934 2942 2946 2938
f 2942 2950 2955 2946
f 2950 2959 2962 2955
f 2959 2966 2971 2962
f 2966 2974 2978 2971
g Mesh75
usemtl RED
f 3026 3034 3032
f 3040 3032 3034
f 3032 3040 3038
f 3048 3038 3040
f 3038 3048 3046
f 3050 3046 3048
f 3046 3050 3054
f 3058 3054 3050
f 3054 3058 3061
f 3063 3061 3058
f 3061 3063 3067
f 3070 3067 3063
f 3067 3070 3071
f 3064 3057 3068
f 3062 3068 3057
f 3068 3062 3066
f 3059 3066 3062
f 3056 3055 3062 3057
f 3051 3055 3056 3057
f 3047 3055 3051 3049
f 3044 3053 3047
f 3071 3065 3067
f 3060 3067 3065
f 3067 3060 3061
f 3052 3061 3060
f 3061 3052 3054
f 3045 3054 3052
f 3054 3045 3046
f 3037 3046 3045
f 3046 3037 3038
f 3031 3038 3037
f 3038 3031 3032
f 3024 3032 3031
f 3032 3024 3026
f 3044 3047 3042 3039
f 3039 3042 3047 3043 3041
f 3047 3049 3041 3043
f 3025 3030 3027
f 3033 3027 3030
f 3027 3033 3028
f 3035 3028 3033
f 3044 3039 3036
f 3030 3036 3033
f 3039 3033 3036
f 3033 3039 3035
f 3041 3035 3039
f 3029 3034 3026
f 3071 3073 3065
f 3047 3053 3055
f 3059 3055 3053
f 3055 3059 3062
f 3066 3074 3068
f 3072 3068 3074
f 3068 3072 3064
f 3069 3064 3072
g Mesh76
usemtl RED
f 3076 3082 3090
f 3086 3090 3082
f 3090 3086 3098
f 3100 3098 3086
f 3098 3100 3103
f 3102 3101 3097
f 3087 3097 3101
f 3097 3087 3091
f 3083 3091 3087
f 3091 3083 3075
f 3095 3087 3101
f 3084 3087 3095
f 3086 3085 3094
f 3095 3089 3084
f 3085 3088 3094
f 3086 3094 3100
f 3099 3104 3092
f 3104 3080 3092
f 3105 3078 3077
f 3091 3075 3078
f 3090 3079 3076
f 3081 3105 3093
f 3093 3105 3096
g Mesh77
usemtl RED
f 3112 3113 3110
f 3114 3106 3108
f 3111 3109 3107
g Mesh78
usemtl RED
f 3115 3116 3117
f 3117 3116 3118
g Mesh79
usemtl RED
f 3122 3119 3120
f 3121 3119 3122
g Mesh80
usemtl RED
f 3125 3123 3126
f 3126 3123 3124
g Mesh81
usemtl RED
f 3139 3140 3141
f 3139 3135 3140
f 3132 3136 3138
f 3136 3132 3128
f 3132 3127 3128
f 3127 3131 3133
f 3131 3142 3134
f 3131 3137 3142
f 3127 3133 3129
f 3130 3129 3133
g Mesh82
usemtl RED
f 3191 3184 3185 3194
f 3228 3220 3212 3204 3196 3188 3179 3171 3163 3156 3148 3144 3151 3160 3167 3175 3183 3192 3200 3208 3215 3223 3232 3236
f 3219 3227 3229 3222
f 3227 3235 3237 3229
f 3235 3231 3233 3237
f 3231 3224 3225 3233
f 3224 3216 3217 3225
f 3216 3207 3210 3217
f 3207 3199 3202 3210
f 3199 3191 3194 3202
f 3221 3230 3238 3234 3226 3218 3209 3201 3193 3186 3178 3170 3162 3154 3146 3150 3158 3165 3173 3182 3189 3198 3206 3213
f 3184 3176 3177 3185
f 3176 3168 3169 3177
f 3168 3159 3161 3169
f 3159 3152 3153 3161
f 3152 3143 3145 3153
f 3143 3147 3149 3145
f 3147 3155 3157 3149
f 3155 3164 3166 3157
f 3164 3172 3174 3166
f 3172 3180 3181 3174
f 3180 3187 3190 3181
f 3187 3195 3197 3190
f 3195 3203 3205 3197
f 3203 3211 3214 3205
f 3211 3219 3222 3214
g Mesh83
usemtl RED
f 3243 3240 3242
f 3240 3241 3242
f 3241 3240 3239
g Mesh84
usemtl RED
f 3253 3244 3246
f 3245 3254 3259
f 3259 3250 3245
f 3250 3259 3260
f 3260 3251 3250
f 3257 3252 3261
f 3248 3252 3257
f 3256 3249 3258
f 3249 3256 3247
f 3246 3255 3253
g Mesh85
usemtl RED
f 3265 3262 3274
f 3274 3262 3272
f 3271 3278 3268
f 3276 3268 3278
f 3268 3276 3266
f 3273 3266 3276
f 3266 3273 3263
f 3271 3281 3278
f 3264 3277 3267
f 3279 3267 3277
f 3267 3279 3269
f 3280 3269 3279
f 3269 3280 3270
f 3275 3277 3264
g Mesh86
usemtl RED
f 3319 3315 3311
f 3318 3315 3319
f 3298 3314 3316
f 3314 3298 3296
f 3295 3297 3300
f 3317 3301 3299
f 3301 3317 3320
f 3320 3302 3301
f 3319 3306 3303
f 3311 3306 3319
f 3308 3293 3289
f 3300 3288 3292
f 3288 3300 3285
f 3300 3284 3285
f 3301 3302 3283
f 3307 3282 3304
f 3282 3307 3286
f 3290 3293 3312
f 3308 3312 3293
f 3312 3308 3305
f 3287 3305 3308
f 3287 3308 3289
f 3291 3300 3292
f 3300 3291 3295
f 3309 3294 3290
f 3294 3309 3313
f 3311 3315 3310
f 3290 3312 3309
g Mesh87
usemtl RED
f 3347 3327 3322
f 3324 3323 3329
f 3321 3325 3365
f 3352 3365 3325
f 3352 3361 3365
f 3332 3360 3354
f 3332 3350 3360
f 3337 3350 3332
f 3355 3351 3335
f 3351 3355 3363
f 3366 3364 3356
f 3365 3358 3362
f 3358 3365 3361
f 3360 3350 3359
f 3351 3363 3357
f 3356 3344 3366
f 3355 3335 3345
f 3338 3339 3346
f 3340 3336 3342
f 3333 3342 3336
f 3342 3333 3331
f 3324 3330 3334
f 3330 3324 3329
f 3331 3328 3342
f 3353 3326 3334
f 3341 3343 3348
f 3348 3346 3339
f 3349 3366 3344
f 3367 3347 3322
g Mesh88
usemtl RED
f 3394 3373 3393
f 3368 3393 3373
f 3393 3368 3391
f 3370 3391 3368
f 3391 3370 3388
f 3374 3388 3370
f 3388 3374 3387
f 3377 3387 3374
f 3387 3377 3384
f 3378 3384 3377
f 3384 3378 3380
f 3392 3372 3395
f 3372 3392 3369
f 3390 3369 3392
f 3369 3390 3371
f 3389 3371 3390
f 3371 3389 3375
f 3386 3375 3389
f 3375 3386 3376
f 3385 3376 3386
f 3376 3385 3379
f 3382 3379 3385
f 3379 3382 3381
f 3383 3384 3380
g Mesh89
usemtl RED
f 3399 3398 3396
f 3399 3396 3397
g Mesh90
usemtl RED
f 3403 3401 3404
f 3407 3404 3401
f 3404 3407 3409
f 3411 3409 3407
f 3409 3411 3413
f 3414 3413 3411
f 3413 3414 3416
f 3418 3416 3414
f 3416 3418 3423
f 3421 3423 3418
f 3423 3421 3424
f 3423 3424 3426
f 3429 3426 3424
f 3426 3429 3431
f 3433 3431 3429
f 3431 3433 3434
f 3437 3434 3433
f 3434 3437 3438
f 3443 3438 3437
f 3438 3443 3440
f 3441 3442 3439
f 3436 3439 3442
f 3439 3436 3435
f 3432 3435 3436
f 3435 3432 3430
f 3428 3430 3432
f 3430 3428 3427
f 3425 3427 3428
f 3427 3425 3422
f 3425 3420 3422
f 3419 3422 3420
f 3422 3419 3417
f 3415 3417 3419
f 3417 3415 3412
f 3410 3412 3415
f 3412 3410 3408
f 3406 3408 3410
f 3408 3406 3405
f 3400 3405 3406
f 3405 3400 3402
g Mesh91
usemtl RED
f 3444 3447 3445
f 3444 3446 3447
g Mesh92
usemtl RED
f 3456 3451 3455
f 3450 3455 3451
f 3455 3450 3453
f 3449 3453 3450
f 3448 3457 3454
f 3457 3448 3452
g Mesh93
usemtl RED
f 3491 3489 3470
f 3481 3470 3489
f 3470 3481 3466
f 3480 3466 3481
f 3466 3480 3463
f 3484 3463 3480
f 3463 3484 3469
f 3464 3467 3465
f 3458 3465 3467
f 3465 3458 3473
f 3474 3473 3458
f 3462 3458 3467
f 3461 3477 3459
f 3477 3461 3488
f 3468 3486 3460
f 3486 3468 3483
f 3485 3478 3487
f 3478 3485 3479
f 3482 3478 3479
f 3478 3482 3490
f 3466 3472 3470
f 3459 3494 3475
f 3477 3494 3459
f 3478 3492 3496
f 3492 3478 3490
f 3491 3470 3472
f 3471 3495 3493
f 3495 3471 3476
g Mesh94
usemtl RED
f 3498 3499 3497
g Mesh95
usemtl RED
f 3504 3503 3502
f 3501 3502 3503
f 3501 3503 3500
g Mesh96
usemtl RED
f 3507 3506 3505
g Mesh97
usemtl RED
f 3517 3511 3514
f 3516 3521 3512
f 3518 3521 3516
f 3513 3519 3508
f 3515 3509 3520
f 3514 3511 3510
g Mesh98
usemtl RED
f 3526 3531 3529
f 3533 3531 3526
f 3535 3523 3532
f 3524 3534 3527
f 3530 3522 3528
f 3528 3522 3525
g Mesh99
usemtl RED
f 3538 3539 3537 3536
g Mesh100
usemtl RED
f 3543 3540 3541
f 3542 3540 3543
