mtllib viroad.mtl
v -0.595987 -2.38492 0
v 0.591117 2.47212 0
v -1.08169 -2.26621 0
v 0.105413 2.59083 0
v -1.54181 -2.15361 0
v -0.405872 2.71565 0
v -2.00411 -2.05101 0
v -0.919761 2.82999 0
v -2.44046 -1.95353 0
v -1.45963 2.94932 0
v -2.88047 -1.87569 0
v -2.0041 3.04691 0
v -3.29528 -1.80067 0
v -2.57384 3.147 0
v -3.71428 -1.75411 0
v -3.14838 3.21376 0
v -4.13064 -1.70544 0
v -3.72562 3.27813 0
v -4.54971 -1.68622 0
v -4.30535 3.3078 0
v -4.98295 -1.66416 0
v -4.87092 3.33459 0
v -5.41677 -1.66679 0
v -5.43709 3.33317 0
v -5.84734 -1.66758 0
v -6.00651 3.32988 0
v -6.2769 -1.69418 0
v -6.57516 3.29691 0
v -6.68526 -1.71697 0
v -7.16502 3.25996 0
v -7.09014 -1.77257 0
v -7.75137 3.18352 0
v -7.47678 -1.8218 0
v -8.35592 3.1003 0
v -7.85656 -1.90946 0
v -8.9519 2.96909 0
v -8.27979 -2.00368 0
v -9.50432 2.84405 0
v -8.69772 -2.12195 0
v -10.0491 2.69195 0
v -9.20624 -2.2645 0
v -10.5034 2.5643 0
v -9.71892 -2.39627 0
v -10.9593 2.44742 0
v -10.3158 -2.54608 0
v -11.3313 2.34973 0
v -10.9251 -2.64634 0
v -11.7094 2.29176 0
v -11.5527 -2.74164 0
v -12.0695 2.23158 0
v -12.1866 -2.77742 0
v -12.4343 2.21644 0
v -12.7842 -2.80442 0
v -12.8354 2.19531 0
v -13.3801 -2.78973 0
v -13.2391 2.20828 0
v -13.9175 -2.77401 0
v -13.7013 2.22131 0
v -14.452 -2.74338 0
v -14.1651 2.24838 0
v -14.9271 -2.71611 0
v -14.6884 2.27818 0
v -15.4009 -2.698 0
v -15.2139 2.2985 0
v -15.8202 -2.68152 0
v -15.7939 2.31841 0
v -16.2386 -2.69357 0
v -16.3751 2.30457 0
v -16.6354 -2.70299 0
v -16.9778 2.28528 0
v -17.03 -2.74789 0
v -17.5774 2.22206 0
v -17.4161 -2.7886 0
v -18.1849 2.15194 0
v -17.7979 -2.86745 0
v -18.7837 2.03442 0
v -18.1365 -2.93101 0
v -19.4252 1.90007 0
v -18.4637 -3.04519 0
v -20.0465 1.69769 0
v -18.6995 -3.11001 0
v -20.7594 1.44596 0
v -18.9002 -3.24204 0
v -21.4226 1.07505 0
v -18.9682 -3.23672 0
v -22.2172 0.563855 0
v -18.9422 -3.26576 0
v -22.8763 -0.179807 0
v -18.8946 -3.07029 0
v -23.5184 -1.16762 0
v -18.7867 -2.84495 0
v -23.7653 -2.38325 0
v -18.8203 -2.77162 0
v -23.7756 -3.43879 0
v -18.7754 -2.78689 0
v -23.5161 -4.37605 0
v -18.6604 -3.12119 0
v -23.3004 -4.98415 0
v -18.4823 -3.50828 0
v -23.0652 -5.50768 0
v -18.2284 -4.1223 0
v -22.9333 -5.8146 0
v -18.0268 -4.7793 0
v -22.8452 -6.11472 0
v -17.8502 -5.50816 0
v -22.7785 -6.35205 0
v -17.774 -6.25555 0
v -22.7621 -6.60037 0
v -17.7462 -6.98445 0
v -22.7448 -6.86718 0
v -17.8071 -7.70369 0
v -22.7757 -7.14373 0
v -17.9007 -8.38201 0
v -22.8139 -7.45446 0
v -18.0579 -9.03684 0
v -22.895 -7.77085 0
v -18.2304 -9.65043 0
v -22.9903 -8.11944 0
v -18.4421 -10.2343 0
v -23.1223 -8.47465 0
v -18.6505 -10.7726 0
v -23.2739 -8.86884 0
v -18.873 -11.2822 0
v -23.4526 -9.27531 0
v -19.0745 -11.7418 0
v -23.6526 -9.73155 0
v -19.2701 -12.1865 0
v -23.8595 -10.2022 0
v -19.4446 -12.5964 0
v -24.0761 -10.7124 0
v -19.605 -13.0095 0
v -24.2781 -11.2314 0
v -19.7578 -13.4192 0
v -24.4741 -11.7587 0
v -19.8993 -13.8462 0
v -24.6478 -12.2806 0
v -20.0489 -14.3034 0
v -24.8092 -12.7738 0
v -20.1984 -14.7774 0
v -24.9605 -13.2535 0
v -20.3641 -15.2874 0
v -25.1036 -13.6946 0
v -20.5406 -15.7957 0
v -25.2553 -14.1309 0
v -20.7237 -16.3058 0
v -25.4098 -14.562 0
v -20.9169 -16.8071 0
v -25.5765 -14.9936 0
v -21.109 -17.2962 0
v -25.7499 -15.4353 0
v -21.3057 -17.7767 0
v -25.932 -15.8802 0
v -21.4973 -18.2434 0
v -26.1202 -16.3386 0
v -21.6908 -18.7116 0
v -26.3088 -16.7946 0
v -21.8876 -19.1838 0
v -26.4966 -17.2454 0
v -22.0915 -19.664 0
v -26.6835 -17.6858 0
v -22.31 -20.1634 0
v -26.8655 -18.1025 0
v -22.5444 -20.6648 0
v -27.0548 -18.5069 0
v -22.7964 -21.179 0
v -27.242 -18.8907 0
v -23.07 -21.6858 0
v -27.4441 -19.2635 0
v -23.3577 -22.1921 0
v -27.6494 -19.6266 0
v -23.666 -22.6829 0
v -27.8738 -19.9821 0
v -23.9794 -23.1611 0
v -28.1078 -20.3404 0
v -24.3083 -23.6232 0
v -28.3594 -20.6925 0
v -24.6377 -24.0715 0
v -28.6216 -21.0502 0
v -24.9773 -24.5056 0
v -28.8986 -21.4034 0
v -25.3142 -24.927 0
v -29.1859 -21.7632 0
v -25.6567 -25.3371 0
v -29.4846 -22.1204 0
v -25.9939 -25.7361 0
v -29.7928 -22.4852 0
v -26.3312 -26.1253 0
v -30.1105 -22.8517 0
v -26.6568 -26.5015 0
v -30.4393 -23.2315 0
v -26.9764 -26.8716 0
v -30.7733 -23.6184 0
v -27.2802 -27.2288 0
v -31.1172 -24.023 0
v -27.5744 -27.5873 0
v -31.4575 -24.4374 0
v -27.8573 -27.9399 0
v -31.7999 -24.8649 0
v -28.1301 -28.2997 0
v -32.1316 -25.3018 0
v -28.398 -28.6615 0
v -32.4583 -25.7438 0
v -28.6579 -29.0343 0
v -32.7707 -26.191 0
v -28.9201 -29.4171 0
v -33.0734 -26.6332 0
v -29.1747 -29.8054 0
v -33.3673 -27.081 0
v -29.4265 -30.1963 0
v -33.6568 -27.5309 0
v -29.6699 -30.5913 0
v -33.9382 -27.9872 0
v -29.9085 -30.9864 0
v -34.2163 -28.4481 0
v -30.1379 -31.3855 0
v -34.4854 -28.9159 0
v -30.362 -31.7846 0
v -34.7506 -29.3888 0
v -30.5767 -32.1894 0
v -35.0048 -29.8672 0
v -30.7882 -32.5974 0
v -35.2532 -30.3471 0
v -30.9928 -33.0151 0
v -35.4887 -30.8274 0
v -31.2005 -33.445 0
v -35.716 -31.2979 0
v -31.3997 -33.8707 0
v -35.9406 -31.7778 0
v -31.5875 -34.2841 0
v -36.1661 -32.2749 0
v -31.7641 -34.701 0
v -36.3798 -32.7788 0
v -31.9345 -35.1172 0
v -36.5879 -33.2879 0
v -32.0933 -35.5386 0
v -36.7821 -33.8021 0
v -32.2475 -35.9624 0
v -36.9694 -34.318 0
v -32.3872 -36.3819 0
v -37.1459 -34.8473 0
v -32.5129 -36.7833 0
v -37.3177 -35.4001 0
v -32.6154 -37.1722 0
v -37.4707 -35.9781 0
v -32.6966 -37.522 0
v -37.6113 -36.602 0
v -32.743 -37.8414 0
v -37.7105 -37.2719 0
v -32.7679 -38.0971 0
v -37.7671 -38.0087 0
v -32.7524 -38.3523 0
v -37.7363 -38.7525 0
v -32.7231 -38.6279 0
v -37.6523 -39.4667 0
v -32.6511 -38.9315 0
v -37.5033 -40.1383 0
v -32.5546 -39.2896 0
v -37.3384 -40.7442 0
v -32.4265 -39.666 0
v -37.1467 -41.3153 0
v -32.2787 -40.0756 0
v -36.9548 -41.8458 0
v -32.1094 -40.5022 0
v -36.7558 -42.349 0
v -31.927 -40.9594 0
v -36.5677 -42.8206 0
v -31.7373 -41.4301 0
v -36.3835 -43.2774 0
v -31.5439 -41.9235 0
v -36.2119 -43.715 0
v -31.3551 -42.4263 0
v -36.0492 -44.1483 0
v -31.1705 -42.9419 0
v -35.8966 -44.574 0
v -30.9972 -43.4625 0
v -35.7543 -45.0022 0
v -30.8322 -43.9872 0
v -35.6191 -45.4313 0
v -30.6798 -44.5148 0
v -35.4942 -45.8643 0
v -30.5361 -45.0436 0
v -35.3755 -46.3004 0
v -30.4046 -45.5741 0
v -35.2667 -46.7405 0
v -30.2815 -46.1045 0
v -35.1636 -47.184 0
v -30.1706 -46.6319 0
v -35.0689 -47.6354 0
v -30.0668 -47.152 0
v -34.9769 -48.0958 0
v -29.9722 -47.6637 0
v -34.8899 -48.5675 0
v -29.8813 -48.1612 0
v -34.801 -49.0536 0
v -29.7933 -48.6497 0
v -34.7117 -49.5494 0
v -29.7052 -49.1241 0
v -34.6172 -50.0581 0
v -29.6135 -49.5956 0
v -34.518 -50.5682 0
v -29.519 -50.0633 0
v -34.4144 -51.0806 0
v -29.419 -50.5316 0
v -34.3056 -51.5903 0
v -29.3156 -51.0018 0
v -34.1943 -52.0967 0
v -29.2077 -51.473 0
v -34.0789 -52.6003 0
v -29.097 -51.9464 0
v -33.962 -53.1006 0
v -28.982 -52.424 0
v -33.8429 -53.5953 0
v -28.8651 -52.9086 0
v -33.7253 -54.0828 0
v -28.7462 -53.4004 0
v -33.6091 -54.5629 0
v -28.6274 -53.9035 0
v -33.4981 -55.033 0
v -28.5111 -54.4143 0
v -33.3924 -55.4974 0
v -28.3984 -54.9361 0
v -33.2939 -55.9529 0
v -28.2932 -55.4637 0
v -33.2036 -56.4059 0
v -28.1946 -55.9988 0
v -33.1209 -56.8541 0
v -28.1065 -56.5395 0
v -33.0483 -57.3005 0
v -28.0272 -57.0865 0
v -32.9839 -57.7429 0
v -27.9613 -57.6357 0
v -32.9309 -58.1865 0
v -27.9053 -58.1862 0
v -32.8855 -58.6307 0
v -27.8636 -58.7296 0
v -32.851 -59.0844 0
v -27.8286 -59.261 0
v -32.8202 -59.5508 0
v -27.8022 -59.7841 0
v -32.7964 -60.0263 0
v -27.7784 -60.2948 0
v -32.7736 -60.5145 0
v -27.7573 -60.8065 0
v -32.7534 -61.0021 0
v -27.7383 -61.3194 0
v -32.7355 -61.4884 0
v -27.7224 -61.8376 0
v -32.7207 -61.9698 0
v -27.7108 -62.3634 0
v -32.7101 -62.4436 0
v -27.7055 -62.8921 0
v -32.7055 -62.9149 0
v -27.706 -63.425 0
v -32.7058 -63.3819 0
v -27.7147 -63.9593 0
v -32.7135 -63.8475 0
v -27.73 -64.4958 0
v -32.7265 -64.3105 0
v -27.7547 -65.0352 0
v -32.7476 -64.77 0
v -27.7876 -65.5789 0
v -32.775 -65.2243 0
v -27.8323 -66.1262 0
v -32.8118 -65.6737 0
v -27.8877 -66.6787 0
v -32.8559 -66.116 0
v -27.9575 -67.2309 0
v -32.9117 -66.556 0
v -28.0381 -67.7827 0
v -32.9754 -66.9934 0
v -28.1319 -68.3232 0
v -33.0529 -67.4381 0
v -28.2297 -68.8493 0
v -33.1378 -67.8951 0
v -28.3344 -69.3654 0
v -33.2321 -68.359 0
v -28.4391 -69.8689 0
v -33.3309 -68.8345 0
v -28.5467 -70.3696 0
v -33.4335 -69.3115 0
v -28.6552 -70.867 0
v -33.5381 -69.7911 0
v -28.7655 -71.3625 0
v -33.6451 -70.2717 0
v -28.8763 -71.8559 0
v -33.7533 -70.754 0
v -28.9877 -72.3461 0
v -33.8636 -71.239 0
v -29.0979 -72.8319 0
v -33.9746 -71.7283 0
v -29.207 -73.3148 0
v -34.0858 -72.2209 0
v -29.3136 -73.7936 0
v -34.1965 -72.7182 0
v -29.4184 -74.2747 0
v -34.3046 -73.2142 0
v -29.523 -74.7586 0
v -34.4113 -73.7077 0
v -29.6273 -75.2464 0
v -34.5161 -74.1978 0
v -29.7333 -75.7392 0
v -34.6204 -74.6826 0
v -29.8402 -76.2313 0
v -34.7258 -75.1678 0
v -29.9473 -76.7224 0
v -34.8318 -75.6536 0
v -30.0541 -77.2087 0
v -34.9394 -76.1441 0
v -30.1579 -77.6884 0
v -35.0471 -76.6418 0
v -30.2596 -78.1685 0
v -35.1526 -77.1399 0
v -30.3598 -78.6489 0
v -35.2566 -77.6385 0
v -30.459 -79.1353 0
v -35.3573 -78.1319 0
v -30.5607 -79.6296 0
v -35.4571 -78.6172 0
v -30.6643 -80.1281 0
v -35.557 -79.0977 0
v -30.7719 -80.6325 0
v -35.658 -79.5712 0
v -30.8834 -81.1369 0
v -35.7624 -80.0433 0
v -30.9981 -81.6415 0
v -35.8692 -80.5138 0
v -31.1145 -82.1351 0
v -35.9824 -80.9935 0
v -31.2262 -82.6142 0
v -36.0978 -81.4883 0
v -31.334 -83.0846 0
v -36.2133 -81.9926 0
v -31.4342 -83.5431 0
v -36.3265 -82.511 0
v -31.5303 -84.0157 0
v -36.4298 -83.0183 0
v -31.6302 -84.5063 0
v -36.5295 -83.5076 0
v -31.7331 -85.0104 0
v -36.6265 -83.9833 0
v -31.8457 -85.532 0
v -36.7248 -84.4391 0
v -31.9658 -86.0493 0
v -36.8309 -84.8959 0
v -32.0898 -86.5617 0
v -36.9421 -85.3554 0
v -32.2183 -87.0654 0
v -37.0609 -85.8207 0
v -32.346 -87.5588 0
v -37.1837 -86.2953 0
v -32.4741 -88.0449 0
v -37.3105 -86.7763 0
v -32.5986 -88.5218 0
v -37.4386 -87.2669 0
v -32.7209 -88.9965 0
v -37.5657 -87.7606 0
v -32.84 -89.468 0
v -37.6915 -88.2587 0
v -32.9562 -89.9406 0
v -37.8141 -88.7571 0
v -33.0705 -90.4142 0
v -37.9344 -89.2556 0
v -33.1821 -90.8889 0
v -38.0516 -89.7543 0
v -33.292 -91.3647 0
v -38.1668 -90.2528 0
v -33.3994 -91.8416 0
v -38.2791 -90.7516 0
v -33.5052 -92.3194 0
v -38.3895 -91.2501 0
v -33.6088 -92.7982 0
v -38.4974 -91.7487 0
v -33.711 -93.2779 0
v -38.6036 -92.247 0
v -33.8112 -93.7586 0
v -38.7074 -92.7453 0
v -33.9101 -94.2401 0
v -38.8097 -93.2433 0
v -34.0073 -94.7225 0
v -38.91 -93.7413 0
v -34.1034 -95.2057 0
v -39.009 -94.2388 0
v -34.1979 -95.6897 0
v -39.1061 -94.7363 0
v -34.2915 -96.1745 0
v -39.2022 -95.2333 0
v -34.3838 -96.66 0
v -39.2966 -95.7302 0
v -34.4755 -97.1463 0
v -39.3901 -96.2266 0
v -34.566 -97.6333 0
v -39.4824 -96.7228 0
v -34.656 -98.121 0
v -39.5738 -97.2185 0
v -34.7451 -98.6093 0
v -39.6643 -97.7139 0
v -34.8339 -99.0983 0
v -39.7541 -98.2088 0
v -34.922 -99.5879 0
v -39.8431 -98.7034 0
v -35.01 -100.078 0
v -39.9318 -99.1974 0
v -35.0976 -100.569 0
v -40.0199 -99.6911 0
v -35.1852 -101.06 0
v -40.1078 -100.184 0
v -35.2726 -101.552 0
v -40.1954 -100.677 0
v -35.3603 -102.045 0
v -40.2829 -101.169 0
v -35.448 -102.538 0
v -40.3704 -101.66 0
v -35.5361 -103.031 0
v -40.458 -102.151 0
v -35.6246 -103.525 0
v -40.5459 -102.642 0
v -35.7136 -104.02 0
v -40.634 -103.131 0
v -35.8033 -104.515 0
v -40.7227 -103.62 0
v -35.8936 -105.01 0
v -40.8117 -104.109 0
v -35.9848 -105.506 0
v -40.9015 -104.597 0
v -36.0769 -106.002 0
v -40.9919 -105.084 0
v -36.1702 -106.498 0
v -41.0833 -105.57 0
v -36.2644 -106.995 0
v -41.1755 -106.056 0
v -36.3602 -107.492 0
v -41.2689 -106.541 0
v -36.4571 -107.989 0
v -41.3632 -107.025 0
v -36.5558 -108.487 0
v -41.4591 -107.508 0
v -36.6558 -108.985 0
v -41.556 -107.991 0
v -36.7578 -109.483 0
v -41.6547 -108.472 0
v -36.8613 -109.981 0
v -41.7545 -108.953 0
v -36.9672 -110.479 0
v -41.8565 -109.433 0
v -37.0747 -110.978 0
v -41.9597 -109.912 0
v -37.1848 -111.477 0
v -42.0653 -110.39 0
v -37.2968 -111.975 0
v -42.1724 -110.867 0
v -37.4116 -112.474 0
v -42.2819 -111.343 0
v -37.5285 -112.973 0
v -42.3932 -111.817 0
v -37.6485 -113.471 0
v -42.5072 -112.291 0
v -37.7707 -113.97 0
v -42.6231 -112.764 0
v -37.8963 -114.468 0
v -42.7419 -113.235 0
v -38.0244 -114.967 0
v -42.8627 -113.705 0
v -38.1558 -115.464 0
v -42.9868 -114.175 0
v -38.2895 -115.96 0
v -43.1131 -114.644 0
v -38.4265 -116.456 0
v -43.2427 -115.112 0
v -38.5656 -116.95 0
v -43.3745 -115.581 0
v -38.7076 -117.443 0
v -43.5093 -116.049 0
v -38.8515 -117.935 0
v -43.6462 -116.517 0
v -38.9981 -118.425 0
v -43.7859 -116.984 0
v -39.1465 -118.915 0
v -43.9276 -117.452 0
v -39.2974 -119.403 0
v -44.0719 -117.919 0
v -39.4499 -119.891 0
v -44.2181 -118.386 0
v -39.6046 -120.377 0
v -44.3666 -118.852 0
v -39.7608 -120.862 0
v -44.5169 -119.319 0
v -39.919 -121.346 0
v -44.6693 -119.786 0
v -40.0785 -121.829 0
v -44.8233 -120.252 0
v -40.2398 -122.311 0
v -44.9793 -120.718 0
v -40.4022 -122.792 0
v -45.1368 -121.185 0
v -40.5662 -123.273 0
v -45.2959 -121.651 0
v -40.7312 -123.752 0
v -45.4564 -122.117 0
v -40.8975 -124.23 0
v -45.6185 -122.583 0
v -41.0647 -124.708 0
v -45.7817 -123.05 0
v -41.233 -125.184 0
v -45.9463 -123.516 0
v -41.402 -125.66 0
v -46.1119 -123.982 0
v -41.5719 -126.136 0
v -46.2787 -124.449 0
v -41.7423 -126.61 0
v -46.4463 -124.915 0
v -41.9135 -127.084 0
v -46.615 -125.382 0
v -42.0851 -127.557 0
v -46.7843 -125.849 0
v -42.2572 -128.029 0
v -46.9545 -126.316 0
v -42.4295 -128.501 0
v -47.1252 -126.784 0
v -42.6021 -128.973 0
v -47.2966 -127.251 0
v -42.7748 -129.443 0
v -47.4683 -127.719 0
v -42.9477 -129.913 0
v -47.6405 -128.188 0
v -43.1205 -130.383 0
v -47.8129 -128.657 0
v -43.2933 -130.853 0
v -47.9856 -129.126 0
v -43.4658 -131.321 0
v -48.1584 -129.595 0
v -43.6382 -131.79 0
v -48.3311 -130.065 0
v -43.8105 -132.259 0
v -48.5038 -130.535 0
v -43.9827 -132.728 0
v -48.6762 -131.004 0
v -44.1553 -133.198 0
v -48.8485 -131.473 0
v -44.328 -133.668 0
v -49.0207 -131.942 0
v -44.5012 -134.139 0
v -49.1929 -132.41 0
v -44.675 -134.609 0
v -49.3653 -132.877 0
v -44.8493 -135.081 0
v -49.5378 -133.344 0
v -45.0244 -135.552 0
v -49.7108 -133.81 0
v -45.2002 -136.024 0
v -49.884 -134.275 0
v -45.3771 -136.496 0
v -50.058 -134.739 0
v -45.5548 -136.969 0
v -50.2323 -135.202 0
v -45.7339 -137.441 0
v -50.4078 -135.665 0
v -45.9141 -137.914 0
v -50.5836 -136.127 0
v -46.0958 -138.387 0
v -50.7609 -136.588 0
v -46.2787 -138.86 0
v -50.9387 -137.047 0
v -46.4636 -139.332 0
v -51.1181 -137.506 0
v -46.6497 -139.805 0
v -51.2982 -137.964 0
v -46.8381 -140.278 0
v -51.4803 -138.42 0
v -47.0279 -140.75 0
v -51.663 -138.875 0
v -47.2202 -141.222 0
v -51.8481 -139.329 0
v -47.4141 -141.695 0
v -52.034 -139.782 0
v -47.6109 -142.166 0
v -52.2224 -140.234 0
v -47.8092 -142.638 0
v -52.4117 -140.684 0
v -48.0109 -143.108 0
v -52.6039 -141.132 0
v -48.2142 -143.579 0
v -52.7971 -141.58 0
v -48.4211 -144.049 0
v -52.9934 -142.025 0
v -48.6299 -144.518 0
v -53.1908 -142.469 0
v -48.8425 -144.987 0
v -53.3916 -142.911 0
v -49.0572 -145.455 0
v -53.5936 -143.352 0
v -49.2759 -145.922 0
v -53.7992 -143.791 0
v -49.4969 -146.388 0
v -54.0061 -144.228 0
v -49.7222 -146.853 0
v -54.217 -144.663 0
v -49.9499 -147.318 0
v -54.4292 -145.096 0
v -50.1823 -147.781 0
v -54.6456 -145.527 0
v -50.4171 -148.243 0
v -54.8635 -145.956 0
v -50.6569 -148.704 0
v -55.0857 -146.383 0
v -50.8993 -149.163 0
v -55.3096 -146.808 0
v -51.1469 -149.621 0
v -55.5379 -147.23 0
v -51.3973 -150.078 0
v -55.7681 -147.65 0
v -51.6531 -150.532 0
v -56.003 -148.067 0
v -51.9118 -150.985 0
v -56.2398 -148.482 0
v -52.1759 -151.436 0
v -56.4816 -148.894 0
v -52.4425 -151.884 0
v -56.7258 -149.305 0
v -52.7137 -152.329 0
v -56.9755 -149.714 0
v -52.9858 -152.77 0
v -57.2284 -150.124 0
v -53.2614 -153.207 0
v -57.486 -150.533 0
v -53.5373 -153.641 0
v -57.7466 -150.943 0
v -53.8158 -154.072 0
v -58.011 -151.352 0
v -54.094 -154.5 0
v -58.278 -151.762 0
v -54.3739 -154.925 0
v -58.548 -152.172 0
v -54.653 -155.347 0
v -58.8201 -152.584 0
v -54.9328 -155.768 0
v -59.0943 -152.996 0
v -55.2114 -156.186 0
v -59.3703 -153.41 0
v -55.4898 -156.603 0
v -59.6475 -153.825 0
v -55.7666 -157.017 0
v -59.926 -154.242 0
v -56.0423 -157.431 0
v -60.2049 -154.661 0
v -56.316 -157.843 0
v -60.4846 -155.082 0
v -56.5878 -158.254 0
v -60.7638 -155.505 0
v -56.8572 -158.665 0
v -61.0434 -155.93 0
v -57.124 -159.075 0
v -61.3213 -156.358 0
v -57.3883 -159.485 0
v -61.599 -156.789 0
v -57.6495 -159.896 0
v -61.8743 -157.222 0
v -57.9082 -160.306 0
v -62.1488 -157.657 0
v -58.1631 -160.718 0
v -62.4202 -158.096 0
v -58.4153 -161.13 0
v -62.6906 -158.537 0
v -58.6632 -161.543 0
v -62.9572 -158.981 0
v -58.9081 -161.956 0
v -63.2225 -159.429 0
v -59.148 -162.371 0
v -63.4832 -159.879 0
v -59.3848 -162.785 0
v -63.7422 -160.333 0
v -59.616 -163.202 0
v -63.996 -160.791 0
v -59.8439 -163.619 0
v -64.2478 -161.251 0
v -60.0655 -164.038 0
v -64.4935 -161.716 0
v -60.2836 -164.457 0
v -64.7369 -162.184 0
v -60.4949 -164.879 0
v -64.9734 -162.656 0
v -60.7024 -165.301 0
v -65.2074 -163.132 0
v -60.9025 -165.726 0
v -65.4334 -163.611 0
v -61.0988 -166.15 0
v -65.6568 -164.095 0
v -61.2849 -166.574 0
v -65.8731 -164.587 0
v -61.46 -166.983 0
v -66.0903 -165.097 0
v -61.6142 -167.38 0
v -66.2984 -165.632 0
v -61.7375 -167.719 0
v -66.5117 -166.233 0
v -61.8197 -168.033 0
v -66.6863 -166.886 0
v -61.8733 -168.261 0
v -66.8338 -167.633 0
v -61.8778 -168.46 0
v -66.8777 -168.433 0
v -61.8782 -168.632 0
v -66.8395 -169.253 0
v -61.8329 -168.81 0
v -66.6761 -170.052 0
v -61.7672 -169.039 0
v -66.4553 -170.777 0
v -61.6481 -169.296 0
v -66.1686 -171.433 0
v -61.49 -169.613 0
v -65.8788 -172.009 0
v -61.2902 -169.948 0
v -65.5696 -172.534 0
v -61.0595 -170.322 0
v -65.2751 -173.011 0
v -60.8029 -170.711 0
v -64.9818 -173.457 0
v -60.5247 -171.136 0
v -64.7118 -173.869 0
v -60.2514 -171.556 0
v -64.44 -174.287 0
v -59.9824 -171.968 0
v -64.1619 -174.712 0
v -59.7172 -172.37 0
v -63.8765 -175.145 0
v -59.4569 -172.756 0
v -63.5775 -175.588 0
v -59.1939 -173.132 0
v -63.2671 -176.031 0
v -58.9314 -173.494 0
v -62.9431 -176.479 0
v -58.6587 -173.851 0
v -62.6088 -176.916 0
v -58.3793 -174.206 0
v -62.2692 -177.347 0
v -58.0853 -174.561 0
v -61.9258 -177.762 0
v -57.779 -174.925 0
v -61.5889 -178.163 0
v -57.4617 -175.294 0
v -61.2542 -178.553 0
v -57.1341 -175.676 0
v -60.9306 -178.93 0
v -56.8002 -176.066 0
v -60.6142 -179.299 0
v -56.4595 -176.472 0
v -60.3119 -179.659 0
v -56.1198 -176.889 0
v -60.0198 -180.018 0
v -55.7792 -177.32 0
v -59.7408 -180.371 0
v -55.4487 -177.76 0
v -59.4709 -180.73 0
v -55.125 -178.206 0
v -59.207 -181.094 0
v -54.8129 -178.659 0
v -58.9519 -181.464 0
v -54.5086 -179.116 0
v -58.7016 -181.839 0
v -54.2167 -179.577 0
v -58.4588 -182.223 0
v -53.9335 -180.037 0
v -58.2181 -182.615 0
v -53.6631 -180.497 0
v -57.9816 -183.017 0
v -53.4018 -180.948 0
v -57.7419 -183.431 0
v -53.1479 -181.397 0
v -57.5038 -183.852 0
v -52.8995 -181.84 0
v -57.2623 -184.282 0
v -52.6532 -182.281 0
v -57.0215 -184.714 0
v -52.4085 -182.721 0
v -56.7802 -185.148 0
v -52.1649 -183.161 0
v -56.5391 -185.583 0
v -51.9222 -183.599 0
v -56.2976 -186.019 0
v -51.6778 -184.042 0
v -56.0583 -186.452 0
v -51.4319 -184.49 0
v -55.8237 -186.88 0
v -51.1833 -184.951 0
v -55.5969 -187.3 0
v -50.9317 -185.431 0
v -55.3842 -187.705 0
v -50.6821 -185.932 0
v -55.1882 -188.099 0
v -50.4335 -186.469 0
v -55.0161 -188.469 0
v -50.2008 -187.038 0
v -54.8701 -188.826 0
v -49.9831 -187.651 0
v -54.7521 -189.153 0
v -49.8056 -188.296 0
v -54.6654 -189.472 0
v -49.6652 -188.971 0
v -54.6006 -189.772 0
v -49.5852 -189.651 0
v -54.5663 -190.086 0
v -49.5466 -190.316 0
v -54.5456 -190.417 0
v -49.5565 -190.941 0
v -54.5543 -190.792 0
v -49.5796 -191.505 0
v -54.5719 -191.227 0
v -49.6158 -192.018 0
v -54.6064 -191.712 0
v -49.6388 -192.46 0
v -54.6351 -192.268 0
v -49.6496 -192.875 0
v -54.6495 -192.853 0
v -49.6439 -193.251 0
v -54.6388 -193.475 0
v -49.6159 -193.626 0
v -54.5936 -194.098 0
v -49.5728 -194 0
v -54.5213 -194.716 0
v -49.5038 -194.394 0
v -54.4196 -195.307 0
v -49.4202 -194.816 0
v -54.3086 -195.866 0
v -49.3176 -195.258 0
v -54.1858 -196.398 0
v -49.2059 -195.729 0
v -54.0667 -196.9 0
v -49.0865 -196.216 0
v -53.9483 -197.384 0
v -48.966 -196.728 0
v -53.8396 -197.845 0
v -48.8501 -197.248 0
v -53.7378 -198.302 0
v -48.7399 -197.778 0
v -53.6443 -198.751 0
v -48.6402 -198.305 0
v -53.5585 -199.206 0
v -48.5474 -198.829 0
v -53.4767 -199.667 0
v -48.4621 -199.353 0
v -53.4014 -200.13 0
v -48.3826 -199.877 0
v -53.3309 -200.594 0
v -48.3101 -200.403 0
v -53.2668 -201.059 0
v -48.2433 -200.929 0
v -53.2077 -201.525 0
v -48.1831 -201.462 0
v -53.1556 -201.986 0
v -48.1303 -202.002 0
v -53.111 -202.441 0
v -48.0871 -202.552 0
v -53.0759 -202.887 0
v -48.0558 -203.116 0
v -53.0515 -203.322 0
v -48.0404 -203.69 0
v -53.0401 -203.747 0
v -48.043 -204.278 0
v -53.0416 -204.159 0
v -48.0683 -204.865 0
v -53.0597 -204.571 0
v -48.1119 -205.449 0
v -53.0901 -204.983 0
v -48.1778 -206.033 0
v -53.1367 -205.393 0
v -48.2621 -206.614 0
v -53.1956 -205.801 0
v -48.3695 -207.195 0
v -53.27 -206.203 0
v -48.4976 -207.776 0
v -53.3568 -206.598 0
v -48.6492 -208.349 0
v -53.4614 -206.992 0
v -48.818 -208.913 0
v -53.5791 -207.386 0
v -49.0043 -209.458 0
v -53.7168 -207.787 0
v -49.1971 -209.983 0
v -53.8682 -208.2 0
v -49.3973 -210.488 0
v -54.037 -208.624 0
v -49.594 -210.972 0
v -54.2168 -209.067 0
v -49.7907 -211.443 0
v -54.4056 -209.519 0
v -49.9811 -211.9 0
v -54.5994 -209.984 0
v -50.1676 -212.351 0
v -54.7953 -210.458 0
v -50.3467 -212.794 0
v -54.9911 -210.942 0
v -50.5227 -213.242 0
v -55.1809 -211.425 0
v -50.6979 -213.694 0
v -55.3667 -211.905 0
v -50.875 -214.161 0
v -55.5445 -212.373 0
v -51.0608 -214.642 0
v -55.7189 -212.825 0
v -51.2545 -215.133 0
v -55.8919 -213.264 0
v -51.4614 -215.635 0
v -56.0659 -213.686 0
v -51.682 -216.143 0
v -56.2439 -214.096 0
v -51.9198 -216.656 0
v -56.4259 -214.49 0
v -52.1778 -217.173 0
v -56.6145 -214.868 0
v -52.459 -217.693 0
v -56.8086 -215.227 0
v -52.7634 -218.206 0
v -57.0149 -215.574 0
v -53.0891 -218.71 0
v -57.2305 -215.909 0
v -53.4323 -219.195 0
v -57.4658 -216.24 0
v -53.7844 -219.66 0
v -57.7166 -216.572 0
v -54.1456 -220.104 0
v -57.9873 -216.903 0
v -54.5072 -220.528 0
v -58.2737 -217.24 0
v -54.8723 -220.936 0
v -58.5757 -217.577 0
v -55.2344 -221.33 0
v -58.8901 -217.919 0
v -55.5921 -221.708 0
v -59.2202 -218.268 0
v -55.9377 -222.072 0
v -59.563 -218.629 0
v -56.2812 -222.434 0
v -59.9085 -218.992 0
v -56.6209 -222.792 0
v -60.2563 -219.36 0
v -56.9652 -223.158 0
v -60.5976 -219.722 0
v -57.3178 -223.529 0
v -60.9337 -220.076 0
v -57.6796 -223.906 0
v -61.2646 -220.42 0
v -58.0547 -224.287 0
v -61.591 -220.752 0
v -58.4395 -224.666 0
v -61.9185 -221.075 0
v -58.8353 -225.043 0
v -62.2467 -221.387 0
v -59.2369 -225.41 0
v -62.583 -221.695 0
v -59.6418 -225.769 0
v -62.9261 -221.999 0
v -60.043 -226.113 0
v -63.2847 -222.306 0
v -60.434 -226.444 0
v -63.6566 -222.621 0
v -60.8162 -226.764 0
v -64.0407 -222.943 0
v -61.1838 -227.077 0
v -64.4353 -223.278 0
v -61.5402 -227.384 0
v -64.836 -223.624 0
v -61.8814 -227.688 0
v -65.2415 -223.985 0
v -62.2114 -227.993 0
v -65.6457 -224.359 0
v -62.5284 -228.299 0
v -66.0479 -224.748 0
v -62.8358 -228.612 0
v -66.4415 -225.148 0
v -63.1343 -228.93 0
v -66.8272 -225.559 0
v -63.4242 -229.256 0
v -67.2011 -225.98 0
v -63.7072 -229.59 0
v -67.5646 -226.409 0
v -63.9819 -229.933 0
v -67.9156 -226.846 0
v -64.2503 -230.282 0
v -68.2558 -227.29 0
v -64.5099 -230.639 0
v -68.5844 -227.741 0
v -64.7624 -231.002 0
v -68.9027 -228.199 0
v -65.0053 -231.371 0
v -69.21 -228.665 0
v -65.24 -231.745 0
v -69.5072 -229.139 0
v -65.4662 -232.126 0
v -69.7913 -229.617 0
v -65.6861 -232.514 0
v -70.0644 -230.099 0
v -65.899 -232.911 0
v -70.3242 -230.583 0
v -66.1081 -233.316 0
v -70.5733 -231.067 0
v -66.3138 -233.735 0
v -70.8092 -231.546 0
v -66.5211 -234.165 0
v -71.0359 -232.016 0
v -66.7283 -234.606 0
v -71.2541 -232.48 0
v -66.94 -235.057 0
v -71.4671 -232.934 0
v -67.1528 -235.511 0
v -71.6785 -233.386 0
v -67.3682 -235.968 0
v -71.8892 -233.833 0
v -67.5841 -236.424 0
v -72.1014 -234.281 0
v -67.8002 -236.879 0
v -72.3146 -234.729 0
v -68.0141 -237.327 0
v -72.5313 -235.184 0
v -68.2226 -237.769 0
v -72.7495 -235.646 0
v -68.4253 -238.204 0
v -72.9693 -236.118 0
v -68.6184 -238.631 0
v -73.1881 -236.602 0
v -68.7993 -239.046 0
v -73.4069 -237.104 0
v -68.9622 -239.446 0
v -73.6209 -237.63 0
v -69.1076 -239.835 0
v -73.8246 -238.177 0
v -69.2323 -240.212 0
v -74.0137 -238.749 0
v -69.3372 -240.585 0
v -74.1795 -239.339 0
v -69.423 -240.951 0
v -74.3207 -239.945 0
v -69.4886 -241.321 0
v -74.4303 -240.56 0
v -69.5372 -241.692 0
v -74.5108 -241.179 0
v -69.5657 -242.07 0
v -74.5583 -241.798 0
v -69.5784 -242.453 0
v -74.5782 -242.414 0
v -69.5714 -242.845 0
v -74.5682 -243.022 0
v -69.5499 -243.246 0
v -74.5359 -243.619 0
v -69.5099 -243.659 0
v -74.4805 -244.201 0
v -69.4578 -244.087 0
v -74.4115 -244.765 0
v -69.3899 -244.532 0
v -74.3292 -245.309 0
v -69.3141 -244.998 0
v -74.2444 -245.83 0
v -69.2299 -245.479 0
v -74.1563 -246.334 0
v -69.1439 -245.979 0
v -74.0726 -246.82 0
v -69.0569 -246.493 0
v -73.9929 -247.291 0
v -68.9748 -247.026 0
v -73.9227 -247.746 0
v -68.9006 -247.568 0
v -73.8612 -248.195 0
v -68.8368 -248.121 0
v -73.8103 -248.635 0
v -68.7864 -248.674 0
v -73.77 -249.078 0
v -68.7471 -249.225 0
v -73.7381 -249.525 0
v -68.7203 -249.771 0
v -73.7161 -249.978 0
v -68.702 -250.31 0
v -73.7004 -250.437 0
v -68.6929 -250.841 0
v -73.6925 -250.907 0
v -68.6881 -251.361 0
v -73.688 -251.386 0
v -68.6878 -251.881 0
v -73.6877 -251.866 0
v -68.6911 -252.4 0
v -73.6908 -252.348 0
v -68.6987 -252.926 0
v -73.6976 -252.821 0
v -68.7135 -253.461 0
v -73.7104 -253.286 0
v -68.7367 -254.005 0
v -73.7297 -253.741 0
v -68.7719 -254.56 0
v -73.7577 -254.184 0
v -68.8211 -255.122 0
v -73.7956 -254.618 0
v -68.8868 -255.691 0
v -73.8443 -255.041 0
v -68.9701 -256.258 0
v -73.9066 -255.464 0
v -69.0685 -256.821 0
v -73.9803 -255.886 0
v -69.1825 -257.375 0
v -74.0681 -256.311 0
v -69.3074 -257.919 0
v -74.1666 -256.741 0
v -69.4425 -258.449 0
v -74.2791 -257.181 0
v -69.5808 -258.963 0
v -74.4004 -257.632 0
v -69.7223 -259.462 0
v -74.5317 -258.095 0
v -69.8605 -259.947 0
v -74.6677 -258.572 0
v -70.0008 -260.436 0
v -74.8033 -259.044 0
v -70.1448 -260.928 0
v -74.9399 -259.512 0
v -70.2936 -261.427 0
v -75.0772 -259.972 0
v -70.4497 -261.93 0
v -75.217 -260.423 0
v -70.6135 -262.438 0
v -75.3602 -260.867 0
v -70.7871 -262.949 0
v -75.508 -261.302 0
v -70.9673 -263.452 0
v -75.6652 -261.741 0
v -71.1506 -263.947 0
v -75.8291 -262.184 0
v -71.335 -264.428 0
v -76.003 -262.636 0
v -71.5143 -264.895 0
v -76.1821 -263.103 0
v -71.6907 -265.354 0
v -76.3642 -263.577 0
v -71.8607 -265.806 0
v -76.5464 -264.061 0
v -72.0251 -266.252 0
v -76.7276 -264.553 0
v -72.1814 -266.693 0
v -76.9054 -265.055 0
v -72.329 -267.128 0
v -77.079 -265.567 0
v -72.4654 -267.557 0
v -77.2457 -266.091 0
v -72.5931 -267.99 0
v -77.4012 -266.618 0
v -72.7133 -268.426 0
v -77.5466 -267.145 0
v -72.8272 -268.874 0
v -77.6791 -267.666 0
v -72.9395 -269.335 0
v -77.8036 -268.177 0
v -73.0484 -269.804 0
v -77.921 -268.682 0
v -73.1573 -270.281 0
v -78.0345 -269.18 0
v -73.2631 -270.754 0
v -78.1468 -269.682 0
v -73.3642 -271.224 0
v -78.2563 -270.191 0
v -73.46 -271.687 0
v -78.363 -270.707 0
v -73.5482 -272.144 0
v -78.4643 -271.232 0
v -73.6294 -272.6 0
v -78.5584 -271.76 0
v -73.7034 -273.055 0
v -78.6449 -272.292 0
v -73.7702 -273.512 0
v -78.7226 -272.824 0
v -73.8309 -273.972 0
v -78.7927 -273.355 0
v -73.8855 -274.44 0
v -78.8541 -273.881 0
v -73.9369 -274.915 0
v -78.9103 -274.4 0
v -73.9849 -275.4 0
v -78.9609 -274.91 0
v -74.0332 -275.894 0
v -79.0098 -275.411 0
v -74.0818 -276.398 0
v -79.0571 -275.902 0
v -74.1347 -276.912 0
v -79.1066 -276.383 0
v -74.1924 -277.436 0
v -79.1583 -276.853 0
v -74.2592 -277.971 0
v -79.2154 -277.311 0
v -74.3363 -278.515 0
v -79.2785 -277.757 0
v -74.4278 -279.068 0
v -79.35 -278.19 0
v -74.5358 -279.631 0
v -79.4304 -278.609 0
v -74.6646 -280.201 0
v -79.5215 -279.014 0
v -74.8173 -280.78 0
v -79.6236 -279.402 0
v -74.9985 -281.364 0
v -79.7384 -279.772 0
v -75.2028 -281.929 0
v -79.8744 -280.147 0
v -75.422 -282.475 0
v -80.0275 -280.529 0
v -75.6535 -282.997 0
v -80.2019 -280.921 0
v -75.8882 -283.497 0
v -80.3918 -281.325 0
v -76.1273 -283.98 0
v -80.5968 -281.739 0
v -76.3645 -284.448 0
v -80.8121 -282.163 0
v -76.5988 -284.898 0
v -81.039 -282.6 0
v -76.8239 -285.335 0
v -81.2721 -283.052 0
v -77.0434 -285.764 0
v -81.5077 -283.513 0
v -77.2539 -286.187 0
v -81.7427 -283.985 0
v -77.4572 -286.608 0
v -81.9749 -284.465 0
v -77.6514 -287.025 0
v -82.2022 -284.954 0
v -77.8375 -287.443 0
v -82.4229 -285.45 0
v -78.0149 -287.861 0
v -82.636 -285.952 0
v -78.1842 -288.282 0
v -82.8399 -286.459 0
v -78.3454 -288.705 0
v -83.0347 -286.97 0
v -78.4986 -289.132 0
v -83.2195 -287.485 0
v -78.644 -289.561 0
v -83.3948 -288.002 0
v -78.7813 -289.994 0
v -83.5601 -288.523 0
v -78.9111 -290.429 0
v -83.7159 -289.046 0
v -79.0331 -290.868 0
v -83.8616 -289.57 0
v -79.148 -291.311 0
v -83.9982 -290.095 0
v -79.2563 -291.759 0
v -84.1244 -290.619 0
v -79.3597 -292.214 0
v -84.2427 -291.139 0
v -79.4579 -292.675 0
v -84.3528 -291.656 0
v -79.5532 -293.143 0
v -84.4572 -292.168 0
v -79.6449 -293.616 0
v -84.5559 -292.677 0
v -79.735 -294.094 0
v -84.651 -293.181 0
v -79.8229 -294.575 0
v -84.743 -293.684 0
v -79.9094 -295.058 0
v -84.8328 -294.186 0
v -79.9941 -295.541 0
v -84.9205 -294.687 0
v -80.0774 -296.026 0
v -85.0066 -295.188 0
v -80.1564 -296.496 0
v -85.0935 -295.705 0
v -80.2254 -296.949 0
v -85.1749 -296.24 0
v -80.2831 -297.375 0
v -85.2505 -296.805 0
v -80.321 -297.771 0
v -85.3074 -297.403 0
v -80.3413 -298.153 0
v -85.3396 -298.02 0
v -80.3415 -298.518 0
v -85.3397 -298.654 0
v -80.3214 -298.884 0
v -85.3053 -299.286 0
v -80.2822 -299.252 0
v -85.2386 -299.911 0
v -80.2194 -299.644 0
v -85.1443 -300.507 0
v -80.1399 -300.058 0
v -85.0357 -301.074 0
v -80.0401 -300.504 0
v -84.9175 -301.604 0
v -79.9314 -300.981 0
v -84.8041 -302.102 0
v -79.8135 -301.489 0
v -84.6957 -302.568 0
v -79.7 -302.031 0
v -84.6041 -303.005 0
v -79.5972 -302.578 0
v -84.5223 -303.44 0
v -79.5073 -303.132 0
v -84.4519 -303.874 0
v -79.4316 -303.68 0
v -84.391 -304.316 0
v -79.3673 -304.223 0
v -84.3377 -304.766 0
v -79.3137 -304.758 0
v -84.2917 -305.226 0
v -79.2672 -305.285 0
v -84.2503 -305.695 0
v -79.2276 -305.8 0
v -84.2134 -306.177 0
v -79.1901 -306.305 0
v -84.1768 -306.67 0
v -79.1538 -306.809 0
v -84.1413 -307.163 0
v -79.1186 -307.313 0
v -84.1067 -307.657 0
v -79.0842 -307.817 0
v -84.0732 -308.15 0
v -79.0512 -308.323 0
v -84.041 -308.642 0
v -79.0195 -308.829 0
v -84.0102 -309.134 0
v -78.9894 -309.337 0
v -83.9811 -309.624 0
v -78.961 -309.845 0
v -83.9537 -310.115 0
v -78.9345 -310.354 0
v -83.9283 -310.604 0
v -78.91 -310.865 0
v -83.9049 -311.092 0
v -78.8879 -311.376 0
v -83.8837 -311.58 0
v -78.8682 -311.888 0
v -83.865 -312.067 0
v -78.8511 -312.401 0
v -83.8488 -312.554 0
v -78.8369 -312.915 0
v -83.8353 -313.039 0
v -78.8256 -313.43 0
v -83.8247 -313.524 0
v -78.8175 -313.946 0
v -83.8172 -314.008 0
v -78.8128 -314.463 0
v -83.8127 -314.491 0
v -78.8118 -314.981 0
v -83.8118 -314.973 0
v -78.8144 -315.499 0
v -83.8142 -315.455 0
v -78.8211 -316.019 0
v -83.8204 -315.935 0
v -78.8318 -316.539 0
v -83.8303 -316.414 0
v -78.8471 -317.06 0
v -83.8443 -316.893 0
v -78.8668 -317.582 0
v -83.8623 -317.37 0
v -78.8914 -318.105 0
v -83.8848 -317.846 0
v -78.9209 -318.628 0
v -83.9115 -318.322 0
v -78.9557 -319.152 0
v -83.943 -318.796 0
v -78.9958 -319.676 0
v -83.9792 -319.269 0
v -79.0413 -320.199 0
v -84.0203 -319.741 0
v -79.092 -320.722 0
v -84.0661 -320.214 0
v -79.1479 -321.243 0
v -84.1168 -320.687 0
v -79.2086 -321.763 0
v -84.1721 -321.16 0
v -79.274 -322.282 0
v -84.2318 -321.634 0
v -79.344 -322.799 0
v -84.2959 -322.108 0
v -79.4182 -323.315 0
v -84.3642 -322.582 0
v -79.4966 -323.829 0
v -84.4365 -323.056 0
v -79.5788 -324.342 0
v -84.5126 -323.531 0
v -79.6649 -324.853 0
v -84.5926 -324.006 0
v -79.7544 -325.363 0
v -84.676 -324.481 0
v -79.8474 -325.871 0
v -84.7629 -324.956 0
v -79.9434 -326.378 0
v -84.853 -325.431 0
v -80.0426 -326.884 0
v -84.9464 -325.907 0
v -80.1444 -327.388 0
v -85.0425 -326.383 0
v -80.249 -327.89 0
v -85.1416 -326.86 0
v -80.3559 -328.392 0
v -85.2433 -327.336 0
v -80.4652 -328.892 0
v -85.3475 -327.813 0
v -80.5765 -329.39 0
v -85.4541 -328.291 0
v -80.6898 -329.888 0
v -85.5629 -328.768 0
v -80.8048 -330.384 0
v -85.6736 -329.246 0
v -80.9214 -330.879 0
v -85.7863 -329.725 0
v -81.0394 -331.373 0
v -85.9008 -330.203 0
v -81.1587 -331.865 0
v -86.0168 -330.683 0
v -81.279 -332.357 0
v -86.1342 -331.162 0
v -81.4003 -332.847 0
v -86.253 -331.643 0
v -81.5223 -333.337 0
v -86.3729 -332.124 0
v -81.6449 -333.825 0
v -86.4937 -332.605 0
v -81.768 -334.313 0
v -86.6154 -333.087 0
v -81.8914 -334.8 0
v -86.7377 -333.57 0
v -82.0149 -335.286 0
v -86.8606 -334.053 0
v -82.1383 -335.771 0
v -86.9838 -334.537 0
v -82.2616 -336.255 0
v -87.1072 -335.022 0
v -82.3846 -336.738 0
v -87.2307 -335.508 0
v -82.5071 -337.221 0
v -87.3541 -335.994 0
v -82.6289 -337.703 0
v -87.4773 -336.481 0
v -82.7499 -338.185 0
v -87.6 -336.97 0
v -82.87 -338.666 0
v -87.7222 -337.459 0
v -82.989 -339.146 0
v -87.8436 -337.949 0
v -83.1068 -339.626 0
v -87.9642 -338.441 0
v -83.2231 -340.105 0
v -88.0837 -338.933 0
v -83.338 -340.584 0
v -88.202 -339.426 0
v -83.451 -341.063 0
v -88.3189 -339.921 0
v -83.5624 -341.541 0
v -88.4344 -340.417 0
v -83.6716 -342.019 0
v -88.548 -340.914 0
v -83.7788 -342.496 0
v -88.6599 -341.412 0
v -83.8835 -342.973 0
v -88.7696 -341.912 0
v -83.9861 -343.45 0
v -88.8772 -342.413 0
v -84.086 -343.928 0
v -88.9821 -342.914 0
v -84.1839 -344.406 0
v -89.0849 -343.416 0
v -84.2793 -344.885 0
v -89.1848 -343.917 0
v -84.3731 -345.365 0
v -89.2827 -344.418 0
v -84.4647 -345.847 0
v -89.378 -344.919 0
v -84.555 -346.329 0
v -89.4716 -345.42 0
v -84.6434 -346.813 0
v -89.5631 -345.92 0
v -84.7308 -347.297 0
v -89.6531 -346.419 0
v -84.8166 -347.783 0
v -89.7412 -346.918 0
v -84.9015 -348.27 0
v -89.8282 -347.417 0
v -84.9853 -348.757 0
v -89.9138 -347.915 0
v -85.0685 -349.246 0
v -89.9984 -348.412 0
v -85.1508 -349.735 0
v -90.0819 -348.909 0
v -85.2327 -350.226 0
v -90.1648 -349.405 0
v -85.3142 -350.717 0
v -90.247 -349.9 0
v -85.3956 -351.209 0
v -90.3288 -350.394 0
v -85.4768 -351.702 0
v -90.4102 -350.888 0
v -85.5582 -352.195 0
v -90.4915 -351.381 0
v -85.6398 -352.69 0
v -90.5728 -351.874 0
v -85.7218 -353.185 0
v -90.6542 -352.365 0
v -85.8044 -353.68 0
v -90.7359 -352.856 0
v -85.8877 -354.177 0
v -90.8181 -353.346 0
v -85.9719 -354.674 0
v -90.9009 -353.835 0
v -86.0571 -355.172 0
v -90.9845 -354.323 0
v -86.1435 -355.67 0
v -91.069 -354.81 0
v -86.2313 -356.169 0
v -91.1544 -355.296 0
v -86.3206 -356.668 0
v -91.2412 -355.781 0
v -86.4115 -357.168 0
v -91.3292 -356.265 0
v -86.5043 -357.668 0
v -91.4188 -356.748 0
v -86.599 -358.169 0
v -91.5099 -357.229 0
v -86.696 -358.67 0
v -91.603 -357.71 0
v -86.7952 -359.172 0
v -91.6978 -358.19 0
v -86.8969 -359.673 0
v -91.795 -358.668 0
v -87.0007 -360.174 0
v -91.894 -359.147 0
v -87.107 -360.674 0
v -91.9958 -359.625 0
v -87.2148 -361.172 0
v -92.0994 -360.104 0
v -87.3247 -361.669 0
v -92.2053 -360.583 0
v -87.4358 -362.165 0
v -92.3129 -361.063 0
v -87.5485 -362.66 0
v -92.4223 -361.544 0
v -87.662 -363.153 0
v -92.5331 -362.025 0
v -87.7768 -363.645 0
v -92.6454 -362.507 0
v -87.8919 -364.136 0
v -92.7586 -362.989 0
v -88.0079 -364.626 0
v -92.873 -363.472 0
v -88.124 -365.115 0
v -92.988 -363.957 0
v -88.2404 -365.603 0
v -93.1037 -364.441 0
v -88.3567 -366.089 0
v -93.2198 -364.927 0
v -88.4728 -366.575 0
v -93.3361 -365.414 0
v -88.5885 -367.06 0
v -93.4525 -365.902 0
v -88.7037 -367.544 0
v -93.5687 -366.39 0
v -88.818 -368.028 0
v -93.6846 -366.88 0
v -88.9314 -368.51 0
v -93.7999 -367.371 0
v -89.0437 -368.992 0
v -93.9146 -367.863 0
v -89.1546 -369.473 0
v -94.0282 -368.356 0
v -89.2642 -369.954 0
v -94.141 -368.851 0
v -89.3719 -370.434 0
v -94.2522 -369.346 0
v -89.478 -370.913 0
v -94.3622 -369.844 0
v -89.5818 -371.392 0
v -94.4702 -370.342 0
v -89.6837 -371.87 0
v -94.5767 -370.842 0
v -89.7828 -372.348 0
v -94.6807 -371.343 0
v -89.8798 -372.826 0
v -94.7828 -371.846 0
v -89.9736 -373.303 0
v -94.8819 -372.35 0
v -90.0649 -373.779 0
v -94.9789 -372.855 0
v -90.1527 -374.255 0
v -95.0723 -373.362 0
v -90.2377 -374.731 0
v -95.1633 -373.871 0
v -90.3188 -375.207 0
v -95.2502 -374.382 0
v -90.3968 -375.681 0
v -95.3343 -374.893 0
v -90.4704 -376.156 0
v -95.4139 -375.407 0
v -90.5407 -376.63 0
v -95.4902 -375.922 0
v -90.6062 -377.105 0
v -95.5616 -376.438 0
v -90.6681 -377.578 0
v -95.6293 -376.956 0
v -90.7248 -378.051 0
v -95.6916 -377.476 0
v -90.7776 -378.524 0
v -95.7498 -377.997 0
v -90.825 -378.997 0
v -95.802 -378.519 0
v -90.8687 -379.471 0
v -95.8502 -379.041 0
v -90.9071 -379.948 0
v -95.892 -379.56 0
v -90.9434 -380.431 0
v -95.9308 -380.075 0
v -90.9761 -380.917 0
v -95.9652 -380.587 0
v -91.008 -381.409 0
v -95.9981 -381.093 0
v -91.0385 -381.904 0
v -96.029 -381.595 0
v -91.0697 -382.405 0
v -96.0599 -382.092 0
v -91.1017 -382.91 0
v -96.0911 -382.585 0
v -91.1358 -383.421 0
v -96.1236 -383.073 0
v -91.1732 -383.934 0
v -96.1588 -383.556 0
v -91.2142 -384.454 0
v -96.1965 -384.034 0
v -91.2612 -384.977 0
v -96.239 -384.507 0
v -91.3134 -385.505 0
v -96.2851 -384.974 0
v -91.3744 -386.036 0
v -96.3383 -385.436 0
v -91.4424 -386.572 0
v -96.396 -385.892 0
v -91.522 -387.111 0
v -96.4626 -386.342 0
v -91.6108 -387.654 0
v -96.5349 -386.786 0
v -91.7135 -388.197 0
v -96.6181 -387.225 0
v -91.8266 -388.742 0
v -96.708 -387.66 0
v -91.9534 -389.28 0
v -96.8111 -388.095 0
v -92.0865 -389.808 0
v -96.9219 -388.536 0
v -92.2291 -390.328 0
v -97.0442 -388.981 0
v -92.3741 -390.837 0
v -97.1732 -389.434 0
v -92.5242 -391.337 0
v -97.3103 -389.891 0
v -92.6738 -391.828 0
v -97.4522 -390.356 0
v -92.8246 -392.312 0
v -97.5988 -390.827 0
v -92.9723 -392.788 0
v -97.7479 -391.307 0
v -93.1177 -393.257 0
v -97.8982 -391.792 0
v -93.2578 -393.719 0
v -98.0485 -392.287 0
v -93.3941 -394.183 0
v -98.1944 -392.783 0
v -93.5283 -394.647 0
v -98.3377 -393.28 0
v -93.6607 -395.12 0
v -98.4747 -393.769 0
v -93.7976 -395.607 0
v -98.6088 -394.245 0
v -93.9381 -396.1 0
v -98.7419 -394.714 0
v -94.0868 -396.608 0
v -98.8744 -395.166 0
v -94.2454 -397.121 0
v -99.0113 -395.608 0
v -94.4165 -397.646 0
v -99.1495 -396.034 0
v -94.6047 -398.175 0
v -99.2967 -396.447 0
v -94.8101 -398.714 0
v -99.4467 -396.842 0
v -95.0399 -399.253 0
v -99.6096 -397.223 0
v -95.2911 -399.796 0
v -99.7771 -397.587 0
v -95.5672 -400.324 0
v -99.965 -397.945 0
v -95.8544 -400.837 0
v -100.165 -398.304 0
v -96.1571 -401.328 0
v -100.388 -398.664 0
v -96.4581 -401.797 0
v -100.627 -399.037 0
v -96.7668 -402.25 0
v -100.882 -399.41 0
v -97.0721 -402.687 0
v -101.149 -399.792 0
v -97.3856 -403.121 0
v -101.421 -400.169 0
v -97.706 -403.554 0
v -101.696 -400.54 0
v -98.0359 -403.982 0
v -101.976 -400.904 0
v -98.3738 -404.408 0
v -102.259 -401.261 0
v -98.7131 -404.818 0
v -102.558 -401.621 0
v -99.041 -405.211 0
v -102.87 -401.996 0
v -99.3672 -405.597 0
v -103.189 -402.374 0
v -99.6864 -405.977 0
v -103.514 -402.76 0
v -100.013 -406.366 0
v -103.83 -403.137 0
v -100.356 -406.768 0
v -104.136 -403.495 0
v -100.723 -407.185 0
v -104.43 -403.83 0
v -101.13 -407.621 0
v -104.704 -404.124 0
v -101.584 -408.063 0
v -104.967 -404.38 0
v -102.104 -408.512 0
v -105.199 -404.585 0
v -102.67 -408.918 0
v -105.448 -404.76 0
v -103.26 -409.284 0
v -105.704 -404.922 0
v -103.854 -409.584 0
v -106.004 -405.069 0
v -104.417 -409.838 0
v -106.351 -405.227 0
v -104.959 -410.049 0
v -106.741 -405.377 0
v -105.456 -410.235 0
v -107.18 -405.542 0
v -105.929 -410.405 0
v -107.648 -405.71 0
v -106.362 -410.567 0
v -108.153 -405.898 0
v -106.752 -410.72 0
v -108.692 -406.112 0
v -107.08 -410.866 0
v -109.276 -406.374 0
v -107.375 -411.023 0
v -109.864 -406.686 0
v -107.634 -411.182 0
v -110.453 -407.052 0
v -107.877 -411.365 0
v -111.01 -407.469 0
v -108.111 -411.566 0
v -111.531 -407.919 0
v -108.339 -411.8 0
v -112.003 -408.398 0
v -108.57 -412.063 0
v -112.431 -408.886 0
v -108.805 -412.369 0
v -112.807 -409.372 0
v -109.055 -412.714 0
v -113.144 -409.836 0
v -109.31 -413.088 0
v -113.453 -410.288 0
v -109.578 -413.488 0
v -113.741 -410.718 0
v -109.844 -413.891 0
v -114.026 -411.15 0
v -110.108 -414.296 0
v -114.308 -411.583 0
v -110.365 -414.698 0
v -114.59 -412.023 0
v -110.614 -415.095 0
v -114.872 -412.474 0
v -110.856 -415.495 0
v -115.148 -412.929 0
v -111.093 -415.897 0
v -115.418 -413.389 0
v -111.326 -416.305 0
v -115.681 -413.849 0
v -111.558 -416.72 0
v -115.937 -414.307 0
v -111.783 -417.134 0
v -116.189 -414.772 0
v -112.001 -417.546 0
v -116.439 -415.243 0
v -112.211 -417.959 0
v -116.682 -415.722 0
v -112.413 -418.37 0
v -116.921 -416.208 0
v -112.607 -418.785 0
v -117.151 -416.698 0
v -112.795 -419.203 0
v -117.373 -417.193 0
v -112.973 -419.619 0
v -117.589 -417.696 0
v -113.142 -420.034 0
v -117.796 -418.207 0
v -113.299 -420.448 0
v -117.994 -418.728 0
v -113.444 -420.859 0
v -118.181 -419.259 0
v -113.58 -421.281 0
v -118.353 -419.79 0
v -113.71 -421.711 0
v -118.512 -420.317 0
v -113.832 -422.148 0
v -118.658 -420.843 0
v -113.948 -422.592 0
v -118.796 -421.366 0
v -114.055 -423.033 0
v -118.925 -421.897 0
v -114.153 -423.47 0
v -119.045 -422.435 0
v -114.242 -423.912 0
v -119.153 -422.974 0
v -114.323 -424.358 0
v -119.251 -423.512 0
v -114.395 -424.805 0
v -119.338 -424.052 0
v -114.459 -425.252 0
v -119.416 -424.594 0
v -114.515 -425.709 0
v -119.481 -425.13 0
v -114.566 -426.175 0
v -119.54 -425.658 0
v -114.612 -426.644 0
v -119.591 -426.184 0
v -114.653 -427.116 0
v -119.637 -426.708 0
v -114.688 -427.578 0
v -119.677 -427.243 0
v -114.715 -428.028 0
v -119.709 -427.791 0
v -114.731 -428.477 0
v -119.729 -428.342 0
v -114.739 -428.923 0
v -119.739 -428.896 0
v -114.736 -429.366 0
v -119.735 -429.452 0
v -114.724 -429.806 0
v -119.719 -430.012 0
v -114.701 -430.236 0
v -119.689 -430.581 0
v -114.666 -430.653 0
v -119.64 -431.159 0
v -114.615 -431.072 0
v -119.572 -431.733 0
v -114.553 -431.493 0
v -119.488 -432.301 0
v -114.48 -431.901 0
v -119.384 -432.877 0
v -114.395 -432.293 0
v -119.256 -433.461 0
v -114.298 -432.663 0
v -119.099 -434.059 0
v -114.188 -433.008 0
v -118.905 -434.665 0
v -114.057 -433.349 0
v -118.678 -435.258 0
v -113.908 -433.686 0
v -118.423 -435.834 0
v -113.734 -434.026 0
v -118.143 -436.385 0
v -113.54 -434.372 0
v -117.848 -436.91 0
v -113.328 -434.716 0
v -117.535 -437.417 0
v -113.099 -435.058 0
v -117.208 -437.907 0
v -112.857 -435.393 0
v -116.866 -438.382 0
v -112.603 -435.723 0
v -116.509 -438.844 0
v -112.341 -436.04 0
v -116.134 -439.298 0
v -112.071 -436.343 0
v -115.739 -439.74 0
v -111.795 -436.629 0
v -115.321 -440.174 0
v -111.514 -436.897 0
v -114.879 -440.595 0
v -111.216 -437.157 0
v -114.423 -440.992 0
v -110.903 -437.408 0
v -113.957 -441.367 0
v -110.564 -437.659 0
v -113.493 -441.711 0
v -110.203 -437.913 0
v -113.036 -442.033 0
v -109.816 -438.172 0
v -112.592 -442.331 0
v -109.408 -438.443 0
v -112.167 -442.613 0
v -108.991 -438.719 0
v -111.75 -442.888 0
v -108.566 -439.001 0
v -111.342 -443.159 0
v -108.149 -439.28 0
v -110.928 -443.437 0
v -107.738 -439.554 0
v -110.507 -443.718 0
v -107.349 -439.813 0
v -110.063 -444.012 0
v -106.976 -440.048 0
v -109.59 -444.31 0
v -106.62 -440.26 0
v -109.087 -444.61 0
v -106.277 -440.445 0
v -108.55 -444.898 0
v -105.941 -440.608 0
v -107.986 -445.171 0
v -105.608 -440.745 0
v -107.397 -445.414 0
v -105.248 -440.872 0
v -106.813 -445.621 0
v -104.866 -440.989 0
v -106.24 -445.796 0
v -104.445 -441.101 0
v -105.694 -445.942 0
v -103.995 -441.213 0
v -105.175 -446.072 0
v -103.511 -441.327 0
v -104.685 -446.187 0
v -103.003 -441.453 0
v -104.223 -446.302 0
v -102.495 -441.583 0
v -103.761 -446.42 0
v -101.989 -441.718 0
v -103.302 -446.543 0
v -101.513 -441.85 0
v -102.814 -446.678 0
v -101.058 -441.969 0
v -102.301 -446.812 0
v -100.645 -442.074 0
v -101.745 -446.951 0
v -100.263 -442.15 0
v -101.147 -447.071 0
v -99.9162 -442.207 0
v -100.507 -447.172 0
v -99.5978 -442.231 0
v -99.8306 -447.226 0
v -99.2875 -442.237 0
v -99.141 -447.234 0
v -98.9833 -442.214 0
v -98.4508 -447.185 0
v -98.6727 -442.17 0
v -97.7712 -447.088 0
v -98.36 -442.099 0
v -97.111 -446.94 0
v -98.0309 -442.003 0
v -96.4797 -446.757 0
v -97.6945 -441.88 0
v -95.8776 -446.539 0
v -97.3283 -441.727 0
v -95.321 -446.307 0
v -96.9432 -441.55 0
v -94.7978 -446.066 0
v -96.5403 -441.352 0
v -94.303 -445.824 0
v -96.1249 -441.14 0
v -93.8277 -445.581 0
v -95.6937 -440.914 0
v -93.3733 -445.343 0
v -95.2487 -440.681 0
v -92.9323 -445.112 0
v -94.77 -440.432 0
v -92.5246 -444.899 0
v -94.2575 -440.184 0
v -92.1371 -444.712 0
v -93.6999 -439.932 0
v -91.7839 -444.551 0
v -93.0998 -439.705 0
v -91.4498 -444.425 0
v -92.4781 -439.506 0
v -91.1198 -444.318 0
v -91.8433 -439.351 0
v -90.7846 -444.237 0
v -91.2587 -439.238 0
v -90.387 -444.162 0
v -90.7125 -439.149 0
v -89.9465 -444.09 0
v -90.1963 -439.073 0
v -89.4733 -444.021 0
v -89.6995 -439.001 0
v -88.9804 -443.949 0
v -89.1897 -438.927 0
v -88.5006 -443.879 0
v -88.6712 -438.858 0
v -88.028 -443.816 0
v -88.1341 -438.79 0
v -87.5729 -443.759 0
v -87.5846 -438.735 0
v -87.1275 -443.714 0
v -87.0185 -438.688 0
v -86.6972 -443.678 0
v -86.4419 -438.662 0
v -86.2752 -443.659 0
v -85.8683 -438.65 0
v -85.849 -443.65 0
v -85.2975 -438.658 0
v -85.4203 -443.656 0
v -84.7683 -438.676 0
v -84.9502 -443.673 0
v -84.2635 -438.695 0
v -84.4557 -443.691 0
v -83.8022 -438.714 0
v -83.9177 -443.712 0
v -83.3665 -438.716 0
v -83.3537 -443.716 0
v -82.9546 -438.712 0
v -82.7657 -443.708 0
v -82.5584 -438.686 0
v -82.1647 -443.671 0
v -82.1816 -438.652 0
v -81.546 -443.611 0
v -81.8199 -438.592 0
v -80.9218 -443.511 0
v -81.4776 -438.524 0
v -80.2842 -443.38 0
v -81.1522 -438.429 0
v -79.6508 -443.198 0
v -80.8323 -438.321 0
v -79.024 -442.983 0
v -80.5232 -438.185 0
v -78.4186 -442.72 0
v -80.1949 -438.024 0
v -77.8494 -442.44 0
v -79.8649 -437.834 0
v -77.3123 -442.133 0
v -79.511 -437.616 0
v -76.8147 -441.827 0
v -79.1506 -437.376 0
v -76.3429 -441.513 0
v -78.7622 -437.107 0
v -75.9089 -441.213 0
v -78.3586 -436.825 0
v -75.4925 -440.922 0
v -77.9323 -436.527 0
v -75.1001 -440.647 0
v -77.488 -436.227 0
v -74.7151 -440.388 0
v -77.0355 -435.929 0
v -74.3327 -440.136 0
v -76.5733 -435.64 0
v -73.9474 -439.895 0
v -76.1062 -435.356 0
v -73.5602 -439.659 0
v -75.632 -435.083 0
v -73.1677 -439.433 0
v -75.1614 -434.82 0
v -72.7649 -439.209 0
v -74.6905 -434.568 0
v -72.354 -438.989 0
v -74.2168 -434.321 0
v -71.9414 -438.773 0
v -73.739 -434.082 0
v -71.5247 -438.565 0
v -73.2574 -433.847 0
v -71.1077 -438.361 0
v -72.7713 -433.621 0
v -70.6869 -438.166 0
v -72.2906 -433.404 0
v -70.2568 -437.971 0
v -71.811 -433.194 0
v -69.8202 -437.78 0
v -71.363 -433.001 0
v -69.3497 -437.578 0
v -70.9332 -432.808 0
v -68.8674 -437.361 0
v -70.5321 -432.625 0
v -68.3594 -437.128 0
v -70.1518 -432.431 0
v -67.8482 -436.869 0
v -69.8058 -432.249 0
v -67.3109 -436.582 0
v -69.4886 -432.05 0
v -66.7802 -436.253 0
v -69.1949 -431.857 0
v -66.2418 -435.892 0
v -68.9283 -431.641 0
v -65.7294 -435.483 0
v -68.6334 -431.386 0
v -65.2677 -435.084 0
v -68.3379 -431.102 0
v -64.8416 -434.676 0
v -68.0055 -430.77 0
v -64.4664 -434.302 0
v -67.6575 -430.42 0
v -64.1092 -433.943 0
v -67.2977 -430.057 0
v -63.765 -433.596 0
v -66.9293 -429.693 0
v -63.4221 -433.257 0
v -66.5493 -429.321 0
v -63.088 -432.929 0
v -66.1576 -428.953 0
v -62.7507 -432.613 0
v -65.7682 -428.593 0
v -62.4053 -432.294 0
v -65.3756 -428.242 0
v -62.0527 -431.978 0
v -65.0118 -427.921 0
v -61.6673 -431.637 0
v -64.6652 -427.603 0
v -61.2765 -431.28 0
v -64.3157 -427.279 0
v -60.893 -430.924 0
v -63.9681 -426.948 0
v -60.5157 -430.565 0
v -63.6053 -426.601 0
v -60.1567 -430.221 0
v -63.2343 -426.249 0
v -59.8015 -429.885 0
v -62.8587 -425.896 0
v -59.4492 -429.553 0
v -62.4782 -425.545 0
v -59.0947 -429.226 0
v -62.1153 -425.212 0
v -58.7201 -428.883 0
v -61.7626 -424.883 0
v -58.3421 -428.53 0
v -61.4362 -424.576 0
v -57.9404 -428.151 0
v -61.1314 -424.266 0
v -57.5438 -427.749 0
v -60.8628 -423.988 0
v -57.1209 -427.304 0
v -60.6298 -423.701 0
v -56.7205 -426.818 0
v -60.4101 -423.421 0
v -56.3275 -426.308 0
v -60.2211 -423.123 0
v -55.9764 -425.766 0
v -60.0232 -422.797 0
v -55.6582 -425.236 0
v -59.8445 -422.448 0
v -55.3784 -424.696 0
v -59.6431 -422.038 0
v -55.1394 -424.209 0
v -59.4385 -421.606 0
v -54.9158 -423.738 0
v -59.2063 -421.112 0
v -54.7234 -423.326 0
v -58.9454 -420.609 0
v -54.5234 -422.942 0
v -58.66 -420.079 0
v -54.3365 -422.59 0
v -58.3361 -419.561 0
v -54.129 -422.262 0
v -58.0057 -419.059 0
v -53.9104 -421.928 0
v -57.6507 -418.582 0
v -53.6678 -421.604 0
v -57.3104 -418.141 0
v -53.397 -421.253 0
v -56.965 -417.719 0
v -53.1089 -420.902 0
v -56.6155 -417.299 0
v -52.8189 -420.553 0
v -56.2543 -416.89 0
v -52.5184 -420.213 0
v -55.8852 -416.478 0
v -52.22 -419.879 0
v -55.5018 -416.079 0
v -51.9109 -419.558 0
v -55.1362 -415.705 0
v -51.5774 -419.217 0
v -54.7727 -415.34 0
v -51.2351 -418.873 0
v -54.4176 -414.985 0
v -50.8826 -418.521 0
v -54.0653 -414.633 0
v -50.5281 -418.167 0
v -53.7266 -414.294 0
v -50.1601 -417.798 0
v -53.3971 -413.953 0
v -49.7947 -417.42 0
v -53.0896 -413.633 0
v -49.4102 -417.018 0
v -52.8011 -413.305 0
v -49.0368 -416.596 0
v -52.5201 -412.981 0
v -48.6635 -416.164 0
v -52.2566 -412.645 0
v -48.309 -415.714 0
v -51.9902 -412.299 0
v -47.9661 -415.267 0
v -51.7371 -411.941 0
v -47.6418 -414.809 0
v -51.4855 -411.579 0
v -47.3235 -414.35 0
v -51.2483 -411.207 0
v -47.0225 -413.879 0
v -51.0081 -410.823 0
v -46.732 -413.415 0
v -50.7782 -410.431 0
v -46.4562 -412.945 0
v -50.5425 -410.023 0
v -46.1921 -412.487 0
v -50.3116 -409.607 0
v -45.9371 -412.029 0
v -50.0772 -409.182 0
v -45.6888 -411.578 0
v -49.8451 -408.753 0
v -45.4451 -411.128 0
v -49.5952 -408.289 0
v -45.2209 -410.711 0
v -49.3305 -407.824 0
v -44.991 -410.307 0
v -49.0583 -407.351 0
v -44.7644 -409.913 0
v -48.7709 -406.886 0
v -44.5261 -409.528 0
v -48.4793 -406.421 0
v -44.2865 -409.145 0
v -48.1733 -405.966 0
v -44.0342 -408.771 0
v -47.857 -405.503 0
v -43.7868 -408.407 0
v -47.5216 -405.052 0
v -43.5247 -408.057 0
v -47.2043 -404.634 0
v -43.238 -407.678 0
v -46.8863 -404.225 0
v -42.9423 -407.298 0
v -46.6025 -403.862 0
v -42.6105 -406.873 0
v -46.3379 -403.498 0
v -42.2866 -406.428 0
v -46.1003 -403.17 0
v -41.9407 -405.944 0
v -45.8937 -402.833 0
v -41.6219 -405.431 0
v -45.7273 -402.566 0
v -41.2745 -404.84 0
v -45.6155 -402.291 0
v -40.9933 -404.197 0
v -45.5201 -402.08 0
v -40.7198 -403.479 0
v -45.489 -401.86 0
v -40.5636 -402.72 0
v -45.4442 -401.655 0
v -40.4521 -401.937 0
v -45.4662 -401.441 0
v -40.4744 -401.154 0
v -45.4699 -401.219 0
v -40.541 -400.379 0
v -45.5423 -401.001 0
v -40.7325 -399.634 0
v -45.6157 -400.725 0
v -40.9413 -398.951 0
v -45.7474 -400.463 0
v -41.2349 -398.309 0
v -45.9149 -400.112 0
v -41.503 -397.759 0
v -46.1159 -399.772 0
v -41.8067 -397.236 0
v -46.3484 -399.379 0
v -42.0837 -396.769 0
v -46.5949 -398.99 0
v -42.3716 -396.313 0
v -46.8714 -398.554 0
v -42.6313 -395.904 0
v -47.1437 -398.111 0
v -42.8827 -395.495 0
v -47.4368 -397.632 0
v -43.1123 -395.122 0
v -47.709 -397.137 0
v -43.3209 -394.74 0
v -47.9697 -396.657 0
v -43.5381 -394.342 0
v -48.214 -396.171 0
v -43.7419 -393.935 0
v -48.4459 -395.706 0
v -43.9563 -393.505 0
v -48.6707 -395.239 0
v -44.1655 -393.07 0
v -48.8665 -394.831 0
v -44.4031 -392.577 0
v -49.0772 -394.434 0
v -44.6602 -392.091 0
v -49.2659 -394.075 0
v -44.941 -391.566 0
v -49.4827 -393.735 0
v -45.2576 -391.061 0
v -49.7031 -393.385 0
v -45.5733 -390.567 0
v -49.949 -393.052 0
v -45.9181 -390.093 0
v -50.2235 -392.678 0
v -46.2362 -389.661 0
v -50.5093 -392.311 0
v -46.5645 -389.239 0
v -50.8276 -391.903 0
v -46.861 -388.859 0
v -51.1408 -391.488 0
v -47.1505 -388.475 0
v -51.4788 -391.039 0
v -47.4149 -388.126 0
v -51.7966 -390.573 0
v -47.6594 -387.765 0
v -52.1315 -390.075 0
v -47.8853 -387.435 0
v -52.4309 -389.553 0
v -48.0803 -387.089 0
v -52.7418 -388.994 0
v -48.2606 -386.776 0
v -52.998 -388.407 0
v -48.3989 -386.445 0
v -53.2527 -387.793 0
v -48.5343 -386.138 0
v -53.4371 -387.154 0
v -48.6201 -385.814 0
v -53.61 -386.507 0
v -48.713 -385.497 0
v -53.7071 -385.845 0
v -48.7531 -385.169 0
v -53.7925 -385.159 0
v -48.8012 -384.865 0
v -53.7883 -384.467 0
v -48.7891 -384.556 0
v -53.7664 -383.762 0
v -48.7915 -384.262 0
v -53.6475 -383.066 0
v -48.7306 -383.974 0
v -53.4991 -382.334 0
v -48.6959 -383.723 0
v -53.2335 -381.635 0
v -48.5918 -383.494 0
v -52.9059 -380.877 0
v -48.5457 -383.324 0
v -52.425 -380.196 0
v -48.4295 -383.202 0
v -51.938 -379.581 0
v -48.3119 -383.023 0
v -51.3548 -379.068 0
v -48.1316 -382.89 0
v -50.9209 -378.704 0
v -47.8001 -382.61 0
v -50.4806 -378.369 0
v -47.4438 -382.341 0
v -50.2023 -378.16 0
v -46.9302 -381.94 0
v -49.9615 -377.92 0
v -46.4533 -381.483 0
v -49.7562 -377.726 0
v -45.9521 -380.971 0
v -49.5957 -377.491 0
v -45.5261 -380.396 0
v -49.3893 -377.204 0
v -45.1575 -379.867 0
v -49.2122 -376.88 0
v -44.8462 -379.317 0
v -48.9795 -376.463 0
v -44.5925 -378.861 0
v -48.7514 -376.038 0
v -44.3474 -378.405 0
v -48.5107 -375.59 0
v -44.1143 -377.972 0
v -48.2678 -375.145 0
v -43.8785 -377.539 0
v -48.0269 -374.704 0
v -43.6403 -377.103 0
v -47.7856 -374.263 0
v -43.4009 -376.666 0
v -47.5473 -373.828 0
v -43.1587 -376.224 0
v -47.3106 -373.393 0
v -42.9175 -375.781 0
v -47.0766 -372.962 0
v -42.6744 -375.333 0
v -46.8457 -372.53 0
v -42.4341 -374.883 0
v -46.6164 -372.1 0
v -42.1932 -374.431 0
v -46.3911 -371.668 0
v -41.9562 -373.977 0
v -46.1674 -371.237 0
v -41.7187 -373.52 0
v -45.9484 -370.805 0
v -41.4859 -373.06 0
v -45.7311 -370.374 0
v -41.2529 -372.598 0
v -45.5192 -369.941 0
v -41.0256 -372.133 0
v -45.3081 -369.507 0
v -40.799 -371.667 0
v -45.1023 -369.07 0
v -40.5783 -371.199 0
v -44.8956 -368.63 0
v -40.3598 -370.734 0
v -44.693 -368.188 0
v -40.1461 -370.268 0
v -44.4891 -367.742 0
v -39.9344 -369.804 0
v -44.288 -367.294 0
v -39.726 -369.34 0
v -44.0855 -366.842 0
v -39.5194 -368.879 0
v -43.8844 -366.389 0
v -39.3147 -368.418 0
v -43.6816 -365.932 0
v -39.1116 -367.961 0
v -43.4789 -365.475 0
v -38.9088 -367.504 0
v -43.2743 -365.015 0
v -38.7075 -367.05 0
v -43.0683 -364.554 0
v -38.5051 -366.598 0
v -42.8604 -364.091 0
v -38.304 -366.15 0
v -42.6495 -363.627 0
v -38.1004 -365.703 0
v -42.4364 -363.161 0
v -37.8979 -365.259 0
v -42.2193 -362.697 0
v -37.6913 -364.818 0
v -42.0024 -362.234 0
v -37.4837 -364.375 0
v -41.7825 -361.775 0
v -37.272 -363.932 0
v -41.567 -361.324 0
v -37.056 -363.481 0
v -41.3522 -360.875 0
v -36.8396 -363.028 0
v -41.1426 -360.435 0
v -36.619 -362.565 0
v -40.9377 -359.994 0
v -36.4021 -362.099 0
v -40.7382 -359.564 0
v -36.1817 -361.622 0
v -40.5472 -359.13 0
v -35.9692 -361.141 0
v -40.3617 -358.707 0
v -35.754 -360.648 0
v -40.1885 -358.279 0
v -35.5514 -360.149 0
v -40.0216 -357.864 0
v -35.3461 -359.636 0
v -39.8728 -357.446 0
v -35.1585 -359.112 0
v -39.7407 -357.074 0
v -34.9606 -358.54 0
v -39.643 -356.698 0
v -34.8022 -357.95 0
v -39.5602 -356.393 0
v -34.6405 -357.286 0
v -39.5314 -356.086 0
v -34.5578 -356.599 0
v -39.4978 -355.829 0
v -34.4979 -355.862 0
v -39.5275 -355.577 0
v -34.5487 -355.117 0
v -39.5417 -355.339 0
v -34.6379 -354.363 0
v -39.6184 -355.117 0
v -34.8461 -353.626 0
v -39.6818 -354.891 0
v -35.0936 -352.904 0
v -39.8038 -354.689 0
v -35.4511 -352.229 0
v -39.9378 -354.447 0
v -35.8206 -351.61 0
v -40.1247 -354.225 0
v -36.2607 -351.052 0
v -40.3647 -353.936 0
v -36.6624 -350.576 0
v -40.6604 -353.638 0
v -37.0676 -350.161 0
v -41.0589 -353.219 0
v -37.3589 -349.856 0
v -41.4447 -352.775 0
v -37.6279 -349.545 0
v -41.8299 -352.307 0
v -37.8793 -349.242 0
v -42.1777 -351.831 0
v -38.1198 -348.909 0
v -42.493 -351.388 0
v -38.3846 -348.538 0
v -42.7888 -350.95 0
v -38.6485 -348.147 0
v -43.0641 -350.544 0
v -38.9347 -347.725 0
v -43.3308 -350.156 0
v -39.2341 -347.289 0
v -43.5773 -349.809 0
v -39.5679 -346.822 0
v -43.8396 -349.473 0
v -39.9199 -346.369 0
v -44.1099 -349.137 0
v -40.2767 -345.927 0
v -44.4083 -348.795 0
v -40.6349 -345.514 0
v -44.7395 -348.414 0
v -40.9593 -345.141 0
v -45.0791 -348.02 0
v -41.2732 -344.777 0
v -45.4338 -347.598 0
v -41.5619 -344.434 0
v -45.7757 -347.168 0
v -41.8417 -344.081 0
v -46.1093 -346.737 0
v -42.1207 -343.722 0
v -46.4456 -346.28 0
v -42.3777 -343.373 0
v -46.7924 -345.778 0
v -42.5999 -343.054 0
v -47.116 -345.248 0
v -42.7962 -342.73 0
v -47.4252 -344.691 0
v -42.9733 -342.415 0
v -47.6945 -344.117 0
v -43.1269 -342.083 0
v -47.937 -343.543 0
v -43.2745 -341.737 0
v -48.1418 -342.963 0
v -43.4012 -341.374 0
v -48.3234 -342.393 0
v -43.5236 -340.992 0
v -48.4749 -341.823 0
v -43.628 -340.595 0
v -48.6094 -341.266 0
v -43.7285 -340.181 0
v -48.7218 -340.713 0
v -43.8146 -339.754 0
v -48.8231 -340.174 0
v -43.8984 -339.31 0
v -48.9098 -339.643 0
v -43.9724 -338.854 0
v -48.9905 -339.127 0
v -44.0464 -338.382 0
v -49.064 -338.621 0
v -44.1164 -337.899 0
v -49.1358 -338.132 0
v -44.1899 -337.398 0
v -49.2083 -337.647 0
v -44.2655 -336.894 0
v -49.2821 -337.171 0
v -44.345 -336.381 0
v -49.3607 -336.695 0
v -44.4291 -335.871 0
v -49.4417 -336.217 0
v -44.515 -335.363 0
v -49.5274 -335.733 0
v -44.6038 -334.862 0
v -49.6147 -335.238 0
v -44.6902 -334.373 0
v -49.7033 -334.732 0
v -44.774 -333.894 0
v -49.7906 -334.202 0
v -44.8495 -333.437 0
v -49.8695 -333.657 0
v -44.914 -332.992 0
v -49.9406 -333.078 0
v -44.9655 -332.579 0
v -49.9873 -332.474 0
v -44.9956 -332.186 0
v -50.0106 -331.817 0
v -45.0107 -331.846 0
v -49.9777 -331.132 0
v -44.9938 -331.533 0
v -49.8926 -330.402 0
v -44.9688 -331.272 0
v -49.7183 -329.671 0
v -44.9069 -331.031 0
v -49.4825 -328.954 0
v -44.8364 -330.802 0
v -49.1644 -328.276 0
v -44.7252 -330.577 0
v -48.813 -327.655 0
v -44.5878 -330.329 0
v -48.4241 -327.1 0
v -44.3994 -330.067 0
v -48.0494 -326.613 0
v -44.1656 -329.762 0
v -47.6833 -326.184 0
v -43.8817 -329.432 0
v -47.3609 -325.806 0
v -43.555 -329.049 0
v -47.0679 -325.462 0
v -43.1999 -328.631 0
v -46.8242 -325.154 0
v -42.8251 -328.155 0
v -46.6158 -324.863 0
v -42.4525 -327.632 0
v -46.4485 -324.593 0
v -42.0953 -327.053 0
v -46.298 -324.299 0
v -41.7886 -326.458 0
v -46.154 -323.975 0
v -41.5269 -325.87 0
v -46.0135 -323.598 0
v -41.3161 -325.311 0
v -45.8617 -323.169 0
v -41.134 -324.797 0
v -45.7119 -322.721 0
v -40.9669 -324.297 0
v -45.5578 -322.254 0
v -40.8074 -323.814 0
v -45.4046 -321.785 0
v -40.6501 -323.333 0
v -45.2518 -321.314 0
v -40.4944 -322.852 0
v -45.1001 -320.843 0
v -40.3393 -322.371 0
v -44.9498 -320.373 0
v -40.1852 -321.889 0
v -44.8008 -319.903 0
v -40.0321 -321.406 0
v -44.6535 -319.433 0
v -39.8802 -320.922 0
v -44.5078 -318.963 0
v -39.7296 -320.436 0
v -44.364 -318.494 0
v -39.5806 -319.949 0
v -44.222 -318.024 0
v -39.4331 -319.462 0
v -44.0823 -317.555 0
v -39.2874 -318.973 0
v -43.9446 -317.086 0
v -39.1435 -318.482 0
v -43.8093 -316.617 0
v -39.0018 -317.991 0
v -43.6764 -316.147 0
v -38.8621 -317.498 0
v -43.5461 -315.678 0
v -38.7249 -317.003 0
v -43.4185 -315.209 0
v -38.59 -316.508 0
v -43.2938 -314.74 0
v -38.4579 -316.01 0
v -43.1719 -314.271 0
v -38.3284 -315.512 0
v -43.0533 -313.801 0
v -38.202 -315.012 0
v -42.9376 -313.332 0
v -38.0786 -314.51 0
v -42.8252 -312.861 0
v -37.9585 -314.008 0
v -42.7154 -312.388 0
v -37.8423 -313.507 0
v -42.607 -311.911 0
v -37.7289 -313.009 0
v -42.4999 -311.43 0
v -37.6187 -312.514 0
v -42.3925 -310.945 0
v -37.51 -312.023 0
v -42.2847 -310.455 0
v -37.4028 -311.536 0
v -42.175 -309.962 0
v -37.2954 -311.053 0
v -42.0633 -309.465 0
v -37.1879 -310.574 0
v -41.948 -308.964 0
v -37.0787 -310.1 0
v -41.8295 -308.463 0
v -36.9674 -309.629 0
v -41.7072 -307.96 0
v -36.8532 -309.16 0
v -41.5817 -307.46 0
v -36.7354 -308.69 0
v -41.4536 -306.961 0
v -36.6146 -308.22 0
v -41.3231 -306.465 0
v -36.4906 -307.749 0
v -41.1907 -305.971 0
v -36.3641 -307.277 0
v -41.0565 -305.48 0
v -36.235 -306.804 0
v -40.9211 -304.99 0
v -36.104 -306.33 0
v -40.7846 -304.502 0
v -35.971 -305.855 0
v -40.6476 -304.016 0
v -35.8366 -305.378 0
v -40.51 -303.532 0
v -35.7009 -304.9 0
v -40.3724 -303.049 0
v -35.5644 -304.421 0
v -40.2346 -302.567 0
v -35.4275 -303.942 0
v -40.0964 -302.085 0
v -35.2902 -303.463 0
v -39.9576 -301.601 0
v -35.153 -302.985 0
v -39.8177 -301.117 0
v -35.0153 -302.509 0
v -39.6768 -300.632 0
v -34.8771 -302.033 0
v -39.5344 -300.147 0
v -34.7381 -301.559 0
v -39.3906 -299.661 0
v -34.5983 -301.087 0
v -39.2449 -299.174 0
v -34.4572 -300.615 0
v -39.098 -298.689 0
v -34.3143 -300.143 0
v -38.9504 -298.205 0
v -34.1699 -299.671 0
v -38.8024 -297.725 0
v -34.0237 -299.195 0
v -38.6553 -297.247 0
v -33.8766 -298.718 0
v -38.509 -296.771 0
v -33.7287 -298.237 0
v -38.3646 -296.299 0
v -33.581 -297.754 0
v -38.2221 -295.828 0
v -33.4336 -297.267 0
v -38.0825 -295.36 0
v -33.2876 -296.777 0
v -37.9458 -294.893 0
v -33.143 -296.284 0
v -37.8128 -294.428 0
v -33.001 -295.787 0
v -37.6831 -293.963 0
v -32.8622 -295.289 0
v -37.5567 -293.497 0
v -32.7267 -294.79 0
v -37.4332 -293.029 0
v -32.595 -294.291 0
v -37.3122 -292.56 0
v -32.4666 -293.792 0
v -37.1938 -292.088 0
v -32.3414 -293.294 0
v -37.0774 -291.615 0
v -32.219 -292.796 0
v -36.9631 -291.14 0
v -32.0994 -292.299 0
v -36.8505 -290.663 0
v -31.9821 -291.803 0
v -36.7395 -290.185 0
v -31.8671 -291.307 0
v -36.6298 -289.705 0
v -31.7539 -290.812 0
v -36.5213 -289.223 0
v -31.6425 -290.318 0
v -36.4136 -288.741 0
v -31.5324 -289.824 0
v -36.3067 -288.257 0
v -31.4237 -289.332 0
v -36.2001 -287.771 0
v -31.3158 -288.841 0
v -36.0938 -287.285 0
v -31.2087 -288.351 0
v -35.9874 -286.797 0
v -31.1021 -287.861 0
v -35.8809 -286.308 0
v -30.9958 -287.373 0
v -35.7737 -285.817 0
v -30.8894 -286.887 0
v -35.666 -285.326 0
v -30.7829 -286.401 0
v -35.5573 -284.834 0
v -30.6759 -285.917 0
v -35.4474 -284.341 0
v -30.5684 -285.434 0
v -35.3362 -283.847 0
v -30.4598 -284.952 0
v -35.2236 -283.353 0
v -30.3501 -284.471 0
v -35.1098 -282.86 0
v -30.2392 -283.99 0
v -34.9947 -282.367 0
v -30.1269 -283.509 0
v -34.8785 -281.874 0
v -30.0135 -283.028 0
v -34.7613 -281.383 0
v -29.8988 -282.547 0
v -34.6431 -280.891 0
v -29.7831 -282.066 0
v -34.5239 -280.401 0
v -29.6662 -281.585 0
v -34.4039 -279.91 0
v -29.5485 -281.104 0
v -34.283 -279.421 0
v -29.4297 -280.623 0
v -34.1615 -278.932 0
v -29.3101 -280.142 0
v -34.0392 -278.443 0
v -29.1896 -279.66 0
v -33.9163 -277.955 0
v -29.0684 -279.179 0
v -33.7929 -277.467 0
v -28.9464 -278.697 0
v -33.6689 -276.98 0
v -28.8239 -278.215 0
v -33.5445 -276.493 0
v -28.7007 -277.733 0
v -33.4198 -276.007 0
v -28.577 -277.251 0
v -33.2947 -275.521 0
v -28.4529 -276.768 0
v -33.1694 -275.035 0
v -28.3283 -276.286 0
v -33.0438 -274.55 0
v -28.2034 -275.803 0
v -32.9182 -274.065 0
v -28.0782 -275.32 0
v -32.7926 -273.581 0
v -27.9528 -274.836 0
v -32.6671 -273.097 0
v -27.8272 -274.352 0
v -32.5417 -272.613 0
v -27.7015 -273.867 0
v -32.4167 -272.13 0
v -27.5759 -273.382 0
v -32.292 -271.648 0
v -27.4505 -272.896 0
v -32.1679 -271.166 0
v -27.3253 -272.41 0
v -32.0443 -270.684 0
v -27.2004 -271.923 0
v -31.9214 -270.202 0
v -27.0759 -271.436 0
v -31.7992 -269.721 0
v -26.952 -270.948 0
v -31.6779 -269.24 0
v -26.8287 -270.459 0
v -31.5575 -268.759 0
v -26.7062 -269.97 0
v -31.438 -268.279 0
v -26.5845 -269.48 0
v -31.3195 -267.798 0
v -26.4637 -268.99 0
v -31.2019 -267.317 0
v -26.3437 -268.5 0
v -31.0853 -266.836 0
v -26.2248 -268.009 0
v -30.9698 -266.355 0
v -26.1068 -267.517 0
v -30.8554 -265.874 0
v -25.9898 -267.026 0
v -30.742 -265.393 0
v -25.8739 -266.533 0
v -30.6299 -264.911 0
v -25.7591 -266.041 0
v -30.5188 -264.43 0
v -25.6454 -265.548 0
v -30.4089 -263.948 0
v -25.5329 -265.055 0
v -30.3001 -263.466 0
v -25.4216 -264.561 0
v -30.1922 -262.983 0
v -25.3115 -264.068 0
v -30.0851 -262.499 0
v -25.2024 -263.576 0
v -29.9787 -262.015 0
v -25.0943 -263.084 0
v -29.8729 -261.53 0
v -24.987 -262.592 0
v -29.7676 -261.044 0
v -24.8805 -262.1 0
v -29.6626 -260.557 0
v -24.7746 -261.609 0
v -29.5579 -260.07 0
v -24.6692 -261.119 0
v -29.4534 -259.582 0
v -24.5642 -260.629 0
v -29.3489 -259.094 0
v -24.4595 -260.139 0
v -29.2444 -258.605 0
v -24.3549 -259.65 0
v -29.1397 -258.115 0
v -24.2505 -259.162 0
v -29.0347 -257.625 0
v -24.1459 -258.674 0
v -28.9293 -257.135 0
v -24.0413 -258.187 0
v -28.8234 -256.644 0
v -23.9363 -257.701 0
v -28.7168 -256.152 0
v -23.8311 -257.215 0
v -28.6093 -255.66 0
v -23.7253 -256.73 0
v -28.4995 -255.161 0
v -23.6202 -256.253 0
v -28.3845 -254.655 0
v -23.5133 -255.783 0
v -28.2629 -254.139 0
v -23.4058 -255.326 0
v -28.1294 -253.612 0
v -23.2937 -254.883 0
v -27.983 -253.076 0
v -23.1772 -254.455 0
v -27.8185 -252.53 0
v -23.0529 -254.044 0
v -27.6359 -251.983 0
v -22.9193 -253.642 0
v -27.4331 -251.436 0
v -22.7749 -253.252 0
v -27.2169 -250.907 0
v -22.6119 -252.855 0
v -26.9944 -250.398 0
v -22.4346 -252.449 0
v -26.7668 -249.906 0
v -22.2416 -252.033 0
v -26.5406 -249.431 0
v -22.0378 -251.605 0
v -26.315 -248.97 0
v -21.8239 -251.168 0
v -26.0951 -248.521 0
v -21.6043 -250.719 0
v -25.8831 -248.088 0
v -21.3765 -250.254 0
v -25.6855 -247.669 0
v -21.1476 -249.768 0
v -25.4996 -247.26 0
v -20.9203 -249.267 0
v -25.3296 -246.858 0
v -20.7007 -248.748 0
v -25.1688 -246.449 0
v -20.4952 -248.226 0
v -25.0166 -246.035 0
v -20.303 -247.703 0
v -24.8685 -245.6 0
v -20.1284 -247.191 0
v -24.7193 -245.148 0
v -19.9641 -246.693 0
v -24.5675 -244.673 0
v -19.8112 -246.215 0
v -24.4053 -244.18 0
v -19.6613 -245.759 0
v -24.2428 -243.698 0
v -19.5043 -245.293 0
v -24.084 -243.226 0
v -19.3443 -244.818 0
v -23.9302 -242.767 0
v -19.18 -244.328 0
v -23.7866 -242.321 0
v -19.0175 -243.823 0
v -23.6558 -241.897 0
v -18.8537 -243.29 0
v -23.5452 -241.491 0
v -18.7019 -242.733 0
v -23.4501 -241.098 0
v -18.5628 -242.153 0
v -23.3762 -240.71 0
v -18.4491 -241.56 0
v -23.3175 -240.334 0
v -18.3554 -240.948 0
v -23.2833 -239.961 0
v -18.2967 -240.326 0
v -23.2619 -239.558 0
v -18.2648 -239.73 0
v -23.2556 -239.135 0
v -18.2557 -239.154 0
v -23.2592 -238.691 0
v -18.26 -238.598 0
v -23.2725 -238.233 0
v -18.2757 -238.056 0
v -23.2926 -237.754 0
v -18.2973 -237.536 0
v -23.315 -237.262 0
v -18.3204 -237.029 0
v -23.3401 -236.729 0
v -18.3428 -236.564 0
v -23.3506 -236.171 0
v -18.3508 -236.121 0
v -23.3511 -235.605 0
v -18.3518 -235.688 0
v -23.3316 -235.035 0
v -18.3366 -235.259 0
v -23.3007 -234.475 0
v -18.3126 -234.82 0
v -23.255 -233.924 0
v -18.2754 -234.375 0
v -23.2014 -233.379 0
v -18.2312 -233.924 0
v -23.1362 -232.84 0
v -18.1761 -233.471 0
v -23.0629 -232.291 0
v -18.1176 -233.029 0
v -22.9718 -231.739 0
v -18.0456 -232.595 0
v -22.8657 -231.161 0
v -17.9724 -232.189 0
v -22.7274 -230.577 0
v -17.8794 -231.801 0
v -22.5737 -230.003 0
v -17.7752 -231.408 0
v -22.395 -229.441 0
v -17.65 -231.018 0
v -22.2116 -228.91 0
v -17.507 -230.604 0
v -22.0195 -228.397 0
v -17.3483 -230.18 0
v -21.8272 -227.903 0
v -17.1782 -229.743 0
v -21.632 -227.418 0
v -16.9997 -229.3 0
v -21.4407 -226.951 0
v -16.812 -228.842 0
v -21.2534 -226.491 0
v -16.622 -228.375 0
v -21.0705 -226.041 0
v -16.4285 -227.899 0
v -20.8942 -225.594 0
v -16.2381 -227.416 0
v -20.7232 -225.154 0
v -16.0469 -226.924 0
v -20.5615 -224.715 0
v -15.8628 -226.424 0
v -20.404 -224.277 0
v -15.6824 -225.922 0
v -20.2552 -223.836 0
v -15.5112 -225.415 0
v -20.1075 -223.386 0
v -15.3473 -224.915 0
v -19.9638 -222.929 0
v -15.1905 -224.418 0
v -19.8306 -222.499 0
v -15.0287 -223.893 0
v -19.7164 -222.078 0
v -14.8808 -223.349 0
v -19.6206 -221.709 0
v -14.7301 -222.749 0
v -19.562 -221.359 0
v -14.6195 -222.115 0
v -19.5163 -221.043 0
v -14.5321 -221.44 0
v -19.5115 -220.737 0
v -14.5115 -220.749 0
v -19.5159 -220.414 0
v -14.5276 -220.072 0
v -19.557 -220.084 0
v -14.6025 -219.41 0
v -19.6141 -219.71 0
v -14.6985 -218.796 0
v -19.6992 -219.324 0
v -14.826 -218.205 0
v -19.8064 -218.881 0
v -14.9535 -217.677 0
v -19.9246 -218.417 0
v -15.0821 -217.172 0
v -20.0588 -217.898 0
v -15.1991 -216.722 0
v -20.1812 -217.354 0
v -15.2957 -216.291 0
v -20.3016 -216.779 0
v -15.3818 -215.887 0
v -20.3924 -216.187 0
v -15.4411 -215.491 0
v -20.4674 -215.602 0
v -15.4943 -215.085 0
v -20.5142 -215.019 0
v -15.5263 -214.672 0
v -20.5478 -214.457 0
v -15.5527 -214.236 0
v -20.5638 -213.902 0
v -15.565 -213.791 0
v -20.5726 -213.349 0
v -15.5726 -213.344 0
v -20.565 -212.797 0
v -15.566 -212.896 0
v -20.5501 -212.232 0
v -15.5553 -212.461 0
v -20.5129 -211.664 0
v -15.5265 -212.032 0
v -20.4677 -211.109 0
v -15.4908 -211.59 0
v -20.4066 -210.561 0
v -15.4407 -211.144 0
v -20.3388 -210.011 0
v -15.3866 -210.702 0
v -20.2536 -209.464 0
v -15.3177 -210.262 0
v -20.1649 -208.934 0
v -15.2414 -209.805 0
v -20.0673 -208.411 0
v -15.1553 -209.345 0
v -19.9653 -207.884 0
v -15.0675 -208.89 0
v -19.851 -207.358 0
v -14.9693 -208.439 0
v -19.7301 -206.823 0
v -14.8703 -207.999 0
v -19.5922 -206.289 0
v -14.7579 -207.565 0
v -19.4479 -205.754 0
v -14.642 -207.134 0
v -19.2867 -205.224 0
v -14.5117 -206.707 0
v -19.1212 -204.702 0
v -14.3756 -206.276 0
v -18.9424 -204.186 0
v -14.2264 -205.848 0
v -18.7626 -203.683 0
v -14.0696 -205.408 0
v -18.5755 -203.188 0
v -13.9034 -204.969 0
v -18.3921 -202.711 0
v -13.7278 -204.512 0
v -18.2096 -202.24 0
v -13.5487 -204.05 0
v -18.0331 -201.787 0
v -13.3629 -203.572 0
v -17.8638 -201.336 0
v -13.1803 -203.087 0
v -17.6985 -200.892 0
v -12.9972 -202.594 0
v -17.5418 -200.447 0
v -12.8215 -202.096 0
v -17.388 -200.003 0
v -12.6482 -201.595 0
v -17.2428 -199.557 0
v -12.4838 -201.09 0
v -17.1 -199.109 0
v -12.3227 -200.585 0
v -16.9657 -198.659 0
v -12.1708 -200.077 0
v -16.8342 -198.21 0
v -12.0216 -199.566 0
v -16.7118 -197.759 0
v -11.8821 -199.052 0
v -16.5932 -197.31 0
v -11.7452 -198.534 0
v -16.4853 -196.861 0
v -11.6194 -198.011 0
v -16.3815 -196.416 0
v -11.4967 -197.482 0
v -16.2906 -195.969 0
v -11.3874 -196.949 0
v -16.2032 -195.523 0
v -11.2832 -196.414 0
v -16.1286 -195.075 0
v -11.1932 -195.876 0
v -16.0566 -194.619 0
v -11.1093 -195.343 0
v -15.9949 -194.161 0
v -11.0374 -194.811 0
v -15.9343 -193.685 0
v -10.9715 -194.294 0
v -15.8776 -193.204 0
v -10.9111 -193.782 0
v -15.8221 -192.722 0
v -10.8524 -193.272 0
v -15.7706 -192.238 0
v -10.798 -192.761 0
v -15.722 -191.771 0
v -10.7433 -192.233 0
v -15.6844 -191.309 0
v -10.6997 -191.699 0
v -15.6489 -190.834 0
v -10.6606 -191.176 0
v -15.6191 -190.355 0
v -10.6282 -190.657 0
v -15.5897 -189.855 0
v -10.599 -190.159 0
v -15.5576 -189.348 0
v -10.5679 -189.668 0
v -15.5242 -188.832 0
v -10.5367 -189.186 0
v -15.4843 -188.314 0
v -10.4997 -188.707 0
v -15.4412 -187.782 0
v -10.4624 -188.242 0
v -15.3856 -187.247 0
v -10.4143 -187.783 0
v -15.3233 -186.691 0
v -10.3662 -187.344 0
v -15.2386 -186.133 0
v -10.3002 -186.915 0
v -15.1491 -185.589 0
v -10.2275 -186.471 0
v -15.0453 -185.054 0
v -10.1407 -186.026 0
v -14.9437 -184.551 0
v -10.044 -185.548 0
v -14.8429 -184.058 0
v -9.94446 -185.061 0
v -14.7439 -183.575 0
v -9.8427 -184.564 0
v -14.6484 -183.095 0
v -9.7434 -184.064 0
v -14.554 -182.615 0
v -9.6447 -183.563 0
v -14.4631 -182.135 0
v -9.54951 -183.06 0
v -14.3816 -181.703 0
v -9.44697 -182.509 0
v -14.3234 -181.281 0
v -9.36703 -181.941 0
v -14.2745 -180.916 0
v -9.29033 -181.314 0
v -14.2653 -180.563 0
v -9.26639 -180.669 0
v -14.2599 -180.191 0
v -9.26222 -180.041 0
v -14.2881 -179.816 0
v -9.30382 -179.419 0
v -14.3197 -179.44 0
v -9.36106 -178.799 0
v -14.3846 -179.07 0
v -9.46368 -178.184 0
v -14.4436 -178.739 0
v -9.59134 -177.533 0
v -14.5434 -178.429 0
v -9.78637 -176.889 0
v -14.6386 -178.133 0
v -10.0117 -176.238 0
v -14.7778 -177.856 0
v -10.3079 -175.616 0
v -14.922 -177.569 0
v -10.6237 -175.015 0
v -15.1082 -177.301 0
v -10.9969 -174.456 0
v -15.3273 -176.989 0
v -11.3558 -173.951 0
v -15.5781 -176.687 0
v -11.7409 -173.482 0
v -15.8688 -176.344 0
v -12.0962 -173.062 0
v -16.1757 -176.001 0
v -12.4557 -172.66 0
v -16.5087 -175.632 0
v -12.7927 -172.286 0
v -16.8451 -175.257 0
v -13.1244 -171.917 0
v -17.1801 -174.884 0
v -13.4573 -171.546 0
v -17.5145 -174.511 0
v -13.7901 -171.175 0
v -17.8584 -174.126 0
v -14.1134 -170.814 0
v -18.1993 -173.736 0
v -14.4305 -170.451 0
v -18.5747 -173.303 0
v -14.7114 -170.129 0
v -18.9321 -172.844 0
v -14.9666 -169.799 0
v -19.2845 -172.379 0
v -15.2196 -169.468 0
v -19.6108 -171.896 0
v -15.4518 -169.121 0
v -19.9196 -171.428 0
v -15.6944 -168.755 0
v -20.2084 -170.952 0
v -15.9234 -168.376 0
v -20.4866 -170.486 0
v -16.158 -167.983 0
v -20.7507 -170.014 0
v -16.382 -167.582 0
v -20.983 -169.595 0
v -16.6345 -167.127 0
v -21.2197 -169.188 0
v -16.9001 -166.67 0
v -21.4185 -168.844 0
v -17.2062 -166.15 0
v -21.6415 -168.527 0
v -17.5548 -165.647 0
v -21.8441 -168.237 0
v -17.9326 -165.123 0
v -22.0795 -167.977 0
v -18.3604 -164.635 0
v -22.3228 -167.706 0
v -18.7902 -164.167 0
v -22.5969 -167.461 0
v -19.2565 -163.74 0
v -22.9158 -167.176 0
v -19.685 -163.36 0
v -23.254 -166.905 0
v -20.1253 -163.005 0
v -23.6732 -166.57 0
v -20.4876 -162.716 0
v -24.0888 -166.214 0
v -20.8317 -162.421 0
v -24.5389 -165.824 0
v -21.1392 -162.158 0
v -24.9647 -165.402 0
v -21.4212 -161.874 0
v -25.3977 -164.961 0
v -21.6913 -161.605 0
v -25.7944 -164.486 0
v -21.9323 -161.31 0
v -26.1921 -163.993 0
v -22.1669 -161.027 0
v -26.5442 -163.468 0
v -22.3673 -160.72 0
v -26.8836 -162.943 0
v -22.5746 -160.407 0
v -27.1767 -162.394 0
v -22.7481 -160.073 0
v -27.4423 -161.881 0
v -22.9441 -159.698 0
v -27.6793 -161.358 0
v -23.1184 -159.309 0
v -27.9029 -160.857 0
v -23.303 -158.898 0
v -28.1088 -160.35 0
v -23.4726 -158.478 0
v -28.3111 -159.847 0
v -23.6438 -158.054 0
v -28.4979 -159.338 0
v -23.8008 -157.624 0
v -28.6807 -158.834 0
v -23.9597 -157.187 0
v -28.8505 -158.327 0
v -24.1069 -156.746 0
v -29.0183 -157.821 0
v -24.2544 -156.303 0
v -29.174 -157.312 0
v -24.3908 -155.856 0
v -29.329 -156.801 0
v -24.5263 -155.41 0
v -29.4712 -156.286 0
v -24.6498 -154.961 0
v -29.6125 -155.768 0
v -24.7724 -154.514 0
v -29.7403 -155.248 0
v -24.8825 -154.064 0
v -29.867 -154.724 0
v -24.9915 -153.615 0
v -29.9792 -154.197 0
v -25.0869 -153.165 0
v -30.0929 -153.652 0
v -25.1785 -152.73 0
v -30.1847 -153.101 0
v -25.25 -152.295 0
v -30.2767 -152.52 0
v -25.3167 -151.889 0
v -30.3335 -151.93 0
v -25.3535 -151.483 0
v -30.384 -151.309 0
v -25.388 -151.108 0
v -30.3834 -150.681 0
v -25.3838 -150.737 0
v -30.3673 -150.016 0
v -25.3822 -150.402 0
v -30.2802 -149.351 0
v -25.3332 -150.077 0
v -30.161 -148.638 0
v -25.2982 -149.802 0
v -29.9432 -147.945 0
v -25.2066 -149.546 0
v -29.6801 -147.227 0
v -25.1391 -149.32 0
v -29.309 -146.567 0
v -25.0081 -149.117 0
v -28.9288 -145.953 0
v -24.8714 -148.875 0
v -28.4746 -145.407 0
v -24.6779 -148.66 0
v -28.0622 -144.933 0
v -24.437 -148.377 0
v -27.6144 -144.501 0
v -24.1624 -148.118 0
v -27.2305 -144.136 0
v -23.822 -147.794 0
v -26.8408 -143.78 0
v -23.4728 -147.475 0
v -26.4299 -143.406 0
v -23.1444 -147.176 0
v -26.0026 -143.049 0
v -22.8038 -146.892 0
v -25.5307 -142.66 0
v -22.5064 -146.642 0
v -25.0278 -142.309 0
v -22.1876 -146.424 0
v -24.5234 -141.965 0
v -21.8678 -146.202 0
v -23.9954 -141.662 0
v -21.527 -146.01 0
v -23.4852 -141.375 0
v -21.1669 -145.805 0
v -22.9598 -141.12 0
v -20.7915 -145.625 0
v -22.4667 -140.883 0
v -20.3833 -145.429 0
v -21.9665 -140.664 0
v -19.9671 -145.247 0
v -21.5141 -140.467 0
v -19.5027 -145.045 0
v -21.064 -140.268 0
v -19.0385 -144.839 0
v -20.6722 -140.095 0
v -18.5161 -144.607 0
v -20.2933 -139.9 0
v -18.0055 -144.346 0
v -19.933 -139.716 0
v -17.477 -144.071 0
v -19.5892 -139.503 0
v -16.9688 -143.761 0
v -19.2208 -139.277 0
v -16.4859 -143.462 0
v -18.8651 -139.029 0
v -16.0192 -143.14 0
v -18.4738 -138.758 0
v -15.5885 -142.842 0
v -18.0873 -138.48 0
v -15.1637 -142.536 0
v -17.6873 -138.191 0
v -14.7525 -142.24 0
v -17.2887 -137.901 0
v -14.343 -141.941 0
v -16.8797 -137.603 0
v -13.944 -141.65 0
v -16.4692 -137.306 0
v -13.5436 -141.361 0
v -16.0656 -137.015 0
v -13.1362 -141.067 0
v -15.6627 -136.723 0
v -12.7293 -140.772 0
v -15.2943 -136.457 0
v -12.2879 -140.452 0
v -14.9373 -136.178 0
v -11.8569 -140.116 0
v -14.6161 -135.928 0
v -11.3907 -139.749 0
v -14.3172 -135.654 0
v -10.9498 -139.35 0
v -14.0364 -135.402 0
v -10.492 -138.928 0
v -13.7848 -135.119 0
v -10.0732 -138.469 0
v -13.5069 -134.813 0
v -9.68153 -138.033 0
v -13.2518 -134.486 0
v -9.3191 -137.573 0
v -12.9528 -134.105 0
v -9.00057 -137.168 0
v -12.6587 -133.72 0
v -8.68716 -136.758 0
v -12.3434 -133.308 0
v -8.39496 -136.376 0
v -12.022 -132.901 0
v -8.09689 -135.998 0
v -11.6918 -132.483 0
v -7.80757 -135.631 0
v -11.3511 -132.073 0
v -7.50845 -135.272 0
v -11.0058 -131.659 0
v -7.21392 -134.918 0
v -10.6481 -131.255 0
v -6.90799 -134.573 0
v -10.2944 -130.857 0
v -6.59804 -134.224 0
v -9.93064 -130.467 0
v -6.27879 -133.883 0
v -9.58811 -130.101 0
v -5.93822 -133.519 0
v -9.24532 -129.736 0
v -5.59717 -133.155 0
v -8.9388 -129.409 0
v -5.21984 -132.751 0
v -8.64743 -129.07 0
v -4.85853 -132.333 0
v -8.40983 -128.8 0
v -4.4438 -131.845 0
v -8.21176 -128.503 0
v -4.07821 -131.316 0
v -8.01038 -128.214 0
v -3.71807 -130.778 0
v -7.85123 -127.9 0
v -3.41477 -130.206 0
v -7.66821 -127.551 0
v -3.13788 -129.666 0
v -7.51896 -127.188 0
v -2.90153 -129.106 0
v -7.37495 -126.848 0
v -2.66395 -128.523 0
v -7.2718 -126.493 0
v -2.47949 -127.919 0
v -7.16228 -126.131 0
v -2.30624 -127.323 0
v -7.09124 -125.757 0
v -2.18415 -126.716 0
v -7.00644 -125.323 0
v -2.07833 -126.168 0
v -6.94152 -124.883 0
v -1.99602 -125.619 0
v -6.86771 -124.387 0
v -1.92256 -125.126 0
v -6.79306 -123.889 0
v -1.84905 -124.635 0
v -6.70931 -123.341 0
v -1.7825 -124.194 0
v -6.6042 -122.797 0
v -1.69705 -123.756 0
v -6.495 -122.246 0
v -1.61318 -123.327 0
v -6.36151 -121.701 0
v -1.50761 -122.901 0
v -6.22992 -121.172 0
v -1.39832 -122.459 0
v -6.08132 -120.649 0
v -1.27319 -122.02 0
v -5.935 -120.138 0
v -1.14452 -121.57 0
v -5.77685 -119.63 0
v -1.00482 -121.123 0
v -5.61711 -119.121 0
v -0.865396 -120.677 0
v -5.44486 -118.616 0
v -0.714457 -120.236 0
v -5.27008 -118.108 0
v -0.564576 -119.799 0
v -5.08143 -117.605 0
v -0.401713 -119.366 0
v -4.89354 -117.107 0
v -0.236809 -118.928 0
v -4.69417 -116.614 0
v -0.0607632 -118.494 0
v -4.49789 -116.131 0
v 0.119234 -118.05 0
v -4.29419 -115.652 0
v 0.306779 -117.609 0
v -4.09412 -115.182 0
v 0.498386 -117.159 0
v -3.89049 -114.714 0
v 0.693918 -116.71 0
v -3.69087 -114.256 0
v 0.893456 -116.252 0
v -3.4913 -113.797 0
v 1.09312 -115.793 0
v -3.2934 -113.343 0
v 1.29431 -115.331 0
v -3.09668 -112.887 0
v 1.49378 -114.869 0
v -2.89457 -112.419 0
v 1.6882 -114.419 0
v -2.68873 -111.952 0
v 1.88564 -113.971 0
v -2.47574 -111.47 0
v 2.07685 -113.538 0
v -2.25293 -110.992 0
v 2.27674 -113.109 0
v -2.02233 -110.501 0
v 2.47026 -112.695 0
v -1.77661 -110.017 0
v 2.67816 -112.288 0
v -1.53579 -109.546 0
v 2.89189 -111.868 0
v -1.28584 -109.082 0
v 3.11647 -111.452 0
v -1.06141 -108.665 0
v 3.36574 -110.988 0
v -0.847489 -108.247 0
v 3.60761 -110.516 0
v -0.662404 -107.885 0
v 3.87459 -109.986 0
v -0.508822 -107.516 0
v 4.10889 -109.433 0
v -0.371461 -107.19 0
v 4.35044 -108.834 0
v -0.277368 -106.852 0
v 4.53404 -108.212 0
v -0.178172 -106.504 0
v 4.70109 -107.596 0
v -0.119374 -106.146 0
v 4.81224 -106.97 0
v -0.0548398 -105.757 0
v 4.90734 -106.371 0
v -0.022134 -105.357 0
v 4.96031 -105.775 0
v 0.0158812 -104.896 0
v 5.00408 -105.239 0
v 0.0418217 -104.426 0
v 5.03369 -104.711 0
v 0.0728074 -103.899 0
v 5.06118 -104.24 0
v 0.114042 -103.37 0
v 5.0978 -103.772 0
v 0.160205 -102.821 0
v 5.13485 -103.324 0
v 0.224807 -102.274 0
v 5.18815 -102.878 0
v 0.293935 -101.724 0
v 5.24283 -102.437 0
v 0.383181 -101.175 0
v 5.31493 -101.998 0
v 0.477957 -100.622 0
v 5.38811 -101.566 0
v 0.594711 -100.074 0
v 5.48074 -101.136 0
v 0.71425 -99.5336 0
v 5.57639 -100.7 0
v 0.852367 -98.9995 0
v 5.68938 -100.266 0
v 0.990313 -98.4781 0
v 5.80679 -99.8204 0
v 1.14151 -97.9619 0
v 5.93706 -99.3771 0
v 1.29225 -97.4546 0
v 6.0709 -98.9258 0
v 1.45262 -96.9514 0
v 6.21441 -98.4763 0
v 1.61226 -96.455 0
v 6.36085 -98.0206 0
v 1.77871 -95.9622 0
v 6.5145 -97.566 0
v 1.94369 -95.4763 0
v 6.67096 -97.105 0
v 2.11175 -94.9956 0
v 6.83297 -96.6418 0
v 2.27029 -94.5397 0
v 7.00285 -96.1531 0
v 2.42038 -94.0905 0
v 7.16967 -95.6539 0
v 2.54774 -93.7017 0
v 7.35067 -95.0917 0
v 2.64463 -93.3174 0
v 7.50103 -94.5071 0
v 2.72174 -93.0107 0
v 7.65224 -93.8414 0
v 2.7486 -92.7046 0
v 7.72847 -93.1529 0
v 2.77654 -92.4298 0
v 7.77654 -92.4326 0
v 2.74845 -92.1487 0
v 7.72974 -91.7165 0
v 2.71996 -91.8205 0
v 7.66035 -91.0508 0
v 2.64242 -91.4772 0
v 7.52855 -90.4162 0
v 2.54403 -91.0294 0
v 7.4119 -89.8876 0
v 2.42911 -90.5688 0
v 7.28517 -89.3778 0
v 2.3002 -90.0337 0
v 7.17934 -88.941 0
v 2.18658 -89.4849 0
v 7.09072 -88.5105 0
v 2.07437 -88.8892 0
v 7.01553 -88.1244 0
v 2.00051 -88.281 0
v 6.97112 -87.7396 0
v 1.94035 -87.6476 0
v 6.93312 -87.3787 0
v 1.93211 -87.0096 0
v 6.9321 -87.0168 0
v 1.94216 -86.3727 0
v 6.9342 -86.6546 0
v 2.00402 -85.7372 0
v 6.97279 -86.2952 0
v 2.08451 -85.1049 0
v 7.01493 -85.9361 0
v 2.21488 -84.4851 0
v 7.09395 -85.5781 0
v 2.35583 -83.8891 0
v 7.18065 -85.201 0
v 2.53402 -83.3102 0
v 7.29907 -84.8249 0
v 2.71374 -82.7599 0
v 7.42851 -84.4245 0
v 2.91871 -82.2205 0
v 7.57991 -84.0296 0
v 3.12866 -81.6904 0
v 7.73715 -83.6299 0
v 3.35956 -81.1727 0
v 7.91458 -83.2347 0
v 3.59052 -80.6693 0
v 8.10001 -82.8291 0
v 3.83776 -80.1742 0
v 8.30009 -82.4298 0
v 4.08902 -79.683 0
v 8.50367 -82.0306 0
v 4.35774 -79.1965 0
v 8.71892 -81.642 0
v 4.64033 -78.7006 0
v 8.9304 -81.2688 0
v 4.94481 -78.2159 0
v 9.15871 -80.9072 0
v 5.25899 -77.7322 0
v 9.38805 -80.5519 0
v 5.59227 -77.2676 0
v 9.63864 -80.2047 0
v 5.91859 -76.8227 0
v 9.90322 -79.8431 0
v 6.2531 -76.3955 0
v 10.1857 -79.4833 0
v 6.56732 -75.9959 0
v 10.4896 -79.0968 0
v 6.87668 -75.6067 0
v 10.8025 -78.7032 0
v 7.15738 -75.2484 0
v 11.1381 -78.274 0
v 7.42278 -74.8885 0
v 11.4664 -77.8294 0
v 7.66658 -74.5497 0
v 11.805 -77.3557 0
v 7.88988 -74.1997 0
v 12.1212 -76.8636 0
v 8.10475 -73.8542 0
v 12.4321 -76.3591 0
v 8.29779 -73.495 0
v 12.7145 -75.8386 0
v 8.48848 -73.1307 0
v 12.9855 -75.3163 0
v 8.65767 -72.7544 0
v 13.2283 -74.7814 0
v 8.82498 -72.3715 0
v 13.4597 -74.2476 0
v 8.97316 -71.9745 0
v 13.6629 -73.7084 0
v 9.12551 -71.5572 0
v 13.8527 -73.1862 0
v 9.2626 -71.1346 0
v 14.0249 -72.6579 0
v 9.39578 -70.7123 0
v 14.1917 -72.1264 0
v 9.5111 -70.2924 0
v 14.3419 -71.5822 0
v 9.61361 -69.9001 0
v 14.4896 -71.0068 0
v 9.68808 -69.5152 0
v 14.6073 -70.4103 0
v 9.74747 -69.1795 0
v 14.7135 -69.7611 0
v 9.76656 -68.8534 0
v 14.761 -69.0894 0
v 9.77942 -68.5675 0
v 14.7758 -68.3783 0
v 9.74487 -68.2817 0
v 14.7072 -67.6694 0
v 9.7051 -67.9782 0
v 14.6055 -66.9853 0
v 9.61857 -67.6649 0
v 14.4375 -66.3315 0
v 9.51393 -67.2995 0
v 14.2636 -65.7374 0
v 9.37424 -66.9248 0
v 14.0576 -65.1738 0
v 9.21379 -66.5012 0
v 13.8634 -64.6625 0
v 9.03596 -66.0699 0
v 13.6606 -64.1691 0
v 8.84388 -65.6017 0
v 13.4731 -63.7121 0
v 8.65199 -65.1292 0
v 13.2887 -63.2581 0
v 8.45753 -64.6441 0
v 13.111 -62.8151 0
v 8.26971 -64.1566 0
v 12.9394 -62.3694 0
v 8.08424 -63.6688 0
v 12.7694 -61.9226 0
v 7.90517 -63.1786 0
v 12.6054 -61.4734 0
v 7.72832 -62.6877 0
v 12.4433 -61.0236 0
v 7.55898 -62.1978 0
v 12.286 -60.5683 0
v 7.39394 -61.7179 0
v 12.1259 -60.1026 0
v 7.23272 -61.242 0
v 11.9662 -59.6313 0
v 7.07546 -60.7818 0
v 11.8 -59.1453 0
v 6.9146 -60.3236 0
v 11.6297 -58.6599 0
v 6.7531 -59.8682 0
v 11.4569 -58.1729 0
v 6.58285 -59.4033 0
v 11.2833 -57.6988 0
v 6.40294 -58.902 0
v 11.1253 -57.259 0
v 6.22668 -58.3785 0
v 10.9824 -56.8347 0
v 6.04544 -57.7943 0
v 10.8655 -56.4652 0
v 5.90034 -57.1941 0
v 10.7776 -56.0929 0
v 5.77182 -56.5802 0
v 10.6989 -55.7296 0
v 5.68746 -55.9622 0
v 10.6506 -55.3564 0
v 5.62184 -55.3571 0
v 10.6067 -54.9683 0
v 5.59296 -54.7532 0
v 10.5897 -54.5732 0
v 5.57828 -54.1621 0
v 10.5783 -54.1652 0
v 5.59406 -53.5614 0
v 10.5899 -53.7662 0
v 5.62932 -52.9405 0
v 10.6091 -53.3896 0
v 5.70807 -52.3066 0
v 10.6553 -53.0313 0
v 5.81987 -51.6511 0
v 10.7081 -52.7024 0
v 5.99144 -50.9935 0
v 10.7916 -52.393 0
v 6.2026 -50.3405 0
v 10.8843 -52.096 0
v 6.47254 -49.7101 0
v 11.011 -51.8084 0
v 6.76779 -49.1147 0
v 11.1573 -51.5089 0
v 7.08919 -48.575 0
v 11.3502 -51.191 0
v 7.39017 -48.0963 0
v 11.5811 -50.8233 0
v 7.69084 -47.6493 0
v 11.839 -50.4408 0
v 7.96829 -47.2367 0
v 12.1195 -50.0236 0
v 8.23608 -46.8373 0
v 12.4086 -49.5923 0
v 8.48421 -46.4559 0
v 12.7055 -49.1355 0
v 8.72294 -46.0704 0
v 12.9934 -48.6709 0
v 8.95468 -45.6834 0
v 13.2751 -48.2 0
v 9.18555 -45.2757 0
v 13.5373 -47.7378 0
v 9.42916 -44.8443 0
v 13.7855 -47.2984 0
v 9.67335 -44.4097 0
v 14.0311 -46.8612 0
v 9.92035 -43.9712 0
v 14.2749 -46.4284 0
v 10.1652 -43.538 0
v 14.5221 -45.9911 0
v 10.4043 -43.1116 0
v 14.7721 -45.5452 0
v 10.6377 -42.6902 0
v 15.0231 -45.0918 0
v 10.8619 -42.2762 0
v 15.2751 -44.6265 0
v 11.0747 -41.8699 0
v 15.5262 -44.1469 0
v 11.2716 -41.4762 0
v 15.7761 -43.6463 0
v 11.4563 -41.0779 0
v 16.0124 -43.1376 0
v 11.6326 -40.6777 0
v 16.2388 -42.6228 0
v 11.8024 -40.2575 0
v 16.4442 -42.116 0
v 11.9779 -39.8144 0
v 16.6369 -41.6294 0
v 12.1467 -39.3739 0
v 16.8258 -41.1361 0
v 12.3081 -38.938 0
v 17.0115 -40.6343 0
v 12.455 -38.5202 0
v 17.196 -40.1085 0
v 12.5807 -38.1269 0
v 17.374 -39.5497 0
v 12.6886 -37.7338 0
v 17.5312 -38.9786 0
v 12.783 -37.3401 0
v 17.6693 -38.4005 0
v 12.864 -36.9226 0
v 17.7797 -37.8364 0
v 12.9428 -36.4772 0
v 17.8751 -37.2973 0
v 13.0114 -36.0364 0
v 17.9603 -36.7499 0
v 13.0693 -35.601 0
v 18.0339 -36.1943 0
v 13.1153 -35.1688 0
v 18.0937 -35.6321 0
v 13.1494 -34.741 0
v 18.139 -35.0635 0
v 13.1707 -34.3103 0
v 18.1673 -34.4954 0
v 13.1814 -33.8771 0
v 18.1811 -33.9292 0
v 13.1796 -33.4361 0
v 18.1792 -33.3703 0
v 13.1695 -32.9868 0
v 18.1667 -32.82 0
v 13.1494 -32.533 0
v 18.1427 -32.2748 0
v 13.1222 -32.0745 0
v 18.1107 -31.7352 0
v 13.0873 -31.6192 0
v 18.0691 -31.1934 0
v 13.0448 -31.1678 0
v 18.0178 -30.6494 0
v 12.9935 -30.7193 0
v 17.9555 -30.1044 0
v 12.9341 -30.2741 0
v 17.8826 -29.5586 0
v 12.865 -29.8305 0
v 17.7979 -29.0141 0
v 12.7876 -29.3888 0
v 17.7026 -28.471 0
v 12.6999 -28.9464 0
v 17.596 -27.9325 0
v 12.604 -28.5028 0
v 17.4806 -27.3988 0
v 12.4985 -28.0571 0
v 17.3558 -26.8714 0
v 12.3856 -27.6083 0
v 17.2248 -26.3505 0
v 12.2655 -27.1608 0
v 17.0857 -25.8322 0
v 12.1392 -26.7143 0
v 16.9398 -25.3165 0
v 12.0061 -26.2699 0
v 16.7861 -24.803 0
v 11.867 -25.8275 0
v 16.6253 -24.2915 0
v 11.7206 -25.3857 0
v 16.4572 -23.7841 0
v 11.5682 -24.9439 0
v 16.2835 -23.2806 0
v 11.4087 -24.5014 0
v 16.1039 -22.7824 0
v 11.2436 -24.0574 0
v 15.9205 -22.2891 0
v 11.0731 -23.614 0
v 15.7321 -21.7991 0
v 10.8982 -23.1708 0
v 15.54 -21.3122 0
v 10.7189 -22.7294 0
v 15.3429 -20.8271 0
v 10.5358 -22.2899 0
v 15.1415 -20.3436 0
v 10.3483 -21.8524 0
v 14.935 -19.8619 0
v 10.157 -21.4169 0
v 14.7241 -19.3819 0
v 9.96126 -20.9837 0
v 14.5081 -18.9038 0
v 9.76168 -20.5527 0
v 14.2875 -18.4274 0
v 9.55768 -20.1242 0
v 14.0617 -17.953 0
v 9.34978 -19.6982 0
v 13.831 -17.4804 0
v 9.13731 -19.2748 0
v 13.5949 -17.01 0
v 8.92085 -18.854 0
v 13.354 -16.5416 0
v 8.69864 -18.4339 0
v 13.1087 -16.0778 0
v 8.47186 -18.0136 0
v 12.8606 -15.618 0
v 8.23864 -17.5913 0
v 12.6105 -15.1649 0
v 8.00082 -17.165 0
v 12.3611 -14.718 0
v 7.75886 -16.7364 0
v 12.1115 -14.2757 0
v 7.51413 -16.3041 0
v 11.8636 -13.8378 0
v 7.26891 -15.8723 0
v 11.6149 -13.4 0
v 7.02322 -15.4411 0
v 11.3655 -12.9624 0
v 6.77745 -15.0114 0
v 11.1149 -12.524 0
v 6.53137 -14.5834 0
v 10.8625 -12.0851 0
v 6.2847 -14.1571 0
v 10.6083 -11.6459 0
v 6.03729 -13.7328 0
v 10.352 -11.2063 0
v 5.78843 -13.3096 0
v 10.094 -10.7675 0
v 5.53827 -12.8876 0
v 9.83422 -10.3293 0
v 5.28634 -12.4665 0
v 9.57277 -9.89226 0
v 5.03291 -12.0461 0
v 9.30991 -9.45624 0
v 4.77797 -11.6269 0
v 9.04521 -9.02101 0
v 4.52169 -11.2089 0
v 8.77878 -8.58649 0
v 4.2639 -10.7924 0
v 8.51032 -8.15271 0
v 4.00472 -10.3773 0
v 8.23989 -7.71959 0
v 3.74386 -9.96367 0
v 7.96729 -7.28736 0
v 3.48149 -9.55158 0
v 7.6926 -6.85592 0
v 3.21725 -9.14101 0
v 7.41564 -6.42559 0
v 2.95134 -8.7319 0
v 7.13659 -5.99626 0
v 2.68345 -8.32434 0
v 6.8552 -5.56818 0
v 2.4138 -7.91827 0
v 6.57168 -5.1412 0
v 2.14172 -7.51326 0
v 6.28612 -4.71613 0
v 1.86761 -7.10899 0
v 5.99903 -4.29273 0
v 1.59037 -6.70445 0
v 5.71097 -3.87238 0
v 1.31074 -6.29878 0
v 5.42307 -3.4547 0
v 1.0286 -5.89219 0
v 5.13511 -3.03972 0
v 0.744637 -5.48381 0
v 4.84818 -2.62708 0
v 0.458966 -5.07394 0
v 4.56206 -2.21655 0
v 0.172182 -4.66178 0
v 4.27768 -1.80786 0
v -0.115125 -4.24808 0
v 3.99458 -1.40021 0
v -0.40261 -3.8323 0
v 3.71333 -0.993465 0
v -0.68886 -3.41624 0
v 3.43278 -0.585677 0
v -0.974108 -3.00013 0
v 3.15261 -0.176979 0
v -1.25809 -2.58417 0
v 2.87275 0.232941 0
v -1.54112 -2.16871 0
v 2.59278 0.64393 0
v -1.82295 -1.75396 0
v 2.31256 1.05629 0
v -2.07879 -1.37748 0
v 2.05672 1.43278 0
vt -0.25 0 0
vt 0.25 0 0
vt -0.25 0.05 0
vt 0.25 0.05 0
vt -0.25 0.1 0
vt 0.25 0.1 0
vt -0.25 0.15 0
vt 0.25 0.15 0
vt -0.25 0.2 0
vt 0.25 0.2 0
vt -0.25 0.25 0
vt 0.25 0.25 0
vt -0.25 0.3 0
vt 0.25 0.3 0
vt -0.25 0.35 0
vt 0.25 0.35 0
vt -0.25 0.4 0
vt 0.25 0.4 0
vt -0.25 0.45 0
vt 0.25 0.45 0
vt -0.25 0.5 0
vt 0.25 0.5 0
vt -0.25 0.55 0
vt 0.25 0.55 0
vt -0.25 0.6 0
vt 0.25 0.6 0
vt -0.25 0.65 0
vt 0.25 0.65 0
vt -0.25 0.7 0
vt 0.25 0.7 0
vt -0.25 0.75 0
vt 0.25 0.75 0
vt -0.25 0.8 0
vt 0.25 0.8 0
vt -0.25 0.85 0
vt 0.25 0.85 0
vt -0.25 0.9 0
vt 0.25 0.9 0
vt -0.25 0.95 0
vt 0.25 0.95 0
vt -0.25 1 0
vt 0.25 1 0
vt -0.25 1.05 0
vt 0.25 1.05 0
vt -0.25 1.1 0
vt 0.25 1.1 0
vt -0.25 1.15 0
vt 0.25 1.15 0
vt -0.25 1.2 0
vt 0.25 1.2 0
vt -0.25 1.25 0
vt 0.25 1.25 0
vt -0.25 1.3 0
vt 0.25 1.3 0
vt -0.25 1.35 0
vt 0.25 1.35 0
vt -0.25 1.4 0
vt 0.25 1.4 0
vt -0.25 1.45 0
vt 0.25 1.45 0
vt -0.25 1.5 0
vt 0.25 1.5 0
vt -0.25 1.55 0
vt 0.25 1.55 0
vt -0.25 1.6 0
vt 0.25 1.6 0
vt -0.25 1.65 0
vt 0.25 1.65 0
vt -0.25 1.7 0
vt 0.25 1.7 0
vt -0.25 1.75 0
vt 0.25 1.75 0
vt -0.25 1.8 0
vt 0.25 1.8 0
vt -0.25 1.85 0
vt 0.25 1.85 0
vt -0.25 1.9 0
vt 0.25 1.9 0
vt -0.25 1.95 0
vt 0.25 1.95 0
vt -0.25 2 0
vt 0.25 2 0
vt -0.25 2.05 0
vt 0.25 2.05 0
vt -0.25 2.1 0
vt 0.25 2.1 0
vt -0.25 2.15 0
vt 0.25 2.15 0
vt -0.25 2.2 0
vt 0.25 2.2 0
vt -0.25 2.25 0
vt 0.25 2.25 0
vt -0.25 2.3 0
vt 0.25 2.3 0
vt -0.25 2.35 0
vt 0.25 2.35 0
vt -0.25 2.4 0
vt 0.25 2.4 0
vt -0.25 2.45 0
vt 0.25 2.45 0
vt -0.25 2.5 0
vt 0.25 2.5 0
vt -0.25 2.55 0
vt 0.25 2.55 0
vt -0.25 2.6 0
vt 0.25 2.6 0
vt -0.25 2.65 0
vt 0.25 2.65 0
vt -0.25 2.7 0
vt 0.25 2.7 0
vt -0.25 2.75 0
vt 0.25 2.75 0
vt -0.25 2.8 0
vt 0.25 2.8 0
vt -0.25 2.85 0
vt 0.25 2.85 0
vt -0.25 2.9 0
vt 0.25 2.9 0
vt -0.25 2.95 0
vt 0.25 2.95 0
vt -0.25 3 0
vt 0.25 3 0
vt -0.25 3.05 0
vt 0.25 3.05 0
vt -0.25 3.1 0
vt 0.25 3.1 0
vt -0.25 3.15 0
vt 0.25 3.15 0
vt -0.25 3.2 0
vt 0.25 3.2 0
vt -0.25 3.25 0
vt 0.25 3.25 0
vt -0.25 3.3 0
vt 0.25 3.3 0
vt -0.25 3.35 0
vt 0.25 3.35 0
vt -0.25 3.4 0
vt 0.25 3.4 0
vt -0.25 3.45 0
vt 0.25 3.45 0
vt -0.25 3.5 0
vt 0.25 3.5 0
vt -0.25 3.55 0
vt 0.25 3.55 0
vt -0.25 3.6 0
vt 0.25 3.6 0
vt -0.25 3.65 0
vt 0.25 3.65 0
vt -0.25 3.7 0
vt 0.25 3.7 0
vt -0.25 3.75 0
vt 0.25 3.75 0
vt -0.25 3.8 0
vt 0.25 3.8 0
vt -0.25 3.85 0
vt 0.25 3.85 0
vt -0.25 3.9 0
vt 0.25 3.9 0
vt -0.25 3.95 0
vt 0.25 3.95 0
vt -0.25 4 0
vt 0.25 4 0
vt -0.25 4.05 0
vt 0.25 4.05 0
vt -0.25 4.1 0
vt 0.25 4.1 0
vt -0.25 4.15 0
vt 0.25 4.15 0
vt -0.25 4.2 0
vt 0.25 4.2 0
vt -0.25 4.25 0
vt 0.25 4.25 0
vt -0.25 4.3 0
vt 0.25 4.3 0
vt -0.25 4.35 0
vt 0.25 4.35 0
vt -0.25 4.4 0
vt 0.25 4.4 0
vt -0.25 4.45 0
vt 0.25 4.45 0
vt -0.25 4.5 0
vt 0.25 4.5 0
vt -0.25 4.55 0
vt 0.25 4.55 0
vt -0.25 4.6 0
vt 0.25 4.6 0
vt -0.25 4.65 0
vt 0.25 4.65 0
vt -0.25 4.7 0
vt 0.25 4.7 0
vt -0.25 4.75 0
vt 0.25 4.75 0
vt -0.25 4.8 0
vt 0.25 4.8 0
vt -0.25 4.85 0
vt 0.25 4.85 0
vt -0.25 4.9 0
vt 0.25 4.9 0
vt -0.25 4.95 0
vt 0.25 4.95 0
vt -0.25 5 0
vt 0.25 5 0
vt -0.25 5.05 0
vt 0.25 5.05 0
vt -0.25 5.1 0
vt 0.25 5.1 0
vt -0.25 5.15 0
vt 0.25 5.15 0
vt -0.25 5.2 0
vt 0.25 5.2 0
vt -0.25 5.25 0
vt 0.25 5.25 0
vt -0.25 5.3 0
vt 0.25 5.3 0
vt -0.25 5.35 0
vt 0.25 5.35 0
vt -0.25 5.4 0
vt 0.25 5.4 0
vt -0.25 5.45 0
vt 0.25 5.45 0
vt -0.25 5.5 0
vt 0.25 5.5 0
vt -0.25 5.55 0
vt 0.25 5.55 0
vt -0.25 5.6 0
vt 0.25 5.6 0
vt -0.25 5.65 0
vt 0.25 5.65 0
vt -0.25 5.7 0
vt 0.25 5.7 0
vt -0.25 5.75 0
vt 0.25 5.75 0
vt -0.25 5.8 0
vt 0.25 5.8 0
vt -0.25 5.85 0
vt 0.25 5.85 0
vt -0.25 5.9 0
vt 0.25 5.9 0
vt -0.25 5.95 0
vt 0.25 5.95 0
vt -0.25 6 0
vt 0.25 6 0
vt -0.25 6.05 0
vt 0.25 6.05 0
vt -0.25 6.1 0
vt 0.25 6.1 0
vt -0.25 6.15 0
vt 0.25 6.15 0
vt -0.25 6.2 0
vt 0.25 6.2 0
vt -0.25 6.25 0
vt 0.25 6.25 0
vt -0.25 6.3 0
vt 0.25 6.3 0
vt -0.25 6.35 0
vt 0.25 6.35 0
vt -0.25 6.4 0
vt 0.25 6.4 0
vt -0.25 6.45 0
vt 0.25 6.45 0
vt -0.25 6.5 0
vt 0.25 6.5 0
vt -0.25 6.55 0
vt 0.25 6.55 0
vt -0.25 6.6 0
vt 0.25 6.6 0
vt -0.25 6.65 0
vt 0.25 6.65 0
vt -0.25 6.7 0
vt 0.25 6.7 0
vt -0.25 6.75 0
vt 0.25 6.75 0
vt -0.25 6.8 0
vt 0.25 6.8 0
vt -0.25 6.85 0
vt 0.25 6.85 0
vt -0.25 6.9 0
vt 0.25 6.9 0
vt -0.25 6.95 0
vt 0.25 6.95 0
vt -0.25 7 0
vt 0.25 7 0
vt -0.25 7.05 0
vt 0.25 7.05 0
vt -0.25 7.1 0
vt 0.25 7.1 0
vt -0.25 7.15 0
vt 0.25 7.15 0
vt -0.25 7.2 0
vt 0.25 7.2 0
vt -0.25 7.25 0
vt 0.25 7.25 0
vt -0.25 7.3 0
vt 0.25 7.3 0
vt -0.25 7.35 0
vt 0.25 7.35 0
vt -0.25 7.4 0
vt 0.25 7.4 0
vt -0.25 7.45 0
vt 0.25 7.45 0
vt -0.25 7.5 0
vt 0.25 7.5 0
vt -0.25 7.55 0
vt 0.25 7.55 0
vt -0.25 7.6 0
vt 0.25 7.6 0
vt -0.25 7.65 0
vt 0.25 7.65 0
vt -0.25 7.7 0
vt 0.25 7.7 0
vt -0.25 7.75 0
vt 0.25 7.75 0
vt -0.25 7.8 0
vt 0.25 7.8 0
vt -0.25 7.85 0
vt 0.25 7.85 0
vt -0.25 7.9 0
vt 0.25 7.9 0
vt -0.25 7.95 0
vt 0.25 7.95 0
vt -0.25 8 0
vt 0.25 8 0
vt -0.25 8.05 0
vt 0.25 8.05 0
vt -0.25 8.1 0
vt 0.25 8.1 0
vt -0.25 8.15 0
vt 0.25 8.15 0
vt -0.25 8.2 0
vt 0.25 8.2 0
vt -0.25 8.25 0
vt 0.25 8.25 0
vt -0.25 8.3 0
vt 0.25 8.3 0
vt -0.25 8.35 0
vt 0.25 8.35 0
vt -0.25 8.4 0
vt 0.25 8.4 0
vt -0.25 8.45 0
vt 0.25 8.45 0
vt -0.25 8.5 0
vt 0.25 8.5 0
vt -0.25 8.55 0
vt 0.25 8.55 0
vt -0.25 8.6 0
vt 0.25 8.6 0
vt -0.25 8.65 0
vt 0.25 8.65 0
vt -0.25 8.7 0
vt 0.25 8.7 0
vt -0.25 8.75 0
vt 0.25 8.75 0
vt -0.25 8.8 0
vt 0.25 8.8 0
vt -0.25 8.85 0
vt 0.25 8.85 0
vt -0.25 8.9 0
vt 0.25 8.9 0
vt -0.25 8.95 0
vt 0.25 8.95 0
vt -0.25 9 0
vt 0.25 9 0
vt -0.25 9.05 0
vt 0.25 9.05 0
vt -0.25 9.1 0
vt 0.25 9.1 0
vt -0.25 9.15 0
vt 0.25 9.15 0
vt -0.25 9.2 0
vt 0.25 9.2 0
vt -0.25 9.25 0
vt 0.25 9.25 0
vt -0.25 9.3 0
vt 0.25 9.3 0
vt -0.25 9.35 0
vt 0.25 9.35 0
vt -0.25 9.4 0
vt 0.25 9.4 0
vt -0.25 9.45 0
vt 0.25 9.45 0
vt -0.25 9.5 0
vt 0.25 9.5 0
vt -0.25 9.55 0
vt 0.25 9.55 0
vt -0.25 9.6 0
vt 0.25 9.6 0
vt -0.25 9.65 0
vt 0.25 9.65 0
vt -0.25 9.7 0
vt 0.25 9.7 0
vt -0.25 9.75 0
vt 0.25 9.75 0
vt -0.25 9.8 0
vt 0.25 9.8 0
vt -0.25 9.85 0
vt 0.25 9.85 0
vt -0.25 9.9 0
vt 0.25 9.9 0
vt -0.25 9.95 0
vt 0.25 9.95 0
vt -0.25 10 0
vt 0.25 10 0
vt -0.25 10.05 0
vt 0.25 10.05 0
vt -0.25 10.1 0
vt 0.25 10.1 0
vt -0.25 10.15 0
vt 0.25 10.15 0
vt -0.25 10.2 0
vt 0.25 10.2 0
vt -0.25 10.25 0
vt 0.25 10.25 0
vt -0.25 10.3 0
vt 0.25 10.3 0
vt -0.25 10.35 0
vt 0.25 10.35 0
vt -0.25 10.4 0
vt 0.25 10.4 0
vt -0.25 10.45 0
vt 0.25 10.45 0
vt -0.25 10.5 0
vt 0.25 10.5 0
vt -0.25 10.55 0
vt 0.25 10.55 0
vt -0.25 10.6 0
vt 0.25 10.6 0
vt -0.25 10.65 0
vt 0.25 10.65 0
vt -0.25 10.7 0
vt 0.25 10.7 0
vt -0.25 10.75 0
vt 0.25 10.75 0
vt -0.25 10.8 0
vt 0.25 10.8 0
vt -0.25 10.85 0
vt 0.25 10.85 0
vt -0.25 10.9 0
vt 0.25 10.9 0
vt -0.25 10.95 0
vt 0.25 10.95 0
vt -0.25 11 0
vt 0.25 11 0
vt -0.25 11.05 0
vt 0.25 11.05 0
vt -0.25 11.1 0
vt 0.25 11.1 0
vt -0.25 11.15 0
vt 0.25 11.15 0
vt -0.25 11.2 0
vt 0.25 11.2 0
vt -0.25 11.25 0
vt 0.25 11.25 0
vt -0.25 11.3 0
vt 0.25 11.3 0
vt -0.25 11.35 0
vt 0.25 11.35 0
vt -0.25 11.4 0
vt 0.25 11.4 0
vt -0.25 11.45 0
vt 0.25 11.45 0
vt -0.25 11.5 0
vt 0.25 11.5 0
vt -0.25 11.55 0
vt 0.25 11.55 0
vt -0.25 11.6 0
vt 0.25 11.6 0
vt -0.25 11.65 0
vt 0.25 11.65 0
vt -0.25 11.7 0
vt 0.25 11.7 0
vt -0.25 11.75 0
vt 0.25 11.75 0
vt -0.25 11.8 0
vt 0.25 11.8 0
vt -0.25 11.85 0
vt 0.25 11.85 0
vt -0.25 11.9 0
vt 0.25 11.9 0
vt -0.25 11.95 0
vt 0.25 11.95 0
vt -0.25 12 0
vt 0.25 12 0
vt -0.25 12.05 0
vt 0.25 12.05 0
vt -0.25 12.1 0
vt 0.25 12.1 0
vt -0.25 12.15 0
vt 0.25 12.15 0
vt -0.25 12.2 0
vt 0.25 12.2 0
vt -0.25 12.25 0
vt 0.25 12.25 0
vt -0.25 12.3 0
vt 0.25 12.3 0
vt -0.25 12.35 0
vt 0.25 12.35 0
vt -0.25 12.4 0
vt 0.25 12.4 0
vt -0.25 12.45 0
vt 0.25 12.45 0
vt -0.25 12.5 0
vt 0.25 12.5 0
vt -0.25 12.55 0
vt 0.25 12.55 0
vt -0.25 12.6 0
vt 0.25 12.6 0
vt -0.25 12.65 0
vt 0.25 12.65 0
vt -0.25 12.7 0
vt 0.25 12.7 0
vt -0.25 12.75 0
vt 0.25 12.75 0
vt -0.25 12.8 0
vt 0.25 12.8 0
vt -0.25 12.85 0
vt 0.25 12.85 0
vt -0.25 12.9 0
vt 0.25 12.9 0
vt -0.25 12.95 0
vt 0.25 12.95 0
vt -0.25 13 0
vt 0.25 13 0
vt -0.25 13.05 0
vt 0.25 13.05 0
vt -0.25 13.1 0
vt 0.25 13.1 0
vt -0.25 13.15 0
vt 0.25 13.15 0
vt -0.25 13.2 0
vt 0.25 13.2 0
vt -0.25 13.25 0
vt 0.25 13.25 0
vt -0.25 13.3 0
vt 0.25 13.3 0
vt -0.25 13.35 0
vt 0.25 13.35 0
vt -0.25 13.4 0
vt 0.25 13.4 0
vt -0.25 13.45 0
vt 0.25 13.45 0
vt -0.25 13.5 0
vt 0.25 13.5 0
vt -0.25 13.55 0
vt 0.25 13.55 0
vt -0.25 13.6 0
vt 0.25 13.6 0
vt -0.25 13.65 0
vt 0.25 13.65 0
vt -0.25 13.7 0
vt 0.25 13.7 0
vt -0.25 13.75 0
vt 0.25 13.75 0
vt -0.25 13.8 0
vt 0.25 13.8 0
vt -0.25 13.85 0
vt 0.25 13.85 0
vt -0.25 13.9 0
vt 0.25 13.9 0
vt -0.25 13.95 0
vt 0.25 13.95 0
vt -0.25 14 0
vt 0.25 14 0
vt -0.25 14.05 0
vt 0.25 14.05 0
vt -0.25 14.1 0
vt 0.25 14.1 0
vt -0.25 14.15 0
vt 0.25 14.15 0
vt -0.25 14.2 0
vt 0.25 14.2 0
vt -0.25 14.25 0
vt 0.25 14.25 0
vt -0.25 14.3 0
vt 0.25 14.3 0
vt -0.25 14.35 0
vt 0.25 14.35 0
vt -0.25 14.4 0
vt 0.25 14.4 0
vt -0.25 14.45 0
vt 0.25 14.45 0
vt -0.25 14.5 0
vt 0.25 14.5 0
vt -0.25 14.55 0
vt 0.25 14.55 0
vt -0.25 14.6 0
vt 0.25 14.6 0
vt -0.25 14.65 0
vt 0.25 14.65 0
vt -0.25 14.7 0
vt 0.25 14.7 0
vt -0.25 14.75 0
vt 0.25 14.75 0
vt -0.25 14.8 0
vt 0.25 14.8 0
vt -0.25 14.85 0
vt 0.25 14.85 0
vt -0.25 14.9 0
vt 0.25 14.9 0
vt -0.25 14.95 0
vt 0.25 14.95 0
vt -0.25 15 0
vt 0.25 15 0
vt -0.25 15.05 0
vt 0.25 15.05 0
vt -0.25 15.1 0
vt 0.25 15.1 0
vt -0.25 15.15 0
vt 0.25 15.15 0
vt -0.25 15.2 0
vt 0.25 15.2 0
vt -0.25 15.25 0
vt 0.25 15.25 0
vt -0.25 15.3 0
vt 0.25 15.3 0
vt -0.25 15.35 0
vt 0.25 15.35 0
vt -0.25 15.4 0
vt 0.25 15.4 0
vt -0.25 15.45 0
vt 0.25 15.45 0
vt -0.25 15.5 0
vt 0.25 15.5 0
vt -0.25 15.55 0
vt 0.25 15.55 0
vt -0.25 15.6 0
vt 0.25 15.6 0
vt -0.25 15.65 0
vt 0.25 15.65 0
vt -0.25 15.7 0
vt 0.25 15.7 0
vt -0.25 15.75 0
vt 0.25 15.75 0
vt -0.25 15.8 0
vt 0.25 15.8 0
vt -0.25 15.85 0
vt 0.25 15.85 0
vt -0.25 15.9 0
vt 0.25 15.9 0
vt -0.25 15.95 0
vt 0.25 15.95 0
vt -0.25 16 0
vt 0.25 16 0
vt -0.25 16.05 0
vt 0.25 16.05 0
vt -0.25 16.1 0
vt 0.25 16.1 0
vt -0.25 16.15 0
vt 0.25 16.15 0
vt -0.25 16.2 0
vt 0.25 16.2 0
vt -0.25 16.25 0
vt 0.25 16.25 0
vt -0.25 16.3 0
vt 0.25 16.3 0
vt -0.25 16.35 0
vt 0.25 16.35 0
vt -0.25 16.4 0
vt 0.25 16.4 0
vt -0.25 16.45 0
vt 0.25 16.45 0
vt -0.25 16.5 0
vt 0.25 16.5 0
vt -0.25 16.55 0
vt 0.25 16.55 0
vt -0.25 16.6 0
vt 0.25 16.6 0
vt -0.25 16.65 0
vt 0.25 16.65 0
vt -0.25 16.7 0
vt 0.25 16.7 0
vt -0.25 16.75 0
vt 0.25 16.75 0
vt -0.25 16.8 0
vt 0.25 16.8 0
vt -0.25 16.85 0
vt 0.25 16.85 0
vt -0.25 16.9 0
vt 0.25 16.9 0
vt -0.25 16.95 0
vt 0.25 16.95 0
vt -0.25 17 0
vt 0.25 17 0
vt -0.25 17.05 0
vt 0.25 17.05 0
vt -0.25 17.1 0
vt 0.25 17.1 0
vt -0.25 17.15 0
vt 0.25 17.15 0
vt -0.25 17.2 0
vt 0.25 17.2 0
vt -0.25 17.25 0
vt 0.25 17.25 0
vt -0.25 17.3 0
vt 0.25 17.3 0
vt -0.25 17.35 0
vt 0.25 17.35 0
vt -0.25 17.4 0
vt 0.25 17.4 0
vt -0.25 17.45 0
vt 0.25 17.45 0
vt -0.25 17.5 0
vt 0.25 17.5 0
vt -0.25 17.55 0
vt 0.25 17.55 0
vt -0.25 17.6 0
vt 0.25 17.6 0
vt -0.25 17.65 0
vt 0.25 17.65 0
vt -0.25 17.7 0
vt 0.25 17.7 0
vt -0.25 17.75 0
vt 0.25 17.75 0
vt -0.25 17.8 0
vt 0.25 17.8 0
vt -0.25 17.85 0
vt 0.25 17.85 0
vt -0.25 17.9 0
vt 0.25 17.9 0
vt -0.25 17.95 0
vt 0.25 17.95 0
vt -0.25 18 0
vt 0.25 18 0
vt -0.25 18.05 0
vt 0.25 18.05 0
vt -0.25 18.1 0
vt 0.25 18.1 0
vt -0.25 18.15 0
vt 0.25 18.15 0
vt -0.25 18.2 0
vt 0.25 18.2 0
vt -0.25 18.25 0
vt 0.25 18.25 0
vt -0.25 18.3 0
vt 0.25 18.3 0
vt -0.25 18.35 0
vt 0.25 18.35 0
vt -0.25 18.4 0
vt 0.25 18.4 0
vt -0.25 18.45 0
vt 0.25 18.45 0
vt -0.25 18.5 0
vt 0.25 18.5 0
vt -0.25 18.55 0
vt 0.25 18.55 0
vt -0.25 18.6 0
vt 0.25 18.6 0
vt -0.25 18.65 0
vt 0.25 18.65 0
vt -0.25 18.7 0
vt 0.25 18.7 0
vt -0.25 18.75 0
vt 0.25 18.75 0
vt -0.25 18.8 0
vt 0.25 18.8 0
vt -0.25 18.85 0
vt 0.25 18.85 0
vt -0.25 18.9 0
vt 0.25 18.9 0
vt -0.25 18.95 0
vt 0.25 18.95 0
vt -0.25 19 0
vt 0.25 19 0
vt -0.25 19.05 0
vt 0.25 19.05 0
vt -0.25 19.1 0
vt 0.25 19.1 0
vt -0.25 19.15 0
vt 0.25 19.15 0
vt -0.25 19.2 0
vt 0.25 19.2 0
vt -0.25 19.25 0
vt 0.25 19.25 0
vt -0.25 19.3 0
vt 0.25 19.3 0
vt -0.25 19.35 0
vt 0.25 19.35 0
vt -0.25 19.4 0
vt 0.25 19.4 0
vt -0.25 19.45 0
vt 0.25 19.45 0
vt -0.25 19.5 0
vt 0.25 19.5 0
vt -0.25 19.55 0
vt 0.25 19.55 0
vt -0.25 19.6 0
vt 0.25 19.6 0
vt -0.25 19.65 0
vt 0.25 19.65 0
vt -0.25 19.7 0
vt 0.25 19.7 0
vt -0.25 19.75 0
vt 0.25 19.75 0
vt -0.25 19.8 0
vt 0.25 19.8 0
vt -0.25 19.85 0
vt 0.25 19.85 0
vt -0.25 19.9 0
vt 0.25 19.9 0
vt -0.25 19.95 0
vt 0.25 19.95 0
vt -0.25 20 0
vt 0.25 20 0
vt -0.25 20.05 0
vt 0.25 20.05 0
vt -0.25 20.1 0
vt 0.25 20.1 0
vt -0.25 20.15 0
vt 0.25 20.15 0
vt -0.25 20.2 0
vt 0.25 20.2 0
vt -0.25 20.25 0
vt 0.25 20.25 0
vt -0.25 20.3 0
vt 0.25 20.3 0
vt -0.25 20.35 0
vt 0.25 20.35 0
vt -0.25 20.4 0
vt 0.25 20.4 0
vt -0.25 20.45 0
vt 0.25 20.45 0
vt -0.25 20.5 0
vt 0.25 20.5 0
vt -0.25 20.55 0
vt 0.25 20.55 0
vt -0.25 20.6 0
vt 0.25 20.6 0
vt -0.25 20.65 0
vt 0.25 20.65 0
vt -0.25 20.7 0
vt 0.25 20.7 0
vt -0.25 20.75 0
vt 0.25 20.75 0
vt -0.25 20.8 0
vt 0.25 20.8 0
vt -0.25 20.85 0
vt 0.25 20.85 0
vt -0.25 20.9 0
vt 0.25 20.9 0
vt -0.25 20.95 0
vt 0.25 20.95 0
vt -0.25 21 0
vt 0.25 21 0
vt -0.25 21.05 0
vt 0.25 21.05 0
vt -0.25 21.1 0
vt 0.25 21.1 0
vt -0.25 21.15 0
vt 0.25 21.15 0
vt -0.25 21.2 0
vt 0.25 21.2 0
vt -0.25 21.25 0
vt 0.25 21.25 0
vt -0.25 21.3 0
vt 0.25 21.3 0
vt -0.25 21.35 0
vt 0.25 21.35 0
vt -0.25 21.4 0
vt 0.25 21.4 0
vt -0.25 21.45 0
vt 0.25 21.45 0
vt -0.25 21.5 0
vt 0.25 21.5 0
vt -0.25 21.55 0
vt 0.25 21.55 0
vt -0.25 21.6 0
vt 0.25 21.6 0
vt -0.25 21.65 0
vt 0.25 21.65 0
vt -0.25 21.7 0
vt 0.25 21.7 0
vt -0.25 21.75 0
vt 0.25 21.75 0
vt -0.25 21.8 0
vt 0.25 21.8 0
vt -0.25 21.85 0
vt 0.25 21.85 0
vt -0.25 21.9 0
vt 0.25 21.9 0
vt -0.25 21.95 0
vt 0.25 21.95 0
vt -0.25 22 0
vt 0.25 22 0
vt -0.25 22.05 0
vt 0.25 22.05 0
vt -0.25 22.1 0
vt 0.25 22.1 0
vt -0.25 22.15 0
vt 0.25 22.15 0
vt -0.25 22.2 0
vt 0.25 22.2 0
vt -0.25 22.25 0
vt 0.25 22.25 0
vt -0.25 22.3 0
vt 0.25 22.3 0
vt -0.25 22.35 0
vt 0.25 22.35 0
vt -0.25 22.4 0
vt 0.25 22.4 0
vt -0.25 22.45 0
vt 0.25 22.45 0
vt -0.25 22.5 0
vt 0.25 22.5 0
vt -0.25 22.55 0
vt 0.25 22.55 0
vt -0.25 22.6 0
vt 0.25 22.6 0
vt -0.25 22.65 0
vt 0.25 22.65 0
vt -0.25 22.7 0
vt 0.25 22.7 0
vt -0.25 22.75 0
vt 0.25 22.75 0
vt -0.25 22.8 0
vt 0.25 22.8 0
vt -0.25 22.85 0
vt 0.25 22.85 0
vt -0.25 22.9 0
vt 0.25 22.9 0
vt -0.25 22.95 0
vt 0.25 22.95 0
vt -0.25 23 0
vt 0.25 23 0
vt -0.25 23.05 0
vt 0.25 23.05 0
vt -0.25 23.1 0
vt 0.25 23.1 0
vt -0.25 23.15 0
vt 0.25 23.15 0
vt -0.25 23.2 0
vt 0.25 23.2 0
vt -0.25 23.25 0
vt 0.25 23.25 0
vt -0.25 23.3 0
vt 0.25 23.3 0
vt -0.25 23.35 0
vt 0.25 23.35 0
vt -0.25 23.4 0
vt 0.25 23.4 0
vt -0.25 23.45 0
vt 0.25 23.45 0
vt -0.25 23.5 0
vt 0.25 23.5 0
vt -0.25 23.55 0
vt 0.25 23.55 0
vt -0.25 23.6 0
vt 0.25 23.6 0
vt -0.25 23.65 0
vt 0.25 23.65 0
vt -0.25 23.7 0
vt 0.25 23.7 0
vt -0.25 23.75 0
vt 0.25 23.75 0
vt -0.25 23.8 0
vt 0.25 23.8 0
vt -0.25 23.85 0
vt 0.25 23.85 0
vt -0.25 23.9 0
vt 0.25 23.9 0
vt -0.25 23.95 0
vt 0.25 23.95 0
vt -0.25 24 0
vt 0.25 24 0
vt -0.25 24.05 0
vt 0.25 24.05 0
vt -0.25 24.1 0
vt 0.25 24.1 0
vt -0.25 24.15 0
vt 0.25 24.15 0
vt -0.25 24.2 0
vt 0.25 24.2 0
vt -0.25 24.25 0
vt 0.25 24.25 0
vt -0.25 24.3 0
vt 0.25 24.3 0
vt -0.25 24.35 0
vt 0.25 24.35 0
vt -0.25 24.4 0
vt 0.25 24.4 0
vt -0.25 24.45 0
vt 0.25 24.45 0
vt -0.25 24.5 0
vt 0.25 24.5 0
vt -0.25 24.55 0
vt 0.25 24.55 0
vt -0.25 24.6 0
vt 0.25 24.6 0
vt -0.25 24.65 0
vt 0.25 24.65 0
vt -0.25 24.7 0
vt 0.25 24.7 0
vt -0.25 24.75 0
vt 0.25 24.75 0
vt -0.25 24.8 0
vt 0.25 24.8 0
vt -0.25 24.85 0
vt 0.25 24.85 0
vt -0.25 24.9 0
vt 0.25 24.9 0
vt -0.25 24.95 0
vt 0.25 24.95 0
vt -0.25 25 0
vt 0.25 25 0
vt -0.25 25.05 0
vt 0.25 25.05 0
vt -0.25 25.1 0
vt 0.25 25.1 0
vt -0.25 25.15 0
vt 0.25 25.15 0
vt -0.25 25.2 0
vt 0.25 25.2 0
vt -0.25 25.25 0
vt 0.25 25.25 0
vt -0.25 25.3 0
vt 0.25 25.3 0
vt -0.25 25.35 0
vt 0.25 25.35 0
vt -0.25 25.4 0
vt 0.25 25.4 0
vt -0.25 25.45 0
vt 0.25 25.45 0
vt -0.25 25.5 0
vt 0.25 25.5 0
vt -0.25 25.55 0
vt 0.25 25.55 0
vt -0.25 25.6 0
vt 0.25 25.6 0
vt -0.25 25.65 0
vt 0.25 25.65 0
vt -0.25 25.7 0
vt 0.25 25.7 0
vt -0.25 25.75 0
vt 0.25 25.75 0
vt -0.25 25.8 0
vt 0.25 25.8 0
vt -0.25 25.85 0
vt 0.25 25.85 0
vt -0.25 25.9 0
vt 0.25 25.9 0
vt -0.25 25.95 0
vt 0.25 25.95 0
vt -0.25 26 0
vt 0.25 26 0
vt -0.25 26.05 0
vt 0.25 26.05 0
vt -0.25 26.1 0
vt 0.25 26.1 0
vt -0.25 26.15 0
vt 0.25 26.15 0
vt -0.25 26.2 0
vt 0.25 26.2 0
vt -0.25 26.25 0
vt 0.25 26.25 0
vt -0.25 26.3 0
vt 0.25 26.3 0
vt -0.25 26.35 0
vt 0.25 26.35 0
vt -0.25 26.4 0
vt 0.25 26.4 0
vt -0.25 26.45 0
vt 0.25 26.45 0
vt -0.25 26.5 0
vt 0.25 26.5 0
vt -0.25 26.55 0
vt 0.25 26.55 0
vt -0.25 26.6 0
vt 0.25 26.6 0
vt -0.25 26.65 0
vt 0.25 26.65 0
vt -0.25 26.7 0
vt 0.25 26.7 0
vt -0.25 26.75 0
vt 0.25 26.75 0
vt -0.25 26.8 0
vt 0.25 26.8 0
vt -0.25 26.85 0
vt 0.25 26.85 0
vt -0.25 26.9 0
vt 0.25 26.9 0
vt -0.25 26.95 0
vt 0.25 26.95 0
vt -0.25 27 0
vt 0.25 27 0
vt -0.25 27.05 0
vt 0.25 27.05 0
vt -0.25 27.1 0
vt 0.25 27.1 0
vt -0.25 27.15 0
vt 0.25 27.15 0
vt -0.25 27.2 0
vt 0.25 27.2 0
vt -0.25 27.25 0
vt 0.25 27.25 0
vt -0.25 27.3 0
vt 0.25 27.3 0
vt -0.25 27.35 0
vt 0.25 27.35 0
vt -0.25 27.4 0
vt 0.25 27.4 0
vt -0.25 27.45 0
vt 0.25 27.45 0
vt -0.25 27.5 0
vt 0.25 27.5 0
vt -0.25 27.55 0
vt 0.25 27.55 0
vt -0.25 27.6 0
vt 0.25 27.6 0
vt -0.25 27.65 0
vt 0.25 27.65 0
vt -0.25 27.7 0
vt 0.25 27.7 0
vt -0.25 27.75 0
vt 0.25 27.75 0
vt -0.25 27.8 0
vt 0.25 27.8 0
vt -0.25 27.85 0
vt 0.25 27.85 0
vt -0.25 27.9 0
vt 0.25 27.9 0
vt -0.25 27.95 0
vt 0.25 27.95 0
vt -0.25 28 0
vt 0.25 28 0
vt -0.25 28.05 0
vt 0.25 28.05 0
vt -0.25 28.1 0
vt 0.25 28.1 0
vt -0.25 28.15 0
vt 0.25 28.15 0
vt -0.25 28.2 0
vt 0.25 28.2 0
vt -0.25 28.25 0
vt 0.25 28.25 0
vt -0.25 28.3 0
vt 0.25 28.3 0
vt -0.25 28.35 0
vt 0.25 28.35 0
vt -0.25 28.4 0
vt 0.25 28.4 0
vt -0.25 28.45 0
vt 0.25 28.45 0
vt -0.25 28.5 0
vt 0.25 28.5 0
vt -0.25 28.55 0
vt 0.25 28.55 0
vt -0.25 28.6 0
vt 0.25 28.6 0
vt -0.25 28.65 0
vt 0.25 28.65 0
vt -0.25 28.7 0
vt 0.25 28.7 0
vt -0.25 28.75 0
vt 0.25 28.75 0
vt -0.25 28.8 0
vt 0.25 28.8 0
vt -0.25 28.85 0
vt 0.25 28.85 0
vt -0.25 28.9 0
vt 0.25 28.9 0
vt -0.25 28.95 0
vt 0.25 28.95 0
vt -0.25 29 0
vt 0.25 29 0
vt -0.25 29.05 0
vt 0.25 29.05 0
vt -0.25 29.1 0
vt 0.25 29.1 0
vt -0.25 29.15 0
vt 0.25 29.15 0
vt -0.25 29.2 0
vt 0.25 29.2 0
vt -0.25 29.25 0
vt 0.25 29.25 0
vt -0.25 29.3 0
vt 0.25 29.3 0
vt -0.25 29.35 0
vt 0.25 29.35 0
vt -0.25 29.4 0
vt 0.25 29.4 0
vt -0.25 29.45 0
vt 0.25 29.45 0
vt -0.25 29.5 0
vt 0.25 29.5 0
vt -0.25 29.55 0
vt 0.25 29.55 0
vt -0.25 29.6 0
vt 0.25 29.6 0
vt -0.25 29.65 0
vt 0.25 29.65 0
vt -0.25 29.7 0
vt 0.25 29.7 0
vt -0.25 29.75 0
vt 0.25 29.75 0
vt -0.25 29.8 0
vt 0.25 29.8 0
vt -0.25 29.85 0
vt 0.25 29.85 0
vt -0.25 29.9 0
vt 0.25 29.9 0
vt -0.25 29.95 0
vt 0.25 29.95 0
vt -0.25 30 0
vt 0.25 30 0
vt -0.25 30.05 0
vt 0.25 30.05 0
vt -0.25 30.1 0
vt 0.25 30.1 0
vt -0.25 30.15 0
vt 0.25 30.15 0
vt -0.25 30.2 0
vt 0.25 30.2 0
vt -0.25 30.25 0
vt 0.25 30.25 0
vt -0.25 30.3 0
vt 0.25 30.3 0
vt -0.25 30.35 0
vt 0.25 30.35 0
vt -0.25 30.4 0
vt 0.25 30.4 0
vt -0.25 30.45 0
vt 0.25 30.45 0
vt -0.25 30.5 0
vt 0.25 30.5 0
vt -0.25 30.55 0
vt 0.25 30.55 0
vt -0.25 30.6 0
vt 0.25 30.6 0
vt -0.25 30.65 0
vt 0.25 30.65 0
vt -0.25 30.7 0
vt 0.25 30.7 0
vt -0.25 30.75 0
vt 0.25 30.75 0
vt -0.25 30.8 0
vt 0.25 30.8 0
vt -0.25 30.85 0
vt 0.25 30.85 0
vt -0.25 30.9 0
vt 0.25 30.9 0
vt -0.25 30.95 0
vt 0.25 30.95 0
vt -0.25 31 0
vt 0.25 31 0
vt -0.25 31.05 0
vt 0.25 31.05 0
vt -0.25 31.1 0
vt 0.25 31.1 0
vt -0.25 31.15 0
vt 0.25 31.15 0
vt -0.25 31.2 0
vt 0.25 31.2 0
vt -0.25 31.25 0
vt 0.25 31.25 0
vt -0.25 31.3 0
vt 0.25 31.3 0
vt -0.25 31.35 0
vt 0.25 31.35 0
vt -0.25 31.4 0
vt 0.25 31.4 0
vt -0.25 31.45 0
vt 0.25 31.45 0
vt -0.25 31.5 0
vt 0.25 31.5 0
vt -0.25 31.55 0
vt 0.25 31.55 0
vt -0.25 31.6 0
vt 0.25 31.6 0
vt -0.25 31.65 0
vt 0.25 31.65 0
vt -0.25 31.7 0
vt 0.25 31.7 0
vt -0.25 31.75 0
vt 0.25 31.75 0
vt -0.25 31.8 0
vt 0.25 31.8 0
vt -0.25 31.85 0
vt 0.25 31.85 0
vt -0.25 31.9 0
vt 0.25 31.9 0
vt -0.25 31.95 0
vt 0.25 31.95 0
vt -0.25 32 0
vt 0.25 32 0
vt -0.25 32.05 0
vt 0.25 32.05 0
vt -0.25 32.1 0
vt 0.25 32.1 0
vt -0.25 32.15 0
vt 0.25 32.15 0
vt -0.25 32.2 0
vt 0.25 32.2 0
vt -0.25 32.25 0
vt 0.25 32.25 0
vt -0.25 32.3 0
vt 0.25 32.3 0
vt -0.25 32.35 0
vt 0.25 32.35 0
vt -0.25 32.4 0
vt 0.25 32.4 0
vt -0.25 32.45 0
vt 0.25 32.45 0
vt -0.25 32.5 0
vt 0.25 32.5 0
vt -0.25 32.55 0
vt 0.25 32.55 0
vt -0.25 32.6 0
vt 0.25 32.6 0
vt -0.25 32.65 0
vt 0.25 32.65 0
vt -0.25 32.7 0
vt 0.25 32.7 0
vt -0.25 32.75 0
vt 0.25 32.75 0
vt -0.25 32.8 0
vt 0.25 32.8 0
vt -0.25 32.85 0
vt 0.25 32.85 0
vt -0.25 32.9 0
vt 0.25 32.9 0
vt -0.25 32.95 0
vt 0.25 32.95 0
vt -0.25 33 0
vt 0.25 33 0
vt -0.25 33.05 0
vt 0.25 33.05 0
vt -0.25 33.1 0
vt 0.25 33.1 0
vt -0.25 33.15 0
vt 0.25 33.15 0
vt -0.25 33.2 0
vt 0.25 33.2 0
vt -0.25 33.25 0
vt 0.25 33.25 0
vt -0.25 33.3 0
vt 0.25 33.3 0
vt -0.25 33.35 0
vt 0.25 33.35 0
vt -0.25 33.4 0
vt 0.25 33.4 0
vt -0.25 33.45 0
vt 0.25 33.45 0
vt -0.25 33.5 0
vt 0.25 33.5 0
vt -0.25 33.55 0
vt 0.25 33.55 0
vt -0.25 33.6 0
vt 0.25 33.6 0
vt -0.25 33.65 0
vt 0.25 33.65 0
vt -0.25 33.7 0
vt 0.25 33.7 0
vt -0.25 33.75 0
vt 0.25 33.75 0
vt -0.25 33.8 0
vt 0.25 33.8 0
vt -0.25 33.85 0
vt 0.25 33.85 0
vt -0.25 33.9 0
vt 0.25 33.9 0
vt -0.25 33.95 0
vt 0.25 33.95 0
vt -0.25 34 0
vt 0.25 34 0
vt -0.25 34.05 0
vt 0.25 34.05 0
vt -0.25 34.1 0
vt 0.25 34.1 0
vt -0.25 34.15 0
vt 0.25 34.15 0
vt -0.25 34.2 0
vt 0.25 34.2 0
vt -0.25 34.25 0
vt 0.25 34.25 0
vt -0.25 34.3 0
vt 0.25 34.3 0
vt -0.25 34.35 0
vt 0.25 34.35 0
vt -0.25 34.4 0
vt 0.25 34.4 0
vt -0.25 34.45 0
vt 0.25 34.45 0
vt -0.25 34.5 0
vt 0.25 34.5 0
vt -0.25 34.55 0
vt 0.25 34.55 0
vt -0.25 34.6 0
vt 0.25 34.6 0
vt -0.25 34.65 0
vt 0.25 34.65 0
vt -0.25 34.7 0
vt 0.25 34.7 0
vt -0.25 34.75 0
vt 0.25 34.75 0
vt -0.25 34.8 0
vt 0.25 34.8 0
vt -0.25 34.85 0
vt 0.25 34.85 0
vt -0.25 34.9 0
vt 0.25 34.9 0
vt -0.25 34.95 0
vt 0.25 34.95 0
vt -0.25 35 0
vt 0.25 35 0
vt -0.25 35.05 0
vt 0.25 35.05 0
vt -0.25 35.1 0
vt 0.25 35.1 0
vt -0.25 35.15 0
vt 0.25 35.15 0
vt -0.25 35.2 0
vt 0.25 35.2 0
vt -0.25 35.25 0
vt 0.25 35.25 0
vt -0.25 35.3 0
vt 0.25 35.3 0
vt -0.25 35.35 0
vt 0.25 35.35 0
vt -0.25 35.4 0
vt 0.25 35.4 0
vt -0.25 35.45 0
vt 0.25 35.45 0
vt -0.25 35.5 0
vt 0.25 35.5 0
vt -0.25 35.55 0
vt 0.25 35.55 0
vt -0.25 35.6 0
vt 0.25 35.6 0
vt -0.25 35.65 0
vt 0.25 35.65 0
vt -0.25 35.7 0
vt 0.25 35.7 0
vt -0.25 35.75 0
vt 0.25 35.75 0
vt -0.25 35.8 0
vt 0.25 35.8 0
vt -0.25 35.85 0
vt 0.25 35.85 0
vt -0.25 35.9 0
vt 0.25 35.9 0
vt -0.25 35.95 0
vt 0.25 35.95 0
vt -0.25 36 0
vt 0.25 36 0
vt -0.25 36.05 0
vt 0.25 36.05 0
vt -0.25 36.1 0
vt 0.25 36.1 0
vt -0.25 36.15 0
vt 0.25 36.15 0
vt -0.25 36.2 0
vt 0.25 36.2 0
vt -0.25 36.25 0
vt 0.25 36.25 0
vt -0.25 36.3 0
vt 0.25 36.3 0
vt -0.25 36.35 0
vt 0.25 36.35 0
vt -0.25 36.4 0
vt 0.25 36.4 0
vt -0.25 36.45 0
vt 0.25 36.45 0
vt -0.25 36.5 0
vt 0.25 36.5 0
vt -0.25 36.55 0
vt 0.25 36.55 0
vt -0.25 36.6 0
vt 0.25 36.6 0
vt -0.25 36.65 0
vt 0.25 36.65 0
vt -0.25 36.7 0
vt 0.25 36.7 0
vt -0.25 36.75 0
vt 0.25 36.75 0
vt -0.25 36.8 0
vt 0.25 36.8 0
vt -0.25 36.85 0
vt 0.25 36.85 0
vt -0.25 36.9 0
vt 0.25 36.9 0
vt -0.25 36.95 0
vt 0.25 36.95 0
vt -0.25 37 0
vt 0.25 37 0
vt -0.25 37.05 0
vt 0.25 37.05 0
vt -0.25 37.1 0
vt 0.25 37.1 0
vt -0.25 37.15 0
vt 0.25 37.15 0
vt -0.25 37.2 0
vt 0.25 37.2 0
vt -0.25 37.25 0
vt 0.25 37.25 0
vt -0.25 37.3 0
vt 0.25 37.3 0
vt -0.25 37.35 0
vt 0.25 37.35 0
vt -0.25 37.4 0
vt 0.25 37.4 0
vt -0.25 37.45 0
vt 0.25 37.45 0
vt -0.25 37.5 0
vt 0.25 37.5 0
vt -0.25 37.55 0
vt 0.25 37.55 0
vt -0.25 37.6 0
vt 0.25 37.6 0
vt -0.25 37.65 0
vt 0.25 37.65 0
vt -0.25 37.7 0
vt 0.25 37.7 0
vt -0.25 37.75 0
vt 0.25 37.75 0
vt -0.25 37.8 0
vt 0.25 37.8 0
vt -0.25 37.85 0
vt 0.25 37.85 0
vt -0.25 37.9 0
vt 0.25 37.9 0
vt -0.25 37.95 0
vt 0.25 37.95 0
vt -0.25 38 0
vt 0.25 38 0
vt -0.25 38.05 0
vt 0.25 38.05 0
vt -0.25 38.1 0
vt 0.25 38.1 0
vt -0.25 38.15 0
vt 0.25 38.15 0
vt -0.25 38.2 0
vt 0.25 38.2 0
vt -0.25 38.25 0
vt 0.25 38.25 0
vt -0.25 38.3 0
vt 0.25 38.3 0
vt -0.25 38.35 0
vt 0.25 38.35 0
vt -0.25 38.4 0
vt 0.25 38.4 0
vt -0.25 38.45 0
vt 0.25 38.45 0
vt -0.25 38.5 0
vt 0.25 38.5 0
vt -0.25 38.55 0
vt 0.25 38.55 0
vt -0.25 38.6 0
vt 0.25 38.6 0
vt -0.25 38.65 0
vt 0.25 38.65 0
vt -0.25 38.7 0
vt 0.25 38.7 0
vt -0.25 38.75 0
vt 0.25 38.75 0
vt -0.25 38.8 0
vt 0.25 38.8 0
vt -0.25 38.85 0
vt 0.25 38.85 0
vt -0.25 38.9 0
vt 0.25 38.9 0
vt -0.25 38.95 0
vt 0.25 38.95 0
vt -0.25 39 0
vt 0.25 39 0
vt -0.25 39.05 0
vt 0.25 39.05 0
vt -0.25 39.1 0
vt 0.25 39.1 0
vt -0.25 39.15 0
vt 0.25 39.15 0
vt -0.25 39.2 0
vt 0.25 39.2 0
vt -0.25 39.25 0
vt 0.25 39.25 0
vt -0.25 39.3 0
vt 0.25 39.3 0
vt -0.25 39.35 0
vt 0.25 39.35 0
vt -0.25 39.4 0
vt 0.25 39.4 0
vt -0.25 39.45 0
vt 0.25 39.45 0
vt -0.25 39.5 0
vt 0.25 39.5 0
vt -0.25 39.55 0
vt 0.25 39.55 0
vt -0.25 39.6 0
vt 0.25 39.6 0
vt -0.25 39.65 0
vt 0.25 39.65 0
vt -0.25 39.7 0
vt 0.25 39.7 0
vt -0.25 39.75 0
vt 0.25 39.75 0
vt -0.25 39.8 0
vt 0.25 39.8 0
vt -0.25 39.85 0
vt 0.25 39.85 0
vt -0.25 39.9 0
vt 0.25 39.9 0
vt -0.25 39.95 0
vt 0.25 39.95 0
vt -0.25 40 0
vt 0.25 40 0
vt -0.25 40.05 0
vt 0.25 40.05 0
vt -0.25 40.1 0
vt 0.25 40.1 0
vt -0.25 40.15 0
vt 0.25 40.15 0
vt -0.25 40.2 0
vt 0.25 40.2 0
vt -0.25 40.25 0
vt 0.25 40.25 0
vt -0.25 40.3 0
vt 0.25 40.3 0
vt -0.25 40.35 0
vt 0.25 40.35 0
vt -0.25 40.4 0
vt 0.25 40.4 0
vt -0.25 40.45 0
vt 0.25 40.45 0
vt -0.25 40.5 0
vt 0.25 40.5 0
vt -0.25 40.55 0
vt 0.25 40.55 0
vt -0.25 40.6 0
vt 0.25 40.6 0
vt -0.25 40.65 0
vt 0.25 40.65 0
vt -0.25 40.7 0
vt 0.25 40.7 0
vt -0.25 40.75 0
vt 0.25 40.75 0
vt -0.25 40.8 0
vt 0.25 40.8 0
vt -0.25 40.85 0
vt 0.25 40.85 0
vt -0.25 40.9 0
vt 0.25 40.9 0
vt -0.25 40.95 0
vt 0.25 40.95 0
vt -0.25 41 0
vt 0.25 41 0
vt -0.25 41.05 0
vt 0.25 41.05 0
vt -0.25 41.1 0
vt 0.25 41.1 0
vt -0.25 41.15 0
vt 0.25 41.15 0
vt -0.25 41.2 0
vt 0.25 41.2 0
vt -0.25 41.25 0
vt 0.25 41.25 0
vt -0.25 41.3 0
vt 0.25 41.3 0
vt -0.25 41.35 0
vt 0.25 41.35 0
vt -0.25 41.4 0
vt 0.25 41.4 0
vt -0.25 41.45 0
vt 0.25 41.45 0
vt -0.25 41.5 0
vt 0.25 41.5 0
vt -0.25 41.55 0
vt 0.25 41.55 0
vt -0.25 41.6 0
vt 0.25 41.6 0
vt -0.25 41.65 0
vt 0.25 41.65 0
vt -0.25 41.7 0
vt 0.25 41.7 0
vt -0.25 41.75 0
vt 0.25 41.75 0
vt -0.25 41.8 0
vt 0.25 41.8 0
vt -0.25 41.85 0
vt 0.25 41.85 0
vt -0.25 41.9 0
vt 0.25 41.9 0
vt -0.25 41.95 0
vt 0.25 41.95 0
vt -0.25 42 0
vt 0.25 42 0
vt -0.25 42.05 0
vt 0.25 42.05 0
vt -0.25 42.1 0
vt 0.25 42.1 0
vt -0.25 42.15 0
vt 0.25 42.15 0
vt -0.25 42.2 0
vt 0.25 42.2 0
vt -0.25 42.25 0
vt 0.25 42.25 0
vt -0.25 42.3 0
vt 0.25 42.3 0
vt -0.25 42.35 0
vt 0.25 42.35 0
vt -0.25 42.4 0
vt 0.25 42.4 0
vt -0.25 42.45 0
vt 0.25 42.45 0
vt -0.25 42.5 0
vt 0.25 42.5 0
vt -0.25 42.55 0
vt 0.25 42.55 0
vt -0.25 42.6 0
vt 0.25 42.6 0
vt -0.25 42.65 0
vt 0.25 42.65 0
vt -0.25 42.7 0
vt 0.25 42.7 0
vt -0.25 42.75 0
vt 0.25 42.75 0
vt -0.25 42.8 0
vt 0.25 42.8 0
vt -0.25 42.85 0
vt 0.25 42.85 0
vt -0.25 42.9 0
vt 0.25 42.9 0
vt -0.25 42.95 0
vt 0.25 42.95 0
vt -0.25 43 0
vt 0.25 43 0
vt -0.25 43.05 0
vt 0.25 43.05 0
vt -0.25 43.1 0
vt 0.25 43.1 0
vt -0.25 43.15 0
vt 0.25 43.15 0
vt -0.25 43.2 0
vt 0.25 43.2 0
vt -0.25 43.25 0
vt 0.25 43.25 0
vt -0.25 43.3 0
vt 0.25 43.3 0
vt -0.25 43.35 0
vt 0.25 43.35 0
vt -0.25 43.4 0
vt 0.25 43.4 0
vt -0.25 43.45 0
vt 0.25 43.45 0
vt -0.25 43.5 0
vt 0.25 43.5 0
vt -0.25 43.55 0
vt 0.25 43.55 0
vt -0.25 43.6 0
vt 0.25 43.6 0
vt -0.25 43.65 0
vt 0.25 43.65 0
vt -0.25 43.7 0
vt 0.25 43.7 0
vt -0.25 43.75 0
vt 0.25 43.75 0
vt -0.25 43.8 0
vt 0.25 43.8 0
vt -0.25 43.85 0
vt 0.25 43.85 0
vt -0.25 43.9 0
vt 0.25 43.9 0
vt -0.25 43.95 0
vt 0.25 43.95 0
vt -0.25 44 0
vt 0.25 44 0
vt -0.25 44.05 0
vt 0.25 44.05 0
vt -0.25 44.1 0
vt 0.25 44.1 0
vt -0.25 44.15 0
vt 0.25 44.15 0
vt -0.25 44.2 0
vt 0.25 44.2 0
vt -0.25 44.25 0
vt 0.25 44.25 0
vt -0.25 44.3 0
vt 0.25 44.3 0
vt -0.25 44.35 0
vt 0.25 44.35 0
vt -0.25 44.4 0
vt 0.25 44.4 0
vt -0.25 44.45 0
vt 0.25 44.45 0
vt -0.25 44.5 0
vt 0.25 44.5 0
vt -0.25 44.55 0
vt 0.25 44.55 0
vt -0.25 44.6 0
vt 0.25 44.6 0
vt -0.25 44.65 0
vt 0.25 44.65 0
vt -0.25 44.7 0
vt 0.25 44.7 0
vt -0.25 44.75 0
vt 0.25 44.75 0
vt -0.25 44.8 0
vt 0.25 44.8 0
vt -0.25 44.85 0
vt 0.25 44.85 0
vt -0.25 44.9 0
vt 0.25 44.9 0
vt -0.25 44.95 0
vt 0.25 44.95 0
vt -0.25 45 0
vt 0.25 45 0
vt -0.25 45.05 0
vt 0.25 45.05 0
vt -0.25 45.1 0
vt 0.25 45.1 0
vt -0.25 45.15 0
vt 0.25 45.15 0
vt -0.25 45.2 0
vt 0.25 45.2 0
vt -0.25 45.25 0
vt 0.25 45.25 0
vt -0.25 45.3 0
vt 0.25 45.3 0
vt -0.25 45.35 0
vt 0.25 45.35 0
vt -0.25 45.4 0
vt 0.25 45.4 0
vt -0.25 45.45 0
vt 0.25 45.45 0
vt -0.25 45.5 0
vt 0.25 45.5 0
vt -0.25 45.55 0
vt 0.25 45.55 0
vt -0.25 45.6 0
vt 0.25 45.6 0
vt -0.25 45.65 0
vt 0.25 45.65 0
vt -0.25 45.7 0
vt 0.25 45.7 0
vt -0.25 45.75 0
vt 0.25 45.75 0
vt -0.25 45.8 0
vt 0.25 45.8 0
vt -0.25 45.85 0
vt 0.25 45.85 0
vt -0.25 45.9 0
vt 0.25 45.9 0
vt -0.25 45.95 0
vt 0.25 45.95 0
vt -0.25 46 0
vt 0.25 46 0
vt -0.25 46.05 0
vt 0.25 46.05 0
vt -0.25 46.1 0
vt 0.25 46.1 0
vt -0.25 46.15 0
vt 0.25 46.15 0
vt -0.25 46.2 0
vt 0.25 46.2 0
vt -0.25 46.25 0
vt 0.25 46.25 0
vt -0.25 46.3 0
vt 0.25 46.3 0
vt -0.25 46.35 0
vt 0.25 46.35 0
vt -0.25 46.4 0
vt 0.25 46.4 0
vt -0.25 46.45 0
vt 0.25 46.45 0
vt -0.25 46.5 0
vt 0.25 46.5 0
vt -0.25 46.55 0
vt 0.25 46.55 0
vt -0.25 46.6 0
vt 0.25 46.6 0
vt -0.25 46.65 0
vt 0.25 46.65 0
vt -0.25 46.7 0
vt 0.25 46.7 0
vt -0.25 46.75 0
vt 0.25 46.75 0
vt -0.25 46.8 0
vt 0.25 46.8 0
vt -0.25 46.85 0
vt 0.25 46.85 0
vt -0.25 46.9 0
vt 0.25 46.9 0
vt -0.25 46.95 0
vt 0.25 46.95 0
vt -0.25 47 0
vt 0.25 47 0
vt -0.25 47.05 0
vt 0.25 47.05 0
vt -0.25 47.1 0
vt 0.25 47.1 0
vt -0.25 47.15 0
vt 0.25 47.15 0
vt -0.25 47.2 0
vt 0.25 47.2 0
vt -0.25 47.25 0
vt 0.25 47.25 0
vt -0.25 47.3 0
vt 0.25 47.3 0
vt -0.25 47.35 0
vt 0.25 47.35 0
vt -0.25 47.4 0
vt 0.25 47.4 0
vt -0.25 47.45 0
vt 0.25 47.45 0
vt -0.25 47.5 0
vt 0.25 47.5 0
vt -0.25 47.55 0
vt 0.25 47.55 0
vt -0.25 47.6 0
vt 0.25 47.6 0
vt -0.25 47.65 0
vt 0.25 47.65 0
vt -0.25 47.7 0
vt 0.25 47.7 0
vt -0.25 47.75 0
vt 0.25 47.75 0
vt -0.25 47.8 0
vt 0.25 47.8 0
vt -0.25 47.85 0
vt 0.25 47.85 0
vt -0.25 47.9 0
vt 0.25 47.9 0
vt -0.25 47.95 0
vt 0.25 47.95 0
vt -0.25 48 0
vt 0.25 48 0
vt -0.25 48.05 0
vt 0.25 48.05 0
vt -0.25 48.1 0
vt 0.25 48.1 0
vt -0.25 48.15 0
vt 0.25 48.15 0
vt -0.25 48.2 0
vt 0.25 48.2 0
vt -0.25 48.25 0
vt 0.25 48.25 0
vt -0.25 48.3 0
vt 0.25 48.3 0
vt -0.25 48.35 0
vt 0.25 48.35 0
vt -0.25 48.4 0
vt 0.25 48.4 0
vt -0.25 48.45 0
vt 0.25 48.45 0
vt -0.25 48.5 0
vt 0.25 48.5 0
vt -0.25 48.55 0
vt 0.25 48.55 0
vt -0.25 48.6 0
vt 0.25 48.6 0
vt -0.25 48.65 0
vt 0.25 48.65 0
vt -0.25 48.7 0
vt 0.25 48.7 0
vt -0.25 48.75 0
vt 0.25 48.75 0
vt -0.25 48.8 0
vt 0.25 48.8 0
vt -0.25 48.85 0
vt 0.25 48.85 0
vt -0.25 48.9 0
vt 0.25 48.9 0
vt -0.25 48.95 0
vt 0.25 48.95 0
vt -0.25 49 0
vt 0.25 49 0
vt -0.25 49.05 0
vt 0.25 49.05 0
vt -0.25 49.1 0
vt 0.25 49.1 0
vt -0.25 49.15 0
vt 0.25 49.15 0
vt -0.25 49.2 0
vt 0.25 49.2 0
vt -0.25 49.25 0
vt 0.25 49.25 0
vt -0.25 49.3 0
vt 0.25 49.3 0
vt -0.25 49.35 0
vt 0.25 49.35 0
vt -0.25 49.4 0
vt 0.25 49.4 0
vt -0.25 49.45 0
vt 0.25 49.45 0
vt -0.25 49.5 0
vt 0.25 49.5 0
vt -0.25 49.55 0
vt 0.25 49.55 0
vt -0.25 49.6 0
vt 0.25 49.6 0
vt -0.25 49.65 0
vt 0.25 49.65 0
vt -0.25 49.7 0
vt 0.25 49.7 0
vt -0.25 49.75 0
vt 0.25 49.75 0
vt -0.25 49.8 0
vt 0.25 49.8 0
vt -0.25 49.85 0
vt 0.25 49.85 0
vt -0.25 49.9 0
vt 0.25 49.9 0
vt -0.25 49.95 0
vt 0.25 49.95 0
vt -0.25 50 0
vt 0.25 50 0
vt -0.25 50.05 0
vt 0.25 50.05 0
vt -0.25 50.1 0
vt 0.25 50.1 0
vt -0.25 50.15 0
vt 0.25 50.15 0
vt -0.25 50.2 0
vt 0.25 50.2 0
vt -0.25 50.25 0
vt 0.25 50.25 0
vt -0.25 50.3 0
vt 0.25 50.3 0
vt -0.25 50.35 0
vt 0.25 50.35 0
vt -0.25 50.4 0
vt 0.25 50.4 0
vt -0.25 50.45 0
vt 0.25 50.45 0
vt -0.25 50.5 0
vt 0.25 50.5 0
vt -0.25 50.55 0
vt 0.25 50.55 0
vt -0.25 50.6 0
vt 0.25 50.6 0
vt -0.25 50.65 0
vt 0.25 50.65 0
vt -0.25 50.7 0
vt 0.25 50.7 0
vt -0.25 50.75 0
vt 0.25 50.75 0
vt -0.25 50.8 0
vt 0.25 50.8 0
vt -0.25 50.85 0
vt 0.25 50.85 0
vt -0.25 50.9 0
vt 0.25 50.9 0
vt -0.25 50.95 0
vt 0.25 50.95 0
vt -0.25 51 0
vt 0.25 51 0
vt -0.25 51.05 0
vt 0.25 51.05 0
vt -0.25 51.1 0
vt 0.25 51.1 0
vt -0.25 51.15 0
vt 0.25 51.15 0
vt -0.25 51.2 0
vt 0.25 51.2 0
vt -0.25 51.25 0
vt 0.25 51.25 0
vt -0.25 51.3 0
vt 0.25 51.3 0
vt -0.25 51.35 0
vt 0.25 51.35 0
vt -0.25 51.4 0
vt 0.25 51.4 0
vt -0.25 51.45 0
vt 0.25 51.45 0
vt -0.25 51.5 0
vt 0.25 51.5 0
vt -0.25 51.55 0
vt 0.25 51.55 0
vt -0.25 51.6 0
vt 0.25 51.6 0
vt -0.25 51.65 0
vt 0.25 51.65 0
vt -0.25 51.7 0
vt 0.25 51.7 0
vt -0.25 51.75 0
vt 0.25 51.75 0
vt -0.25 51.8 0
vt 0.25 51.8 0
vt -0.25 51.85 0
vt 0.25 51.85 0
vt -0.25 51.9 0
vt 0.25 51.9 0
vt -0.25 51.95 0
vt 0.25 51.95 0
vt -0.25 52 0
vt 0.25 52 0
vt -0.25 52.05 0
vt 0.25 52.05 0
vt -0.25 52.1 0
vt 0.25 52.1 0
vt -0.25 52.15 0
vt 0.25 52.15 0
vt -0.25 52.2 0
vt 0.25 52.2 0
vt -0.25 52.25 0
vt 0.25 52.25 0
vt -0.25 52.3 0
vt 0.25 52.3 0
vt -0.25 52.35 0
vt 0.25 52.35 0
vt -0.25 52.4 0
vt 0.25 52.4 0
vt -0.25 52.45 0
vt 0.25 52.45 0
vt -0.25 52.5 0
vt 0.25 52.5 0
vt -0.25 52.55 0
vt 0.25 52.55 0
vt -0.25 52.6 0
vt 0.25 52.6 0
vt -0.25 52.65 0
vt 0.25 52.65 0
vt -0.25 52.7 0
vt 0.25 52.7 0
vt -0.25 52.75 0
vt 0.25 52.75 0
vt -0.25 52.8 0
vt 0.25 52.8 0
vt -0.25 52.85 0
vt 0.25 52.85 0
vt -0.25 52.9 0
vt 0.25 52.9 0
vt -0.25 52.95 0
vt 0.25 52.95 0
vt -0.25 53 0
vt 0.25 53 0
vt -0.25 53.05 0
vt 0.25 53.05 0
vt -0.25 53.1 0
vt 0.25 53.1 0
vt -0.25 53.15 0
vt 0.25 53.15 0
vt -0.25 53.2 0
vt 0.25 53.2 0
vt -0.25 53.25 0
vt 0.25 53.25 0
vt -0.25 53.3 0
vt 0.25 53.3 0
vt -0.25 53.35 0
vt 0.25 53.35 0
vt -0.25 53.4 0
vt 0.25 53.4 0
vt -0.25 53.45 0
vt 0.25 53.45 0
vt -0.25 53.5 0
vt 0.25 53.5 0
vt -0.25 53.55 0
vt 0.25 53.55 0
vt -0.25 53.6 0
vt 0.25 53.6 0
vt -0.25 53.65 0
vt 0.25 53.65 0
vt -0.25 53.7 0
vt 0.25 53.7 0
vt -0.25 53.75 0
vt 0.25 53.75 0
vt -0.25 53.8 0
vt 0.25 53.8 0
vt -0.25 53.85 0
vt 0.25 53.85 0
vt -0.25 53.9 0
vt 0.25 53.9 0
vt -0.25 53.95 0
vt 0.25 53.95 0
vt -0.25 54 0
vt 0.25 54 0
vt -0.25 54.05 0
vt 0.25 54.05 0
vt -0.25 54.1 0
vt 0.25 54.1 0
vt -0.25 54.15 0
vt 0.25 54.15 0
vt -0.25 54.2 0
vt 0.25 54.2 0
vt -0.25 54.25 0
vt 0.25 54.25 0
vt -0.25 54.3 0
vt 0.25 54.3 0
vt -0.25 54.35 0
vt 0.25 54.35 0
vt -0.25 54.4 0
vt 0.25 54.4 0
vt -0.25 54.45 0
vt 0.25 54.45 0
vt -0.25 54.5 0
vt 0.25 54.5 0
vt -0.25 54.55 0
vt 0.25 54.55 0
vt -0.25 54.6 0
vt 0.25 54.6 0
vt -0.25 54.65 0
vt 0.25 54.65 0
vt -0.25 54.7 0
vt 0.25 54.7 0
vt -0.25 54.75 0
vt 0.25 54.75 0
vt -0.25 54.8 0
vt 0.25 54.8 0
vt -0.25 54.85 0
vt 0.25 54.85 0
vt -0.25 54.9 0
vt 0.25 54.9 0
vt -0.25 54.95 0
vt 0.25 54.95 0
vt -0.25 55 0
vt 0.25 55 0
vt -0.25 55.05 0
vt 0.25 55.05 0
vt -0.25 55.1 0
vt 0.25 55.1 0
vt -0.25 55.15 0
vt 0.25 55.15 0
vt -0.25 55.2 0
vt 0.25 55.2 0
vt -0.25 55.25 0
vt 0.25 55.25 0
vt -0.25 55.3 0
vt 0.25 55.3 0
vt -0.25 55.35 0
vt 0.25 55.35 0
vt -0.25 55.4 0
vt 0.25 55.4 0
vt -0.25 55.45 0
vt 0.25 55.45 0
vt -0.25 55.5 0
vt 0.25 55.5 0
vt -0.25 55.55 0
vt 0.25 55.55 0
vt -0.25 55.6 0
vt 0.25 55.6 0
vt -0.25 55.65 0
vt 0.25 55.65 0
vt -0.25 55.7 0
vt 0.25 55.7 0
vt -0.25 55.75 0
vt 0.25 55.75 0
vt -0.25 55.8 0
vt 0.25 55.8 0
vt -0.25 55.85 0
vt 0.25 55.85 0
vt -0.25 55.9 0
vt 0.25 55.9 0
vt -0.25 55.95 0
vt 0.25 55.95 0
vt -0.25 56 0
vt 0.25 56 0
vt -0.25 56.05 0
vt 0.25 56.05 0
vt -0.25 56.1 0
vt 0.25 56.1 0
vt -0.25 56.15 0
vt 0.25 56.15 0
vt -0.25 56.2 0
vt 0.25 56.2 0
vt -0.25 56.25 0
vt 0.25 56.25 0
vt -0.25 56.3 0
vt 0.25 56.3 0
vt -0.25 56.35 0
vt 0.25 56.35 0
vt -0.25 56.4 0
vt 0.25 56.4 0
vt -0.25 56.45 0
vt 0.25 56.45 0
vt -0.25 56.5 0
vt 0.25 56.5 0
vt -0.25 56.55 0
vt 0.25 56.55 0
vt -0.25 56.6 0
vt 0.25 56.6 0
vt -0.25 56.65 0
vt 0.25 56.65 0
vt -0.25 56.7 0
vt 0.25 56.7 0
vt -0.25 56.75 0
vt 0.25 56.75 0
vt -0.25 56.8 0
vt 0.25 56.8 0
vt -0.25 56.85 0
vt 0.25 56.85 0
vt -0.25 56.9 0
vt 0.25 56.9 0
vt -0.25 56.95 0
vt 0.25 56.95 0
vt -0.25 57 0
vt 0.25 57 0
vt -0.25 57.05 0
vt 0.25 57.05 0
vt -0.25 57.1 0
vt 0.25 57.1 0
vt -0.25 57.15 0
vt 0.25 57.15 0
vt -0.25 57.2 0
vt 0.25 57.2 0
vt -0.25 57.25 0
vt 0.25 57.25 0
vt -0.25 57.3 0
vt 0.25 57.3 0
vt -0.25 57.35 0
vt 0.25 57.35 0
vt -0.25 57.4 0
vt 0.25 57.4 0
vt -0.25 57.45 0
vt 0.25 57.45 0
vt -0.25 57.5 0
vt 0.25 57.5 0
vt -0.25 57.55 0
vt 0.25 57.55 0
vt -0.25 57.6 0
vt 0.25 57.6 0
vt -0.25 57.65 0
vt 0.25 57.65 0
vt -0.25 57.7 0
vt 0.25 57.7 0
vt -0.25 57.75 0
vt 0.25 57.75 0
vt -0.25 57.8 0
vt 0.25 57.8 0
vt -0.25 57.85 0
vt 0.25 57.85 0
vt -0.25 57.9 0
vt 0.25 57.9 0
vt -0.25 57.95 0
vt 0.25 57.95 0
vt -0.25 58 0
vt 0.25 58 0
vt -0.25 58.05 0
vt 0.25 58.05 0
vt -0.25 58.1 0
vt 0.25 58.1 0
vt -0.25 58.15 0
vt 0.25 58.15 0
vt -0.25 58.2 0
vt 0.25 58.2 0
vt -0.25 58.25 0
vt 0.25 58.25 0
vt -0.25 58.3 0
vt 0.25 58.3 0
vt -0.25 58.35 0
vt 0.25 58.35 0
vt -0.25 58.4 0
vt 0.25 58.4 0
vt -0.25 58.45 0
vt 0.25 58.45 0
vt -0.25 58.5 0
vt 0.25 58.5 0
vt -0.25 58.55 0
vt 0.25 58.55 0
vt -0.25 58.6 0
vt 0.25 58.6 0
vt -0.25 58.65 0
vt 0.25 58.65 0
vt -0.25 58.7 0
vt 0.25 58.7 0
vt -0.25 58.75 0
vt 0.25 58.75 0
vt -0.25 58.8 0
vt 0.25 58.8 0
vt -0.25 58.85 0
vt 0.25 58.85 0
vt -0.25 58.9 0
vt 0.25 58.9 0
vt -0.25 58.95 0
vt 0.25 58.95 0
vt -0.25 59 0
vt 0.25 59 0
vt -0.25 59.05 0
vt 0.25 59.05 0
vt -0.25 59.1 0
vt 0.25 59.1 0
vt -0.25 59.15 0
vt 0.25 59.15 0
vt -0.25 59.2 0
vt 0.25 59.2 0
vt -0.25 59.25 0
vt 0.25 59.25 0
vt -0.25 59.3 0
vt 0.25 59.3 0
vt -0.25 59.35 0
vt 0.25 59.35 0
vt -0.25 59.4 0
vt 0.25 59.4 0
vt -0.25 59.45 0
vt 0.25 59.45 0
vt -0.25 59.5 0
vt 0.25 59.5 0
vt -0.25 59.55 0
vt 0.25 59.55 0
vt -0.25 59.6 0
vt 0.25 59.6 0
vt -0.25 59.65 0
vt 0.25 59.65 0
vt -0.25 59.7 0
vt 0.25 59.7 0
vt -0.25 59.75 0
vt 0.25 59.75 0
vt -0.25 59.8 0
vt 0.25 59.8 0
vt -0.25 59.85 0
vt 0.25 59.85 0
vt -0.25 59.9 0
vt 0.25 59.9 0
vt -0.25 59.95 0
vt 0.25 59.95 0
vt -0.25 60 0
vt 0.25 60 0
vt -0.25 60.05 0
vt 0.25 60.05 0
vt -0.25 60.1 0
vt 0.25 60.1 0
vt -0.25 60.15 0
vt 0.25 60.15 0
vt -0.25 60.2 0
vt 0.25 60.2 0
vt -0.25 60.25 0
vt 0.25 60.25 0
vt -0.25 60.3 0
vt 0.25 60.3 0
vt -0.25 60.35 0
vt 0.25 60.35 0
vt -0.25 60.4 0
vt 0.25 60.4 0
vt -0.25 60.45 0
vt 0.25 60.45 0
vt -0.25 60.5 0
vt 0.25 60.5 0
vt -0.25 60.55 0
vt 0.25 60.55 0
vt -0.25 60.6 0
vt 0.25 60.6 0
vt -0.25 60.65 0
vt 0.25 60.65 0
vt -0.25 60.7 0
vt 0.25 60.7 0
vt -0.25 60.75 0
vt 0.25 60.75 0
vt -0.25 60.8 0
vt 0.25 60.8 0
vt -0.25 60.85 0
vt 0.25 60.85 0
vt -0.25 60.9 0
vt 0.25 60.9 0
vt -0.25 60.95 0
vt 0.25 60.95 0
vt -0.25 61 0
vt 0.25 61 0
vt -0.25 61.05 0
vt 0.25 61.05 0
vt -0.25 61.1 0
vt 0.25 61.1 0
vt -0.25 61.15 0
vt 0.25 61.15 0
vt -0.25 61.2 0
vt 0.25 61.2 0
vt -0.25 61.25 0
vt 0.25 61.25 0
vt -0.25 61.3 0
vt 0.25 61.3 0
vt -0.25 61.35 0
vt 0.25 61.35 0
vt -0.25 61.4 0
vt 0.25 61.4 0
vt -0.25 61.45 0
vt 0.25 61.45 0
vt -0.25 61.5 0
vt 0.25 61.5 0
vt -0.25 61.55 0
vt 0.25 61.55 0
vt -0.25 61.6 0
vt 0.25 61.6 0
vt -0.25 61.65 0
vt 0.25 61.65 0
vt -0.25 61.7 0
vt 0.25 61.7 0
vt -0.25 61.75 0
vt 0.25 61.75 0
vt -0.25 61.8 0
vt 0.25 61.8 0
vt -0.25 61.85 0
vt 0.25 61.85 0
vt -0.25 61.9 0
vt 0.25 61.9 0
vt -0.25 61.95 0
vt 0.25 61.95 0
vt -0.25 62 0
vt 0.25 62 0
vt -0.25 62.05 0
vt 0.25 62.05 0
vt -0.25 62.1 0
vt 0.25 62.1 0
vt -0.25 62.15 0
vt 0.25 62.15 0
vt -0.25 62.2 0
vt 0.25 62.2 0
vt -0.25 62.25 0
vt 0.25 62.25 0
vt -0.25 62.3 0
vt 0.25 62.3 0
vt -0.25 62.35 0
vt 0.25 62.35 0
vt -0.25 62.4 0
vt 0.25 62.4 0
vt -0.25 62.45 0
vt 0.25 62.45 0
vt -0.25 62.5 0
vt 0.25 62.5 0
vt -0.25 62.55 0
vt 0.25 62.55 0
vt -0.25 62.6 0
vt 0.25 62.6 0
vt -0.25 62.65 0
vt 0.25 62.65 0
vt -0.25 62.7 0
vt 0.25 62.7 0
vt -0.25 62.75 0
vt 0.25 62.75 0
vt -0.25 62.8 0
vt 0.25 62.8 0
vt -0.25 62.85 0
vt 0.25 62.85 0
vt -0.25 62.9 0
vt 0.25 62.9 0
vt -0.25 62.95 0
vt 0.25 62.95 0
vt -0.25 63 0
vt 0.25 63 0
vt -0.25 63.05 0
vt 0.25 63.05 0
vt -0.25 63.1 0
vt 0.25 63.1 0
vt -0.25 63.15 0
vt 0.25 63.15 0
vt -0.25 63.2 0
vt 0.25 63.2 0
vt -0.25 63.25 0
vt 0.25 63.25 0
vt -0.25 63.3 0
vt 0.25 63.3 0
vt -0.25 63.35 0
vt 0.25 63.35 0
vt -0.25 63.4 0
vt 0.25 63.4 0
vt -0.25 63.45 0
vt 0.25 63.45 0
vt -0.25 63.5 0
vt 0.25 63.5 0
vt -0.25 63.55 0
vt 0.25 63.55 0
vt -0.25 63.6 0
vt 0.25 63.6 0
vt -0.25 63.65 0
vt 0.25 63.65 0
vt -0.25 63.7 0
vt 0.25 63.7 0
vt -0.25 63.75 0
vt 0.25 63.75 0
vt -0.25 63.8 0
vt 0.25 63.8 0
vt -0.25 63.85 0
vt 0.25 63.85 0
vt -0.25 63.9 0
vt 0.25 63.9 0
vt -0.25 63.95 0
vt 0.25 63.95 0
vt -0.25 64 0
vt 0.25 64 0
vt -0.25 64.05 0
vt 0.25 64.05 0
vt -0.25 64.1 0
vt 0.25 64.1 0
vt -0.25 64.15 0
vt 0.25 64.15 0
vt -0.25 64.2 0
vt 0.25 64.2 0
vt -0.25 64.25 0
vt 0.25 64.25 0
vt -0.25 64.3 0
vt 0.25 64.3 0
vt -0.25 64.35 0
vt 0.25 64.35 0
vt -0.25 64.4 0
vt 0.25 64.4 0
vt -0.25 64.45 0
vt 0.25 64.45 0
vt -0.25 64.5 0
vt 0.25 64.5 0
vt -0.25 64.55 0
vt 0.25 64.55 0
vt -0.25 64.6 0
vt 0.25 64.6 0
vt -0.25 64.65 0
vt 0.25 64.65 0
vt -0.25 64.7 0
vt 0.25 64.7 0
vt -0.25 64.75 0
vt 0.25 64.75 0
vt -0.25 64.8 0
vt 0.25 64.8 0
vt -0.25 64.85 0
vt 0.25 64.85 0
vt -0.25 64.9 0
vt 0.25 64.9 0
vt -0.25 64.95 0
vt 0.25 64.95 0
vt -0.25 65 0
vt 0.25 65 0
vt -0.25 65.05 0
vt 0.25 65.05 0
vt -0.25 65.1 0
vt 0.25 65.1 0
vt -0.25 65.15 0
vt 0.25 65.15 0
vt -0.25 65.2 0
vt 0.25 65.2 0
vt -0.25 65.25 0
vt 0.25 65.25 0
vt -0.25 65.3 0
vt 0.25 65.3 0
vt -0.25 65.35 0
vt 0.25 65.35 0
vt -0.25 65.4 0
vt 0.25 65.4 0
vt -0.25 65.45 0
vt 0.25 65.45 0
vt -0.25 65.5 0
vt 0.25 65.5 0
vt -0.25 65.55 0
vt 0.25 65.55 0
vt -0.25 65.6 0
vt 0.25 65.6 0
vt -0.25 65.65 0
vt 0.25 65.65 0
vt -0.25 65.7 0
vt 0.25 65.7 0
vt -0.25 65.75 0
vt 0.25 65.75 0
vt -0.25 65.8 0
vt 0.25 65.8 0
vt -0.25 65.85 0
vt 0.25 65.85 0
vt -0.25 65.9 0
vt 0.25 65.9 0
vt -0.25 65.95 0
vt 0.25 65.95 0
vt -0.25 66 0
vt 0.25 66 0
vt -0.25 66.05 0
vt 0.25 66.05 0
vt -0.25 66.1 0
vt 0.25 66.1 0
vt -0.25 66.15 0
vt 0.25 66.15 0
vt -0.25 66.2 0
vt 0.25 66.2 0
vt -0.25 66.25 0
vt 0.25 66.25 0
vt -0.25 66.3 0
vt 0.25 66.3 0
vt -0.25 66.35 0
vt 0.25 66.35 0
vt -0.25 66.4 0
vt 0.25 66.4 0
vt -0.25 66.45 0
vt 0.25 66.45 0
vt -0.25 66.5 0
vt 0.25 66.5 0
vt -0.25 66.55 0
vt 0.25 66.55 0
vt -0.25 66.6 0
vt 0.25 66.6 0
vt -0.25 66.65 0
vt 0.25 66.65 0
vt -0.25 66.7 0
vt 0.25 66.7 0
vt -0.25 66.75 0
vt 0.25 66.75 0
vt -0.25 66.8 0
vt 0.25 66.8 0
vt -0.25 66.85 0
vt 0.25 66.85 0
vt -0.25 66.9 0
vt 0.25 66.9 0
vt -0.25 66.95 0
vt 0.25 66.95 0
vt -0.25 67 0
vt 0.25 67 0
vt -0.25 67.05 0
vt 0.25 67.05 0
vt -0.25 67.1 0
vt 0.25 67.1 0
vt -0.25 67.15 0
vt 0.25 67.15 0
vt -0.25 67.2 0
vt 0.25 67.2 0
vt -0.25 67.25 0
vt 0.25 67.25 0
vt -0.25 67.3 0
vt 0.25 67.3 0
vt -0.25 67.35 0
vt 0.25 67.35 0
vt -0.25 67.4 0
vt 0.25 67.4 0
vt -0.25 67.45 0
vt 0.25 67.45 0
vt -0.25 67.5 0
vt 0.25 67.5 0
vt -0.25 67.55 0
vt 0.25 67.55 0
vt -0.25 67.6 0
vt 0.25 67.6 0
vt -0.25 67.65 0
vt 0.25 67.65 0
vt -0.25 67.7 0
vt 0.25 67.7 0
vt -0.25 67.75 0
vt 0.25 67.75 0
vt -0.25 67.8 0
vt 0.25 67.8 0
vt -0.25 67.85 0
vt 0.25 67.85 0
vt -0.25 67.9 0
vt 0.25 67.9 0
vt -0.25 67.95 0
vt 0.25 67.95 0
vt -0.25 68 0
vt 0.25 68 0
vt -0.25 68.05 0
vt 0.25 68.05 0
vt -0.25 68.1 0
vt 0.25 68.1 0
vt -0.25 68.15 0
vt 0.25 68.15 0
vt -0.25 68.2 0
vt 0.25 68.2 0
vt -0.25 68.25 0
vt 0.25 68.25 0
vt -0.25 68.3 0
vt 0.25 68.3 0
vt -0.25 68.35 0
vt 0.25 68.35 0
vt -0.25 68.4 0
vt 0.25 68.4 0
vt -0.25 68.45 0
vt 0.25 68.45 0
vt -0.25 68.5 0
vt 0.25 68.5 0
vt -0.25 68.55 0
vt 0.25 68.55 0
vt -0.25 68.6 0
vt 0.25 68.6 0
vt -0.25 68.65 0
vt 0.25 68.65 0
vt -0.25 68.7 0
vt 0.25 68.7 0
vt -0.25 68.75 0
vt 0.25 68.75 0
vt -0.25 68.8 0
vt 0.25 68.8 0
vt -0.25 68.85 0
vt 0.25 68.85 0
vt -0.25 68.9 0
vt 0.25 68.9 0
vt -0.25 68.95 0
vt 0.25 68.95 0
vt -0.25 69 0
vt 0.25 69 0
vt -0.25 69.05 0
vt 0.25 69.05 0
vt -0.25 69.1 0
vt 0.25 69.1 0
vt -0.25 69.15 0
vt 0.25 69.15 0
vt -0.25 69.2 0
vt 0.25 69.2 0
vt -0.25 69.25 0
vt 0.25 69.25 0
vt -0.25 69.3 0
vt 0.25 69.3 0
vt -0.25 69.35 0
vt 0.25 69.35 0
vt -0.25 69.4 0
vt 0.25 69.4 0
vt -0.25 69.45 0
vt 0.25 69.45 0
vt -0.25 69.5 0
vt 0.25 69.5 0
vt -0.25 69.55 0
vt 0.25 69.55 0
vt -0.25 69.6 0
vt 0.25 69.6 0
vt -0.25 69.65 0
vt 0.25 69.65 0
vt -0.25 69.7 0
vt 0.25 69.7 0
vt -0.25 69.75 0
vt 0.25 69.75 0
vt -0.25 69.8 0
vt 0.25 69.8 0
vt -0.25 69.85 0
vt 0.25 69.85 0
vt -0.25 69.9 0
vt 0.25 69.9 0
vt -0.25 69.95 0
vt 0.25 69.95 0
vt -0.25 70 0
vt 0.25 70 0
vt -0.25 70.05 0
vt 0.25 70.05 0
vt -0.25 70.1 0
vt 0.25 70.1 0
vt -0.25 70.15 0
vt 0.25 70.15 0
vt -0.25 70.2 0
vt 0.25 70.2 0
vt -0.25 70.25 0
vt 0.25 70.25 0
vt -0.25 70.3 0
vt 0.25 70.3 0
vt -0.25 70.35 0
vt 0.25 70.35 0
vt -0.25 70.4 0
vt 0.25 70.4 0
vt -0.25 70.45 0
vt 0.25 70.45 0
vt -0.25 70.5 0
vt 0.25 70.5 0
vt -0.25 70.55 0
vt 0.25 70.55 0
vt -0.25 70.6 0
vt 0.25 70.6 0
vt -0.25 70.65 0
vt 0.25 70.65 0
vt -0.25 70.7 0
vt 0.25 70.7 0
vt -0.25 70.75 0
vt 0.25 70.75 0
vt -0.25 70.8 0
vt 0.25 70.8 0
vt -0.25 70.85 0
vt 0.25 70.85 0
vt -0.25 70.9 0
vt 0.25 70.9 0
vt -0.25 70.95 0
vt 0.25 70.95 0
vt -0.25 71 0
vt 0.25 71 0
vt -0.25 71.05 0
vt 0.25 71.05 0
vt -0.25 71.1 0
vt 0.25 71.1 0
vt -0.25 71.15 0
vt 0.25 71.15 0
vt -0.25 71.2 0
vt 0.25 71.2 0
vt -0.25 71.25 0
vt 0.25 71.25 0
vt -0.25 71.3 0
vt 0.25 71.3 0
vt -0.25 71.35 0
vt 0.25 71.35 0
vt -0.25 71.4 0
vt 0.25 71.4 0
vt -0.25 71.45 0
vt 0.25 71.45 0
vt -0.25 71.5 0
vt 0.25 71.5 0
vt -0.25 71.55 0
vt 0.25 71.55 0
vt -0.25 71.6 0
vt 0.25 71.6 0
vt -0.25 71.65 0
vt 0.25 71.65 0
vt -0.25 71.7 0
vt 0.25 71.7 0
vt -0.25 71.75 0
vt 0.25 71.75 0
vt -0.25 71.8 0
vt 0.25 71.8 0
vt -0.25 71.85 0
vt 0.25 71.85 0
vt -0.25 71.9 0
vt 0.25 71.9 0
vt -0.25 71.95 0
vt 0.25 71.95 0
vt -0.25 72 0
vt 0.25 72 0
vt -0.25 72.05 0
vt 0.25 72.05 0
vt -0.25 72.1 0
vt 0.25 72.1 0
vt -0.25 72.15 0
vt 0.25 72.15 0
vt -0.25 72.2 0
vt 0.25 72.2 0
vt -0.25 72.25 0
vt 0.25 72.25 0
vt -0.25 72.3 0
vt 0.25 72.3 0
vt -0.25 72.35 0
vt 0.25 72.35 0
vt -0.25 72.4 0
vt 0.25 72.4 0
vt -0.25 72.45 0
vt 0.25 72.45 0
vt -0.25 72.5 0
vt 0.25 72.5 0
vt -0.25 72.55 0
vt 0.25 72.55 0
vt -0.25 72.6 0
vt 0.25 72.6 0
vt -0.25 72.65 0
vt 0.25 72.65 0
vt -0.25 72.7 0
vt 0.25 72.7 0
vt -0.25 72.75 0
vt 0.25 72.75 0
vt -0.25 72.8 0
vt 0.25 72.8 0
vt -0.25 72.85 0
vt 0.25 72.85 0
vt -0.25 72.9 0
vt 0.25 72.9 0
vt -0.25 72.95 0
vt 0.25 72.95 0
vt -0.25 73 0
vt 0.25 73 0
vt -0.25 73.05 0
vt 0.25 73.05 0
vt -0.25 73.1 0
vt 0.25 73.1 0
vt -0.25 73.15 0
vt 0.25 73.15 0
vt -0.25 73.2 0
vt 0.25 73.2 0
vt -0.25 73.25 0
vt 0.25 73.25 0
vt -0.25 73.3 0
vt 0.25 73.3 0
vt -0.25 73.35 0
vt 0.25 73.35 0
vt -0.25 73.4 0
vt 0.25 73.4 0
vt -0.25 73.45 0
vt 0.25 73.45 0
vt -0.25 73.5 0
vt 0.25 73.5 0
vt -0.25 73.55 0
vt 0.25 73.55 0
vt -0.25 73.6 0
vt 0.25 73.6 0
vt -0.25 73.65 0
vt 0.25 73.65 0
vt -0.25 73.7 0
vt 0.25 73.7 0
vt -0.25 73.75 0
vt 0.25 73.75 0
vt -0.25 73.8 0
vt 0.25 73.8 0
vt -0.25 73.85 0
vt 0.25 73.85 0
vt -0.25 73.9 0
vt 0.25 73.9 0
vt -0.25 73.95 0
vt 0.25 73.95 0
vt -0.25 74 0
vt 0.25 74 0
vt -0.25 74.05 0
vt 0.25 74.05 0
vt -0.25 74.1 0
vt 0.25 74.1 0
vt -0.25 74.15 0
vt 0.25 74.15 0
vt -0.25 74.2 0
vt 0.25 74.2 0
vt -0.25 74.25 0
vt 0.25 74.25 0
vt -0.25 74.3 0
vt 0.25 74.3 0
vt -0.25 74.35 0
vt 0.25 74.35 0
vt -0.25 74.4 0
vt 0.25 74.4 0
vt -0.25 74.45 0
vt 0.25 74.45 0
vt -0.25 74.5 0
vt 0.25 74.5 0
vt -0.25 74.55 0
vt 0.25 74.55 0
vt -0.25 74.6 0
vt 0.25 74.6 0
vt -0.25 74.65 0
vt 0.25 74.65 0
vt -0.25 74.7 0
vt 0.25 74.7 0
vt -0.25 74.75 0
vt 0.25 74.75 0
vt -0.25 74.8 0
vt 0.25 74.8 0
vt -0.25 74.85 0
vt 0.25 74.85 0
vt -0.25 74.9 0
vt 0.25 74.9 0
vt -0.25 74.95 0
vt 0.25 74.95 0
vt -0.25 75 0
vt 0.25 75 0
vt -0.25 75.05 0
vt 0.25 75.05 0
vt -0.25 75.1 0
vt 0.25 75.1 0
vt -0.25 75.15 0
vt 0.25 75.15 0
vt -0.25 75.2 0
vt 0.25 75.2 0
vt -0.25 75.25 0
vt 0.25 75.25 0
vt -0.25 75.3 0
vt 0.25 75.3 0
vt -0.25 75.35 0
vt 0.25 75.35 0
vt -0.25 75.4 0
vt 0.25 75.4 0
vt -0.25 75.45 0
vt 0.25 75.45 0
vt -0.25 75.5 0
vt 0.25 75.5 0
vt -0.25 75.55 0
vt 0.25 75.55 0
vt -0.25 75.6 0
vt 0.25 75.6 0
vt -0.25 75.65 0
vt 0.25 75.65 0
vt -0.25 75.7 0
vt 0.25 75.7 0
vt -0.25 75.75 0
vt 0.25 75.75 0
vt -0.25 75.8 0
vt 0.25 75.8 0
vt -0.25 75.85 0
vt 0.25 75.85 0
vt -0.25 75.9 0
vt 0.25 75.9 0
vt -0.25 75.95 0
vt 0.25 75.95 0
vt -0.25 76 0
vt 0.25 76 0
vt -0.25 76.05 0
vt 0.25 76.05 0
vt -0.25 76.1 0
vt 0.25 76.1 0
vt -0.25 76.15 0
vt 0.25 76.15 0
vt -0.25 76.2 0
vt 0.25 76.2 0
vt -0.25 76.25 0
vt 0.25 76.25 0
vt -0.25 76.3 0
vt 0.25 76.3 0
vt -0.25 76.35 0
vt 0.25 76.35 0
vt -0.25 76.4 0
vt 0.25 76.4 0
vt -0.25 76.45 0
vt 0.25 76.45 0
vt -0.25 76.5 0
vt 0.25 76.5 0
vt -0.25 76.55 0
vt 0.25 76.55 0
vt -0.25 76.6 0
vt 0.25 76.6 0
vt -0.25 76.65 0
vt 0.25 76.65 0
vt -0.25 76.7 0
vt 0.25 76.7 0
vt -0.25 76.75 0
vt 0.25 76.75 0
vt -0.25 76.8 0
vt 0.25 76.8 0
vt -0.25 76.85 0
vt 0.25 76.85 0
vt -0.25 76.9 0
vt 0.25 76.9 0
vt -0.25 76.95 0
vt 0.25 76.95 0
vt -0.25 77 0
vt 0.25 77 0
vt -0.25 77.05 0
vt 0.25 77.05 0
vt -0.25 77.1 0
vt 0.25 77.1 0
vt -0.25 77.15 0
vt 0.25 77.15 0
vt -0.25 77.2 0
vt 0.25 77.2 0
vt -0.25 77.25 0
vt 0.25 77.25 0
vt -0.25 77.3 0
vt 0.25 77.3 0
vt -0.25 77.35 0
vt 0.25 77.35 0
vt -0.25 77.4 0
vt 0.25 77.4 0
vt -0.25 77.45 0
vt 0.25 77.45 0
vt -0.25 77.5 0
vt 0.25 77.5 0
vt -0.25 77.55 0
vt 0.25 77.55 0
vt -0.25 77.6 0
vt 0.25 77.6 0
vt -0.25 77.65 0
vt 0.25 77.65 0
vt -0.25 77.7 0
vt 0.25 77.7 0
vt -0.25 77.75 0
vt 0.25 77.75 0
vt -0.25 77.8 0
vt 0.25 77.8 0
vt -0.25 77.85 0
vt 0.25 77.85 0
vt -0.25 77.9 0
vt 0.25 77.9 0
vt -0.25 77.95 0
vt 0.25 77.95 0
vt -0.25 78 0
vt 0.25 78 0
vt -0.25 78.05 0
vt 0.25 78.05 0
vt -0.25 78.1 0
vt 0.25 78.1 0
vt -0.25 78.15 0
vt 0.25 78.15 0
vt -0.25 78.2 0
vt 0.25 78.2 0
vt -0.25 78.25 0
vt 0.25 78.25 0
vt -0.25 78.3 0
vt 0.25 78.3 0
vt -0.25 78.35 0
vt 0.25 78.35 0
vt -0.25 78.4 0
vt 0.25 78.4 0
vt -0.25 78.45 0
vt 0.25 78.45 0
vt -0.25 78.5 0
vt 0.25 78.5 0
vt -0.25 78.55 0
vt 0.25 78.55 0
vt -0.25 78.6 0
vt 0.25 78.6 0
vt -0.25 78.65 0
vt 0.25 78.65 0
vt -0.25 78.7 0
vt 0.25 78.7 0
vt -0.25 78.75 0
vt 0.25 78.75 0
vt -0.25 78.8 0
vt 0.25 78.8 0
vt -0.25 78.85 0
vt 0.25 78.85 0
vt -0.25 78.9 0
vt 0.25 78.9 0
vt -0.25 78.95 0
vt 0.25 78.95 0
vt -0.25 79 0
vt 0.25 79 0
vt -0.25 79.05 0
vt 0.25 79.05 0
vt -0.25 79.1 0
vt 0.25 79.1 0
vt -0.25 79.15 0
vt 0.25 79.15 0
vt -0.25 79.2 0
vt 0.25 79.2 0
vt -0.25 79.25 0
vt 0.25 79.25 0
vt -0.25 79.3 0
vt 0.25 79.3 0
vt -0.25 79.35 0
vt 0.25 79.35 0
vt -0.25 79.4 0
vt 0.25 79.4 0
vt -0.25 79.45 0
vt 0.25 79.45 0
vt -0.25 79.5 0
vt 0.25 79.5 0
vt -0.25 79.55 0
vt 0.25 79.55 0
vt -0.25 79.6 0
vt 0.25 79.6 0
vt -0.25 79.65 0
vt 0.25 79.65 0
vt -0.25 79.7 0
vt 0.25 79.7 0
vt -0.25 79.75 0
vt 0.25 79.75 0
vt -0.25 79.8 0
vt 0.25 79.8 0
vt -0.25 79.85 0
vt 0.25 79.85 0
vt -0.25 79.9 0
vt 0.25 79.9 0
vt -0.25 79.95 0
vt 0.25 79.95 0
vt -0.25 80 0
vt 0.25 80 0
vt -0.25 80.05 0
vt 0.25 80.05 0
vt -0.25 80.1 0
vt 0.25 80.1 0
vt -0.25 80.15 0
vt 0.25 80.15 0
vt -0.25 80.2 0
vt 0.25 80.2 0
vt -0.25 80.25 0
vt 0.25 80.25 0
vt -0.25 80.3 0
vt 0.25 80.3 0
vt -0.25 80.35 0
vt 0.25 80.35 0
vt -0.25 80.4 0
vt 0.25 80.4 0
vt -0.25 80.45 0
vt 0.25 80.45 0
vt -0.25 80.5 0
vt 0.25 80.5 0
vt -0.25 80.55 0
vt 0.25 80.55 0
vt -0.25 80.6 0
vt 0.25 80.6 0
vt -0.25 80.65 0
vt 0.25 80.65 0
vt -0.25 80.7 0
vt 0.25 80.7 0
vt -0.25 80.75 0
vt 0.25 80.75 0
vt -0.25 80.8 0
vt 0.25 80.8 0
vt -0.25 80.85 0
vt 0.25 80.85 0
vt -0.25 80.9 0
vt 0.25 80.9 0
vt -0.25 80.95 0
vt 0.25 80.95 0
vt -0.25 81 0
vt 0.25 81 0
vt -0.25 81.05 0
vt 0.25 81.05 0
vt -0.25 81.1 0
vt 0.25 81.1 0
vt -0.25 81.15 0
vt 0.25 81.15 0
vt -0.25 81.2 0
vt 0.25 81.2 0
vt -0.25 81.25 0
vt 0.25 81.25 0
vt -0.25 81.3 0
vt 0.25 81.3 0
vt -0.25 81.35 0
vt 0.25 81.35 0
vt -0.25 81.4 0
vt 0.25 81.4 0
vt -0.25 81.45 0
vt 0.25 81.45 0
vt -0.25 81.5 0
vt 0.25 81.5 0
vt -0.25 81.55 0
vt 0.25 81.55 0
vt -0.25 81.6 0
vt 0.25 81.6 0
vt -0.25 81.65 0
vt 0.25 81.65 0
vt -0.25 81.7 0
vt 0.25 81.7 0
vt -0.25 81.75 0
vt 0.25 81.75 0
vt -0.25 81.8 0
vt 0.25 81.8 0
vt -0.25 81.85 0
vt 0.25 81.85 0
vt -0.25 81.9 0
vt 0.25 81.9 0
vt -0.25 81.95 0
vt 0.25 81.95 0
vt -0.25 82 0
vt 0.25 82 0
vt -0.25 82.05 0
vt 0.25 82.05 0
vt -0.25 82.1 0
vt 0.25 82.1 0
vt -0.25 82.15 0
vt 0.25 82.15 0
vt -0.25 82.2 0
vt 0.25 82.2 0
vt -0.25 82.25 0
vt 0.25 82.25 0
vt -0.25 82.3 0
vt 0.25 82.3 0
vt -0.25 82.35 0
vt 0.25 82.35 0
vt -0.25 82.4 0
vt 0.25 82.4 0
vt -0.25 82.45 0
vt 0.25 82.45 0
vt -0.25 82.5 0
vt 0.25 82.5 0
vt -0.25 82.55 0
vt 0.25 82.55 0
vt -0.25 82.6 0
vt 0.25 82.6 0
vt -0.25 82.65 0
vt 0.25 82.65 0
vt -0.25 82.7 0
vt 0.25 82.7 0
vt -0.25 82.75 0
vt 0.25 82.75 0
vt -0.25 82.8 0
vt 0.25 82.8 0
vt -0.25 82.85 0
vt 0.25 82.85 0
vt -0.25 82.9 0
vt 0.25 82.9 0
vt -0.25 82.95 0
vt 0.25 82.95 0
vt -0.25 83 0
vt 0.25 83 0
vt -0.25 83.05 0
vt 0.25 83.05 0
vt -0.25 83.1 0
vt 0.25 83.1 0
vt -0.25 83.15 0
vt 0.25 83.15 0
vt -0.25 83.2 0
vt 0.25 83.2 0
vt -0.25 83.25 0
vt 0.25 83.25 0
vt -0.25 83.3 0
vt 0.25 83.3 0
vt -0.25 83.35 0
vt 0.25 83.35 0
vt -0.25 83.4 0
vt 0.25 83.4 0
vt -0.25 83.45 0
vt 0.25 83.45 0
vt -0.25 83.5 0
vt 0.25 83.5 0
vt -0.25 83.55 0
vt 0.25 83.55 0
vt -0.25 83.6 0
vt 0.25 83.6 0
vt -0.25 83.65 0
vt 0.25 83.65 0
vt -0.25 83.7 0
vt 0.25 83.7 0
vt -0.25 83.75 0
vt 0.25 83.75 0
vt -0.25 83.8 0
vt 0.25 83.8 0
vt -0.25 83.85 0
vt 0.25 83.85 0
vt -0.25 83.9 0
vt 0.25 83.9 0
vt -0.25 83.95 0
vt 0.25 83.95 0
vt -0.25 84 0
vt 0.25 84 0
vt -0.25 84.05 0
vt 0.25 84.05 0
vt -0.25 84.1 0
vt 0.25 84.1 0
vt -0.25 84.15 0
vt 0.25 84.15 0
vt -0.25 84.2 0
vt 0.25 84.2 0
vt -0.25 84.25 0
vt 0.25 84.25 0
vt -0.25 84.3 0
vt 0.25 84.3 0
vt -0.25 84.35 0
vt 0.25 84.35 0
vt -0.25 84.4 0
vt 0.25 84.4 0
vt -0.25 84.45 0
vt 0.25 84.45 0
vt -0.25 84.5 0
vt 0.25 84.5 0
vt -0.25 84.55 0
vt 0.25 84.55 0
vt -0.25 84.6 0
vt 0.25 84.6 0
vt -0.25 84.65 0
vt 0.25 84.65 0
vt -0.25 84.7 0
vt 0.25 84.7 0
vt -0.25 84.75 0
vt 0.25 84.75 0
vt -0.25 84.8 0
vt 0.25 84.8 0
vt -0.25 84.85 0
vt 0.25 84.85 0
vt -0.25 84.9 0
vt 0.25 84.9 0
vt -0.25 84.95 0
vt 0.25 84.95 0
vt -0.25 85 0
vt 0.25 85 0
vt -0.25 85.05 0
vt 0.25 85.05 0
vt -0.25 85.1 0
vt 0.25 85.1 0
vt -0.25 85.15 0
vt 0.25 85.15 0
vt -0.25 85.2 0
vt 0.25 85.2 0
vt -0.25 85.25 0
vt 0.25 85.25 0
vt -0.25 85.3 0
vt 0.25 85.3 0
vt -0.25 85.35 0
vt 0.25 85.35 0
vt -0.25 85.4 0
vt 0.25 85.4 0
vt -0.25 85.45 0
vt 0.25 85.45 0
vt -0.25 85.5 0
vt 0.25 85.5 0
vt -0.25 85.55 0
vt 0.25 85.55 0
vt -0.25 85.6 0
vt 0.25 85.6 0
vt -0.25 85.65 0
vt 0.25 85.65 0
vt -0.25 85.7 0
vt 0.25 85.7 0
vt -0.25 85.75 0
vt 0.25 85.75 0
vt -0.25 85.8 0
vt 0.25 85.8 0
vt -0.25 85.85 0
vt 0.25 85.85 0
vt -0.25 85.9 0
vt 0.25 85.9 0
vt -0.25 85.95 0
vt 0.25 85.95 0
vt -0.25 86 0
vt 0.25 86 0
vt -0.25 86.05 0
vt 0.25 86.05 0
vt -0.25 86.1 0
vt 0.25 86.1 0
vt -0.25 86.15 0
vt 0.25 86.15 0
vt -0.25 86.2 0
vt 0.25 86.2 0
vt -0.25 86.25 0
vt 0.25 86.25 0
vt -0.25 86.3 0
vt 0.25 86.3 0
vt -0.25 86.35 0
vt 0.25 86.35 0
vt -0.25 86.4 0
vt 0.25 86.4 0
vt -0.25 86.45 0
vt 0.25 86.45 0
vt -0.25 86.5 0
vt 0.25 86.5 0
vt -0.25 86.55 0
vt 0.25 86.55 0
vt -0.25 86.6 0
vt 0.25 86.6 0
vt -0.25 86.65 0
vt 0.25 86.65 0
vt -0.25 86.7 0
vt 0.25 86.7 0
vt -0.25 86.75 0
vt 0.25 86.75 0
vt -0.25 86.8 0
vt 0.25 86.8 0
vt -0.25 86.85 0
vt 0.25 86.85 0
vt -0.25 86.9 0
vt 0.25 86.9 0
vt -0.25 86.95 0
vt 0.25 86.95 0
vt -0.25 87 0
vt 0.25 87 0
vt -0.25 87.05 0
vt 0.25 87.05 0
vt -0.25 87.1 0
vt 0.25 87.1 0
vt -0.25 87.15 0
vt 0.25 87.15 0
vt -0.25 87.2 0
vt 0.25 87.2 0
vt -0.25 87.25 0
vt 0.25 87.25 0
vt -0.25 87.3 0
vt 0.25 87.3 0
vt -0.25 87.35 0
vt 0.25 87.35 0
vt -0.25 87.4 0
vt 0.25 87.4 0
vt -0.25 87.45 0
vt 0.25 87.45 0
vt -0.25 87.5 0
vt 0.25 87.5 0
vt -0.25 87.55 0
vt 0.25 87.55 0
vt -0.25 87.6 0
vt 0.25 87.6 0
vt -0.25 87.65 0
vt 0.25 87.65 0
vt -0.25 87.7 0
vt 0.25 87.7 0
vt -0.25 87.75 0
vt 0.25 87.75 0
vt -0.25 87.8 0
vt 0.25 87.8 0
vt -0.25 87.85 0
vt 0.25 87.85 0
vt -0.25 87.9 0
vt 0.25 87.9 0
vt -0.25 87.95 0
vt 0.25 87.95 0
vt -0.25 88 0
vt 0.25 88 0
vt -0.25 88.05 0
vt 0.25 88.05 0
vt -0.25 88.1 0
vt 0.25 88.1 0
vt -0.25 88.15 0
vt 0.25 88.15 0
vt -0.25 88.2 0
vt 0.25 88.2 0
vt -0.25 88.25 0
vt 0.25 88.25 0
vt -0.25 88.3 0
vt 0.25 88.3 0
vt -0.25 88.35 0
vt 0.25 88.35 0
vt -0.25 88.4 0
vt 0.25 88.4 0
vt -0.25 88.45 0
vt 0.25 88.45 0
vt -0.25 88.5 0
vt 0.25 88.5 0
vt -0.25 88.55 0
vt 0.25 88.55 0
vt -0.25 88.6 0
vt 0.25 88.6 0
vt -0.25 88.65 0
vt 0.25 88.65 0
vt -0.25 88.7 0
vt 0.25 88.7 0
vt -0.25 88.75 0
vt 0.25 88.75 0
vt -0.25 88.8 0
vt 0.25 88.8 0
vt -0.25 88.85 0
vt 0.25 88.85 0
vt -0.25 88.9 0
vt 0.25 88.9 0
vt -0.25 88.95 0
vt 0.25 88.95 0
vt -0.25 89 0
vt 0.25 89 0
vt -0.25 89.05 0
vt 0.25 89.05 0
vt -0.25 89.1 0
vt 0.25 89.1 0
vt -0.25 89.15 0
vt 0.25 89.15 0
vt -0.25 89.2 0
vt 0.25 89.2 0
vt -0.25 89.25 0
vt 0.25 89.25 0
vt -0.25 89.3 0
vt 0.25 89.3 0
vt -0.25 89.35 0
vt 0.25 89.35 0
vt -0.25 89.4 0
vt 0.25 89.4 0
vt -0.25 89.45 0
vt 0.25 89.45 0
vt -0.25 89.5 0
vt 0.25 89.5 0
vt -0.25 89.55 0
vt 0.25 89.55 0
vt -0.25 89.6 0
vt 0.25 89.6 0
vt -0.25 89.65 0
vt 0.25 89.65 0
vt -0.25 89.7 0
vt 0.25 89.7 0
vt -0.25 89.75 0
vt 0.25 89.75 0
vt -0.25 89.8 0
vt 0.25 89.8 0
vt -0.25 89.85 0
vt 0.25 89.85 0
vt -0.25 89.9 0
vt 0.25 89.9 0
vt -0.25 89.95 0
vt 0.25 89.95 0
vt -0.25 90 0
vt 0.25 90 0
vt -0.25 90.05 0
vt 0.25 90.05 0
vt -0.25 90.1 0
vt 0.25 90.1 0
vt -0.25 90.15 0
vt 0.25 90.15 0
vt -0.25 90.2 0
vt 0.25 90.2 0
vt -0.25 90.25 0
vt 0.25 90.25 0
vt -0.25 90.3 0
vt 0.25 90.3 0
vt -0.25 90.35 0
vt 0.25 90.35 0
vt -0.25 90.4 0
vt 0.25 90.4 0
vt -0.25 90.45 0
vt 0.25 90.45 0
vt -0.25 90.5 0
vt 0.25 90.5 0
vt -0.25 90.55 0
vt 0.25 90.55 0
vt -0.25 90.6 0
vt 0.25 90.6 0
vt -0.25 90.65 0
vt 0.25 90.65 0
vt -0.25 90.7 0
vt 0.25 90.7 0
vt -0.25 90.75 0
vt 0.25 90.75 0
vt -0.25 90.8 0
vt 0.25 90.8 0
vt -0.25 90.85 0
vt 0.25 90.85 0
vt -0.25 90.9 0
vt 0.25 90.9 0
vt -0.25 90.95 0
vt 0.25 90.95 0
vt -0.25 91 0
vt 0.25 91 0
vt -0.25 91.05 0
vt 0.25 91.05 0
vt -0.25 91.1 0
vt 0.25 91.1 0
vt -0.25 91.15 0
vt 0.25 91.15 0
vt -0.25 91.2 0
vt 0.25 91.2 0
vt -0.25 91.25 0
vt 0.25 91.25 0
vt -0.25 91.3 0
vt 0.25 91.3 0
vt -0.25 91.35 0
vt 0.25 91.35 0
vt -0.25 91.4 0
vt 0.25 91.4 0
vt -0.25 91.45 0
vt 0.25 91.45 0
vt -0.25 91.5 0
vt 0.25 91.5 0
vt -0.25 91.55 0
vt 0.25 91.55 0
vt -0.25 91.6 0
vt 0.25 91.6 0
vt -0.25 91.65 0
vt 0.25 91.65 0
vt -0.25 91.7 0
vt 0.25 91.7 0
vt -0.25 91.75 0
vt 0.25 91.75 0
vt -0.25 91.8 0
vt 0.25 91.8 0
vt -0.25 91.85 0
vt 0.25 91.85 0
vt -0.25 91.9 0
vt 0.25 91.9 0
vt -0.25 91.95 0
vt 0.25 91.95 0
vt -0.25 92 0
vt 0.25 92 0
vt -0.25 92.05 0
vt 0.25 92.05 0
vt -0.25 92.1 0
vt 0.25 92.1 0
vt -0.25 92.15 0
vt 0.25 92.15 0
vt -0.25 92.2 0
vt 0.25 92.2 0
vt -0.25 92.25 0
vt 0.25 92.25 0
vt -0.25 92.3 0
vt 0.25 92.3 0
vt -0.25 92.35 0
vt 0.25 92.35 0
vt -0.25 92.4 0
vt 0.25 92.4 0
vt -0.25 92.45 0
vt 0.25 92.45 0
vt -0.25 92.5 0
vt 0.25 92.5 0
vt -0.25 92.55 0
vt 0.25 92.55 0
vt -0.25 92.6 0
vt 0.25 92.6 0
vt -0.25 92.65 0
vt 0.25 92.65 0
vt -0.25 92.7 0
vt 0.25 92.7 0
vt -0.25 92.75 0
vt 0.25 92.75 0
vt -0.25 92.8 0
vt 0.25 92.8 0
vt -0.25 92.85 0
vt 0.25 92.85 0
vt -0.25 92.9 0
vt 0.25 92.9 0
vt -0.25 92.95 0
vt 0.25 92.95 0
vt -0.25 93 0
vt 0.25 93 0
vt -0.25 93.05 0
vt 0.25 93.05 0
vt -0.25 93.1 0
vt 0.25 93.1 0
vt -0.25 93.15 0
vt 0.25 93.15 0
vt -0.25 93.2 0
vt 0.25 93.2 0
vt -0.25 93.25 0
vt 0.25 93.25 0
vt -0.25 93.3 0
vt 0.25 93.3 0
vt -0.25 93.35 0
vt 0.25 93.35 0
vt -0.25 93.4 0
vt 0.25 93.4 0
vt -0.25 93.45 0
vt 0.25 93.45 0
vt -0.25 93.5 0
vt 0.25 93.5 0
vt -0.25 93.55 0
vt 0.25 93.55 0
vt -0.25 93.6 0
vt 0.25 93.6 0
vt -0.25 93.65 0
vt 0.25 93.65 0
vt -0.25 93.7 0
vt 0.25 93.7 0
vt -0.25 93.75 0
vt 0.25 93.75 0
vt -0.25 93.8 0
vt 0.25 93.8 0
vt -0.25 93.85 0
vt 0.25 93.85 0
vt -0.25 93.9 0
vt 0.25 93.9 0
vt -0.25 93.95 0
vt 0.25 93.95 0
vt -0.25 94 0
vt 0.25 94 0
vt -0.25 94.05 0
vt 0.25 94.05 0
vt -0.25 94.1 0
vt 0.25 94.1 0
vt -0.25 94.15 0
vt 0.25 94.15 0
vt -0.25 94.2 0
vt 0.25 94.2 0
vt -0.25 94.25 0
vt 0.25 94.25 0
vt -0.25 94.3 0
vt 0.25 94.3 0
vt -0.25 94.35 0
vt 0.25 94.35 0
vt -0.25 94.4 0
vt 0.25 94.4 0
vt -0.25 94.45 0
vt 0.25 94.45 0
vt -0.25 94.5 0
vt 0.25 94.5 0
vt -0.25 94.55 0
vt 0.25 94.55 0
vt -0.25 94.6 0
vt 0.25 94.6 0
vt -0.25 94.65 0
vt 0.25 94.65 0
vt -0.25 94.7 0
vt 0.25 94.7 0
vt -0.25 94.75 0
vt 0.25 94.75 0
vt -0.25 94.8 0
vt 0.25 94.8 0
vt -0.25 94.85 0
vt 0.25 94.85 0
vt -0.25 94.9 0
vt 0.25 94.9 0
vt -0.25 94.95 0
vt 0.25 94.95 0
vt -0.25 95 0
vt 0.25 95 0
vt -0.25 95.05 0
vt 0.25 95.05 0
vt -0.25 95.1 0
vt 0.25 95.1 0
vt -0.25 95.15 0
vt 0.25 95.15 0
vt -0.25 95.2 0
vt 0.25 95.2 0
vt -0.25 95.25 0
vt 0.25 95.25 0
vt -0.25 95.3 0
vt 0.25 95.3 0
vt -0.25 95.35 0
vt 0.25 95.35 0
vt -0.25 95.4 0
vt 0.25 95.4 0
vt -0.25 95.45 0
vt 0.25 95.45 0
vt -0.25 95.5 0
vt 0.25 95.5 0
vt -0.25 95.55 0
vt 0.25 95.55 0
vt -0.25 95.6 0
vt 0.25 95.6 0
vt -0.25 95.65 0
vt 0.25 95.65 0
vt -0.25 95.7 0
vt 0.25 95.7 0
vt -0.25 95.75 0
vt 0.25 95.75 0
vt -0.25 95.8 0
vt 0.25 95.8 0
vt -0.25 95.85 0
vt 0.25 95.85 0
vt -0.25 95.9 0
vt 0.25 95.9 0
vt -0.25 95.95 0
vt 0.25 95.95 0
vt -0.25 96 0
vt 0.25 96 0
vt -0.25 96.05 0
vt 0.25 96.05 0
vt -0.25 96.1 0
vt 0.25 96.1 0
vt -0.25 96.15 0
vt 0.25 96.15 0
vt -0.25 96.2 0
vt 0.25 96.2 0
vt -0.25 96.25 0
vt 0.25 96.25 0
vt -0.25 96.3 0
vt 0.25 96.3 0
vt -0.25 96.35 0
vt 0.25 96.35 0
vt -0.25 96.4 0
vt 0.25 96.4 0
vt -0.25 96.45 0
vt 0.25 96.45 0
vt -0.25 96.5 0
vt 0.25 96.5 0
vt -0.25 96.55 0
vt 0.25 96.55 0
vt -0.25 96.6 0
vt 0.25 96.6 0
vt -0.25 96.65 0
vt 0.25 96.65 0
vt -0.25 96.7 0
vt 0.25 96.7 0
vt -0.25 96.75 0
vt 0.25 96.75 0
vt -0.25 96.8 0
vt 0.25 96.8 0
vt -0.25 96.85 0
vt 0.25 96.85 0
vt -0.25 96.9 0
vt 0.25 96.9 0
vt -0.25 96.95 0
vt 0.25 96.95 0
vt -0.25 97 0
vt 0.25 97 0
vt -0.25 97.05 0
vt 0.25 97.05 0
vt -0.25 97.1 0
vt 0.25 97.1 0
vt -0.25 97.15 0
vt 0.25 97.15 0
vt -0.25 97.2 0
vt 0.25 97.2 0
vt -0.25 97.25 0
vt 0.25 97.25 0
vt -0.25 97.3 0
vt 0.25 97.3 0
vt -0.25 97.35 0
vt 0.25 97.35 0
vt -0.25 97.4 0
vt 0.25 97.4 0
vt -0.25 97.45 0
vt 0.25 97.45 0
vt -0.25 97.5 0
vt 0.25 97.5 0
vt -0.25 97.55 0
vt 0.25 97.55 0
vt -0.25 97.6 0
vt 0.25 97.6 0
vt -0.25 97.65 0
vt 0.25 97.65 0
vt -0.25 97.7 0
vt 0.25 97.7 0
vt -0.25 97.75 0
vt 0.25 97.75 0
vt -0.25 97.8 0
vt 0.25 97.8 0
vt -0.25 97.85 0
vt 0.25 97.85 0
vt -0.25 97.9 0
vt 0.25 97.9 0
vt -0.25 97.95 0
vt 0.25 97.95 0
vt -0.25 98 0
vt 0.25 98 0
vt -0.25 98.05 0
vt 0.25 98.05 0
vt -0.25 98.1 0
vt 0.25 98.1 0
vt -0.25 98.15 0
vt 0.25 98.15 0
vt -0.25 98.2 0
vt 0.25 98.2 0
vt -0.25 98.25 0
vt 0.25 98.25 0
vt -0.25 98.3 0
vt 0.25 98.3 0
vt -0.25 98.35 0
vt 0.25 98.35 0
vt -0.25 98.4 0
vt 0.25 98.4 0
vt -0.25 98.45 0
vt 0.25 98.45 0
vt -0.25 98.5 0
vt 0.25 98.5 0
vt -0.25 98.55 0
vt 0.25 98.55 0
vt -0.25 98.6 0
vt 0.25 98.6 0
vt -0.25 98.65 0
vt 0.25 98.65 0
vt -0.25 98.7 0
vt 0.25 98.7 0
vt -0.25 98.75 0
vt 0.25 98.75 0
vt -0.25 98.8 0
vt 0.25 98.8 0
vt -0.25 98.85 0
vt 0.25 98.85 0
vt -0.25 98.9 0
vt 0.25 98.9 0
vt -0.25 98.95 0
vt 0.25 98.95 0
vt -0.25 99 0
vt 0.25 99 0
vt -0.25 99.05 0
vt 0.25 99.05 0
vt -0.25 99.1 0
vt 0.25 99.1 0
vt -0.25 99.15 0
vt 0.25 99.15 0
vt -0.25 99.2 0
vt 0.25 99.2 0
vt -0.25 99.25 0
vt 0.25 99.25 0
vt -0.25 99.3 0
vt 0.25 99.3 0
vt -0.25 99.35 0
vt 0.25 99.35 0
vt -0.25 99.4 0
vt 0.25 99.4 0
vt -0.25 99.45 0
vt 0.25 99.45 0
vt -0.25 99.5 0
vt 0.25 99.5 0
vt -0.25 99.55 0
vt 0.25 99.55 0
vt -0.25 99.6 0
vt 0.25 99.6 0
vt -0.25 99.65 0
vt 0.25 99.65 0
vt -0.25 99.7 0
vt 0.25 99.7 0
vt -0.25 99.75 0
vt 0.25 99.75 0
vt -0.25 99.8 0
vt 0.25 99.8 0
vt -0.25 99.85 0
vt 0.25 99.85 0
vt -0.25 99.9 0
vt 0.25 99.9 0
vt -0.25 99.95 0
vt 0.25 99.95 0
vt -0.25 100 0
vt 0.25 100 0
vt -0.25 100.05 0
vt 0.25 100.05 0
vt -0.25 100.1 0
vt 0.25 100.1 0
vt -0.25 100.15 0
vt 0.25 100.15 0
vt -0.25 100.2 0
vt 0.25 100.2 0
vt -0.25 100.25 0
vt 0.25 100.25 0
vt -0.25 100.3 0
vt 0.25 100.3 0
vt -0.25 100.35 0
vt 0.25 100.35 0
vt -0.25 100.4 0
vt 0.25 100.4 0
vt -0.25 100.45 0
vt 0.25 100.45 0
vt -0.25 100.5 0
vt 0.25 100.5 0
vt -0.25 100.55 0
vt 0.25 100.55 0
vt -0.25 100.6 0
vt 0.25 100.6 0
vt -0.25 100.65 0
vt 0.25 100.65 0
vt -0.25 100.7 0
vt 0.25 100.7 0
vt -0.25 100.75 0
vt 0.25 100.75 0
vt -0.25 100.8 0
vt 0.25 100.8 0
vt -0.25 100.85 0
vt 0.25 100.85 0
vt -0.25 100.9 0
vt 0.25 100.9 0
vt -0.25 100.95 0
vt 0.25 100.95 0
vt -0.25 101 0
vt 0.25 101 0
vt -0.25 101.05 0
vt 0.25 101.05 0
vt -0.25 101.1 0
vt 0.25 101.1 0
vt -0.25 101.15 0
vt 0.25 101.15 0
vt -0.25 101.2 0
vt 0.25 101.2 0
vt -0.25 101.25 0
vt 0.25 101.25 0
vt -0.25 101.3 0
vt 0.25 101.3 0
vt -0.25 101.35 0
vt 0.25 101.35 0
vt -0.25 101.4 0
vt 0.25 101.4 0
vt -0.25 101.45 0
vt 0.25 101.45 0
vt -0.25 101.5 0
vt 0.25 101.5 0
vt -0.25 101.55 0
vt 0.25 101.55 0
vt -0.25 101.6 0
vt 0.25 101.6 0
vt -0.25 101.65 0
vt 0.25 101.65 0
vt -0.25 101.7 0
vt 0.25 101.7 0
vt -0.25 101.75 0
vt 0.25 101.75 0
vt -0.25 101.8 0
vt 0.25 101.8 0
vt -0.25 101.85 0
vt 0.25 101.85 0
vt -0.25 101.9 0
vt 0.25 101.9 0
vt -0.25 101.95 0
vt 0.25 101.95 0
vt -0.25 102 0
vt 0.25 102 0
vt -0.25 102.05 0
vt 0.25 102.05 0
vt -0.25 102.1 0
vt 0.25 102.1 0
vt -0.25 102.15 0
vt 0.25 102.15 0
vt -0.25 102.2 0
vt 0.25 102.2 0
vt -0.25 102.25 0
vt 0.25 102.25 0
vt -0.25 102.3 0
vt 0.25 102.3 0
vt -0.25 102.35 0
vt 0.25 102.35 0
vt -0.25 102.4 0
vt 0.25 102.4 0
vt -0.25 102.45 0
vt 0.25 102.45 0
vt -0.25 102.5 0
vt 0.25 102.5 0
vt -0.25 102.55 0
vt 0.25 102.55 0
vt -0.25 102.596 0
vt 0.25 102.596 0
g vroa_hopefully final
usemtl GRAY
f 4/4 1/1 2/2
f 4/4 3/3 1/1
f 6/6 3/3 4/4
f 6/6 5/5 3/3
f 8/8 5/5 6/6
f 8/8 7/7 5/5
f 10/10 7/7 8/8
f 10/10 9/9 7/7
f 12/12 9/9 10/10
f 12/12 11/11 9/9
f 14/14 11/11 12/12
f 14/14 13/13 11/11
f 16/16 13/13 14/14
f 16/16 15/15 13/13
f 18/18 15/15 16/16
f 18/18 17/17 15/15
f 20/20 17/17 18/18
f 20/20 19/19 17/17
f 22/22 19/19 20/20
f 22/22 21/21 19/19
f 24/24 21/21 22/22
f 24/24 23/23 21/21
f 26/26 23/23 24/24
f 26/26 25/25 23/23
f 28/28 25/25 26/26
f 28/28 27/27 25/25
f 30/30 27/27 28/28
f 30/30 29/29 27/27
f 32/32 29/29 30/30
f 32/32 31/31 29/29
f 34/34 31/31 32/32
f 34/34 33/33 31/31
f 36/36 33/33 34/34
f 36/36 35/35 33/33
f 38/38 35/35 36/36
f 38/38 37/37 35/35
f 40/40 37/37 38/38
f 40/40 39/39 37/37
f 42/42 39/39 40/40
f 42/42 41/41 39/39
f 44/44 41/41 42/42
f 44/44 43/43 41/41
f 46/46 43/43 44/44
f 46/46 45/45 43/43
f 48/48 45/45 46/46
f 48/48 47/47 45/45
f 50/50 47/47 48/48
f 50/50 49/49 47/47
f 52/52 49/49 50/50
f 52/52 51/51 49/49
f 54/54 51/51 52/52
f 54/54 53/53 51/51
f 56/56 53/53 54/54
f 56/56 55/55 53/53
f 58/58 55/55 56/56
f 58/58 57/57 55/55
f 60/60 57/57 58/58
f 60/60 59/59 57/57
f 62/62 59/59 60/60
f 62/62 61/61 59/59
f 64/64 61/61 62/62
f 64/64 63/63 61/61
f 66/66 63/63 64/64
f 66/66 65/65 63/63
f 68/68 65/65 66/66
f 68/68 67/67 65/65
f 70/70 67/67 68/68
f 70/70 69/69 67/67
f 72/72 69/69 70/70
f 72/72 71/71 69/69
f 74/74 71/71 72/72
f 74/74 73/73 71/71
f 76/76 73/73 74/74
f 76/76 75/75 73/73
f 78/78 75/75 76/76
f 78/78 77/77 75/75
f 80/80 77/77 78/78
f 80/80 79/79 77/77
f 82/82 79/79 80/80
f 82/82 81/81 79/79
f 84/84 81/81 82/82
f 84/84 83/83 81/81
f 86/86 83/83 84/84
f 86/86 85/85 83/83
f 88/88 85/85 86/86
f 88/88 87/87 85/85
f 90/90 87/87 88/88
f 90/90 89/89 87/87
f 92/92 89/89 90/90
f 92/92 91/91 89/89
f 94/94 91/91 92/92
f 94/94 93/93 91/91
f 96/96 93/93 94/94
f 96/96 95/95 93/93
f 98/98 95/95 96/96
f 98/98 97/97 95/95
f 100/100 97/97 98/98
f 100/100 99/99 97/97
f 102/102 99/99 100/100
f 102/102 101/101 99/99
f 104/104 101/101 102/102
f 104/104 103/103 101/101
f 106/106 103/103 104/104
f 106/106 105/105 103/103
f 108/108 105/105 106/106
f 108/108 107/107 105/105
f 110/110 107/107 108/108
f 110/110 109/109 107/107
f 112/112 109/109 110/110
f 112/112 111/111 109/109
f 114/114 111/111 112/112
f 114/114 113/113 111/111
f 116/116 113/113 114/114
f 116/116 115/115 113/113
f 118/118 115/115 116/116
f 118/118 117/117 115/115
f 120/120 117/117 118/118
f 120/120 119/119 117/117
f 122/122 119/119 120/120
f 122/122 121/121 119/119
f 124/124 121/121 122/122
f 124/124 123/123 121/121
f 126/126 123/123 124/124
f 126/126 125/125 123/123
f 128/128 125/125 126/126
f 128/128 127/127 125/125
f 130/130 127/127 128/128
f 130/130 129/129 127/127
f 132/132 129/129 130/130
f 132/132 131/131 129/129
f 134/134 131/131 132/132
f 134/134 133/133 131/131
f 136/136 133/133 134/134
f 136/136 135/135 133/133
f 138/138 135/135 136/136
f 138/138 137/137 135/135
f 140/140 137/137 138/138
f 140/140 139/139 137/137
f 142/142 139/139 140/140
f 142/142 141/141 139/139
f 144/144 141/141 142/142
f 144/144 143/143 141/141
f 146/146 143/143 144/144
f 146/146 145/145 143/143
f 148/148 145/145 146/146
f 148/148 147/147 145/145
f 150/150 147/147 148/148
f 150/150 149/149 147/147
f 152/152 149/149 150/150
f 152/152 151/151 149/149
f 154/154 151/151 152/152
f 154/154 153/153 151/151
f 156/156 153/153 154/154
f 156/156 155/155 153/153
f 158/158 155/155 156/156
f 158/158 157/157 155/155
f 160/160 157/157 158/158
f 160/160 159/159 157/157
f 162/162 159/159 160/160
f 162/162 161/161 159/159
f 164/164 161/161 162/162
f 164/164 163/163 161/161
f 166/166 163/163 164/164
f 166/166 165/165 163/163
f 168/168 165/165 166/166
f 168/168 167/167 165/165
f 170/170 167/167 168/168
f 170/170 169/169 167/167
f 172/172 169/169 170/170
f 172/172 171/171 169/169
f 174/174 171/171 172/172
f 174/174 173/173 171/171
f 176/176 173/173 174/174
f 176/176 175/175 173/173
f 178/178 175/175 176/176
f 178/178 177/177 175/175
f 180/180 177/177 178/178
f 180/180 179/179 177/177
f 182/182 179/179 180/180
f 182/182 181/181 179/179
f 184/184 181/181 182/182
f 184/184 183/183 181/181
f 186/186 183/183 184/184
f 186/186 185/185 183/183
f 188/188 185/185 186/186
f 188/188 187/187 185/185
f 190/190 187/187 188/188
f 190/190 189/189 187/187
f 192/192 189/189 190/190
f 192/192 191/191 189/189
f 194/194 191/191 192/192
f 194/194 193/193 191/191
f 196/196 193/193 194/194
f 196/196 195/195 193/193
f 198/198 195/195 196/196
f 198/198 197/197 195/195
f 200/200 197/197 198/198
f 200/200 199/199 197/197
f 202/202 199/199 200/200
f 202/202 201/201 199/199
f 204/204 201/201 202/202
f 204/204 203/203 201/201
f 206/206 203/203 204/204
f 206/206 205/205 203/203
f 208/208 205/205 206/206
f 208/208 207/207 205/205
f 210/210 207/207 208/208
f 210/210 209/209 207/207
f 212/212 209/209 210/210
f 212/212 211/211 209/209
f 214/214 211/211 212/212
f 214/214 213/213 211/211
f 216/216 213/213 214/214
f 216/216 215/215 213/213
f 218/218 215/215 216/216
f 218/218 217/217 215/215
f 220/220 217/217 218/218
f 220/220 219/219 217/217
f 222/222 219/219 220/220
f 222/222 221/221 219/219
f 224/224 221/221 222/222
f 224/224 223/223 221/221
f 226/226 223/223 224/224
f 226/226 225/225 223/223
f 228/228 225/225 226/226
f 228/228 227/227 225/225
f 230/230 227/227 228/228
f 230/230 229/229 227/227
f 232/232 229/229 230/230
f 232/232 231/231 229/229
f 234/234 231/231 232/232
f 234/234 233/233 231/231
f 236/236 233/233 234/234
f 236/236 235/235 233/233
f 238/238 235/235 236/236
f 238/238 237/237 235/235
f 240/240 237/237 238/238
f 240/240 239/239 237/237
f 242/242 239/239 240/240
f 242/242 241/241 239/239
f 244/244 241/241 242/242
f 244/244 243/243 241/241
f 246/246 243/243 244/244
f 246/246 245/245 243/243
f 248/248 245/245 246/246
f 248/248 247/247 245/245
f 250/250 247/247 248/248
f 250/250 249/249 247/247
f 252/252 249/249 250/250
f 252/252 251/251 249/249
f 254/254 251/251 252/252
f 254/254 253/253 251/251
f 256/256 253/253 254/254
f 256/256 255/255 253/253
f 258/258 255/255 256/256
f 258/258 257/257 255/255
f 260/260 257/257 258/258
f 260/260 259/259 257/257
f 262/262 259/259 260/260
f 262/262 261/261 259/259
f 264/264 261/261 262/262
f 264/264 263/263 261/261
f 266/266 263/263 264/264
f 266/266 265/265 263/263
f 268/268 265/265 266/266
f 268/268 267/267 265/265
f 270/270 267/267 268/268
f 270/270 269/269 267/267
f 272/272 269/269 270/270
f 272/272 271/271 269/269
f 274/274 271/271 272/272
f 274/274 273/273 271/271
f 276/276 273/273 274/274
f 276/276 275/275 273/273
f 278/278 275/275 276/276
f 278/278 277/277 275/275
f 280/280 277/277 278/278
f 280/280 279/279 277/277
f 282/282 279/279 280/280
f 282/282 281/281 279/279
f 284/284 281/281 282/282
f 284/284 283/283 281/281
f 286/286 283/283 284/284
f 286/286 285/285 283/283
f 288/288 285/285 286/286
f 288/288 287/287 285/285
f 290/290 287/287 288/288
f 290/290 289/289 287/287
f 292/292 289/289 290/290
f 292/292 291/291 289/289
f 294/294 291/291 292/292
f 294/294 293/293 291/291
f 296/296 293/293 294/294
f 296/296 295/295 293/293
f 298/298 295/295 296/296
f 298/298 297/297 295/295
f 300/300 297/297 298/298
f 300/300 299/299 297/297
f 302/302 299/299 300/300
f 302/302 301/301 299/299
f 304/304 301/301 302/302
f 304/304 303/303 301/301
f 306/306 303/303 304/304
f 306/306 305/305 303/303
f 308/308 305/305 306/306
f 308/308 307/307 305/305
f 310/310 307/307 308/308
f 310/310 309/309 307/307
f 312/312 309/309 310/310
f 312/312 311/311 309/309
f 314/314 311/311 312/312
f 314/314 313/313 311/311
f 316/316 313/313 314/314
f 316/316 315/315 313/313
f 318/318 315/315 316/316
f 318/318 317/317 315/315
f 320/320 317/317 318/318
f 320/320 319/319 317/317
f 322/322 319/319 320/320
f 322/322 321/321 319/319
f 324/324 321/321 322/322
f 324/324 323/323 321/321
f 326/326 323/323 324/324
f 326/326 325/325 323/323
f 328/328 325/325 326/326
f 328/328 327/327 325/325
f 330/330 327/327 328/328
f 330/330 329/329 327/327
f 332/332 329/329 330/330
f 332/332 331/331 329/329
f 334/334 331/331 332/332
f 334/334 333/333 331/331
f 336/336 333/333 334/334
f 336/336 335/335 333/333
f 338/338 335/335 336/336
f 338/338 337/337 335/335
f 340/340 337/337 338/338
f 340/340 339/339 337/337
f 342/342 339/339 340/340
f 342/342 341/341 339/339
f 344/344 341/341 342/342
f 344/344 343/343 341/341
f 346/346 343/343 344/344
f 346/346 345/345 343/343
f 348/348 345/345 346/346
f 348/348 347/347 345/345
f 350/350 347/347 348/348
f 350/350 349/349 347/347
f 352/352 349/349 350/350
f 352/352 351/351 349/349
f 354/354 351/351 352/352
f 354/354 353/353 351/351
f 356/356 353/353 354/354
f 356/356 355/355 353/353
f 358/358 355/355 356/356
f 358/358 357/357 355/355
f 360/360 357/357 358/358
f 360/360 359/359 357/357
f 362/362 359/359 360/360
f 362/362 361/361 359/359
f 364/364 361/361 362/362
f 364/364 363/363 361/361
f 366/366 363/363 364/364
f 366/366 365/365 363/363
f 368/368 365/365 366/366
f 368/368 367/367 365/365
f 370/370 367/367 368/368
f 370/370 369/369 367/367
f 372/372 369/369 370/370
f 372/372 371/371 369/369
f 374/374 371/371 372/372
f 374/374 373/373 371/371
f 376/376 373/373 374/374
f 376/376 375/375 373/373
f 378/378 375/375 376/376
f 378/378 377/377 375/375
f 380/380 377/377 378/378
f 380/380 379/379 377/377
f 382/382 379/379 380/380
f 382/382 381/381 379/379
f 384/384 381/381 382/382
f 384/384 383/383 381/381
f 386/386 383/383 384/384
f 386/386 385/385 383/383
f 388/388 385/385 386/386
f 388/388 387/387 385/385
f 390/390 387/387 388/388
f 390/390 389/389 387/387
f 392/392 389/389 390/390
f 392/392 391/391 389/389
f 394/394 391/391 392/392
f 394/394 393/393 391/391
f 396/396 393/393 394/394
f 396/396 395/395 393/393
f 398/398 395/395 396/396
f 398/398 397/397 395/395
f 400/400 397/397 398/398
f 400/400 399/399 397/397
f 402/402 399/399 400/400
f 402/402 401/401 399/399
f 404/404 401/401 402/402
f 404/404 403/403 401/401
f 406/406 403/403 404/404
f 406/406 405/405 403/403
f 408/408 405/405 406/406
f 408/408 407/407 405/405
f 410/410 407/407 408/408
f 410/410 409/409 407/407
f 412/412 409/409 410/410
f 412/412 411/411 409/409
f 414/414 411/411 412/412
f 414/414 413/413 411/411
f 416/416 413/413 414/414
f 416/416 415/415 413/413
f 418/418 415/415 416/416
f 418/418 417/417 415/415
f 420/420 417/417 418/418
f 420/420 419/419 417/417
f 422/422 419/419 420/420
f 422/422 421/421 419/419
f 424/424 421/421 422/422
f 424/424 423/423 421/421
f 426/426 423/423 424/424
f 426/426 425/425 423/423
f 428/428 425/425 426/426
f 428/428 427/427 425/425
f 430/430 427/427 428/428
f 430/430 429/429 427/427
f 432/432 429/429 430/430
f 432/432 431/431 429/429
f 434/434 431/431 432/432
f 434/434 433/433 431/431
f 436/436 433/433 434/434
f 436/436 435/435 433/433
f 438/438 435/435 436/436
f 438/438 437/437 435/435
f 440/440 437/437 438/438
f 440/440 439/439 437/437
f 442/442 439/439 440/440
f 442/442 441/441 439/439
f 444/444 441/441 442/442
f 444/444 443/443 441/441
f 446/446 443/443 444/444
f 446/446 445/445 443/443
f 448/448 445/445 446/446
f 448/448 447/447 445/445
f 450/450 447/447 448/448
f 450/450 449/449 447/447
f 452/452 449/449 450/450
f 452/452 451/451 449/449
f 454/454 451/451 452/452
f 454/454 453/453 451/451
f 456/456 453/453 454/454
f 456/456 455/455 453/453
f 458/458 455/455 456/456
f 458/458 457/457 455/455
f 460/460 457/457 458/458
f 460/460 459/459 457/457
f 462/462 459/459 460/460
f 462/462 461/461 459/459
f 464/464 461/461 462/462
f 464/464 463/463 461/461
f 466/466 463/463 464/464
f 466/466 465/465 463/463
f 468/468 465/465 466/466
f 468/468 467/467 465/465
f 470/470 467/467 468/468
f 470/470 469/469 467/467
f 472/472 469/469 470/470
f 472/472 471/471 469/469
f 474/474 471/471 472/472
f 474/474 473/473 471/471
f 476/476 473/473 474/474
f 476/476 475/475 473/473
f 478/478 475/475 476/476
f 478/478 477/477 475/475
f 480/480 477/477 478/478
f 480/480 479/479 477/477
f 482/482 479/479 480/480
f 482/482 481/481 479/479
f 484/484 481/481 482/482
f 484/484 483/483 481/481
f 486/486 483/483 484/484
f 486/486 485/485 483/483
f 488/488 485/485 486/486
f 488/488 487/487 485/485
f 490/490 487/487 488/488
f 490/490 489/489 487/487
f 492/492 489/489 490/490
f 492/492 491/491 489/489
f 494/494 491/491 492/492
f 494/494 493/493 491/491
f 496/496 493/493 494/494
f 496/496 495/495 493/493
f 498/498 495/495 496/496
f 498/498 497/497 495/495
f 500/500 497/497 498/498
f 500/500 499/499 497/497
f 502/502 499/499 500/500
f 502/502 501/501 499/499
f 504/504 501/501 502/502
f 504/504 503/503 501/501
f 506/506 503/503 504/504
f 506/506 505/505 503/503
f 508/508 505/505 506/506
f 508/508 507/507 505/505
f 510/510 507/507 508/508
f 510/510 509/509 507/507
f 512/512 509/509 510/510
f 512/512 511/511 509/509
f 514/514 511/511 512/512
f 514/514 513/513 511/511
f 516/516 513/513 514/514
f 516/516 515/515 513/513
f 518/518 515/515 516/516
f 518/518 517/517 515/515
f 520/520 517/517 518/518
f 520/520 519/519 517/517
f 522/522 519/519 520/520
f 522/522 521/521 519/519
f 524/524 521/521 522/522
f 524/524 523/523 521/521
f 526/526 523/523 524/524
f 526/526 525/525 523/523
f 528/528 525/525 526/526
f 528/528 527/527 525/525
f 530/530 527/527 528/528
f 530/530 529/529 527/527
f 532/532 529/529 530/530
f 532/532 531/531 529/529
f 534/534 531/531 532/532
f 534/534 533/533 531/531
f 536/536 533/533 534/534
f 536/536 535/535 533/533
f 538/538 535/535 536/536
f 538/538 537/537 535/535
f 540/540 537/537 538/538
f 540/540 539/539 537/537
f 542/542 539/539 540/540
f 542/542 541/541 539/539
f 544/544 541/541 542/542
f 544/544 543/543 541/541
f 546/546 543/543 544/544
f 546/546 545/545 543/543
f 548/548 545/545 546/546
f 548/548 547/547 545/545
f 550/550 547/547 548/548
f 550/550 549/549 547/547
f 552/552 549/549 550/550
f 552/552 551/551 549/549
f 554/554 551/551 552/552
f 554/554 553/553 551/551
f 556/556 553/553 554/554
f 556/556 555/555 553/553
f 558/558 555/555 556/556
f 558/558 557/557 555/555
f 560/560 557/557 558/558
f 560/560 559/559 557/557
f 562/562 559/559 560/560
f 562/562 561/561 559/559
f 564/564 561/561 562/562
f 564/564 563/563 561/561
f 566/566 563/563 564/564
f 566/566 565/565 563/563
f 568/568 565/565 566/566
f 568/568 567/567 565/565
f 570/570 567/567 568/568
f 570/570 569/569 567/567
f 572/572 569/569 570/570
f 572/572 571/571 569/569
f 574/574 571/571 572/572
f 574/574 573/573 571/571
f 576/576 573/573 574/574
f 576/576 575/575 573/573
f 578/578 575/575 576/576
f 578/578 577/577 575/575
f 580/580 577/577 578/578
f 580/580 579/579 577/577
f 582/582 579/579 580/580
f 582/582 581/581 579/579
f 584/584 581/581 582/582
f 584/584 583/583 581/581
f 586/586 583/583 584/584
f 586/586 585/585 583/583
f 588/588 585/585 586/586
f 588/588 587/587 585/585
f 590/590 587/587 588/588
f 590/590 589/589 587/587
f 592/592 589/589 590/590
f 592/592 591/591 589/589
f 594/594 591/591 592/592
f 594/594 593/593 591/591
f 596/596 593/593 594/594
f 596/596 595/595 593/593
f 598/598 595/595 596/596
f 598/598 597/597 595/595
f 600/600 597/597 598/598
f 600/600 599/599 597/597
f 602/602 599/599 600/600
f 602/602 601/601 599/599
f 604/604 601/601 602/602
f 604/604 603/603 601/601
f 606/606 603/603 604/604
f 606/606 605/605 603/603
f 608/608 605/605 606/606
f 608/608 607/607 605/605
f 610/610 607/607 608/608
f 610/610 609/609 607/607
f 612/612 609/609 610/610
f 612/612 611/611 609/609
f 614/614 611/611 612/612
f 614/614 613/613 611/611
f 616/616 613/613 614/614
f 616/616 615/615 613/613
f 618/618 615/615 616/616
f 618/618 617/617 615/615
f 620/620 617/617 618/618
f 620/620 619/619 617/617
f 622/622 619/619 620/620
f 622/622 621/621 619/619
f 624/624 621/621 622/622
f 624/624 623/623 621/621
f 626/626 623/623 624/624
f 626/626 625/625 623/623
f 628/628 625/625 626/626
f 628/628 627/627 625/625
f 630/630 627/627 628/628
f 630/630 629/629 627/627
f 632/632 629/629 630/630
f 632/632 631/631 629/629
f 634/634 631/631 632/632
f 634/634 633/633 631/631
f 636/636 633/633 634/634
f 636/636 635/635 633/633
f 638/638 635/635 636/636
f 638/638 637/637 635/635
f 640/640 637/637 638/638
f 640/640 639/639 637/637
f 642/642 639/639 640/640
f 642/642 641/641 639/639
f 644/644 641/641 642/642
f 644/644 643/643 641/641
f 646/646 643/643 644/644
f 646/646 645/645 643/643
f 648/648 645/645 646/646
f 648/648 647/647 645/645
f 650/650 647/647 648/648
f 650/650 649/649 647/647
f 652/652 649/649 650/650
f 652/652 651/651 649/649
f 654/654 651/651 652/652
f 654/654 653/653 651/651
f 656/656 653/653 654/654
f 656/656 655/655 653/653
f 658/658 655/655 656/656
f 658/658 657/657 655/655
f 660/660 657/657 658/658
f 660/660 659/659 657/657
f 662/662 659/659 660/660
f 662/662 661/661 659/659
f 664/664 661/661 662/662
f 664/664 663/663 661/661
f 666/666 663/663 664/664
f 666/666 665/665 663/663
f 668/668 665/665 666/666
f 668/668 667/667 665/665
f 670/670 667/667 668/668
f 670/670 669/669 667/667
f 672/672 669/669 670/670
f 672/672 671/671 669/669
f 674/674 671/671 672/672
f 674/674 673/673 671/671
f 676/676 673/673 674/674
f 676/676 675/675 673/673
f 678/678 675/675 676/676
f 678/678 677/677 675/675
f 680/680 677/677 678/678
f 680/680 679/679 677/677
f 682/682 679/679 680/680
f 682/682 681/681 679/679
f 684/684 681/681 682/682
f 684/684 683/683 681/681
f 686/686 683/683 684/684
f 686/686 685/685 683/683
f 688/688 685/685 686/686
f 688/688 687/687 685/685
f 690/690 687/687 688/688
f 690/690 689/689 687/687
f 692/692 689/689 690/690
f 692/692 691/691 689/689
f 694/694 691/691 692/692
f 694/694 693/693 691/691
f 696/696 693/693 694/694
f 696/696 695/695 693/693
f 698/698 695/695 696/696
f 698/698 697/697 695/695
f 700/700 697/697 698/698
f 700/700 699/699 697/697
f 702/702 699/699 700/700
f 702/702 701/701 699/699
f 704/704 701/701 702/702
f 704/704 703/703 701/701
f 706/706 703/703 704/704
f 706/706 705/705 703/703
f 708/708 705/705 706/706
f 708/708 707/707 705/705
f 710/710 707/707 708/708
f 710/710 709/709 707/707
f 712/712 709/709 710/710
f 712/712 711/711 709/709
f 714/714 711/711 712/712
f 714/714 713/713 711/711
f 716/716 713/713 714/714
f 716/716 715/715 713/713
f 718/718 715/715 716/716
f 718/718 717/717 715/715
f 720/720 717/717 718/718
f 720/720 719/719 717/717
f 722/722 719/719 720/720
f 722/722 721/721 719/719
f 724/724 721/721 722/722
f 724/724 723/723 721/721
f 726/726 723/723 724/724
f 726/726 725/725 723/723
f 728/728 725/725 726/726
f 728/728 727/727 725/725
f 730/730 727/727 728/728
f 730/730 729/729 727/727
f 732/732 729/729 730/730
f 732/732 731/731 729/729
f 734/734 731/731 732/732
f 734/734 733/733 731/731
f 736/736 733/733 734/734
f 736/736 735/735 733/733
f 738/738 735/735 736/736
f 738/738 737/737 735/735
f 740/740 737/737 738/738
f 740/740 739/739 737/737
f 742/742 739/739 740/740
f 742/742 741/741 739/739
f 744/744 741/741 742/742
f 744/744 743/743 741/741
f 746/746 743/743 744/744
f 746/746 745/745 743/743
f 748/748 745/745 746/746
f 748/748 747/747 745/745
f 750/750 747/747 748/748
f 750/750 749/749 747/747
f 752/752 749/749 750/750
f 752/752 751/751 749/749
f 754/754 751/751 752/752
f 754/754 753/753 751/751
f 756/756 753/753 754/754
f 756/756 755/755 753/753
f 758/758 755/755 756/756
f 758/758 757/757 755/755
f 760/760 757/757 758/758
f 760/760 759/759 757/757
f 762/762 759/759 760/760
f 762/762 761/761 759/759
f 764/764 761/761 762/762
f 764/764 763/763 761/761
f 766/766 763/763 764/764
f 766/766 765/765 763/763
f 768/768 765/765 766/766
f 768/768 767/767 765/765
f 770/770 767/767 768/768
f 770/770 769/769 767/767
f 772/772 769/769 770/770
f 772/772 771/771 769/769
f 774/774 771/771 772/772
f 774/774 773/773 771/771
f 776/776 773/773 774/774
f 776/776 775/775 773/773
f 778/778 775/775 776/776
f 778/778 777/777 775/775
f 780/780 777/777 778/778
f 780/780 779/779 777/777
f 782/782 779/779 780/780
f 782/782 781/781 779/779
f 784/784 781/781 782/782
f 784/784 783/783 781/781
f 786/786 783/783 784/784
f 786/786 785/785 783/783
f 788/788 785/785 786/786
f 788/788 787/787 785/785
f 790/790 787/787 788/788
f 790/790 789/789 787/787
f 792/792 789/789 790/790
f 792/792 791/791 789/789
f 794/794 791/791 792/792
f 794/794 793/793 791/791
f 796/796 793/793 794/794
f 796/796 795/795 793/793
f 798/798 795/795 796/796
f 798/798 797/797 795/795
f 800/800 797/797 798/798
f 800/800 799/799 797/797
f 802/802 799/799 800/800
f 802/802 801/801 799/799
f 804/804 801/801 802/802
f 804/804 803/803 801/801
f 806/806 803/803 804/804
f 806/806 805/805 803/803
f 808/808 805/805 806/806
f 808/808 807/807 805/805
f 810/810 807/807 808/808
f 810/810 809/809 807/807
f 812/812 809/809 810/810
f 812/812 811/811 809/809
f 814/814 811/811 812/812
f 814/814 813/813 811/811
f 816/816 813/813 814/814
f 816/816 815/815 813/813
f 818/818 815/815 816/816
f 818/818 817/817 815/815
f 820/820 817/817 818/818
f 820/820 819/819 817/817
f 822/822 819/819 820/820
f 822/822 821/821 819/819
f 824/824 821/821 822/822
f 824/824 823/823 821/821
f 826/826 823/823 824/824
f 826/826 825/825 823/823
f 828/828 825/825 826/826
f 828/828 827/827 825/825
f 830/830 827/827 828/828
f 830/830 829/829 827/827
f 832/832 829/829 830/830
f 832/832 831/831 829/829
f 834/834 831/831 832/832
f 834/834 833/833 831/831
f 836/836 833/833 834/834
f 836/836 835/835 833/833
f 838/838 835/835 836/836
f 838/838 837/837 835/835
f 840/840 837/837 838/838
f 840/840 839/839 837/837
f 842/842 839/839 840/840
f 842/842 841/841 839/839
f 844/844 841/841 842/842
f 844/844 843/843 841/841
f 846/846 843/843 844/844
f 846/846 845/845 843/843
f 848/848 845/845 846/846
f 848/848 847/847 845/845
f 850/850 847/847 848/848
f 850/850 849/849 847/847
f 852/852 849/849 850/850
f 852/852 851/851 849/849
f 854/854 851/851 852/852
f 854/854 853/853 851/851
f 856/856 853/853 854/854
f 856/856 855/855 853/853
f 858/858 855/855 856/856
f 858/858 857/857 855/855
f 860/860 857/857 858/858
f 860/860 859/859 857/857
f 862/862 859/859 860/860
f 862/862 861/861 859/859
f 864/864 861/861 862/862
f 864/864 863/863 861/861
f 866/866 863/863 864/864
f 866/866 865/865 863/863
f 868/868 865/865 866/866
f 868/868 867/867 865/865
f 870/870 867/867 868/868
f 870/870 869/869 867/867
f 872/872 869/869 870/870
f 872/872 871/871 869/869
f 874/874 871/871 872/872
f 874/874 873/873 871/871
f 876/876 873/873 874/874
f 876/876 875/875 873/873
f 878/878 875/875 876/876
f 878/878 877/877 875/875
f 880/880 877/877 878/878
f 880/880 879/879 877/877
f 882/882 879/879 880/880
f 882/882 881/881 879/879
f 884/884 881/881 882/882
f 884/884 883/883 881/881
f 886/886 883/883 884/884
f 886/886 885/885 883/883
f 888/888 885/885 886/886
f 888/888 887/887 885/885
f 890/890 887/887 888/888
f 890/890 889/889 887/887
f 892/892 889/889 890/890
f 892/892 891/891 889/889
f 894/894 891/891 892/892
f 894/894 893/893 891/891
f 896/896 893/893 894/894
f 896/896 895/895 893/893
f 898/898 895/895 896/896
f 898/898 897/897 895/895
f 900/900 897/897 898/898
f 900/900 899/899 897/897
f 902/902 899/899 900/900
f 902/902 901/901 899/899
f 904/904 901/901 902/902
f 904/904 903/903 901/901
f 906/906 903/903 904/904
f 906/906 905/905 903/903
f 908/908 905/905 906/906
f 908/908 907/907 905/905
f 910/910 907/907 908/908
f 910/910 909/909 907/907
f 912/912 909/909 910/910
f 912/912 911/911 909/909
f 914/914 911/911 912/912
f 914/914 913/913 911/911
f 916/916 913/913 914/914
f 916/916 915/915 913/913
f 918/918 915/915 916/916
f 918/918 917/917 915/915
f 920/920 917/917 918/918
f 920/920 919/919 917/917
f 922/922 919/919 920/920
f 922/922 921/921 919/919
f 924/924 921/921 922/922
f 924/924 923/923 921/921
f 926/926 923/923 924/924
f 926/926 925/925 923/923
f 928/928 925/925 926/926
f 928/928 927/927 925/925
f 930/930 927/927 928/928
f 930/930 929/929 927/927
f 932/932 929/929 930/930
f 932/932 931/931 929/929
f 934/934 931/931 932/932
f 934/934 933/933 931/931
f 936/936 933/933 934/934
f 936/936 935/935 933/933
f 938/938 935/935 936/936
f 938/938 937/937 935/935
f 940/940 937/937 938/938
f 940/940 939/939 937/937
f 942/942 939/939 940/940
f 942/942 941/941 939/939
f 944/944 941/941 942/942
f 944/944 943/943 941/941
f 946/946 943/943 944/944
f 946/946 945/945 943/943
f 948/948 945/945 946/946
f 948/948 947/947 945/945
f 950/950 947/947 948/948
f 950/950 949/949 947/947
f 952/952 949/949 950/950
f 952/952 951/951 949/949
f 954/954 951/951 952/952
f 954/954 953/953 951/951
f 956/956 953/953 954/954
f 956/956 955/955 953/953
f 958/958 955/955 956/956
f 958/958 957/957 955/955
f 960/960 957/957 958/958
f 960/960 959/959 957/957
f 962/962 959/959 960/960
f 962/962 961/961 959/959
f 964/964 961/961 962/962
f 964/964 963/963 961/961
f 966/966 963/963 964/964
f 966/966 965/965 963/963
f 968/968 965/965 966/966
f 968/968 967/967 965/965
f 970/970 967/967 968/968
f 970/970 969/969 967/967
f 972/972 969/969 970/970
f 972/972 971/971 969/969
f 974/974 971/971 972/972
f 974/974 973/973 971/971
f 976/976 973/973 974/974
f 976/976 975/975 973/973
f 978/978 975/975 976/976
f 978/978 977/977 975/975
f 980/980 977/977 978/978
f 980/980 979/979 977/977
f 982/982 979/979 980/980
f 982/982 981/981 979/979
f 984/984 981/981 982/982
f 984/984 983/983 981/981
f 986/986 983/983 984/984
f 986/986 985/985 983/983
f 988/988 985/985 986/986
f 988/988 987/987 985/985
f 990/990 987/987 988/988
f 990/990 989/989 987/987
f 992/992 989/989 990/990
f 992/992 991/991 989/989
f 994/994 991/991 992/992
f 994/994 993/993 991/991
f 996/996 993/993 994/994
f 996/996 995/995 993/993
f 998/998 995/995 996/996
f 998/998 997/997 995/995
f 1000/1000 997/997 998/998
f 1000/1000 999/999 997/997
f 1002/1002 999/999 1000/1000
f 1002/1002 1001/1001 999/999
f 1004/1004 1001/1001 1002/1002
f 1004/1004 1003/1003 1001/1001
f 1006/1006 1003/1003 1004/1004
f 1006/1006 1005/1005 1003/1003
f 1008/1008 1005/1005 1006/1006
f 1008/1008 1007/1007 1005/1005
f 1010/1010 1007/1007 1008/1008
f 1010/1010 1009/1009 1007/1007
f 1012/1012 1009/1009 1010/1010
f 1012/1012 1011/1011 1009/1009
f 1014/1014 1011/1011 1012/1012
f 1014/1014 1013/1013 1011/1011
f 1016/1016 1013/1013 1014/1014
f 1016/1016 1015/1015 1013/1013
f 1018/1018 1015/1015 1016/1016
f 1018/1018 1017/1017 1015/1015
f 1020/1020 1017/1017 1018/1018
f 1020/1020 1019/1019 1017/1017
f 1022/1022 1019/1019 1020/1020
f 1022/1022 1021/1021 1019/1019
f 1024/1024 1021/1021 1022/1022
f 1024/1024 1023/1023 1021/1021
f 1026/1026 1023/1023 1024/1024
f 1026/1026 1025/1025 1023/1023
f 1028/1028 1025/1025 1026/1026
f 1028/1028 1027/1027 1025/1025
f 1030/1030 1027/1027 1028/1028
f 1030/1030 1029/1029 1027/1027
f 1032/1032 1029/1029 1030/1030
f 1032/1032 1031/1031 1029/1029
f 1034/1034 1031/1031 1032/1032
f 1034/1034 1033/1033 1031/1031
f 1036/1036 1033/1033 1034/1034
f 1036/1036 1035/1035 1033/1033
f 1038/1038 1035/1035 1036/1036
f 1038/1038 1037/1037 1035/1035
f 1040/1040 1037/1037 1038/1038
f 1040/1040 1039/1039 1037/1037
f 1042/1042 1039/1039 1040/1040
f 1042/1042 1041/1041 1039/1039
f 1044/1044 1041/1041 1042/1042
f 1044/1044 1043/1043 1041/1041
f 1046/1046 1043/1043 1044/1044
f 1046/1046 1045/1045 1043/1043
f 1048/1048 1045/1045 1046/1046
f 1048/1048 1047/1047 1045/1045
f 1050/1050 1047/1047 1048/1048
f 1050/1050 1049/1049 1047/1047
f 1052/1052 1049/1049 1050/1050
f 1052/1052 1051/1051 1049/1049
f 1054/1054 1051/1051 1052/1052
f 1054/1054 1053/1053 1051/1051
f 1056/1056 1053/1053 1054/1054
f 1056/1056 1055/1055 1053/1053
f 1058/1058 1055/1055 1056/1056
f 1058/1058 1057/1057 1055/1055
f 1060/1060 1057/1057 1058/1058
f 1060/1060 1059/1059 1057/1057
f 1062/1062 1059/1059 1060/1060
f 1062/1062 1061/1061 1059/1059
f 1064/1064 1061/1061 1062/1062
f 1064/1064 1063/1063 1061/1061
f 1066/1066 1063/1063 1064/1064
f 1066/1066 1065/1065 1063/1063
f 1068/1068 1065/1065 1066/1066
f 1068/1068 1067/1067 1065/1065
f 1070/1070 1067/1067 1068/1068
f 1070/1070 1069/1069 1067/1067
f 1072/1072 1069/1069 1070/1070
f 1072/1072 1071/1071 1069/1069
f 1074/1074 1071/1071 1072/1072
f 1074/1074 1073/1073 1071/1071
f 1076/1076 1073/1073 1074/1074
f 1076/1076 1075/1075 1073/1073
f 1078/1078 1075/1075 1076/1076
f 1078/1078 1077/1077 1075/1075
f 1080/1080 1077/1077 1078/1078
f 1080/1080 1079/1079 1077/1077
f 1082/1082 1079/1079 1080/1080
f 1082/1082 1081/1081 1079/1079
f 1084/1084 1081/1081 1082/1082
f 1084/1084 1083/1083 1081/1081
f 1086/1086 1083/1083 1084/1084
f 1086/1086 1085/1085 1083/1083
f 1088/1088 1085/1085 1086/1086
f 1088/1088 1087/1087 1085/1085
f 1090/1090 1087/1087 1088/1088
f 1090/1090 1089/1089 1087/1087
f 1092/1092 1089/1089 1090/1090
f 1092/1092 1091/1091 1089/1089
f 1094/1094 1091/1091 1092/1092
f 1094/1094 1093/1093 1091/1091
f 1096/1096 1093/1093 1094/1094
f 1096/1096 1095/1095 1093/1093
f 1098/1098 1095/1095 1096/1096
f 1098/1098 1097/1097 1095/1095
f 1100/1100 1097/1097 1098/1098
f 1100/1100 1099/1099 1097/1097
f 1102/1102 1099/1099 1100/1100
f 1102/1102 1101/1101 1099/1099
f 1104/1104 1101/1101 1102/1102
f 1104/1104 1103/1103 1101/1101
f 1106/1106 1103/1103 1104/1104
f 1106/1106 1105/1105 1103/1103
f 1108/1108 1105/1105 1106/1106
f 1108/1108 1107/1107 1105/1105
f 1110/1110 1107/1107 1108/1108
f 1110/1110 1109/1109 1107/1107
f 1112/1112 1109/1109 1110/1110
f 1112/1112 1111/1111 1109/1109
f 1114/1114 1111/1111 1112/1112
f 1114/1114 1113/1113 1111/1111
f 1116/1116 1113/1113 1114/1114
f 1116/1116 1115/1115 1113/1113
f 1118/1118 1115/1115 1116/1116
f 1118/1118 1117/1117 1115/1115
f 1120/1120 1117/1117 1118/1118
f 1120/1120 1119/1119 1117/1117
f 1122/1122 1119/1119 1120/1120
f 1122/1122 1121/1121 1119/1119
f 1124/1124 1121/1121 1122/1122
f 1124/1124 1123/1123 1121/1121
f 1126/1126 1123/1123 1124/1124
f 1126/1126 1125/1125 1123/1123
f 1128/1128 1125/1125 1126/1126
f 1128/1128 1127/1127 1125/1125
f 1130/1130 1127/1127 1128/1128
f 1130/1130 1129/1129 1127/1127
f 1132/1132 1129/1129 1130/1130
f 1132/1132 1131/1131 1129/1129
f 1134/1134 1131/1131 1132/1132
f 1134/1134 1133/1133 1131/1131
f 1136/1136 1133/1133 1134/1134
f 1136/1136 1135/1135 1133/1133
f 1138/1138 1135/1135 1136/1136
f 1138/1138 1137/1137 1135/1135
f 1140/1140 1137/1137 1138/1138
f 1140/1140 1139/1139 1137/1137
f 1142/1142 1139/1139 1140/1140
f 1142/1142 1141/1141 1139/1139
f 1144/1144 1141/1141 1142/1142
f 1144/1144 1143/1143 1141/1141
f 1146/1146 1143/1143 1144/1144
f 1146/1146 1145/1145 1143/1143
f 1148/1148 1145/1145 1146/1146
f 1148/1148 1147/1147 1145/1145
f 1150/1150 1147/1147 1148/1148
f 1150/1150 1149/1149 1147/1147
f 1152/1152 1149/1149 1150/1150
f 1152/1152 1151/1151 1149/1149
f 1154/1154 1151/1151 1152/1152
f 1154/1154 1153/1153 1151/1151
f 1156/1156 1153/1153 1154/1154
f 1156/1156 1155/1155 1153/1153
f 1158/1158 1155/1155 1156/1156
f 1158/1158 1157/1157 1155/1155
f 1160/1160 1157/1157 1158/1158
f 1160/1160 1159/1159 1157/1157
f 1162/1162 1159/1159 1160/1160
f 1162/1162 1161/1161 1159/1159
f 1164/1164 1161/1161 1162/1162
f 1164/1164 1163/1163 1161/1161
f 1166/1166 1163/1163 1164/1164
f 1166/1166 1165/1165 1163/1163
f 1168/1168 1165/1165 1166/1166
f 1168/1168 1167/1167 1165/1165
f 1170/1170 1167/1167 1168/1168
f 1170/1170 1169/1169 1167/1167
f 1172/1172 1169/1169 1170/1170
f 1172/1172 1171/1171 1169/1169
f 1174/1174 1171/1171 1172/1172
f 1174/1174 1173/1173 1171/1171
f 1176/1176 1173/1173 1174/1174
f 1176/1176 1175/1175 1173/1173
f 1178/1178 1175/1175 1176/1176
f 1178/1178 1177/1177 1175/1175
f 1180/1180 1177/1177 1178/1178
f 1180/1180 1179/1179 1177/1177
f 1182/1182 1179/1179 1180/1180
f 1182/1182 1181/1181 1179/1179
f 1184/1184 1181/1181 1182/1182
f 1184/1184 1183/1183 1181/1181
f 1186/1186 1183/1183 1184/1184
f 1186/1186 1185/1185 1183/1183
f 1188/1188 1185/1185 1186/1186
f 1188/1188 1187/1187 1185/1185
f 1190/1190 1187/1187 1188/1188
f 1190/1190 1189/1189 1187/1187
f 1192/1192 1189/1189 1190/1190
f 1192/1192 1191/1191 1189/1189
f 1194/1194 1191/1191 1192/1192
f 1194/1194 1193/1193 1191/1191
f 1196/1196 1193/1193 1194/1194
f 1196/1196 1195/1195 1193/1193
f 1198/1198 1195/1195 1196/1196
f 1198/1198 1197/1197 1195/1195
f 1200/1200 1197/1197 1198/1198
f 1200/1200 1199/1199 1197/1197
f 1202/1202 1199/1199 1200/1200
f 1202/1202 1201/1201 1199/1199
f 1204/1204 1201/1201 1202/1202
f 1204/1204 1203/1203 1201/1201
f 1206/1206 1203/1203 1204/1204
f 1206/1206 1205/1205 1203/1203
f 1208/1208 1205/1205 1206/1206
f 1208/1208 1207/1207 1205/1205
f 1210/1210 1207/1207 1208/1208
f 1210/1210 1209/1209 1207/1207
f 1212/1212 1209/1209 1210/1210
f 1212/1212 1211/1211 1209/1209
f 1214/1214 1211/1211 1212/1212
f 1214/1214 1213/1213 1211/1211
f 1216/1216 1213/1213 1214/1214
f 1216/1216 1215/1215 1213/1213
f 1218/1218 1215/1215 1216/1216
f 1218/1218 1217/1217 1215/1215
f 1220/1220 1217/1217 1218/1218
f 1220/1220 1219/1219 1217/1217
f 1222/1222 1219/1219 1220/1220
f 1222/1222 1221/1221 1219/1219
f 1224/1224 1221/1221 1222/1222
f 1224/1224 1223/1223 1221/1221
f 1226/1226 1223/1223 1224/1224
f 1226/1226 1225/1225 1223/1223
f 1228/1228 1225/1225 1226/1226
f 1228/1228 1227/1227 1225/1225
f 1230/1230 1227/1227 1228/1228
f 1230/1230 1229/1229 1227/1227
f 1232/1232 1229/1229 1230/1230
f 1232/1232 1231/1231 1229/1229
f 1234/1234 1231/1231 1232/1232
f 1234/1234 1233/1233 1231/1231
f 1236/1236 1233/1233 1234/1234
f 1236/1236 1235/1235 1233/1233
f 1238/1238 1235/1235 1236/1236
f 1238/1238 1237/1237 1235/1235
f 1240/1240 1237/1237 1238/1238
f 1240/1240 1239/1239 1237/1237
f 1242/1242 1239/1239 1240/1240
f 1242/1242 1241/1241 1239/1239
f 1244/1244 1241/1241 1242/1242
f 1244/1244 1243/1243 1241/1241
f 1246/1246 1243/1243 1244/1244
f 1246/1246 1245/1245 1243/1243
f 1248/1248 1245/1245 1246/1246
f 1248/1248 1247/1247 1245/1245
f 1250/1250 1247/1247 1248/1248
f 1250/1250 1249/1249 1247/1247
f 1252/1252 1249/1249 1250/1250
f 1252/1252 1251/1251 1249/1249
f 1254/1254 1251/1251 1252/1252
f 1254/1254 1253/1253 1251/1251
f 1256/1256 1253/1253 1254/1254
f 1256/1256 1255/1255 1253/1253
f 1258/1258 1255/1255 1256/1256
f 1258/1258 1257/1257 1255/1255
f 1260/1260 1257/1257 1258/1258
f 1260/1260 1259/1259 1257/1257
f 1262/1262 1259/1259 1260/1260
f 1262/1262 1261/1261 1259/1259
f 1264/1264 1261/1261 1262/1262
f 1264/1264 1263/1263 1261/1261
f 1266/1266 1263/1263 1264/1264
f 1266/1266 1265/1265 1263/1263
f 1268/1268 1265/1265 1266/1266
f 1268/1268 1267/1267 1265/1265
f 1270/1270 1267/1267 1268/1268
f 1270/1270 1269/1269 1267/1267
f 1272/1272 1269/1269 1270/1270
f 1272/1272 1271/1271 1269/1269
f 1274/1274 1271/1271 1272/1272
f 1274/1274 1273/1273 1271/1271
f 1276/1276 1273/1273 1274/1274
f 1276/1276 1275/1275 1273/1273
f 1278/1278 1275/1275 1276/1276
f 1278/1278 1277/1277 1275/1275
f 1280/1280 1277/1277 1278/1278
f 1280/1280 1279/1279 1277/1277
f 1282/1282 1279/1279 1280/1280
f 1282/1282 1281/1281 1279/1279
f 1284/1284 1281/1281 1282/1282
f 1284/1284 1283/1283 1281/1281
f 1286/1286 1283/1283 1284/1284
f 1286/1286 1285/1285 1283/1283
f 1288/1288 1285/1285 1286/1286
f 1288/1288 1287/1287 1285/1285
f 1290/1290 1287/1287 1288/1288
f 1290/1290 1289/1289 1287/1287
f 1292/1292 1289/1289 1290/1290
f 1292/1292 1291/1291 1289/1289
f 1294/1294 1291/1291 1292/1292
f 1294/1294 1293/1293 1291/1291
f 1296/1296 1293/1293 1294/1294
f 1296/1296 1295/1295 1293/1293
f 1298/1298 1295/1295 1296/1296
f 1298/1298 1297/1297 1295/1295
f 1300/1300 1297/1297 1298/1298
f 1300/1300 1299/1299 1297/1297
f 1302/1302 1299/1299 1300/1300
f 1302/1302 1301/1301 1299/1299
f 1304/1304 1301/1301 1302/1302
f 1304/1304 1303/1303 1301/1301
f 1306/1306 1303/1303 1304/1304
f 1306/1306 1305/1305 1303/1303
f 1308/1308 1305/1305 1306/1306
f 1308/1308 1307/1307 1305/1305
f 1310/1310 1307/1307 1308/1308
f 1310/1310 1309/1309 1307/1307
f 1312/1312 1309/1309 1310/1310
f 1312/1312 1311/1311 1309/1309
f 1314/1314 1311/1311 1312/1312
f 1314/1314 1313/1313 1311/1311
f 1316/1316 1313/1313 1314/1314
f 1316/1316 1315/1315 1313/1313
f 1318/1318 1315/1315 1316/1316
f 1318/1318 1317/1317 1315/1315
f 1320/1320 1317/1317 1318/1318
f 1320/1320 1319/1319 1317/1317
f 1322/1322 1319/1319 1320/1320
f 1322/1322 1321/1321 1319/1319
f 1324/1324 1321/1321 1322/1322
f 1324/1324 1323/1323 1321/1321
f 1326/1326 1323/1323 1324/1324
f 1326/1326 1325/1325 1323/1323
f 1328/1328 1325/1325 1326/1326
f 1328/1328 1327/1327 1325/1325
f 1330/1330 1327/1327 1328/1328
f 1330/1330 1329/1329 1327/1327
f 1332/1332 1329/1329 1330/1330
f 1332/1332 1331/1331 1329/1329
f 1334/1334 1331/1331 1332/1332
f 1334/1334 1333/1333 1331/1331
f 1336/1336 1333/1333 1334/1334
f 1336/1336 1335/1335 1333/1333
f 1338/1338 1335/1335 1336/1336
f 1338/1338 1337/1337 1335/1335
f 1340/1340 1337/1337 1338/1338
f 1340/1340 1339/1339 1337/1337
f 1342/1342 1339/1339 1340/1340
f 1342/1342 1341/1341 1339/1339
f 1344/1344 1341/1341 1342/1342
f 1344/1344 1343/1343 1341/1341
f 1346/1346 1343/1343 1344/1344
f 1346/1346 1345/1345 1343/1343
f 1348/1348 1345/1345 1346/1346
f 1348/1348 1347/1347 1345/1345
f 1350/1350 1347/1347 1348/1348
f 1350/1350 1349/1349 1347/1347
f 1352/1352 1349/1349 1350/1350
f 1352/1352 1351/1351 1349/1349
f 1354/1354 1351/1351 1352/1352
f 1354/1354 1353/1353 1351/1351
f 1356/1356 1353/1353 1354/1354
f 1356/1356 1355/1355 1353/1353
f 1358/1358 1355/1355 1356/1356
f 1358/1358 1357/1357 1355/1355
f 1360/1360 1357/1357 1358/1358
f 1360/1360 1359/1359 1357/1357
f 1362/1362 1359/1359 1360/1360
f 1362/1362 1361/1361 1359/1359
f 1364/1364 1361/1361 1362/1362
f 1364/1364 1363/1363 1361/1361
f 1366/1366 1363/1363 1364/1364
f 1366/1366 1365/1365 1363/1363
f 1368/1368 1365/1365 1366/1366
f 1368/1368 1367/1367 1365/1365
f 1370/1370 1367/1367 1368/1368
f 1370/1370 1369/1369 1367/1367
f 1372/1372 1369/1369 1370/1370
f 1372/1372 1371/1371 1369/1369
f 1374/1374 1371/1371 1372/1372
f 1374/1374 1373/1373 1371/1371
f 1376/1376 1373/1373 1374/1374
f 1376/1376 1375/1375 1373/1373
f 1378/1378 1375/1375 1376/1376
f 1378/1378 1377/1377 1375/1375
f 1380/1380 1377/1377 1378/1378
f 1380/1380 1379/1379 1377/1377
f 1382/1382 1379/1379 1380/1380
f 1382/1382 1381/1381 1379/1379
f 1384/1384 1381/1381 1382/1382
f 1384/1384 1383/1383 1381/1381
f 1386/1386 1383/1383 1384/1384
f 1386/1386 1385/1385 1383/1383
f 1388/1388 1385/1385 1386/1386
f 1388/1388 1387/1387 1385/1385
f 1390/1390 1387/1387 1388/1388
f 1390/1390 1389/1389 1387/1387
f 1392/1392 1389/1389 1390/1390
f 1392/1392 1391/1391 1389/1389
f 1394/1394 1391/1391 1392/1392
f 1394/1394 1393/1393 1391/1391
f 1396/1396 1393/1393 1394/1394
f 1396/1396 1395/1395 1393/1393
f 1398/1398 1395/1395 1396/1396
f 1398/1398 1397/1397 1395/1395
f 1400/1400 1397/1397 1398/1398
f 1400/1400 1399/1399 1397/1397
f 1402/1402 1399/1399 1400/1400
f 1402/1402 1401/1401 1399/1399
f 1404/1404 1401/1401 1402/1402
f 1404/1404 1403/1403 1401/1401
f 1406/1406 1403/1403 1404/1404
f 1406/1406 1405/1405 1403/1403
f 1408/1408 1405/1405 1406/1406
f 1408/1408 1407/1407 1405/1405
f 1410/1410 1407/1407 1408/1408
f 1410/1410 1409/1409 1407/1407
f 1412/1412 1409/1409 1410/1410
f 1412/1412 1411/1411 1409/1409
f 1414/1414 1411/1411 1412/1412
f 1414/1414 1413/1413 1411/1411
f 1416/1416 1413/1413 1414/1414
f 1416/1416 1415/1415 1413/1413
f 1418/1418 1415/1415 1416/1416
f 1418/1418 1417/1417 1415/1415
f 1420/1420 1417/1417 1418/1418
f 1420/1420 1419/1419 1417/1417
f 1422/1422 1419/1419 1420/1420
f 1422/1422 1421/1421 1419/1419
f 1424/1424 1421/1421 1422/1422
f 1424/1424 1423/1423 1421/1421
f 1426/1426 1423/1423 1424/1424
f 1426/1426 1425/1425 1423/1423
f 1428/1428 1425/1425 1426/1426
f 1428/1428 1427/1427 1425/1425
f 1430/1430 1427/1427 1428/1428
f 1430/1430 1429/1429 1427/1427
f 1432/1432 1429/1429 1430/1430
f 1432/1432 1431/1431 1429/1429
f 1434/1434 1431/1431 1432/1432
f 1434/1434 1433/1433 1431/1431
f 1436/1436 1433/1433 1434/1434
f 1436/1436 1435/1435 1433/1433
f 1438/1438 1435/1435 1436/1436
f 1438/1438 1437/1437 1435/1435
f 1440/1440 1437/1437 1438/1438
f 1440/1440 1439/1439 1437/1437
f 1442/1442 1439/1439 1440/1440
f 1442/1442 1441/1441 1439/1439
f 1444/1444 1441/1441 1442/1442
f 1444/1444 1443/1443 1441/1441
f 1446/1446 1443/1443 1444/1444
f 1446/1446 1445/1445 1443/1443
f 1448/1448 1445/1445 1446/1446
f 1448/1448 1447/1447 1445/1445
f 1450/1450 1447/1447 1448/1448
f 1450/1450 1449/1449 1447/1447
f 1452/1452 1449/1449 1450/1450
f 1452/1452 1451/1451 1449/1449
f 1454/1454 1451/1451 1452/1452
f 1454/1454 1453/1453 1451/1451
f 1456/1456 1453/1453 1454/1454
f 1456/1456 1455/1455 1453/1453
f 1458/1458 1455/1455 1456/1456
f 1458/1458 1457/1457 1455/1455
f 1460/1460 1457/1457 1458/1458
f 1460/1460 1459/1459 1457/1457
f 1462/1462 1459/1459 1460/1460
f 1462/1462 1461/1461 1459/1459
f 1464/1464 1461/1461 1462/1462
f 1464/1464 1463/1463 1461/1461
f 1466/1466 1463/1463 1464/1464
f 1466/1466 1465/1465 1463/1463
f 1468/1468 1465/1465 1466/1466
f 1468/1468 1467/1467 1465/1465
f 1470/1470 1467/1467 1468/1468
f 1470/1470 1469/1469 1467/1467
f 1472/1472 1469/1469 1470/1470
f 1472/1472 1471/1471 1469/1469
f 1474/1474 1471/1471 1472/1472
f 1474/1474 1473/1473 1471/1471
f 1476/1476 1473/1473 1474/1474
f 1476/1476 1475/1475 1473/1473
f 1478/1478 1475/1475 1476/1476
f 1478/1478 1477/1477 1475/1475
f 1480/1480 1477/1477 1478/1478
f 1480/1480 1479/1479 1477/1477
f 1482/1482 1479/1479 1480/1480
f 1482/1482 1481/1481 1479/1479
f 1484/1484 1481/1481 1482/1482
f 1484/1484 1483/1483 1481/1481
f 1486/1486 1483/1483 1484/1484
f 1486/1486 1485/1485 1483/1483
f 1488/1488 1485/1485 1486/1486
f 1488/1488 1487/1487 1485/1485
f 1490/1490 1487/1487 1488/1488
f 1490/1490 1489/1489 1487/1487
f 1492/1492 1489/1489 1490/1490
f 1492/1492 1491/1491 1489/1489
f 1494/1494 1491/1491 1492/1492
f 1494/1494 1493/1493 1491/1491
f 1496/1496 1493/1493 1494/1494
f 1496/1496 1495/1495 1493/1493
f 1498/1498 1495/1495 1496/1496
f 1498/1498 1497/1497 1495/1495
f 1500/1500 1497/1497 1498/1498
f 1500/1500 1499/1499 1497/1497
f 1502/1502 1499/1499 1500/1500
f 1502/1502 1501/1501 1499/1499
f 1504/1504 1501/1501 1502/1502
f 1504/1504 1503/1503 1501/1501
f 1506/1506 1503/1503 1504/1504
f 1506/1506 1505/1505 1503/1503
f 1508/1508 1505/1505 1506/1506
f 1508/1508 1507/1507 1505/1505
f 1510/1510 1507/1507 1508/1508
f 1510/1510 1509/1509 1507/1507
f 1512/1512 1509/1509 1510/1510
f 1512/1512 1511/1511 1509/1509
f 1514/1514 1511/1511 1512/1512
f 1514/1514 1513/1513 1511/1511
f 1516/1516 1513/1513 1514/1514
f 1516/1516 1515/1515 1513/1513
f 1518/1518 1515/1515 1516/1516
f 1518/1518 1517/1517 1515/1515
f 1520/1520 1517/1517 1518/1518
f 1520/1520 1519/1519 1517/1517
f 1522/1522 1519/1519 1520/1520
f 1522/1522 1521/1521 1519/1519
f 1524/1524 1521/1521 1522/1522
f 1524/1524 1523/1523 1521/1521
f 1526/1526 1523/1523 1524/1524
f 1526/1526 1525/1525 1523/1523
f 1528/1528 1525/1525 1526/1526
f 1528/1528 1527/1527 1525/1525
f 1530/1530 1527/1527 1528/1528
f 1530/1530 1529/1529 1527/1527
f 1532/1532 1529/1529 1530/1530
f 1532/1532 1531/1531 1529/1529
f 1534/1534 1531/1531 1532/1532
f 1534/1534 1533/1533 1531/1531
f 1536/1536 1533/1533 1534/1534
f 1536/1536 1535/1535 1533/1533
f 1538/1538 1535/1535 1536/1536
f 1538/1538 1537/1537 1535/1535
f 1540/1540 1537/1537 1538/1538
f 1540/1540 1539/1539 1537/1537
f 1542/1542 1539/1539 1540/1540
f 1542/1542 1541/1541 1539/1539
f 1544/1544 1541/1541 1542/1542
f 1544/1544 1543/1543 1541/1541
f 1546/1546 1543/1543 1544/1544
f 1546/1546 1545/1545 1543/1543
f 1548/1548 1545/1545 1546/1546
f 1548/1548 1547/1547 1545/1545
f 1550/1550 1547/1547 1548/1548
f 1550/1550 1549/1549 1547/1547
f 1552/1552 1549/1549 1550/1550
f 1552/1552 1551/1551 1549/1549
f 1554/1554 1551/1551 1552/1552
f 1554/1554 1553/1553 1551/1551
f 1556/1556 1553/1553 1554/1554
f 1556/1556 1555/1555 1553/1553
f 1558/1558 1555/1555 1556/1556
f 1558/1558 1557/1557 1555/1555
f 1560/1560 1557/1557 1558/1558
f 1560/1560 1559/1559 1557/1557
f 1562/1562 1559/1559 1560/1560
f 1562/1562 1561/1561 1559/1559
f 1564/1564 1561/1561 1562/1562
f 1564/1564 1563/1563 1561/1561
f 1566/1566 1563/1563 1564/1564
f 1566/1566 1565/1565 1563/1563
f 1568/1568 1565/1565 1566/1566
f 1568/1568 1567/1567 1565/1565
f 1570/1570 1567/1567 1568/1568
f 1570/1570 1569/1569 1567/1567
f 1572/1572 1569/1569 1570/1570
f 1572/1572 1571/1571 1569/1569
f 1574/1574 1571/1571 1572/1572
f 1574/1574 1573/1573 1571/1571
f 1576/1576 1573/1573 1574/1574
f 1576/1576 1575/1575 1573/1573
f 1578/1578 1575/1575 1576/1576
f 1578/1578 1577/1577 1575/1575
f 1580/1580 1577/1577 1578/1578
f 1580/1580 1579/1579 1577/1577
f 1582/1582 1579/1579 1580/1580
f 1582/1582 1581/1581 1579/1579
f 1584/1584 1581/1581 1582/1582
f 1584/1584 1583/1583 1581/1581
f 1586/1586 1583/1583 1584/1584
f 1586/1586 1585/1585 1583/1583
f 1588/1588 1585/1585 1586/1586
f 1588/1588 1587/1587 1585/1585
f 1590/1590 1587/1587 1588/1588
f 1590/1590 1589/1589 1587/1587
f 1592/1592 1589/1589 1590/1590
f 1592/1592 1591/1591 1589/1589
f 1594/1594 1591/1591 1592/1592
f 1594/1594 1593/1593 1591/1591
f 1596/1596 1593/1593 1594/1594
f 1596/1596 1595/1595 1593/1593
f 1598/1598 1595/1595 1596/1596
f 1598/1598 1597/1597 1595/1595
f 1600/1600 1597/1597 1598/1598
f 1600/1600 1599/1599 1597/1597
f 1602/1602 1599/1599 1600/1600
f 1602/1602 1601/1601 1599/1599
f 1604/1604 1601/1601 1602/1602
f 1604/1604 1603/1603 1601/1601
f 1606/1606 1603/1603 1604/1604
f 1606/1606 1605/1605 1603/1603
f 1608/1608 1605/1605 1606/1606
f 1608/1608 1607/1607 1605/1605
f 1610/1610 1607/1607 1608/1608
f 1610/1610 1609/1609 1607/1607
f 1612/1612 1609/1609 1610/1610
f 1612/1612 1611/1611 1609/1609
f 1614/1614 1611/1611 1612/1612
f 1614/1614 1613/1613 1611/1611
f 1616/1616 1613/1613 1614/1614
f 1616/1616 1615/1615 1613/1613
f 1618/1618 1615/1615 1616/1616
f 1618/1618 1617/1617 1615/1615
f 1620/1620 1617/1617 1618/1618
f 1620/1620 1619/1619 1617/1617
f 1622/1622 1619/1619 1620/1620
f 1622/1622 1621/1621 1619/1619
f 1624/1624 1621/1621 1622/1622
f 1624/1624 1623/1623 1621/1621
f 1626/1626 1623/1623 1624/1624
f 1626/1626 1625/1625 1623/1623
f 1628/1628 1625/1625 1626/1626
f 1628/1628 1627/1627 1625/1625
f 1630/1630 1627/1627 1628/1628
f 1630/1630 1629/1629 1627/1627
f 1632/1632 1629/1629 1630/1630
f 1632/1632 1631/1631 1629/1629
f 1634/1634 1631/1631 1632/1632
f 1634/1634 1633/1633 1631/1631
f 1636/1636 1633/1633 1634/1634
f 1636/1636 1635/1635 1633/1633
f 1638/1638 1635/1635 1636/1636
f 1638/1638 1637/1637 1635/1635
f 1640/1640 1637/1637 1638/1638
f 1640/1640 1639/1639 1637/1637
f 1642/1642 1639/1639 1640/1640
f 1642/1642 1641/1641 1639/1639
f 1644/1644 1641/1641 1642/1642
f 1644/1644 1643/1643 1641/1641
f 1646/1646 1643/1643 1644/1644
f 1646/1646 1645/1645 1643/1643
f 1648/1648 1645/1645 1646/1646
f 1648/1648 1647/1647 1645/1645
f 1650/1650 1647/1647 1648/1648
f 1650/1650 1649/1649 1647/1647
f 1652/1652 1649/1649 1650/1650
f 1652/1652 1651/1651 1649/1649
f 1654/1654 1651/1651 1652/1652
f 1654/1654 1653/1653 1651/1651
f 1656/1656 1653/1653 1654/1654
f 1656/1656 1655/1655 1653/1653
f 1658/1658 1655/1655 1656/1656
f 1658/1658 1657/1657 1655/1655
f 1660/1660 1657/1657 1658/1658
f 1660/1660 1659/1659 1657/1657
f 1662/1662 1659/1659 1660/1660
f 1662/1662 1661/1661 1659/1659
f 1664/1664 1661/1661 1662/1662
f 1664/1664 1663/1663 1661/1661
f 1666/1666 1663/1663 1664/1664
f 1666/1666 1665/1665 1663/1663
f 1668/1668 1665/1665 1666/1666
f 1668/1668 1667/1667 1665/1665
f 1670/1670 1667/1667 1668/1668
f 1670/1670 1669/1669 1667/1667
f 1672/1672 1669/1669 1670/1670
f 1672/1672 1671/1671 1669/1669
f 1674/1674 1671/1671 1672/1672
f 1674/1674 1673/1673 1671/1671
f 1676/1676 1673/1673 1674/1674
f 1676/1676 1675/1675 1673/1673
f 1678/1678 1675/1675 1676/1676
f 1678/1678 1677/1677 1675/1675
f 1680/1680 1677/1677 1678/1678
f 1680/1680 1679/1679 1677/1677
f 1682/1682 1679/1679 1680/1680
f 1682/1682 1681/1681 1679/1679
f 1684/1684 1681/1681 1682/1682
f 1684/1684 1683/1683 1681/1681
f 1686/1686 1683/1683 1684/1684
f 1686/1686 1685/1685 1683/1683
f 1688/1688 1685/1685 1686/1686
f 1688/1688 1687/1687 1685/1685
f 1690/1690 1687/1687 1688/1688
f 1690/1690 1689/1689 1687/1687
f 1692/1692 1689/1689 1690/1690
f 1692/1692 1691/1691 1689/1689
f 1694/1694 1691/1691 1692/1692
f 1694/1694 1693/1693 1691/1691
f 1696/1696 1693/1693 1694/1694
f 1696/1696 1695/1695 1693/1693
f 1698/1698 1695/1695 1696/1696
f 1698/1698 1697/1697 1695/1695
f 1700/1700 1697/1697 1698/1698
f 1700/1700 1699/1699 1697/1697
f 1702/1702 1699/1699 1700/1700
f 1702/1702 1701/1701 1699/1699
f 1704/1704 1701/1701 1702/1702
f 1704/1704 1703/1703 1701/1701
f 1706/1706 1703/1703 1704/1704
f 1706/1706 1705/1705 1703/1703
f 1708/1708 1705/1705 1706/1706
f 1708/1708 1707/1707 1705/1705
f 1710/1710 1707/1707 1708/1708
f 1710/1710 1709/1709 1707/1707
f 1712/1712 1709/1709 1710/1710
f 1712/1712 1711/1711 1709/1709
f 1714/1714 1711/1711 1712/1712
f 1714/1714 1713/1713 1711/1711
f 1716/1716 1713/1713 1714/1714
f 1716/1716 1715/1715 1713/1713
f 1718/1718 1715/1715 1716/1716
f 1718/1718 1717/1717 1715/1715
f 1720/1720 1717/1717 1718/1718
f 1720/1720 1719/1719 1717/1717
f 1722/1722 1719/1719 1720/1720
f 1722/1722 1721/1721 1719/1719
f 1724/1724 1721/1721 1722/1722
f 1724/1724 1723/1723 1721/1721
f 1726/1726 1723/1723 1724/1724
f 1726/1726 1725/1725 1723/1723
f 1728/1728 1725/1725 1726/1726
f 1728/1728 1727/1727 1725/1725
f 1730/1730 1727/1727 1728/1728
f 1730/1730 1729/1729 1727/1727
f 1732/1732 1729/1729 1730/1730
f 1732/1732 1731/1731 1729/1729
f 1734/1734 1731/1731 1732/1732
f 1734/1734 1733/1733 1731/1731
f 1736/1736 1733/1733 1734/1734
f 1736/1736 1735/1735 1733/1733
f 1738/1738 1735/1735 1736/1736
f 1738/1738 1737/1737 1735/1735
f 1740/1740 1737/1737 1738/1738
f 1740/1740 1739/1739 1737/1737
f 1742/1742 1739/1739 1740/1740
f 1742/1742 1741/1741 1739/1739
f 1744/1744 1741/1741 1742/1742
f 1744/1744 1743/1743 1741/1741
f 1746/1746 1743/1743 1744/1744
f 1746/1746 1745/1745 1743/1743
f 1748/1748 1745/1745 1746/1746
f 1748/1748 1747/1747 1745/1745
f 1750/1750 1747/1747 1748/1748
f 1750/1750 1749/1749 1747/1747
f 1752/1752 1749/1749 1750/1750
f 1752/1752 1751/1751 1749/1749
f 1754/1754 1751/1751 1752/1752
f 1754/1754 1753/1753 1751/1751
f 1756/1756 1753/1753 1754/1754
f 1756/1756 1755/1755 1753/1753
f 1758/1758 1755/1755 1756/1756
f 1758/1758 1757/1757 1755/1755
f 1760/1760 1757/1757 1758/1758
f 1760/1760 1759/1759 1757/1757
f 1762/1762 1759/1759 1760/1760
f 1762/1762 1761/1761 1759/1759
f 1764/1764 1761/1761 1762/1762
f 1764/1764 1763/1763 1761/1761
f 1766/1766 1763/1763 1764/1764
f 1766/1766 1765/1765 1763/1763
f 1768/1768 1765/1765 1766/1766
f 1768/1768 1767/1767 1765/1765
f 1770/1770 1767/1767 1768/1768
f 1770/1770 1769/1769 1767/1767
f 1772/1772 1769/1769 1770/1770
f 1772/1772 1771/1771 1769/1769
f 1774/1774 1771/1771 1772/1772
f 1774/1774 1773/1773 1771/1771
f 1776/1776 1773/1773 1774/1774
f 1776/1776 1775/1775 1773/1773
f 1778/1778 1775/1775 1776/1776
f 1778/1778 1777/1777 1775/1775
f 1780/1780 1777/1777 1778/1778
f 1780/1780 1779/1779 1777/1777
f 1782/1782 1779/1779 1780/1780
f 1782/1782 1781/1781 1779/1779
f 1784/1784 1781/1781 1782/1782
f 1784/1784 1783/1783 1781/1781
f 1786/1786 1783/1783 1784/1784
f 1786/1786 1785/1785 1783/1783
f 1788/1788 1785/1785 1786/1786
f 1788/1788 1787/1787 1785/1785
f 1790/1790 1787/1787 1788/1788
f 1790/1790 1789/1789 1787/1787
f 1792/1792 1789/1789 1790/1790
f 1792/1792 1791/1791 1789/1789
f 1794/1794 1791/1791 1792/1792
f 1794/1794 1793/1793 1791/1791
f 1796/1796 1793/1793 1794/1794
f 1796/1796 1795/1795 1793/1793
f 1798/1798 1795/1795 1796/1796
f 1798/1798 1797/1797 1795/1795
f 1800/1800 1797/1797 1798/1798
f 1800/1800 1799/1799 1797/1797
f 1802/1802 1799/1799 1800/1800
f 1802/1802 1801/1801 1799/1799
f 1804/1804 1801/1801 1802/1802
f 1804/1804 1803/1803 1801/1801
f 1806/1806 1803/1803 1804/1804
f 1806/1806 1805/1805 1803/1803
f 1808/1808 1805/1805 1806/1806
f 1808/1808 1807/1807 1805/1805
f 1810/1810 1807/1807 1808/1808
f 1810/1810 1809/1809 1807/1807
f 1812/1812 1809/1809 1810/1810
f 1812/1812 1811/1811 1809/1809
f 1814/1814 1811/1811 1812/1812
f 1814/1814 1813/1813 1811/1811
f 1816/1816 1813/1813 1814/1814
f 1816/1816 1815/1815 1813/1813
f 1818/1818 1815/1815 1816/1816
f 1818/1818 1817/1817 1815/1815
f 1820/1820 1817/1817 1818/1818
f 1820/1820 1819/1819 1817/1817
f 1822/1822 1819/1819 1820/1820
f 1822/1822 1821/1821 1819/1819
f 1824/1824 1821/1821 1822/1822
f 1824/1824 1823/1823 1821/1821
f 1826/1826 1823/1823 1824/1824
f 1826/1826 1825/1825 1823/1823
f 1828/1828 1825/1825 1826/1826
f 1828/1828 1827/1827 1825/1825
f 1830/1830 1827/1827 1828/1828
f 1830/1830 1829/1829 1827/1827
f 1832/1832 1829/1829 1830/1830
f 1832/1832 1831/1831 1829/1829
f 1834/1834 1831/1831 1832/1832
f 1834/1834 1833/1833 1831/1831
f 1836/1836 1833/1833 1834/1834
f 1836/1836 1835/1835 1833/1833
f 1838/1838 1835/1835 1836/1836
f 1838/1838 1837/1837 1835/1835
f 1840/1840 1837/1837 1838/1838
f 1840/1840 1839/1839 1837/1837
f 1842/1842 1839/1839 1840/1840
f 1842/1842 1841/1841 1839/1839
f 1844/1844 1841/1841 1842/1842
f 1844/1844 1843/1843 1841/1841
f 1846/1846 1843/1843 1844/1844
f 1846/1846 1845/1845 1843/1843
f 1848/1848 1845/1845 1846/1846
f 1848/1848 1847/1847 1845/1845
f 1850/1850 1847/1847 1848/1848
f 1850/1850 1849/1849 1847/1847
f 1852/1852 1849/1849 1850/1850
f 1852/1852 1851/1851 1849/1849
f 1854/1854 1851/1851 1852/1852
f 1854/1854 1853/1853 1851/1851
f 1856/1856 1853/1853 1854/1854
f 1856/1856 1855/1855 1853/1853
f 1858/1858 1855/1855 1856/1856
f 1858/1858 1857/1857 1855/1855
f 1860/1860 1857/1857 1858/1858
f 1860/1860 1859/1859 1857/1857
f 1862/1862 1859/1859 1860/1860
f 1862/1862 1861/1861 1859/1859
f 1864/1864 1861/1861 1862/1862
f 1864/1864 1863/1863 1861/1861
f 1866/1866 1863/1863 1864/1864
f 1866/1866 1865/1865 1863/1863
f 1868/1868 1865/1865 1866/1866
f 1868/1868 1867/1867 1865/1865
f 1870/1870 1867/1867 1868/1868
f 1870/1870 1869/1869 1867/1867
f 1872/1872 1869/1869 1870/1870
f 1872/1872 1871/1871 1869/1869
f 1874/1874 1871/1871 1872/1872
f 1874/1874 1873/1873 1871/1871
f 1876/1876 1873/1873 1874/1874
f 1876/1876 1875/1875 1873/1873
f 1878/1878 1875/1875 1876/1876
f 1878/1878 1877/1877 1875/1875
f 1880/1880 1877/1877 1878/1878
f 1880/1880 1879/1879 1877/1877
f 1882/1882 1879/1879 1880/1880
f 1882/1882 1881/1881 1879/1879
f 1884/1884 1881/1881 1882/1882
f 1884/1884 1883/1883 1881/1881
f 1886/1886 1883/1883 1884/1884
f 1886/1886 1885/1885 1883/1883
f 1888/1888 1885/1885 1886/1886
f 1888/1888 1887/1887 1885/1885
f 1890/1890 1887/1887 1888/1888
f 1890/1890 1889/1889 1887/1887
f 1892/1892 1889/1889 1890/1890
f 1892/1892 1891/1891 1889/1889
f 1894/1894 1891/1891 1892/1892
f 1894/1894 1893/1893 1891/1891
f 1896/1896 1893/1893 1894/1894
f 1896/1896 1895/1895 1893/1893
f 1898/1898 1895/1895 1896/1896
f 1898/1898 1897/1897 1895/1895
f 1900/1900 1897/1897 1898/1898
f 1900/1900 1899/1899 1897/1897
f 1902/1902 1899/1899 1900/1900
f 1902/1902 1901/1901 1899/1899
f 1904/1904 1901/1901 1902/1902
f 1904/1904 1903/1903 1901/1901
f 1906/1906 1903/1903 1904/1904
f 1906/1906 1905/1905 1903/1903
f 1908/1908 1905/1905 1906/1906
f 1908/1908 1907/1907 1905/1905
f 1910/1910 1907/1907 1908/1908
f 1910/1910 1909/1909 1907/1907
f 1912/1912 1909/1909 1910/1910
f 1912/1912 1911/1911 1909/1909
f 1914/1914 1911/1911 1912/1912
f 1914/1914 1913/1913 1911/1911
f 1916/1916 1913/1913 1914/1914
f 1916/1916 1915/1915 1913/1913
f 1918/1918 1915/1915 1916/1916
f 1918/1918 1917/1917 1915/1915
f 1920/1920 1917/1917 1918/1918
f 1920/1920 1919/1919 1917/1917
f 1922/1922 1919/1919 1920/1920
f 1922/1922 1921/1921 1919/1919
f 1924/1924 1921/1921 1922/1922
f 1924/1924 1923/1923 1921/1921
f 1926/1926 1923/1923 1924/1924
f 1926/1926 1925/1925 1923/1923
f 1928/1928 1925/1925 1926/1926
f 1928/1928 1927/1927 1925/1925
f 1930/1930 1927/1927 1928/1928
f 1930/1930 1929/1929 1927/1927
f 1932/1932 1929/1929 1930/1930
f 1932/1932 1931/1931 1929/1929
f 1934/1934 1931/1931 1932/1932
f 1934/1934 1933/1933 1931/1931
f 1936/1936 1933/1933 1934/1934
f 1936/1936 1935/1935 1933/1933
f 1938/1938 1935/1935 1936/1936
f 1938/1938 1937/1937 1935/1935
f 1940/1940 1937/1937 1938/1938
f 1940/1940 1939/1939 1937/1937
f 1942/1942 1939/1939 1940/1940
f 1942/1942 1941/1941 1939/1939
f 1944/1944 1941/1941 1942/1942
f 1944/1944 1943/1943 1941/1941
f 1946/1946 1943/1943 1944/1944
f 1946/1946 1945/1945 1943/1943
f 1948/1948 1945/1945 1946/1946
f 1948/1948 1947/1947 1945/1945
f 1950/1950 1947/1947 1948/1948
f 1950/1950 1949/1949 1947/1947
f 1952/1952 1949/1949 1950/1950
f 1952/1952 1951/1951 1949/1949
f 1954/1954 1951/1951 1952/1952
f 1954/1954 1953/1953 1951/1951
f 1956/1956 1953/1953 1954/1954
f 1956/1956 1955/1955 1953/1953
f 1958/1958 1955/1955 1956/1956
f 1958/1958 1957/1957 1955/1955
f 1960/1960 1957/1957 1958/1958
f 1960/1960 1959/1959 1957/1957
f 1962/1962 1959/1959 1960/1960
f 1962/1962 1961/1961 1959/1959
f 1964/1964 1961/1961 1962/1962
f 1964/1964 1963/1963 1961/1961
f 1966/1966 1963/1963 1964/1964
f 1966/1966 1965/1965 1963/1963
f 1968/1968 1965/1965 1966/1966
f 1968/1968 1967/1967 1965/1965
f 1970/1970 1967/1967 1968/1968
f 1970/1970 1969/1969 1967/1967
f 1972/1972 1969/1969 1970/1970
f 1972/1972 1971/1971 1969/1969
f 1974/1974 1971/1971 1972/1972
f 1974/1974 1973/1973 1971/1971
f 1976/1976 1973/1973 1974/1974
f 1976/1976 1975/1975 1973/1973
f 1978/1978 1975/1975 1976/1976
f 1978/1978 1977/1977 1975/1975
f 1980/1980 1977/1977 1978/1978
f 1980/1980 1979/1979 1977/1977
f 1982/1982 1979/1979 1980/1980
f 1982/1982 1981/1981 1979/1979
f 1984/1984 1981/1981 1982/1982
f 1984/1984 1983/1983 1981/1981
f 1986/1986 1983/1983 1984/1984
f 1986/1986 1985/1985 1983/1983
f 1988/1988 1985/1985 1986/1986
f 1988/1988 1987/1987 1985/1985
f 1990/1990 1987/1987 1988/1988
f 1990/1990 1989/1989 1987/1987
f 1992/1992 1989/1989 1990/1990
f 1992/1992 1991/1991 1989/1989
f 1994/1994 1991/1991 1992/1992
f 1994/1994 1993/1993 1991/1991
f 1996/1996 1993/1993 1994/1994
f 1996/1996 1995/1995 1993/1993
f 1998/1998 1995/1995 1996/1996
f 1998/1998 1997/1997 1995/1995
f 2000/2000 1997/1997 1998/1998
f 2000/2000 1999/1999 1997/1997
f 2002/2002 1999/1999 2000/2000
f 2002/2002 2001/2001 1999/1999
f 2004/2004 2001/2001 2002/2002
f 2004/2004 2003/2003 2001/2001
f 2006/2006 2003/2003 2004/2004
f 2006/2006 2005/2005 2003/2003
f 2008/2008 2005/2005 2006/2006
f 2008/2008 2007/2007 2005/2005
f 2010/2010 2007/2007 2008/2008
f 2010/2010 2009/2009 2007/2007
f 2012/2012 2009/2009 2010/2010
f 2012/2012 2011/2011 2009/2009
f 2014/2014 2011/2011 2012/2012
f 2014/2014 2013/2013 2011/2011
f 2016/2016 2013/2013 2014/2014
f 2016/2016 2015/2015 2013/2013
f 2018/2018 2015/2015 2016/2016
f 2018/2018 2017/2017 2015/2015
f 2020/2020 2017/2017 2018/2018
f 2020/2020 2019/2019 2017/2017
f 2022/2022 2019/2019 2020/2020
f 2022/2022 2021/2021 2019/2019
f 2024/2024 2021/2021 2022/2022
f 2024/2024 2023/2023 2021/2021
f 2026/2026 2023/2023 2024/2024
f 2026/2026 2025/2025 2023/2023
f 2028/2028 2025/2025 2026/2026
f 2028/2028 2027/2027 2025/2025
f 2030/2030 2027/2027 2028/2028
f 2030/2030 2029/2029 2027/2027
f 2032/2032 2029/2029 2030/2030
f 2032/2032 2031/2031 2029/2029
f 2034/2034 2031/2031 2032/2032
f 2034/2034 2033/2033 2031/2031
f 2036/2036 2033/2033 2034/2034
f 2036/2036 2035/2035 2033/2033
f 2038/2038 2035/2035 2036/2036
f 2038/2038 2037/2037 2035/2035
f 2040/2040 2037/2037 2038/2038
f 2040/2040 2039/2039 2037/2037
f 2042/2042 2039/2039 2040/2040
f 2042/2042 2041/2041 2039/2039
f 2044/2044 2041/2041 2042/2042
f 2044/2044 2043/2043 2041/2041
f 2046/2046 2043/2043 2044/2044
f 2046/2046 2045/2045 2043/2043
f 2048/2048 2045/2045 2046/2046
f 2048/2048 2047/2047 2045/2045
f 2050/2050 2047/2047 2048/2048
f 2050/2050 2049/2049 2047/2047
f 2052/2052 2049/2049 2050/2050
f 2052/2052 2051/2051 2049/2049
f 2054/2054 2051/2051 2052/2052
f 2054/2054 2053/2053 2051/2051
f 2056/2056 2053/2053 2054/2054
f 2056/2056 2055/2055 2053/2053
f 2058/2058 2055/2055 2056/2056
f 2058/2058 2057/2057 2055/2055
f 2060/2060 2057/2057 2058/2058
f 2060/2060 2059/2059 2057/2057
f 2062/2062 2059/2059 2060/2060
f 2062/2062 2061/2061 2059/2059
f 2064/2064 2061/2061 2062/2062
f 2064/2064 2063/2063 2061/2061
f 2066/2066 2063/2063 2064/2064
f 2066/2066 2065/2065 2063/2063
f 2068/2068 2065/2065 2066/2066
f 2068/2068 2067/2067 2065/2065
f 2070/2070 2067/2067 2068/2068
f 2070/2070 2069/2069 2067/2067
f 2072/2072 2069/2069 2070/2070
f 2072/2072 2071/2071 2069/2069
f 2074/2074 2071/2071 2072/2072
f 2074/2074 2073/2073 2071/2071
f 2076/2076 2073/2073 2074/2074
f 2076/2076 2075/2075 2073/2073
f 2078/2078 2075/2075 2076/2076
f 2078/2078 2077/2077 2075/2075
f 2080/2080 2077/2077 2078/2078
f 2080/2080 2079/2079 2077/2077
f 2082/2082 2079/2079 2080/2080
f 2082/2082 2081/2081 2079/2079
f 2084/2084 2081/2081 2082/2082
f 2084/2084 2083/2083 2081/2081
f 2086/2086 2083/2083 2084/2084
f 2086/2086 2085/2085 2083/2083
f 2088/2088 2085/2085 2086/2086
f 2088/2088 2087/2087 2085/2085
f 2090/2090 2087/2087 2088/2088
f 2090/2090 2089/2089 2087/2087
f 2092/2092 2089/2089 2090/2090
f 2092/2092 2091/2091 2089/2089
f 2094/2094 2091/2091 2092/2092
f 2094/2094 2093/2093 2091/2091
f 2096/2096 2093/2093 2094/2094
f 2096/2096 2095/2095 2093/2093
f 2098/2098 2095/2095 2096/2096
f 2098/2098 2097/2097 2095/2095
f 2100/2100 2097/2097 2098/2098
f 2100/2100 2099/2099 2097/2097
f 2102/2102 2099/2099 2100/2100
f 2102/2102 2101/2101 2099/2099
f 2104/2104 2101/2101 2102/2102
f 2104/2104 2103/2103 2101/2101
f 2106/2106 2103/2103 2104/2104
f 2106/2106 2105/2105 2103/2103
f 2108/2108 2105/2105 2106/2106
f 2108/2108 2107/2107 2105/2105
f 2110/2110 2107/2107 2108/2108
f 2110/2110 2109/2109 2107/2107
f 2112/2112 2109/2109 2110/2110
f 2112/2112 2111/2111 2109/2109
f 2114/2114 2111/2111 2112/2112
f 2114/2114 2113/2113 2111/2111
f 2116/2116 2113/2113 2114/2114
f 2116/2116 2115/2115 2113/2113
f 2118/2118 2115/2115 2116/2116
f 2118/2118 2117/2117 2115/2115
f 2120/2120 2117/2117 2118/2118
f 2120/2120 2119/2119 2117/2117
f 2122/2122 2119/2119 2120/2120
f 2122/2122 2121/2121 2119/2119
f 2124/2124 2121/2121 2122/2122
f 2124/2124 2123/2123 2121/2121
f 2126/2126 2123/2123 2124/2124
f 2126/2126 2125/2125 2123/2123
f 2128/2128 2125/2125 2126/2126
f 2128/2128 2127/2127 2125/2125
f 2130/2130 2127/2127 2128/2128
f 2130/2130 2129/2129 2127/2127
f 2132/2132 2129/2129 2130/2130
f 2132/2132 2131/2131 2129/2129
f 2134/2134 2131/2131 2132/2132
f 2134/2134 2133/2133 2131/2131
f 2136/2136 2133/2133 2134/2134
f 2136/2136 2135/2135 2133/2133
f 2138/2138 2135/2135 2136/2136
f 2138/2138 2137/2137 2135/2135
f 2140/2140 2137/2137 2138/2138
f 2140/2140 2139/2139 2137/2137
f 2142/2142 2139/2139 2140/2140
f 2142/2142 2141/2141 2139/2139
f 2144/2144 2141/2141 2142/2142
f 2144/2144 2143/2143 2141/2141
f 2146/2146 2143/2143 2144/2144
f 2146/2146 2145/2145 2143/2143
f 2148/2148 2145/2145 2146/2146
f 2148/2148 2147/2147 2145/2145
f 2150/2150 2147/2147 2148/2148
f 2150/2150 2149/2149 2147/2147
f 2152/2152 2149/2149 2150/2150
f 2152/2152 2151/2151 2149/2149
f 2154/2154 2151/2151 2152/2152
f 2154/2154 2153/2153 2151/2151
f 2156/2156 2153/2153 2154/2154
f 2156/2156 2155/2155 2153/2153
f 2158/2158 2155/2155 2156/2156
f 2158/2158 2157/2157 2155/2155
f 2160/2160 2157/2157 2158/2158
f 2160/2160 2159/2159 2157/2157
f 2162/2162 2159/2159 2160/2160
f 2162/2162 2161/2161 2159/2159
f 2164/2164 2161/2161 2162/2162
f 2164/2164 2163/2163 2161/2161
f 2166/2166 2163/2163 2164/2164
f 2166/2166 2165/2165 2163/2163
f 2168/2168 2165/2165 2166/2166
f 2168/2168 2167/2167 2165/2165
f 2170/2170 2167/2167 2168/2168
f 2170/2170 2169/2169 2167/2167
f 2172/2172 2169/2169 2170/2170
f 2172/2172 2171/2171 2169/2169
f 2174/2174 2171/2171 2172/2172
f 2174/2174 2173/2173 2171/2171
f 2176/2176 2173/2173 2174/2174
f 2176/2176 2175/2175 2173/2173
f 2178/2178 2175/2175 2176/2176
f 2178/2178 2177/2177 2175/2175
f 2180/2180 2177/2177 2178/2178
f 2180/2180 2179/2179 2177/2177
f 2182/2182 2179/2179 2180/2180
f 2182/2182 2181/2181 2179/2179
f 2184/2184 2181/2181 2182/2182
f 2184/2184 2183/2183 2181/2181
f 2186/2186 2183/2183 2184/2184
f 2186/2186 2185/2185 2183/2183
f 2188/2188 2185/2185 2186/2186
f 2188/2188 2187/2187 2185/2185
f 2190/2190 2187/2187 2188/2188
f 2190/2190 2189/2189 2187/2187
f 2192/2192 2189/2189 2190/2190
f 2192/2192 2191/2191 2189/2189
f 2194/2194 2191/2191 2192/2192
f 2194/2194 2193/2193 2191/2191
f 2196/2196 2193/2193 2194/2194
f 2196/2196 2195/2195 2193/2193
f 2198/2198 2195/2195 2196/2196
f 2198/2198 2197/2197 2195/2195
f 2200/2200 2197/2197 2198/2198
f 2200/2200 2199/2199 2197/2197
f 2202/2202 2199/2199 2200/2200
f 2202/2202 2201/2201 2199/2199
f 2204/2204 2201/2201 2202/2202
f 2204/2204 2203/2203 2201/2201
f 2206/2206 2203/2203 2204/2204
f 2206/2206 2205/2205 2203/2203
f 2208/2208 2205/2205 2206/2206
f 2208/2208 2207/2207 2205/2205
f 2210/2210 2207/2207 2208/2208
f 2210/2210 2209/2209 2207/2207
f 2212/2212 2209/2209 2210/2210
f 2212/2212 2211/2211 2209/2209
f 2214/2214 2211/2211 2212/2212
f 2214/2214 2213/2213 2211/2211
f 2216/2216 2213/2213 2214/2214
f 2216/2216 2215/2215 2213/2213
f 2218/2218 2215/2215 2216/2216
f 2218/2218 2217/2217 2215/2215
f 2220/2220 2217/2217 2218/2218
f 2220/2220 2219/2219 2217/2217
f 2222/2222 2219/2219 2220/2220
f 2222/2222 2221/2221 2219/2219
f 2224/2224 2221/2221 2222/2222
f 2224/2224 2223/2223 2221/2221
f 2226/2226 2223/2223 2224/2224
f 2226/2226 2225/2225 2223/2223
f 2228/2228 2225/2225 2226/2226
f 2228/2228 2227/2227 2225/2225
f 2230/2230 2227/2227 2228/2228
f 2230/2230 2229/2229 2227/2227
f 2232/2232 2229/2229 2230/2230
f 2232/2232 2231/2231 2229/2229
f 2234/2234 2231/2231 2232/2232
f 2234/2234 2233/2233 2231/2231
f 2236/2236 2233/2233 2234/2234
f 2236/2236 2235/2235 2233/2233
f 2238/2238 2235/2235 2236/2236
f 2238/2238 2237/2237 2235/2235
f 2240/2240 2237/2237 2238/2238
f 2240/2240 2239/2239 2237/2237
f 2242/2242 2239/2239 2240/2240
f 2242/2242 2241/2241 2239/2239
f 2244/2244 2241/2241 2242/2242
f 2244/2244 2243/2243 2241/2241
f 2246/2246 2243/2243 2244/2244
f 2246/2246 2245/2245 2243/2243
f 2248/2248 2245/2245 2246/2246
f 2248/2248 2247/2247 2245/2245
f 2250/2250 2247/2247 2248/2248
f 2250/2250 2249/2249 2247/2247
f 2252/2252 2249/2249 2250/2250
f 2252/2252 2251/2251 2249/2249
f 2254/2254 2251/2251 2252/2252
f 2254/2254 2253/2253 2251/2251
f 2256/2256 2253/2253 2254/2254
f 2256/2256 2255/2255 2253/2253
f 2258/2258 2255/2255 2256/2256
f 2258/2258 2257/2257 2255/2255
f 2260/2260 2257/2257 2258/2258
f 2260/2260 2259/2259 2257/2257
f 2262/2262 2259/2259 2260/2260
f 2262/2262 2261/2261 2259/2259
f 2264/2264 2261/2261 2262/2262
f 2264/2264 2263/2263 2261/2261
f 2266/2266 2263/2263 2264/2264
f 2266/2266 2265/2265 2263/2263
f 2268/2268 2265/2265 2266/2266
f 2268/2268 2267/2267 2265/2265
f 2270/2270 2267/2267 2268/2268
f 2270/2270 2269/2269 2267/2267
f 2272/2272 2269/2269 2270/2270
f 2272/2272 2271/2271 2269/2269
f 2274/2274 2271/2271 2272/2272
f 2274/2274 2273/2273 2271/2271
f 2276/2276 2273/2273 2274/2274
f 2276/2276 2275/2275 2273/2273
f 2278/2278 2275/2275 2276/2276
f 2278/2278 2277/2277 2275/2275
f 2280/2280 2277/2277 2278/2278
f 2280/2280 2279/2279 2277/2277
f 2282/2282 2279/2279 2280/2280
f 2282/2282 2281/2281 2279/2279
f 2284/2284 2281/2281 2282/2282
f 2284/2284 2283/2283 2281/2281
f 2286/2286 2283/2283 2284/2284
f 2286/2286 2285/2285 2283/2283
f 2288/2288 2285/2285 2286/2286
f 2288/2288 2287/2287 2285/2285
f 2290/2290 2287/2287 2288/2288
f 2290/2290 2289/2289 2287/2287
f 2292/2292 2289/2289 2290/2290
f 2292/2292 2291/2291 2289/2289
f 2294/2294 2291/2291 2292/2292
f 2294/2294 2293/2293 2291/2291
f 2296/2296 2293/2293 2294/2294
f 2296/2296 2295/2295 2293/2293
f 2298/2298 2295/2295 2296/2296
f 2298/2298 2297/2297 2295/2295
f 2300/2300 2297/2297 2298/2298
f 2300/2300 2299/2299 2297/2297
f 2302/2302 2299/2299 2300/2300
f 2302/2302 2301/2301 2299/2299
f 2304/2304 2301/2301 2302/2302
f 2304/2304 2303/2303 2301/2301
f 2306/2306 2303/2303 2304/2304
f 2306/2306 2305/2305 2303/2303
f 2308/2308 2305/2305 2306/2306
f 2308/2308 2307/2307 2305/2305
f 2310/2310 2307/2307 2308/2308
f 2310/2310 2309/2309 2307/2307
f 2312/2312 2309/2309 2310/2310
f 2312/2312 2311/2311 2309/2309
f 2314/2314 2311/2311 2312/2312
f 2314/2314 2313/2313 2311/2311
f 2316/2316 2313/2313 2314/2314
f 2316/2316 2315/2315 2313/2313
f 2318/2318 2315/2315 2316/2316
f 2318/2318 2317/2317 2315/2315
f 2320/2320 2317/2317 2318/2318
f 2320/2320 2319/2319 2317/2317
f 2322/2322 2319/2319 2320/2320
f 2322/2322 2321/2321 2319/2319
f 2324/2324 2321/2321 2322/2322
f 2324/2324 2323/2323 2321/2321
f 2326/2326 2323/2323 2324/2324
f 2326/2326 2325/2325 2323/2323
f 2328/2328 2325/2325 2326/2326
f 2328/2328 2327/2327 2325/2325
f 2330/2330 2327/2327 2328/2328
f 2330/2330 2329/2329 2327/2327
f 2332/2332 2329/2329 2330/2330
f 2332/2332 2331/2331 2329/2329
f 2334/2334 2331/2331 2332/2332
f 2334/2334 2333/2333 2331/2331
f 2336/2336 2333/2333 2334/2334
f 2336/2336 2335/2335 2333/2333
f 2338/2338 2335/2335 2336/2336
f 2338/2338 2337/2337 2335/2335
f 2340/2340 2337/2337 2338/2338
f 2340/2340 2339/2339 2337/2337
f 2342/2342 2339/2339 2340/2340
f 2342/2342 2341/2341 2339/2339
f 2344/2344 2341/2341 2342/2342
f 2344/2344 2343/2343 2341/2341
f 2346/2346 2343/2343 2344/2344
f 2346/2346 2345/2345 2343/2343
f 2348/2348 2345/2345 2346/2346
f 2348/2348 2347/2347 2345/2345
f 2350/2350 2347/2347 2348/2348
f 2350/2350 2349/2349 2347/2347
f 2352/2352 2349/2349 2350/2350
f 2352/2352 2351/2351 2349/2349
f 2354/2354 2351/2351 2352/2352
f 2354/2354 2353/2353 2351/2351
f 2356/2356 2353/2353 2354/2354
f 2356/2356 2355/2355 2353/2353
f 2358/2358 2355/2355 2356/2356
f 2358/2358 2357/2357 2355/2355
f 2360/2360 2357/2357 2358/2358
f 2360/2360 2359/2359 2357/2357
f 2362/2362 2359/2359 2360/2360
f 2362/2362 2361/2361 2359/2359
f 2364/2364 2361/2361 2362/2362
f 2364/2364 2363/2363 2361/2361
f 2366/2366 2363/2363 2364/2364
f 2366/2366 2365/2365 2363/2363
f 2368/2368 2365/2365 2366/2366
f 2368/2368 2367/2367 2365/2365
f 2370/2370 2367/2367 2368/2368
f 2370/2370 2369/2369 2367/2367
f 2372/2372 2369/2369 2370/2370
f 2372/2372 2371/2371 2369/2369
f 2374/2374 2371/2371 2372/2372
f 2374/2374 2373/2373 2371/2371
f 2376/2376 2373/2373 2374/2374
f 2376/2376 2375/2375 2373/2373
f 2378/2378 2375/2375 2376/2376
f 2378/2378 2377/2377 2375/2375
f 2380/2380 2377/2377 2378/2378
f 2380/2380 2379/2379 2377/2377
f 2382/2382 2379/2379 2380/2380
f 2382/2382 2381/2381 2379/2379
f 2384/2384 2381/2381 2382/2382
f 2384/2384 2383/2383 2381/2381
f 2386/2386 2383/2383 2384/2384
f 2386/2386 2385/2385 2383/2383
f 2388/2388 2385/2385 2386/2386
f 2388/2388 2387/2387 2385/2385
f 2390/2390 2387/2387 2388/2388
f 2390/2390 2389/2389 2387/2387
f 2392/2392 2389/2389 2390/2390
f 2392/2392 2391/2391 2389/2389
f 2394/2394 2391/2391 2392/2392
f 2394/2394 2393/2393 2391/2391
f 2396/2396 2393/2393 2394/2394
f 2396/2396 2395/2395 2393/2393
f 2398/2398 2395/2395 2396/2396
f 2398/2398 2397/2397 2395/2395
f 2400/2400 2397/2397 2398/2398
f 2400/2400 2399/2399 2397/2397
f 2402/2402 2399/2399 2400/2400
f 2402/2402 2401/2401 2399/2399
f 2404/2404 2401/2401 2402/2402
f 2404/2404 2403/2403 2401/2401
f 2406/2406 2403/2403 2404/2404
f 2406/2406 2405/2405 2403/2403
f 2408/2408 2405/2405 2406/2406
f 2408/2408 2407/2407 2405/2405
f 2410/2410 2407/2407 2408/2408
f 2410/2410 2409/2409 2407/2407
f 2412/2412 2409/2409 2410/2410
f 2412/2412 2411/2411 2409/2409
f 2414/2414 2411/2411 2412/2412
f 2414/2414 2413/2413 2411/2411
f 2416/2416 2413/2413 2414/2414
f 2416/2416 2415/2415 2413/2413
f 2418/2418 2415/2415 2416/2416
f 2418/2418 2417/2417 2415/2415
f 2420/2420 2417/2417 2418/2418
f 2420/2420 2419/2419 2417/2417
f 2422/2422 2419/2419 2420/2420
f 2422/2422 2421/2421 2419/2419
f 2424/2424 2421/2421 2422/2422
f 2424/2424 2423/2423 2421/2421
f 2426/2426 2423/2423 2424/2424
f 2426/2426 2425/2425 2423/2423
f 2428/2428 2425/2425 2426/2426
f 2428/2428 2427/2427 2425/2425
f 2430/2430 2427/2427 2428/2428
f 2430/2430 2429/2429 2427/2427
f 2432/2432 2429/2429 2430/2430
f 2432/2432 2431/2431 2429/2429
f 2434/2434 2431/2431 2432/2432
f 2434/2434 2433/2433 2431/2431
f 2436/2436 2433/2433 2434/2434
f 2436/2436 2435/2435 2433/2433
f 2438/2438 2435/2435 2436/2436
f 2438/2438 2437/2437 2435/2435
f 2440/2440 2437/2437 2438/2438
f 2440/2440 2439/2439 2437/2437
f 2442/2442 2439/2439 2440/2440
f 2442/2442 2441/2441 2439/2439
f 2444/2444 2441/2441 2442/2442
f 2444/2444 2443/2443 2441/2441
f 2446/2446 2443/2443 2444/2444
f 2446/2446 2445/2445 2443/2443
f 2448/2448 2445/2445 2446/2446
f 2448/2448 2447/2447 2445/2445
f 2450/2450 2447/2447 2448/2448
f 2450/2450 2449/2449 2447/2447
f 2452/2452 2449/2449 2450/2450
f 2452/2452 2451/2451 2449/2449
f 2454/2454 2451/2451 2452/2452
f 2454/2454 2453/2453 2451/2451
f 2456/2456 2453/2453 2454/2454
f 2456/2456 2455/2455 2453/2453
f 2458/2458 2455/2455 2456/2456
f 2458/2458 2457/2457 2455/2455
f 2460/2460 2457/2457 2458/2458
f 2460/2460 2459/2459 2457/2457
f 2462/2462 2459/2459 2460/2460
f 2462/2462 2461/2461 2459/2459
f 2464/2464 2461/2461 2462/2462
f 2464/2464 2463/2463 2461/2461
f 2466/2466 2463/2463 2464/2464
f 2466/2466 2465/2465 2463/2463
f 2468/2468 2465/2465 2466/2466
f 2468/2468 2467/2467 2465/2465
f 2470/2470 2467/2467 2468/2468
f 2470/2470 2469/2469 2467/2467
f 2472/2472 2469/2469 2470/2470
f 2472/2472 2471/2471 2469/2469
f 2474/2474 2471/2471 2472/2472
f 2474/2474 2473/2473 2471/2471
f 2476/2476 2473/2473 2474/2474
f 2476/2476 2475/2475 2473/2473
f 2478/2478 2475/2475 2476/2476
f 2478/2478 2477/2477 2475/2475
f 2480/2480 2477/2477 2478/2478
f 2480/2480 2479/2479 2477/2477
f 2482/2482 2479/2479 2480/2480
f 2482/2482 2481/2481 2479/2479
f 2484/2484 2481/2481 2482/2482
f 2484/2484 2483/2483 2481/2481
f 2486/2486 2483/2483 2484/2484
f 2486/2486 2485/2485 2483/2483
f 2488/2488 2485/2485 2486/2486
f 2488/2488 2487/2487 2485/2485
f 2490/2490 2487/2487 2488/2488
f 2490/2490 2489/2489 2487/2487
f 2492/2492 2489/2489 2490/2490
f 2492/2492 2491/2491 2489/2489
f 2494/2494 2491/2491 2492/2492
f 2494/2494 2493/2493 2491/2491
f 2496/2496 2493/2493 2494/2494
f 2496/2496 2495/2495 2493/2493
f 2498/2498 2495/2495 2496/2496
f 2498/2498 2497/2497 2495/2495
f 2500/2500 2497/2497 2498/2498
f 2500/2500 2499/2499 2497/2497
f 2502/2502 2499/2499 2500/2500
f 2502/2502 2501/2501 2499/2499
f 2504/2504 2501/2501 2502/2502
f 2504/2504 2503/2503 2501/2501
f 2506/2506 2503/2503 2504/2504
f 2506/2506 2505/2505 2503/2503
f 2508/2508 2505/2505 2506/2506
f 2508/2508 2507/2507 2505/2505
f 2510/2510 2507/2507 2508/2508
f 2510/2510 2509/2509 2507/2507
f 2512/2512 2509/2509 2510/2510
f 2512/2512 2511/2511 2509/2509
f 2514/2514 2511/2511 2512/2512
f 2514/2514 2513/2513 2511/2511
f 2516/2516 2513/2513 2514/2514
f 2516/2516 2515/2515 2513/2513
f 2518/2518 2515/2515 2516/2516
f 2518/2518 2517/2517 2515/2515
f 2520/2520 2517/2517 2518/2518
f 2520/2520 2519/2519 2517/2517
f 2522/2522 2519/2519 2520/2520
f 2522/2522 2521/2521 2519/2519
f 2524/2524 2521/2521 2522/2522
f 2524/2524 2523/2523 2521/2521
f 2526/2526 2523/2523 2524/2524
f 2526/2526 2525/2525 2523/2523
f 2528/2528 2525/2525 2526/2526
f 2528/2528 2527/2527 2525/2525
f 2530/2530 2527/2527 2528/2528
f 2530/2530 2529/2529 2527/2527
f 2532/2532 2529/2529 2530/2530
f 2532/2532 2531/2531 2529/2529
f 2534/2534 2531/2531 2532/2532
f 2534/2534 2533/2533 2531/2531
f 2536/2536 2533/2533 2534/2534
f 2536/2536 2535/2535 2533/2533
f 2538/2538 2535/2535 2536/2536
f 2538/2538 2537/2537 2535/2535
f 2540/2540 2537/2537 2538/2538
f 2540/2540 2539/2539 2537/2537
f 2542/2542 2539/2539 2540/2540
f 2542/2542 2541/2541 2539/2539
f 2544/2544 2541/2541 2542/2542
f 2544/2544 2543/2543 2541/2541
f 2546/2546 2543/2543 2544/2544
f 2546/2546 2545/2545 2543/2543
f 2548/2548 2545/2545 2546/2546
f 2548/2548 2547/2547 2545/2545
f 2550/2550 2547/2547 2548/2548
f 2550/2550 2549/2549 2547/2547
f 2552/2552 2549/2549 2550/2550
f 2552/2552 2551/2551 2549/2549
f 2554/2554 2551/2551 2552/2552
f 2554/2554 2553/2553 2551/2551
f 2556/2556 2553/2553 2554/2554
f 2556/2556 2555/2555 2553/2553
f 2558/2558 2555/2555 2556/2556
f 2558/2558 2557/2557 2555/2555
f 2560/2560 2557/2557 2558/2558
f 2560/2560 2559/2559 2557/2557
f 2562/2562 2559/2559 2560/2560
f 2562/2562 2561/2561 2559/2559
f 2564/2564 2561/2561 2562/2562
f 2564/2564 2563/2563 2561/2561
f 2566/2566 2563/2563 2564/2564
f 2566/2566 2565/2565 2563/2563
f 2568/2568 2565/2565 2566/2566
f 2568/2568 2567/2567 2565/2565
f 2570/2570 2567/2567 2568/2568
f 2570/2570 2569/2569 2567/2567
f 2572/2572 2569/2569 2570/2570
f 2572/2572 2571/2571 2569/2569
f 2574/2574 2571/2571 2572/2572
f 2574/2574 2573/2573 2571/2571
f 2576/2576 2573/2573 2574/2574
f 2576/2576 2575/2575 2573/2573
f 2578/2578 2575/2575 2576/2576
f 2578/2578 2577/2577 2575/2575
f 2580/2580 2577/2577 2578/2578
f 2580/2580 2579/2579 2577/2577
f 2582/2582 2579/2579 2580/2580
f 2582/2582 2581/2581 2579/2579
f 2584/2584 2581/2581 2582/2582
f 2584/2584 2583/2583 2581/2581
f 2586/2586 2583/2583 2584/2584
f 2586/2586 2585/2585 2583/2583
f 2588/2588 2585/2585 2586/2586
f 2588/2588 2587/2587 2585/2585
f 2590/2590 2587/2587 2588/2588
f 2590/2590 2589/2589 2587/2587
f 2592/2592 2589/2589 2590/2590
f 2592/2592 2591/2591 2589/2589
f 2594/2594 2591/2591 2592/2592
f 2594/2594 2593/2593 2591/2591
f 2596/2596 2593/2593 2594/2594
f 2596/2596 2595/2595 2593/2593
f 2598/2598 2595/2595 2596/2596
f 2598/2598 2597/2597 2595/2595
f 2600/2600 2597/2597 2598/2598
f 2600/2600 2599/2599 2597/2597
f 2602/2602 2599/2599 2600/2600
f 2602/2602 2601/2601 2599/2599
f 2604/2604 2601/2601 2602/2602
f 2604/2604 2603/2603 2601/2601
f 2606/2606 2603/2603 2604/2604
f 2606/2606 2605/2605 2603/2603
f 2608/2608 2605/2605 2606/2606
f 2608/2608 2607/2607 2605/2605
f 2610/2610 2607/2607 2608/2608
f 2610/2610 2609/2609 2607/2607
f 2612/2612 2609/2609 2610/2610
f 2612/2612 2611/2611 2609/2609
f 2614/2614 2611/2611 2612/2612
f 2614/2614 2613/2613 2611/2611
f 2616/2616 2613/2613 2614/2614
f 2616/2616 2615/2615 2613/2613
f 2618/2618 2615/2615 2616/2616
f 2618/2618 2617/2617 2615/2615
f 2620/2620 2617/2617 2618/2618
f 2620/2620 2619/2619 2617/2617
f 2622/2622 2619/2619 2620/2620
f 2622/2622 2621/2621 2619/2619
f 2624/2624 2621/2621 2622/2622
f 2624/2624 2623/2623 2621/2621
f 2626/2626 2623/2623 2624/2624
f 2626/2626 2625/2625 2623/2623
f 2628/2628 2625/2625 2626/2626
f 2628/2628 2627/2627 2625/2625
f 2630/2630 2627/2627 2628/2628
f 2630/2630 2629/2629 2627/2627
f 2632/2632 2629/2629 2630/2630
f 2632/2632 2631/2631 2629/2629
f 2634/2634 2631/2631 2632/2632
f 2634/2634 2633/2633 2631/2631
f 2636/2636 2633/2633 2634/2634
f 2636/2636 2635/2635 2633/2633
f 2638/2638 2635/2635 2636/2636
f 2638/2638 2637/2637 2635/2635
f 2640/2640 2637/2637 2638/2638
f 2640/2640 2639/2639 2637/2637
f 2642/2642 2639/2639 2640/2640
f 2642/2642 2641/2641 2639/2639
f 2644/2644 2641/2641 2642/2642
f 2644/2644 2643/2643 2641/2641
f 2646/2646 2643/2643 2644/2644
f 2646/2646 2645/2645 2643/2643
f 2648/2648 2645/2645 2646/2646
f 2648/2648 2647/2647 2645/2645
f 2650/2650 2647/2647 2648/2648
f 2650/2650 2649/2649 2647/2647
f 2652/2652 2649/2649 2650/2650
f 2652/2652 2651/2651 2649/2649
f 2654/2654 2651/2651 2652/2652
f 2654/2654 2653/2653 2651/2651
f 2656/2656 2653/2653 2654/2654
f 2656/2656 2655/2655 2653/2653
f 2658/2658 2655/2655 2656/2656
f 2658/2658 2657/2657 2655/2655
f 2660/2660 2657/2657 2658/2658
f 2660/2660 2659/2659 2657/2657
f 2662/2662 2659/2659 2660/2660
f 2662/2662 2661/2661 2659/2659
f 2664/2664 2661/2661 2662/2662
f 2664/2664 2663/2663 2661/2661
f 2666/2666 2663/2663 2664/2664
f 2666/2666 2665/2665 2663/2663
f 2668/2668 2665/2665 2666/2666
f 2668/2668 2667/2667 2665/2665
f 2670/2670 2667/2667 2668/2668
f 2670/2670 2669/2669 2667/2667
f 2672/2672 2669/2669 2670/2670
f 2672/2672 2671/2671 2669/2669
f 2674/2674 2671/2671 2672/2672
f 2674/2674 2673/2673 2671/2671
f 2676/2676 2673/2673 2674/2674
f 2676/2676 2675/2675 2673/2673
f 2678/2678 2675/2675 2676/2676
f 2678/2678 2677/2677 2675/2675
f 2680/2680 2677/2677 2678/2678
f 2680/2680 2679/2679 2677/2677
f 2682/2682 2679/2679 2680/2680
f 2682/2682 2681/2681 2679/2679
f 2684/2684 2681/2681 2682/2682
f 2684/2684 2683/2683 2681/2681
f 2686/2686 2683/2683 2684/2684
f 2686/2686 2685/2685 2683/2683
f 2688/2688 2685/2685 2686/2686
f 2688/2688 2687/2687 2685/2685
f 2690/2690 2687/2687 2688/2688
f 2690/2690 2689/2689 2687/2687
f 2692/2692 2689/2689 2690/2690
f 2692/2692 2691/2691 2689/2689
f 2694/2694 2691/2691 2692/2692
f 2694/2694 2693/2693 2691/2691
f 2696/2696 2693/2693 2694/2694
f 2696/2696 2695/2695 2693/2693
f 2698/2698 2695/2695 2696/2696
f 2698/2698 2697/2697 2695/2695
f 2700/2700 2697/2697 2698/2698
f 2700/2700 2699/2699 2697/2697
f 2702/2702 2699/2699 2700/2700
f 2702/2702 2701/2701 2699/2699
f 2704/2704 2701/2701 2702/2702
f 2704/2704 2703/2703 2701/2701
f 2706/2706 2703/2703 2704/2704
f 2706/2706 2705/2705 2703/2703
f 2708/2708 2705/2705 2706/2706
f 2708/2708 2707/2707 2705/2705
f 2710/2710 2707/2707 2708/2708
f 2710/2710 2709/2709 2707/2707
f 2712/2712 2709/2709 2710/2710
f 2712/2712 2711/2711 2709/2709
f 2714/2714 2711/2711 2712/2712
f 2714/2714 2713/2713 2711/2711
f 2716/2716 2713/2713 2714/2714
f 2716/2716 2715/2715 2713/2713
f 2718/2718 2715/2715 2716/2716
f 2718/2718 2717/2717 2715/2715
f 2720/2720 2717/2717 2718/2718
f 2720/2720 2719/2719 2717/2717
f 2722/2722 2719/2719 2720/2720
f 2722/2722 2721/2721 2719/2719
f 2724/2724 2721/2721 2722/2722
f 2724/2724 2723/2723 2721/2721
f 2726/2726 2723/2723 2724/2724
f 2726/2726 2725/2725 2723/2723
f 2728/2728 2725/2725 2726/2726
f 2728/2728 2727/2727 2725/2725
f 2730/2730 2727/2727 2728/2728
f 2730/2730 2729/2729 2727/2727
f 2732/2732 2729/2729 2730/2730
f 2732/2732 2731/2731 2729/2729
f 2734/2734 2731/2731 2732/2732
f 2734/2734 2733/2733 2731/2731
f 2736/2736 2733/2733 2734/2734
f 2736/2736 2735/2735 2733/2733
f 2738/2738 2735/2735 2736/2736
f 2738/2738 2737/2737 2735/2735
f 2740/2740 2737/2737 2738/2738
f 2740/2740 2739/2739 2737/2737
f 2742/2742 2739/2739 2740/2740
f 2742/2742 2741/2741 2739/2739
f 2744/2744 2741/2741 2742/2742
f 2744/2744 2743/2743 2741/2741
f 2746/2746 2743/2743 2744/2744
f 2746/2746 2745/2745 2743/2743
f 2748/2748 2745/2745 2746/2746
f 2748/2748 2747/2747 2745/2745
f 2750/2750 2747/2747 2748/2748
f 2750/2750 2749/2749 2747/2747
f 2752/2752 2749/2749 2750/2750
f 2752/2752 2751/2751 2749/2749
f 2754/2754 2751/2751 2752/2752
f 2754/2754 2753/2753 2751/2751
f 2756/2756 2753/2753 2754/2754
f 2756/2756 2755/2755 2753/2753
f 2758/2758 2755/2755 2756/2756
f 2758/2758 2757/2757 2755/2755
f 2760/2760 2757/2757 2758/2758
f 2760/2760 2759/2759 2757/2757
f 2762/2762 2759/2759 2760/2760
f 2762/2762 2761/2761 2759/2759
f 2764/2764 2761/2761 2762/2762
f 2764/2764 2763/2763 2761/2761
f 2766/2766 2763/2763 2764/2764
f 2766/2766 2765/2765 2763/2763
f 2768/2768 2765/2765 2766/2766
f 2768/2768 2767/2767 2765/2765
f 2770/2770 2767/2767 2768/2768
f 2770/2770 2769/2769 2767/2767
f 2772/2772 2769/2769 2770/2770
f 2772/2772 2771/2771 2769/2769
f 2774/2774 2771/2771 2772/2772
f 2774/2774 2773/2773 2771/2771
f 2776/2776 2773/2773 2774/2774
f 2776/2776 2775/2775 2773/2773
f 2778/2778 2775/2775 2776/2776
f 2778/2778 2777/2777 2775/2775
f 2780/2780 2777/2777 2778/2778
f 2780/2780 2779/2779 2777/2777
f 2782/2782 2779/2779 2780/2780
f 2782/2782 2781/2781 2779/2779
f 2784/2784 2781/2781 2782/2782
f 2784/2784 2783/2783 2781/2781
f 2786/2786 2783/2783 2784/2784
f 2786/2786 2785/2785 2783/2783
f 2788/2788 2785/2785 2786/2786
f 2788/2788 2787/2787 2785/2785
f 2790/2790 2787/2787 2788/2788
f 2790/2790 2789/2789 2787/2787
f 2792/2792 2789/2789 2790/2790
f 2792/2792 2791/2791 2789/2789
f 2794/2794 2791/2791 2792/2792
f 2794/2794 2793/2793 2791/2791
f 2796/2796 2793/2793 2794/2794
f 2796/2796 2795/2795 2793/2793
f 2798/2798 2795/2795 2796/2796
f 2798/2798 2797/2797 2795/2795
f 2800/2800 2797/2797 2798/2798
f 2800/2800 2799/2799 2797/2797
f 2802/2802 2799/2799 2800/2800
f 2802/2802 2801/2801 2799/2799
f 2804/2804 2801/2801 2802/2802
f 2804/2804 2803/2803 2801/2801
f 2806/2806 2803/2803 2804/2804
f 2806/2806 2805/2805 2803/2803
f 2808/2808 2805/2805 2806/2806
f 2808/2808 2807/2807 2805/2805
f 2810/2810 2807/2807 2808/2808
f 2810/2810 2809/2809 2807/2807
f 2812/2812 2809/2809 2810/2810
f 2812/2812 2811/2811 2809/2809
f 2814/2814 2811/2811 2812/2812
f 2814/2814 2813/2813 2811/2811
f 2816/2816 2813/2813 2814/2814
f 2816/2816 2815/2815 2813/2813
f 2818/2818 2815/2815 2816/2816
f 2818/2818 2817/2817 2815/2815
f 2820/2820 2817/2817 2818/2818
f 2820/2820 2819/2819 2817/2817
f 2822/2822 2819/2819 2820/2820
f 2822/2822 2821/2821 2819/2819
f 2824/2824 2821/2821 2822/2822
f 2824/2824 2823/2823 2821/2821
f 2826/2826 2823/2823 2824/2824
f 2826/2826 2825/2825 2823/2823
f 2828/2828 2825/2825 2826/2826
f 2828/2828 2827/2827 2825/2825
f 2830/2830 2827/2827 2828/2828
f 2830/2830 2829/2829 2827/2827
f 2832/2832 2829/2829 2830/2830
f 2832/2832 2831/2831 2829/2829
f 2834/2834 2831/2831 2832/2832
f 2834/2834 2833/2833 2831/2831
f 2836/2836 2833/2833 2834/2834
f 2836/2836 2835/2835 2833/2833
f 2838/2838 2835/2835 2836/2836
f 2838/2838 2837/2837 2835/2835
f 2840/2840 2837/2837 2838/2838
f 2840/2840 2839/2839 2837/2837
f 2842/2842 2839/2839 2840/2840
f 2842/2842 2841/2841 2839/2839
f 2844/2844 2841/2841 2842/2842
f 2844/2844 2843/2843 2841/2841
f 2846/2846 2843/2843 2844/2844
f 2846/2846 2845/2845 2843/2843
f 2848/2848 2845/2845 2846/2846
f 2848/2848 2847/2847 2845/2845
f 2850/2850 2847/2847 2848/2848
f 2850/2850 2849/2849 2847/2847
f 2852/2852 2849/2849 2850/2850
f 2852/2852 2851/2851 2849/2849
f 2854/2854 2851/2851 2852/2852
f 2854/2854 2853/2853 2851/2851
f 2856/2856 2853/2853 2854/2854
f 2856/2856 2855/2855 2853/2853
f 2858/2858 2855/2855 2856/2856
f 2858/2858 2857/2857 2855/2855
f 2860/2860 2857/2857 2858/2858
f 2860/2860 2859/2859 2857/2857
f 2862/2862 2859/2859 2860/2860
f 2862/2862 2861/2861 2859/2859
f 2864/2864 2861/2861 2862/2862
f 2864/2864 2863/2863 2861/2861
f 2866/2866 2863/2863 2864/2864
f 2866/2866 2865/2865 2863/2863
f 2868/2868 2865/2865 2866/2866
f 2868/2868 2867/2867 2865/2865
f 2870/2870 2867/2867 2868/2868
f 2870/2870 2869/2869 2867/2867
f 2872/2872 2869/2869 2870/2870
f 2872/2872 2871/2871 2869/2869
f 2874/2874 2871/2871 2872/2872
f 2874/2874 2873/2873 2871/2871
f 2876/2876 2873/2873 2874/2874
f 2876/2876 2875/2875 2873/2873
f 2878/2878 2875/2875 2876/2876
f 2878/2878 2877/2877 2875/2875
f 2880/2880 2877/2877 2878/2878
f 2880/2880 2879/2879 2877/2877
f 2882/2882 2879/2879 2880/2880
f 2882/2882 2881/2881 2879/2879
f 2884/2884 2881/2881 2882/2882
f 2884/2884 2883/2883 2881/2881
f 2886/2886 2883/2883 2884/2884
f 2886/2886 2885/2885 2883/2883
f 2888/2888 2885/2885 2886/2886
f 2888/2888 2887/2887 2885/2885
f 2890/2890 2887/2887 2888/2888
f 2890/2890 2889/2889 2887/2887
f 2892/2892 2889/2889 2890/2890
f 2892/2892 2891/2891 2889/2889
f 2894/2894 2891/2891 2892/2892
f 2894/2894 2893/2893 2891/2891
f 2896/2896 2893/2893 2894/2894
f 2896/2896 2895/2895 2893/2893
f 2898/2898 2895/2895 2896/2896
f 2898/2898 2897/2897 2895/2895
f 2900/2900 2897/2897 2898/2898
f 2900/2900 2899/2899 2897/2897
f 2902/2902 2899/2899 2900/2900
f 2902/2902 2901/2901 2899/2899
f 2904/2904 2901/2901 2902/2902
f 2904/2904 2903/2903 2901/2901
f 2906/2906 2903/2903 2904/2904
f 2906/2906 2905/2905 2903/2903
f 2908/2908 2905/2905 2906/2906
f 2908/2908 2907/2907 2905/2905
f 2910/2910 2907/2907 2908/2908
f 2910/2910 2909/2909 2907/2907
f 2912/2912 2909/2909 2910/2910
f 2912/2912 2911/2911 2909/2909
f 2914/2914 2911/2911 2912/2912
f 2914/2914 2913/2913 2911/2911
f 2916/2916 2913/2913 2914/2914
f 2916/2916 2915/2915 2913/2913
f 2918/2918 2915/2915 2916/2916
f 2918/2918 2917/2917 2915/2915
f 2920/2920 2917/2917 2918/2918
f 2920/2920 2919/2919 2917/2917
f 2922/2922 2919/2919 2920/2920
f 2922/2922 2921/2921 2919/2919
f 2924/2924 2921/2921 2922/2922
f 2924/2924 2923/2923 2921/2921
f 2926/2926 2923/2923 2924/2924
f 2926/2926 2925/2925 2923/2923
f 2928/2928 2925/2925 2926/2926
f 2928/2928 2927/2927 2925/2925
f 2930/2930 2927/2927 2928/2928
f 2930/2930 2929/2929 2927/2927
f 2932/2932 2929/2929 2930/2930
f 2932/2932 2931/2931 2929/2929
f 2934/2934 2931/2931 2932/2932
f 2934/2934 2933/2933 2931/2931
f 2936/2936 2933/2933 2934/2934
f 2936/2936 2935/2935 2933/2933
f 2938/2938 2935/2935 2936/2936
f 2938/2938 2937/2937 2935/2935
f 2940/2940 2937/2937 2938/2938
f 2940/2940 2939/2939 2937/2937
f 2942/2942 2939/2939 2940/2940
f 2942/2942 2941/2941 2939/2939
f 2944/2944 2941/2941 2942/2942
f 2944/2944 2943/2943 2941/2941
f 2946/2946 2943/2943 2944/2944
f 2946/2946 2945/2945 2943/2943
f 2948/2948 2945/2945 2946/2946
f 2948/2948 2947/2947 2945/2945
f 2950/2950 2947/2947 2948/2948
f 2950/2950 2949/2949 2947/2947
f 2952/2952 2949/2949 2950/2950
f 2952/2952 2951/2951 2949/2949
f 2954/2954 2951/2951 2952/2952
f 2954/2954 2953/2953 2951/2951
f 2956/2956 2953/2953 2954/2954
f 2956/2956 2955/2955 2953/2953
f 2958/2958 2955/2955 2956/2956
f 2958/2958 2957/2957 2955/2955
f 2960/2960 2957/2957 2958/2958
f 2960/2960 2959/2959 2957/2957
f 2962/2962 2959/2959 2960/2960
f 2962/2962 2961/2961 2959/2959
f 2964/2964 2961/2961 2962/2962
f 2964/2964 2963/2963 2961/2961
f 2966/2966 2963/2963 2964/2964
f 2966/2966 2965/2965 2963/2963
f 2968/2968 2965/2965 2966/2966
f 2968/2968 2967/2967 2965/2965
f 2970/2970 2967/2967 2968/2968
f 2970/2970 2969/2969 2967/2967
f 2972/2972 2969/2969 2970/2970
f 2972/2972 2971/2971 2969/2969
f 2974/2974 2971/2971 2972/2972
f 2974/2974 2973/2973 2971/2971
f 2976/2976 2973/2973 2974/2974
f 2976/2976 2975/2975 2973/2973
f 2978/2978 2975/2975 2976/2976
f 2978/2978 2977/2977 2975/2975
f 2980/2980 2977/2977 2978/2978
f 2980/2980 2979/2979 2977/2977
f 2982/2982 2979/2979 2980/2980
f 2982/2982 2981/2981 2979/2979
f 2984/2984 2981/2981 2982/2982
f 2984/2984 2983/2983 2981/2981
f 2986/2986 2983/2983 2984/2984
f 2986/2986 2985/2985 2983/2983
f 2988/2988 2985/2985 2986/2986
f 2988/2988 2987/2987 2985/2985
f 2990/2990 2987/2987 2988/2988
f 2990/2990 2989/2989 2987/2987
f 2992/2992 2989/2989 2990/2990
f 2992/2992 2991/2991 2989/2989
f 2994/2994 2991/2991 2992/2992
f 2994/2994 2993/2993 2991/2991
f 2996/2996 2993/2993 2994/2994
f 2996/2996 2995/2995 2993/2993
f 2998/2998 2995/2995 2996/2996
f 2998/2998 2997/2997 2995/2995
f 3000/3000 2997/2997 2998/2998
f 3000/3000 2999/2999 2997/2997
f 3002/3002 2999/2999 3000/3000
f 3002/3002 3001/3001 2999/2999
f 3004/3004 3001/3001 3002/3002
f 3004/3004 3003/3003 3001/3001
f 3006/3006 3003/3003 3004/3004
f 3006/3006 3005/3005 3003/3003
f 3008/3008 3005/3005 3006/3006
f 3008/3008 3007/3007 3005/3005
f 3010/3010 3007/3007 3008/3008
f 3010/3010 3009/3009 3007/3007
f 3012/3012 3009/3009 3010/3010
f 3012/3012 3011/3011 3009/3009
f 3014/3014 3011/3011 3012/3012
f 3014/3014 3013/3013 3011/3011
f 3016/3016 3013/3013 3014/3014
f 3016/3016 3015/3015 3013/3013
f 3018/3018 3015/3015 3016/3016
f 3018/3018 3017/3017 3015/3015
f 3020/3020 3017/3017 3018/3018
f 3020/3020 3019/3019 3017/3017
f 3022/3022 3019/3019 3020/3020
f 3022/3022 3021/3021 3019/3019
f 3024/3024 3021/3021 3022/3022
f 3024/3024 3023/3023 3021/3021
f 3026/3026 3023/3023 3024/3024
f 3026/3026 3025/3025 3023/3023
f 3028/3028 3025/3025 3026/3026
f 3028/3028 3027/3027 3025/3025
f 3030/3030 3027/3027 3028/3028
f 3030/3030 3029/3029 3027/3027
f 3032/3032 3029/3029 3030/3030
f 3032/3032 3031/3031 3029/3029
f 3034/3034 3031/3031 3032/3032
f 3034/3034 3033/3033 3031/3031
f 3036/3036 3033/3033 3034/3034
f 3036/3036 3035/3035 3033/3033
f 3038/3038 3035/3035 3036/3036
f 3038/3038 3037/3037 3035/3035
f 3040/3040 3037/3037 3038/3038
f 3040/3040 3039/3039 3037/3037
f 3042/3042 3039/3039 3040/3040
f 3042/3042 3041/3041 3039/3039
f 3044/3044 3041/3041 3042/3042
f 3044/3044 3043/3043 3041/3041
f 3046/3046 3043/3043 3044/3044
f 3046/3046 3045/3045 3043/3043
f 3048/3048 3045/3045 3046/3046
f 3048/3048 3047/3047 3045/3045
f 3050/3050 3047/3047 3048/3048
f 3050/3050 3049/3049 3047/3047
f 3052/3052 3049/3049 3050/3050
f 3052/3052 3051/3051 3049/3049
f 3054/3054 3051/3051 3052/3052
f 3054/3054 3053/3053 3051/3051
f 3056/3056 3053/3053 3054/3054
f 3056/3056 3055/3055 3053/3053
f 3058/3058 3055/3055 3056/3056
f 3058/3058 3057/3057 3055/3055
f 3060/3060 3057/3057 3058/3058
f 3060/3060 3059/3059 3057/3057
f 3062/3062 3059/3059 3060/3060
f 3062/3062 3061/3061 3059/3059
f 3064/3064 3061/3061 3062/3062
f 3064/3064 3063/3063 3061/3061
f 3066/3066 3063/3063 3064/3064
f 3066/3066 3065/3065 3063/3063
f 3068/3068 3065/3065 3066/3066
f 3068/3068 3067/3067 3065/3065
f 3070/3070 3067/3067 3068/3068
f 3070/3070 3069/3069 3067/3067
f 3072/3072 3069/3069 3070/3070
f 3072/3072 3071/3071 3069/3069
f 3074/3074 3071/3071 3072/3072
f 3074/3074 3073/3073 3071/3071
f 3076/3076 3073/3073 3074/3074
f 3076/3076 3075/3075 3073/3073
f 3078/3078 3075/3075 3076/3076
f 3078/3078 3077/3077 3075/3075
f 3080/3080 3077/3077 3078/3078
f 3080/3080 3079/3079 3077/3077
f 3082/3082 3079/3079 3080/3080
f 3082/3082 3081/3081 3079/3079
f 3084/3084 3081/3081 3082/3082
f 3084/3084 3083/3083 3081/3081
f 3086/3086 3083/3083 3084/3084
f 3086/3086 3085/3085 3083/3083
f 3088/3088 3085/3085 3086/3086
f 3088/3088 3087/3087 3085/3085
f 3090/3090 3087/3087 3088/3088
f 3090/3090 3089/3089 3087/3087
f 3092/3092 3089/3089 3090/3090
f 3092/3092 3091/3091 3089/3089
f 3094/3094 3091/3091 3092/3092
f 3094/3094 3093/3093 3091/3091
f 3096/3096 3093/3093 3094/3094
f 3096/3096 3095/3095 3093/3093
f 3098/3098 3095/3095 3096/3096
f 3098/3098 3097/3097 3095/3095
f 3100/3100 3097/3097 3098/3098
f 3100/3100 3099/3099 3097/3097
f 3102/3102 3099/3099 3100/3100
f 3102/3102 3101/3101 3099/3099
f 3104/3104 3101/3101 3102/3102
f 3104/3104 3103/3103 3101/3101
f 3106/3106 3103/3103 3104/3104
f 3106/3106 3105/3105 3103/3103
f 3108/3108 3105/3105 3106/3106
f 3108/3108 3107/3107 3105/3105
f 3110/3110 3107/3107 3108/3108
f 3110/3110 3109/3109 3107/3107
f 3112/3112 3109/3109 3110/3110
f 3112/3112 3111/3111 3109/3109
f 3114/3114 3111/3111 3112/3112
f 3114/3114 3113/3113 3111/3111
f 3116/3116 3113/3113 3114/3114
f 3116/3116 3115/3115 3113/3113
f 3118/3118 3115/3115 3116/3116
f 3118/3118 3117/3117 3115/3115
f 3120/3120 3117/3117 3118/3118
f 3120/3120 3119/3119 3117/3117
f 3122/3122 3119/3119 3120/3120
f 3122/3122 3121/3121 3119/3119
f 3124/3124 3121/3121 3122/3122
f 3124/3124 3123/3123 3121/3121
f 3126/3126 3123/3123 3124/3124
f 3126/3126 3125/3125 3123/3123
f 3128/3128 3125/3125 3126/3126
f 3128/3128 3127/3127 3125/3125
f 3130/3130 3127/3127 3128/3128
f 3130/3130 3129/3129 3127/3127
f 3132/3132 3129/3129 3130/3130
f 3132/3132 3131/3131 3129/3129
f 3134/3134 3131/3131 3132/3132
f 3134/3134 3133/3133 3131/3131
f 3136/3136 3133/3133 3134/3134
f 3136/3136 3135/3135 3133/3133
f 3138/3138 3135/3135 3136/3136
f 3138/3138 3137/3137 3135/3135
f 3140/3140 3137/3137 3138/3138
f 3140/3140 3139/3139 3137/3137
f 3142/3142 3139/3139 3140/3140
f 3142/3142 3141/3141 3139/3139
f 3144/3144 3141/3141 3142/3142
f 3144/3144 3143/3143 3141/3141
f 3146/3146 3143/3143 3144/3144
f 3146/3146 3145/3145 3143/3143
f 3148/3148 3145/3145 3146/3146
f 3148/3148 3147/3147 3145/3145
f 3150/3150 3147/3147 3148/3148
f 3150/3150 3149/3149 3147/3147
f 3152/3152 3149/3149 3150/3150
f 3152/3152 3151/3151 3149/3149
f 3154/3154 3151/3151 3152/3152
f 3154/3154 3153/3153 3151/3151
f 3156/3156 3153/3153 3154/3154
f 3156/3156 3155/3155 3153/3153
f 3158/3158 3155/3155 3156/3156
f 3158/3158 3157/3157 3155/3155
f 3160/3160 3157/3157 3158/3158
f 3160/3160 3159/3159 3157/3157
f 3162/3162 3159/3159 3160/3160
f 3162/3162 3161/3161 3159/3159
f 3164/3164 3161/3161 3162/3162
f 3164/3164 3163/3163 3161/3161
f 3166/3166 3163/3163 3164/3164
f 3166/3166 3165/3165 3163/3163
f 3168/3168 3165/3165 3166/3166
f 3168/3168 3167/3167 3165/3165
f 3170/3170 3167/3167 3168/3168
f 3170/3170 3169/3169 3167/3167
f 3172/3172 3169/3169 3170/3170
f 3172/3172 3171/3171 3169/3169
f 3174/3174 3171/3171 3172/3172
f 3174/3174 3173/3173 3171/3171
f 3176/3176 3173/3173 3174/3174
f 3176/3176 3175/3175 3173/3173
f 3178/3178 3175/3175 3176/3176
f 3178/3178 3177/3177 3175/3175
f 3180/3180 3177/3177 3178/3178
f 3180/3180 3179/3179 3177/3177
f 3182/3182 3179/3179 3180/3180
f 3182/3182 3181/3181 3179/3179
f 3184/3184 3181/3181 3182/3182
f 3184/3184 3183/3183 3181/3181
f 3186/3186 3183/3183 3184/3184
f 3186/3186 3185/3185 3183/3183
f 3188/3188 3185/3185 3186/3186
f 3188/3188 3187/3187 3185/3185
f 3190/3190 3187/3187 3188/3188
f 3190/3190 3189/3189 3187/3187
f 3192/3192 3189/3189 3190/3190
f 3192/3192 3191/3191 3189/3189
f 3194/3194 3191/3191 3192/3192
f 3194/3194 3193/3193 3191/3191
f 3196/3196 3193/3193 3194/3194
f 3196/3196 3195/3195 3193/3193
f 3198/3198 3195/3195 3196/3196
f 3198/3198 3197/3197 3195/3195
f 3200/3200 3197/3197 3198/3198
f 3200/3200 3199/3199 3197/3197
f 3202/3202 3199/3199 3200/3200
f 3202/3202 3201/3201 3199/3199
f 3204/3204 3201/3201 3202/3202
f 3204/3204 3203/3203 3201/3201
f 3206/3206 3203/3203 3204/3204
f 3206/3206 3205/3205 3203/3203
f 3208/3208 3205/3205 3206/3206
f 3208/3208 3207/3207 3205/3205
f 3210/3210 3207/3207 3208/3208
f 3210/3210 3209/3209 3207/3207
f 3212/3212 3209/3209 3210/3210
f 3212/3212 3211/3211 3209/3209
f 3214/3214 3211/3211 3212/3212
f 3214/3214 3213/3213 3211/3211
f 3216/3216 3213/3213 3214/3214
f 3216/3216 3215/3215 3213/3213
f 3218/3218 3215/3215 3216/3216
f 3218/3218 3217/3217 3215/3215
f 3220/3220 3217/3217 3218/3218
f 3220/3220 3219/3219 3217/3217
f 3222/3222 3219/3219 3220/3220
f 3222/3222 3221/3221 3219/3219
f 3224/3224 3221/3221 3222/3222
f 3224/3224 3223/3223 3221/3221
f 3226/3226 3223/3223 3224/3224
f 3226/3226 3225/3225 3223/3223
f 3228/3228 3225/3225 3226/3226
f 3228/3228 3227/3227 3225/3225
f 3230/3230 3227/3227 3228/3228
f 3230/3230 3229/3229 3227/3227
f 3232/3232 3229/3229 3230/3230
f 3232/3232 3231/3231 3229/3229
f 3234/3234 3231/3231 3232/3232
f 3234/3234 3233/3233 3231/3231
f 3236/3236 3233/3233 3234/3234
f 3236/3236 3235/3235 3233/3233
f 3238/3238 3235/3235 3236/3236
f 3238/3238 3237/3237 3235/3235
f 3240/3240 3237/3237 3238/3238
f 3240/3240 3239/3239 3237/3237
f 3242/3242 3239/3239 3240/3240
f 3242/3242 3241/3241 3239/3239
f 3244/3244 3241/3241 3242/3242
f 3244/3244 3243/3243 3241/3241
f 3246/3246 3243/3243 3244/3244
f 3246/3246 3245/3245 3243/3243
f 3248/3248 3245/3245 3246/3246
f 3248/3248 3247/3247 3245/3245
f 3250/3250 3247/3247 3248/3248
f 3250/3250 3249/3249 3247/3247
f 3252/3252 3249/3249 3250/3250
f 3252/3252 3251/3251 3249/3249
f 3254/3254 3251/3251 3252/3252
f 3254/3254 3253/3253 3251/3251
f 3256/3256 3253/3253 3254/3254
f 3256/3256 3255/3255 3253/3253
f 3258/3258 3255/3255 3256/3256
f 3258/3258 3257/3257 3255/3255
f 3260/3260 3257/3257 3258/3258
f 3260/3260 3259/3259 3257/3257
f 3262/3262 3259/3259 3260/3260
f 3262/3262 3261/3261 3259/3259
f 3264/3264 3261/3261 3262/3262
f 3264/3264 3263/3263 3261/3261
f 3266/3266 3263/3263 3264/3264
f 3266/3266 3265/3265 3263/3263
f 3268/3268 3265/3265 3266/3266
f 3268/3268 3267/3267 3265/3265
f 3270/3270 3267/3267 3268/3268
f 3270/3270 3269/3269 3267/3267
f 3272/3272 3269/3269 3270/3270
f 3272/3272 3271/3271 3269/3269
f 3274/3274 3271/3271 3272/3272
f 3274/3274 3273/3273 3271/3271
f 3276/3276 3273/3273 3274/3274
f 3276/3276 3275/3275 3273/3273
f 3278/3278 3275/3275 3276/3276
f 3278/3278 3277/3277 3275/3275
f 3280/3280 3277/3277 3278/3278
f 3280/3280 3279/3279 3277/3277
f 3282/3282 3279/3279 3280/3280
f 3282/3282 3281/3281 3279/3279
f 3284/3284 3281/3281 3282/3282
f 3284/3284 3283/3283 3281/3281
f 3286/3286 3283/3283 3284/3284
f 3286/3286 3285/3285 3283/3283
f 3288/3288 3285/3285 3286/3286
f 3288/3288 3287/3287 3285/3285
f 3290/3290 3287/3287 3288/3288
f 3290/3290 3289/3289 3287/3287
f 3292/3292 3289/3289 3290/3290
f 3292/3292 3291/3291 3289/3289
f 3294/3294 3291/3291 3292/3292
f 3294/3294 3293/3293 3291/3291
f 3296/3296 3293/3293 3294/3294
f 3296/3296 3295/3295 3293/3293
f 3298/3298 3295/3295 3296/3296
f 3298/3298 3297/3297 3295/3295
f 3300/3300 3297/3297 3298/3298
f 3300/3300 3299/3299 3297/3297
f 3302/3302 3299/3299 3300/3300
f 3302/3302 3301/3301 3299/3299
f 3304/3304 3301/3301 3302/3302
f 3304/3304 3303/3303 3301/3301
f 3306/3306 3303/3303 3304/3304
f 3306/3306 3305/3305 3303/3303
f 3308/3308 3305/3305 3306/3306
f 3308/3308 3307/3307 3305/3305
f 3310/3310 3307/3307 3308/3308
f 3310/3310 3309/3309 3307/3307
f 3312/3312 3309/3309 3310/3310
f 3312/3312 3311/3311 3309/3309
f 3314/3314 3311/3311 3312/3312
f 3314/3314 3313/3313 3311/3311
f 3316/3316 3313/3313 3314/3314
f 3316/3316 3315/3315 3313/3313
f 3318/3318 3315/3315 3316/3316
f 3318/3318 3317/3317 3315/3315
f 3320/3320 3317/3317 3318/3318
f 3320/3320 3319/3319 3317/3317
f 3322/3322 3319/3319 3320/3320
f 3322/3322 3321/3321 3319/3319
f 3324/3324 3321/3321 3322/3322
f 3324/3324 3323/3323 3321/3321
f 3326/3326 3323/3323 3324/3324
f 3326/3326 3325/3325 3323/3323
f 3328/3328 3325/3325 3326/3326
f 3328/3328 3327/3327 3325/3325
f 3330/3330 3327/3327 3328/3328
f 3330/3330 3329/3329 3327/3327
f 3332/3332 3329/3329 3330/3330
f 3332/3332 3331/3331 3329/3329
f 3334/3334 3331/3331 3332/3332
f 3334/3334 3333/3333 3331/3331
f 3336/3336 3333/3333 3334/3334
f 3336/3336 3335/3335 3333/3333
f 3338/3338 3335/3335 3336/3336
f 3338/3338 3337/3337 3335/3335
f 3340/3340 3337/3337 3338/3338
f 3340/3340 3339/3339 3337/3337
f 3342/3342 3339/3339 3340/3340
f 3342/3342 3341/3341 3339/3339
f 3344/3344 3341/3341 3342/3342
f 3344/3344 3343/3343 3341/3341
f 3346/3346 3343/3343 3344/3344
f 3346/3346 3345/3345 3343/3343
f 3348/3348 3345/3345 3346/3346
f 3348/3348 3347/3347 3345/3345
f 3350/3350 3347/3347 3348/3348
f 3350/3350 3349/3349 3347/3347
f 3352/3352 3349/3349 3350/3350
f 3352/3352 3351/3351 3349/3349
f 3354/3354 3351/3351 3352/3352
f 3354/3354 3353/3353 3351/3351
f 3356/3356 3353/3353 3354/3354
f 3356/3356 3355/3355 3353/3353
f 3358/3358 3355/3355 3356/3356
f 3358/3358 3357/3357 3355/3355
f 3360/3360 3357/3357 3358/3358
f 3360/3360 3359/3359 3357/3357
f 3362/3362 3359/3359 3360/3360
f 3362/3362 3361/3361 3359/3359
f 3364/3364 3361/3361 3362/3362
f 3364/3364 3363/3363 3361/3361
f 3366/3366 3363/3363 3364/3364
f 3366/3366 3365/3365 3363/3363
f 3368/3368 3365/3365 3366/3366
f 3368/3368 3367/3367 3365/3365
f 3370/3370 3367/3367 3368/3368
f 3370/3370 3369/3369 3367/3367
f 3372/3372 3369/3369 3370/3370
f 3372/3372 3371/3371 3369/3369
f 3374/3374 3371/3371 3372/3372
f 3374/3374 3373/3373 3371/3371
f 3376/3376 3373/3373 3374/3374
f 3376/3376 3375/3375 3373/3373
f 3378/3378 3375/3375 3376/3376
f 3378/3378 3377/3377 3375/3375
f 3380/3380 3377/3377 3378/3378
f 3380/3380 3379/3379 3377/3377
f 3382/3382 3379/3379 3380/3380
f 3382/3382 3381/3381 3379/3379
f 3384/3384 3381/3381 3382/3382
f 3384/3384 3383/3383 3381/3381
f 3386/3386 3383/3383 3384/3384
f 3386/3386 3385/3385 3383/3383
f 3388/3388 3385/3385 3386/3386
f 3388/3388 3387/3387 3385/3385
f 3390/3390 3387/3387 3388/3388
f 3390/3390 3389/3389 3387/3387
f 3392/3392 3389/3389 3390/3390
f 3392/3392 3391/3391 3389/3389
f 3394/3394 3391/3391 3392/3392
f 3394/3394 3393/3393 3391/3391
f 3396/3396 3393/3393 3394/3394
f 3396/3396 3395/3395 3393/3393
f 3398/3398 3395/3395 3396/3396
f 3398/3398 3397/3397 3395/3395
f 3400/3400 3397/3397 3398/3398
f 3400/3400 3399/3399 3397/3397
f 3402/3402 3399/3399 3400/3400
f 3402/3402 3401/3401 3399/3399
f 3404/3404 3401/3401 3402/3402
f 3404/3404 3403/3403 3401/3401
f 3406/3406 3403/3403 3404/3404
f 3406/3406 3405/3405 3403/3403
f 3408/3408 3405/3405 3406/3406
f 3408/3408 3407/3407 3405/3405
f 3410/3410 3407/3407 3408/3408
f 3410/3410 3409/3409 3407/3407
f 3412/3412 3409/3409 3410/3410
f 3412/3412 3411/3411 3409/3409
f 3414/3414 3411/3411 3412/3412
f 3414/3414 3413/3413 3411/3411
f 3416/3416 3413/3413 3414/3414
f 3416/3416 3415/3415 3413/3413
f 3418/3418 3415/3415 3416/3416
f 3418/3418 3417/3417 3415/3415
f 3420/3420 3417/3417 3418/3418
f 3420/3420 3419/3419 3417/3417
f 3422/3422 3419/3419 3420/3420
f 3422/3422 3421/3421 3419/3419
f 3424/3424 3421/3421 3422/3422
f 3424/3424 3423/3423 3421/3421
f 3426/3426 3423/3423 3424/3424
f 3426/3426 3425/3425 3423/3423
f 3428/3428 3425/3425 3426/3426
f 3428/3428 3427/3427 3425/3425
f 3430/3430 3427/3427 3428/3428
f 3430/3430 3429/3429 3427/3427
f 3432/3432 3429/3429 3430/3430
f 3432/3432 3431/3431 3429/3429
f 3434/3434 3431/3431 3432/3432
f 3434/3434 3433/3433 3431/3431
f 3436/3436 3433/3433 3434/3434
f 3436/3436 3435/3435 3433/3433
f 3438/3438 3435/3435 3436/3436
f 3438/3438 3437/3437 3435/3435
f 3440/3440 3437/3437 3438/3438
f 3440/3440 3439/3439 3437/3437
f 3442/3442 3439/3439 3440/3440
f 3442/3442 3441/3441 3439/3439
f 3444/3444 3441/3441 3442/3442
f 3444/3444 3443/3443 3441/3441
f 3446/3446 3443/3443 3444/3444
f 3446/3446 3445/3445 3443/3443
f 3448/3448 3445/3445 3446/3446
f 3448/3448 3447/3447 3445/3445
f 3450/3450 3447/3447 3448/3448
f 3450/3450 3449/3449 3447/3447
f 3452/3452 3449/3449 3450/3450
f 3452/3452 3451/3451 3449/3449
f 3454/3454 3451/3451 3452/3452
f 3454/3454 3453/3453 3451/3451
f 3456/3456 3453/3453 3454/3454
f 3456/3456 3455/3455 3453/3453
f 3458/3458 3455/3455 3456/3456
f 3458/3458 3457/3457 3455/3455
f 3460/3460 3457/3457 3458/3458
f 3460/3460 3459/3459 3457/3457
f 3462/3462 3459/3459 3460/3460
f 3462/3462 3461/3461 3459/3459
f 3464/3464 3461/3461 3462/3462
f 3464/3464 3463/3463 3461/3461
f 3466/3466 3463/3463 3464/3464
f 3466/3466 3465/3465 3463/3463
f 3468/3468 3465/3465 3466/3466
f 3468/3468 3467/3467 3465/3465
f 3470/3470 3467/3467 3468/3468
f 3470/3470 3469/3469 3467/3467
f 3472/3472 3469/3469 3470/3470
f 3472/3472 3471/3471 3469/3469
f 3474/3474 3471/3471 3472/3472
f 3474/3474 3473/3473 3471/3471
f 3476/3476 3473/3473 3474/3474
f 3476/3476 3475/3475 3473/3473
f 3478/3478 3475/3475 3476/3476
f 3478/3478 3477/3477 3475/3475
f 3480/3480 3477/3477 3478/3478
f 3480/3480 3479/3479 3477/3477
f 3482/3482 3479/3479 3480/3480
f 3482/3482 3481/3481 3479/3479
f 3484/3484 3481/3481 3482/3482
f 3484/3484 3483/3483 3481/3481
f 3486/3486 3483/3483 3484/3484
f 3486/3486 3485/3485 3483/3483
f 3488/3488 3485/3485 3486/3486
f 3488/3488 3487/3487 3485/3485
f 3490/3490 3487/3487 3488/3488
f 3490/3490 3489/3489 3487/3487
f 3492/3492 3489/3489 3490/3490
f 3492/3492 3491/3491 3489/3489
f 3494/3494 3491/3491 3492/3492
f 3494/3494 3493/3493 3491/3491
f 3496/3496 3493/3493 3494/3494
f 3496/3496 3495/3495 3493/3493
f 3498/3498 3495/3495 3496/3496
f 3498/3498 3497/3497 3495/3495
f 3500/3500 3497/3497 3498/3498
f 3500/3500 3499/3499 3497/3497
f 3502/3502 3499/3499 3500/3500
f 3502/3502 3501/3501 3499/3499
f 3504/3504 3501/3501 3502/3502
f 3504/3504 3503/3503 3501/3501
f 3506/3506 3503/3503 3504/3504
f 3506/3506 3505/3505 3503/3503
f 3508/3508 3505/3505 3506/3506
f 3508/3508 3507/3507 3505/3505
f 3510/3510 3507/3507 3508/3508
f 3510/3510 3509/3509 3507/3507
f 3512/3512 3509/3509 3510/3510
f 3512/3512 3511/3511 3509/3509
f 3514/3514 3511/3511 3512/3512
f 3514/3514 3513/3513 3511/3511
f 3516/3516 3513/3513 3514/3514
f 3516/3516 3515/3515 3513/3513
f 3518/3518 3515/3515 3516/3516
f 3518/3518 3517/3517 3515/3515
f 3520/3520 3517/3517 3518/3518
f 3520/3520 3519/3519 3517/3517
f 3522/3522 3519/3519 3520/3520
f 3522/3522 3521/3521 3519/3519
f 3524/3524 3521/3521 3522/3522
f 3524/3524 3523/3523 3521/3521
f 3526/3526 3523/3523 3524/3524
f 3526/3526 3525/3525 3523/3523
f 3528/3528 3525/3525 3526/3526
f 3528/3528 3527/3527 3525/3525
f 3530/3530 3527/3527 3528/3528
f 3530/3530 3529/3529 3527/3527
f 3532/3532 3529/3529 3530/3530
f 3532/3532 3531/3531 3529/3529
f 3534/3534 3531/3531 3532/3532
f 3534/3534 3533/3533 3531/3531
f 3536/3536 3533/3533 3534/3534
f 3536/3536 3535/3535 3533/3533
f 3538/3538 3535/3535 3536/3536
f 3538/3538 3537/3537 3535/3535
f 3540/3540 3537/3537 3538/3538
f 3540/3540 3539/3539 3537/3537
f 3542/3542 3539/3539 3540/3540
f 3542/3542 3541/3541 3539/3539
f 3544/3544 3541/3541 3542/3542
f 3544/3544 3543/3543 3541/3541
f 3546/3546 3543/3543 3544/3544
f 3546/3546 3545/3545 3543/3543
f 3548/3548 3545/3545 3546/3546
f 3548/3548 3547/3547 3545/3545
f 3550/3550 3547/3547 3548/3548
f 3550/3550 3549/3549 3547/3547
f 3552/3552 3549/3549 3550/3550
f 3552/3552 3551/3551 3549/3549
f 3554/3554 3551/3551 3552/3552
f 3554/3554 3553/3553 3551/3551
f 3556/3556 3553/3553 3554/3554
f 3556/3556 3555/3555 3553/3553
f 3558/3558 3555/3555 3556/3556
f 3558/3558 3557/3557 3555/3555
f 3560/3560 3557/3557 3558/3558
f 3560/3560 3559/3559 3557/3557
f 3562/3562 3559/3559 3560/3560
f 3562/3562 3561/3561 3559/3559
f 3564/3564 3561/3561 3562/3562
f 3564/3564 3563/3563 3561/3561
f 3566/3566 3563/3563 3564/3564
f 3566/3566 3565/3565 3563/3563
f 3568/3568 3565/3565 3566/3566
f 3568/3568 3567/3567 3565/3565
f 3570/3570 3567/3567 3568/3568
f 3570/3570 3569/3569 3567/3567
f 3572/3572 3569/3569 3570/3570
f 3572/3572 3571/3571 3569/3569
f 3574/3574 3571/3571 3572/3572
f 3574/3574 3573/3573 3571/3571
f 3576/3576 3573/3573 3574/3574
f 3576/3576 3575/3575 3573/3573
f 3578/3578 3575/3575 3576/3576
f 3578/3578 3577/3577 3575/3575
f 3580/3580 3577/3577 3578/3578
f 3580/3580 3579/3579 3577/3577
f 3582/3582 3579/3579 3580/3580
f 3582/3582 3581/3581 3579/3579
f 3584/3584 3581/3581 3582/3582
f 3584/3584 3583/3583 3581/3581
f 3586/3586 3583/3583 3584/3584
f 3586/3586 3585/3585 3583/3583
f 3588/3588 3585/3585 3586/3586
f 3588/3588 3587/3587 3585/3585
f 3590/3590 3587/3587 3588/3588
f 3590/3590 3589/3589 3587/3587
f 3592/3592 3589/3589 3590/3590
f 3592/3592 3591/3591 3589/3589
f 3594/3594 3591/3591 3592/3592
f 3594/3594 3593/3593 3591/3591
f 3596/3596 3593/3593 3594/3594
f 3596/3596 3595/3595 3593/3593
f 3598/3598 3595/3595 3596/3596
f 3598/3598 3597/3597 3595/3595
f 3600/3600 3597/3597 3598/3598
f 3600/3600 3599/3599 3597/3597
f 3602/3602 3599/3599 3600/3600
f 3602/3602 3601/3601 3599/3599
f 3604/3604 3601/3601 3602/3602
f 3604/3604 3603/3603 3601/3601
f 3606/3606 3603/3603 3604/3604
f 3606/3606 3605/3605 3603/3603
f 3608/3608 3605/3605 3606/3606
f 3608/3608 3607/3607 3605/3605
f 3610/3610 3607/3607 3608/3608
f 3610/3610 3609/3609 3607/3607
f 3612/3612 3609/3609 3610/3610
f 3612/3612 3611/3611 3609/3609
f 3614/3614 3611/3611 3612/3612
f 3614/3614 3613/3613 3611/3611
f 3616/3616 3613/3613 3614/3614
f 3616/3616 3615/3615 3613/3613
f 3618/3618 3615/3615 3616/3616
f 3618/3618 3617/3617 3615/3615
f 3620/3620 3617/3617 3618/3618
f 3620/3620 3619/3619 3617/3617
f 3622/3622 3619/3619 3620/3620
f 3622/3622 3621/3621 3619/3619
f 3624/3624 3621/3621 3622/3622
f 3624/3624 3623/3623 3621/3621
f 3626/3626 3623/3623 3624/3624
f 3626/3626 3625/3625 3623/3623
f 3628/3628 3625/3625 3626/3626
f 3628/3628 3627/3627 3625/3625
f 3630/3630 3627/3627 3628/3628
f 3630/3630 3629/3629 3627/3627
f 3632/3632 3629/3629 3630/3630
f 3632/3632 3631/3631 3629/3629
f 3634/3634 3631/3631 3632/3632
f 3634/3634 3633/3633 3631/3631
f 3636/3636 3633/3633 3634/3634
f 3636/3636 3635/3635 3633/3633
f 3638/3638 3635/3635 3636/3636
f 3638/3638 3637/3637 3635/3635
f 3640/3640 3637/3637 3638/3638
f 3640/3640 3639/3639 3637/3637
f 3642/3642 3639/3639 3640/3640
f 3642/3642 3641/3641 3639/3639
f 3644/3644 3641/3641 3642/3642
f 3644/3644 3643/3643 3641/3641
f 3646/3646 3643/3643 3644/3644
f 3646/3646 3645/3645 3643/3643
f 3648/3648 3645/3645 3646/3646
f 3648/3648 3647/3647 3645/3645
f 3650/3650 3647/3647 3648/3648
f 3650/3650 3649/3649 3647/3647
f 3652/3652 3649/3649 3650/3650
f 3652/3652 3651/3651 3649/3649
f 3654/3654 3651/3651 3652/3652
f 3654/3654 3653/3653 3651/3651
f 3656/3656 3653/3653 3654/3654
f 3656/3656 3655/3655 3653/3653
f 3658/3658 3655/3655 3656/3656
f 3658/3658 3657/3657 3655/3655
f 3660/3660 3657/3657 3658/3658
f 3660/3660 3659/3659 3657/3657
f 3662/3662 3659/3659 3660/3660
f 3662/3662 3661/3661 3659/3659
f 3664/3664 3661/3661 3662/3662
f 3664/3664 3663/3663 3661/3661
f 3666/3666 3663/3663 3664/3664
f 3666/3666 3665/3665 3663/3663
f 3668/3668 3665/3665 3666/3666
f 3668/3668 3667/3667 3665/3665
f 3670/3670 3667/3667 3668/3668
f 3670/3670 3669/3669 3667/3667
f 3672/3672 3669/3669 3670/3670
f 3672/3672 3671/3671 3669/3669
f 3674/3674 3671/3671 3672/3672
f 3674/3674 3673/3673 3671/3671
f 3676/3676 3673/3673 3674/3674
f 3676/3676 3675/3675 3673/3673
f 3678/3678 3675/3675 3676/3676
f 3678/3678 3677/3677 3675/3675
f 3680/3680 3677/3677 3678/3678
f 3680/3680 3679/3679 3677/3677
f 3682/3682 3679/3679 3680/3680
f 3682/3682 3681/3681 3679/3679
f 3684/3684 3681/3681 3682/3682
f 3684/3684 3683/3683 3681/3681
f 3686/3686 3683/3683 3684/3684
f 3686/3686 3685/3685 3683/3683
f 3688/3688 3685/3685 3686/3686
f 3688/3688 3687/3687 3685/3685
f 3690/3690 3687/3687 3688/3688
f 3690/3690 3689/3689 3687/3687
f 3692/3692 3689/3689 3690/3690
f 3692/3692 3691/3691 3689/3689
f 3694/3694 3691/3691 3692/3692
f 3694/3694 3693/3693 3691/3691
f 3696/3696 3693/3693 3694/3694
f 3696/3696 3695/3695 3693/3693
f 3698/3698 3695/3695 3696/3696
f 3698/3698 3697/3697 3695/3695
f 3700/3700 3697/3697 3698/3698
f 3700/3700 3699/3699 3697/3697
f 3702/3702 3699/3699 3700/3700
f 3702/3702 3701/3701 3699/3699
f 3704/3704 3701/3701 3702/3702
f 3704/3704 3703/3703 3701/3701
f 3706/3706 3703/3703 3704/3704
f 3706/3706 3705/3705 3703/3703
f 3708/3708 3705/3705 3706/3706
f 3708/3708 3707/3707 3705/3705
f 3710/3710 3707/3707 3708/3708
f 3710/3710 3709/3709 3707/3707
f 3712/3712 3709/3709 3710/3710
f 3712/3712 3711/3711 3709/3709
f 3714/3714 3711/3711 3712/3712
f 3714/3714 3713/3713 3711/3711
f 3716/3716 3713/3713 3714/3714
f 3716/3716 3715/3715 3713/3713
f 3718/3718 3715/3715 3716/3716
f 3718/3718 3717/3717 3715/3715
f 3720/3720 3717/3717 3718/3718
f 3720/3720 3719/3719 3717/3717
f 3722/3722 3719/3719 3720/3720
f 3722/3722 3721/3721 3719/3719
f 3724/3724 3721/3721 3722/3722
f 3724/3724 3723/3723 3721/3721
f 3726/3726 3723/3723 3724/3724
f 3726/3726 3725/3725 3723/3723
f 3728/3728 3725/3725 3726/3726
f 3728/3728 3727/3727 3725/3725
f 3730/3730 3727/3727 3728/3728
f 3730/3730 3729/3729 3727/3727
f 3732/3732 3729/3729 3730/3730
f 3732/3732 3731/3731 3729/3729
f 3734/3734 3731/3731 3732/3732
f 3734/3734 3733/3733 3731/3731
f 3736/3736 3733/3733 3734/3734
f 3736/3736 3735/3735 3733/3733
f 3738/3738 3735/3735 3736/3736
f 3738/3738 3737/3737 3735/3735
f 3740/3740 3737/3737 3738/3738
f 3740/3740 3739/3739 3737/3737
f 3742/3742 3739/3739 3740/3740
f 3742/3742 3741/3741 3739/3739
f 3744/3744 3741/3741 3742/3742
f 3744/3744 3743/3743 3741/3741
f 3746/3746 3743/3743 3744/3744
f 3746/3746 3745/3745 3743/3743
f 3748/3748 3745/3745 3746/3746
f 3748/3748 3747/3747 3745/3745
f 3750/3750 3747/3747 3748/3748
f 3750/3750 3749/3749 3747/3747
f 3752/3752 3749/3749 3750/3750
f 3752/3752 3751/3751 3749/3749
f 3754/3754 3751/3751 3752/3752
f 3754/3754 3753/3753 3751/3751
f 3756/3756 3753/3753 3754/3754
f 3756/3756 3755/3755 3753/3753
f 3758/3758 3755/3755 3756/3756
f 3758/3758 3757/3757 3755/3755
f 3760/3760 3757/3757 3758/3758
f 3760/3760 3759/3759 3757/3757
f 3762/3762 3759/3759 3760/3760
f 3762/3762 3761/3761 3759/3759
f 3764/3764 3761/3761 3762/3762
f 3764/3764 3763/3763 3761/3761
f 3766/3766 3763/3763 3764/3764
f 3766/3766 3765/3765 3763/3763
f 3768/3768 3765/3765 3766/3766
f 3768/3768 3767/3767 3765/3765
f 3770/3770 3767/3767 3768/3768
f 3770/3770 3769/3769 3767/3767
f 3772/3772 3769/3769 3770/3770
f 3772/3772 3771/3771 3769/3769
f 3774/3774 3771/3771 3772/3772
f 3774/3774 3773/3773 3771/3771
f 3776/3776 3773/3773 3774/3774
f 3776/3776 3775/3775 3773/3773
f 3778/3778 3775/3775 3776/3776
f 3778/3778 3777/3777 3775/3775
f 3780/3780 3777/3777 3778/3778
f 3780/3780 3779/3779 3777/3777
f 3782/3782 3779/3779 3780/3780
f 3782/3782 3781/3781 3779/3779
f 3784/3784 3781/3781 3782/3782
f 3784/3784 3783/3783 3781/3781
f 3786/3786 3783/3783 3784/3784
f 3786/3786 3785/3785 3783/3783
f 3788/3788 3785/3785 3786/3786
f 3788/3788 3787/3787 3785/3785
f 3790/3790 3787/3787 3788/3788
f 3790/3790 3789/3789 3787/3787
f 3792/3792 3789/3789 3790/3790
f 3792/3792 3791/3791 3789/3789
f 3794/3794 3791/3791 3792/3792
f 3794/3794 3793/3793 3791/3791
f 3796/3796 3793/3793 3794/3794
f 3796/3796 3795/3795 3793/3793
f 3798/3798 3795/3795 3796/3796
f 3798/3798 3797/3797 3795/3795
f 3800/3800 3797/3797 3798/3798
f 3800/3800 3799/3799 3797/3797
f 3802/3802 3799/3799 3800/3800
f 3802/3802 3801/3801 3799/3799
f 3804/3804 3801/3801 3802/3802
f 3804/3804 3803/3803 3801/3801
f 3806/3806 3803/3803 3804/3804
f 3806/3806 3805/3805 3803/3803
f 3808/3808 3805/3805 3806/3806
f 3808/3808 3807/3807 3805/3805
f 3810/3810 3807/3807 3808/3808
f 3810/3810 3809/3809 3807/3807
f 3812/3812 3809/3809 3810/3810
f 3812/3812 3811/3811 3809/3809
f 3814/3814 3811/3811 3812/3812
f 3814/3814 3813/3813 3811/3811
f 3816/3816 3813/3813 3814/3814
f 3816/3816 3815/3815 3813/3813
f 3818/3818 3815/3815 3816/3816
f 3818/3818 3817/3817 3815/3815
f 3820/3820 3817/3817 3818/3818
f 3820/3820 3819/3819 3817/3817
f 3822/3822 3819/3819 3820/3820
f 3822/3822 3821/3821 3819/3819
f 3824/3824 3821/3821 3822/3822
f 3824/3824 3823/3823 3821/3821
f 3826/3826 3823/3823 3824/3824
f 3826/3826 3825/3825 3823/3823
f 3828/3828 3825/3825 3826/3826
f 3828/3828 3827/3827 3825/3825
f 3830/3830 3827/3827 3828/3828
f 3830/3830 3829/3829 3827/3827
f 3832/3832 3829/3829 3830/3830
f 3832/3832 3831/3831 3829/3829
f 3834/3834 3831/3831 3832/3832
f 3834/3834 3833/3833 3831/3831
f 3836/3836 3833/3833 3834/3834
f 3836/3836 3835/3835 3833/3833
f 3838/3838 3835/3835 3836/3836
f 3838/3838 3837/3837 3835/3835
f 3840/3840 3837/3837 3838/3838
f 3840/3840 3839/3839 3837/3837
f 3842/3842 3839/3839 3840/3840
f 3842/3842 3841/3841 3839/3839
f 3844/3844 3841/3841 3842/3842
f 3844/3844 3843/3843 3841/3841
f 3846/3846 3843/3843 3844/3844
f 3846/3846 3845/3845 3843/3843
f 3848/3848 3845/3845 3846/3846
f 3848/3848 3847/3847 3845/3845
f 3850/3850 3847/3847 3848/3848
f 3850/3850 3849/3849 3847/3847
f 3852/3852 3849/3849 3850/3850
f 3852/3852 3851/3851 3849/3849
f 3854/3854 3851/3851 3852/3852
f 3854/3854 3853/3853 3851/3851
f 3856/3856 3853/3853 3854/3854
f 3856/3856 3855/3855 3853/3853
f 3858/3858 3855/3855 3856/3856
f 3858/3858 3857/3857 3855/3855
f 3860/3860 3857/3857 3858/3858
f 3860/3860 3859/3859 3857/3857
f 3862/3862 3859/3859 3860/3860
f 3862/3862 3861/3861 3859/3859
f 3864/3864 3861/3861 3862/3862
f 3864/3864 3863/3863 3861/3861
f 3866/3866 3863/3863 3864/3864
f 3866/3866 3865/3865 3863/3863
f 3868/3868 3865/3865 3866/3866
f 3868/3868 3867/3867 3865/3865
f 3870/3870 3867/3867 3868/3868
f 3870/3870 3869/3869 3867/3867
f 3872/3872 3869/3869 3870/3870
f 3872/3872 3871/3871 3869/3869
f 3874/3874 3871/3871 3872/3872
f 3874/3874 3873/3873 3871/3871
f 3876/3876 3873/3873 3874/3874
f 3876/3876 3875/3875 3873/3873
f 3878/3878 3875/3875 3876/3876
f 3878/3878 3877/3877 3875/3875
f 3880/3880 3877/3877 3878/3878
f 3880/3880 3879/3879 3877/3877
f 3882/3882 3879/3879 3880/3880
f 3882/3882 3881/3881 3879/3879
f 3884/3884 3881/3881 3882/3882
f 3884/3884 3883/3883 3881/3881
f 3886/3886 3883/3883 3884/3884
f 3886/3886 3885/3885 3883/3883
f 3888/3888 3885/3885 3886/3886
f 3888/3888 3887/3887 3885/3885
f 3890/3890 3887/3887 3888/3888
f 3890/3890 3889/3889 3887/3887
f 3892/3892 3889/3889 3890/3890
f 3892/3892 3891/3891 3889/3889
f 3894/3894 3891/3891 3892/3892
f 3894/3894 3893/3893 3891/3891
f 3896/3896 3893/3893 3894/3894
f 3896/3896 3895/3895 3893/3893
f 3898/3898 3895/3895 3896/3896
f 3898/3898 3897/3897 3895/3895
f 3900/3900 3897/3897 3898/3898
f 3900/3900 3899/3899 3897/3897
f 3902/3902 3899/3899 3900/3900
f 3902/3902 3901/3901 3899/3899
f 3904/3904 3901/3901 3902/3902
f 3904/3904 3903/3903 3901/3901
f 3906/3906 3903/3903 3904/3904
f 3906/3906 3905/3905 3903/3903
f 3908/3908 3905/3905 3906/3906
f 3908/3908 3907/3907 3905/3905
f 3910/3910 3907/3907 3908/3908
f 3910/3910 3909/3909 3907/3907
f 3912/3912 3909/3909 3910/3910
f 3912/3912 3911/3911 3909/3909
f 3914/3914 3911/3911 3912/3912
f 3914/3914 3913/3913 3911/3911
f 3916/3916 3913/3913 3914/3914
f 3916/3916 3915/3915 3913/3913
f 3918/3918 3915/3915 3916/3916
f 3918/3918 3917/3917 3915/3915
f 3920/3920 3917/3917 3918/3918
f 3920/3920 3919/3919 3917/3917
f 3922/3922 3919/3919 3920/3920
f 3922/3922 3921/3921 3919/3919
f 3924/3924 3921/3921 3922/3922
f 3924/3924 3923/3923 3921/3921
f 3926/3926 3923/3923 3924/3924
f 3926/3926 3925/3925 3923/3923
f 3928/3928 3925/3925 3926/3926
f 3928/3928 3927/3927 3925/3925
f 3930/3930 3927/3927 3928/3928
f 3930/3930 3929/3929 3927/3927
f 3932/3932 3929/3929 3930/3930
f 3932/3932 3931/3931 3929/3929
f 3934/3934 3931/3931 3932/3932
f 3934/3934 3933/3933 3931/3931
f 3936/3936 3933/3933 3934/3934
f 3936/3936 3935/3935 3933/3933
f 3938/3938 3935/3935 3936/3936
f 3938/3938 3937/3937 3935/3935
f 3940/3940 3937/3937 3938/3938
f 3940/3940 3939/3939 3937/3937
f 3942/3942 3939/3939 3940/3940
f 3942/3942 3941/3941 3939/3939
f 3944/3944 3941/3941 3942/3942
f 3944/3944 3943/3943 3941/3941
f 3946/3946 3943/3943 3944/3944
f 3946/3946 3945/3945 3943/3943
f 3948/3948 3945/3945 3946/3946
f 3948/3948 3947/3947 3945/3945
f 3950/3950 3947/3947 3948/3948
f 3950/3950 3949/3949 3947/3947
f 3952/3952 3949/3949 3950/3950
f 3952/3952 3951/3951 3949/3949
f 3954/3954 3951/3951 3952/3952
f 3954/3954 3953/3953 3951/3951
f 3956/3956 3953/3953 3954/3954
f 3956/3956 3955/3955 3953/3953
f 3958/3958 3955/3955 3956/3956
f 3958/3958 3957/3957 3955/3955
f 3960/3960 3957/3957 3958/3958
f 3960/3960 3959/3959 3957/3957
f 3962/3962 3959/3959 3960/3960
f 3962/3962 3961/3961 3959/3959
f 3964/3964 3961/3961 3962/3962
f 3964/3964 3963/3963 3961/3961
f 3966/3966 3963/3963 3964/3964
f 3966/3966 3965/3965 3963/3963
f 3968/3968 3965/3965 3966/3966
f 3968/3968 3967/3967 3965/3965
f 3970/3970 3967/3967 3968/3968
f 3970/3970 3969/3969 3967/3967
f 3972/3972 3969/3969 3970/3970
f 3972/3972 3971/3971 3969/3969
f 3974/3974 3971/3971 3972/3972
f 3974/3974 3973/3973 3971/3971
f 3976/3976 3973/3973 3974/3974
f 3976/3976 3975/3975 3973/3973
f 3978/3978 3975/3975 3976/3976
f 3978/3978 3977/3977 3975/3975
f 3980/3980 3977/3977 3978/3978
f 3980/3980 3979/3979 3977/3977
f 3982/3982 3979/3979 3980/3980
f 3982/3982 3981/3981 3979/3979
f 3984/3984 3981/3981 3982/3982
f 3984/3984 3983/3983 3981/3981
f 3986/3986 3983/3983 3984/3984
f 3986/3986 3985/3985 3983/3983
f 3988/3988 3985/3985 3986/3986
f 3988/3988 3987/3987 3985/3985
f 3990/3990 3987/3987 3988/3988
f 3990/3990 3989/3989 3987/3987
f 3992/3992 3989/3989 3990/3990
f 3992/3992 3991/3991 3989/3989
f 3994/3994 3991/3991 3992/3992
f 3994/3994 3993/3993 3991/3991
f 3996/3996 3993/3993 3994/3994
f 3996/3996 3995/3995 3993/3993
f 3998/3998 3995/3995 3996/3996
f 3998/3998 3997/3997 3995/3995
f 4000/4000 3997/3997 3998/3998
f 4000/4000 3999/3999 3997/3997
f 4002/4002 3999/3999 4000/4000
f 4002/4002 4001/4001 3999/3999
f 4004/4004 4001/4001 4002/4002
f 4004/4004 4003/4003 4001/4001
f 4006/4006 4003/4003 4004/4004
f 4006/4006 4005/4005 4003/4003
f 4008/4008 4005/4005 4006/4006
f 4008/4008 4007/4007 4005/4005
f 4010/4010 4007/4007 4008/4008
f 4010/4010 4009/4009 4007/4007
f 4012/4012 4009/4009 4010/4010
f 4012/4012 4011/4011 4009/4009
f 4014/4014 4011/4011 4012/4012
f 4014/4014 4013/4013 4011/4011
f 4016/4016 4013/4013 4014/4014
f 4016/4016 4015/4015 4013/4013
f 4018/4018 4015/4015 4016/4016
f 4018/4018 4017/4017 4015/4015
f 4020/4020 4017/4017 4018/4018
f 4020/4020 4019/4019 4017/4017
f 4022/4022 4019/4019 4020/4020
f 4022/4022 4021/4021 4019/4019
f 4024/4024 4021/4021 4022/4022
f 4024/4024 4023/4023 4021/4021
f 4026/4026 4023/4023 4024/4024
f 4026/4026 4025/4025 4023/4023
f 4028/4028 4025/4025 4026/4026
f 4028/4028 4027/4027 4025/4025
f 4030/4030 4027/4027 4028/4028
f 4030/4030 4029/4029 4027/4027
f 4032/4032 4029/4029 4030/4030
f 4032/4032 4031/4031 4029/4029
f 4034/4034 4031/4031 4032/4032
f 4034/4034 4033/4033 4031/4031
f 4036/4036 4033/4033 4034/4034
f 4036/4036 4035/4035 4033/4033
f 4038/4038 4035/4035 4036/4036
f 4038/4038 4037/4037 4035/4035
f 4040/4040 4037/4037 4038/4038
f 4040/4040 4039/4039 4037/4037
f 4042/4042 4039/4039 4040/4040
f 4042/4042 4041/4041 4039/4039
f 4044/4044 4041/4041 4042/4042
f 4044/4044 4043/4043 4041/4041
f 4046/4046 4043/4043 4044/4044
f 4046/4046 4045/4045 4043/4043
f 4048/4048 4045/4045 4046/4046
f 4048/4048 4047/4047 4045/4045
f 4050/4050 4047/4047 4048/4048
f 4050/4050 4049/4049 4047/4047
f 4052/4052 4049/4049 4050/4050
f 4052/4052 4051/4051 4049/4049
f 4054/4054 4051/4051 4052/4052
f 4054/4054 4053/4053 4051/4051
f 4056/4056 4053/4053 4054/4054
f 4056/4056 4055/4055 4053/4053
f 4058/4058 4055/4055 4056/4056
f 4058/4058 4057/4057 4055/4055
f 4060/4060 4057/4057 4058/4058
f 4060/4060 4059/4059 4057/4057
f 4062/4062 4059/4059 4060/4060
f 4062/4062 4061/4061 4059/4059
f 4064/4064 4061/4061 4062/4062
f 4064/4064 4063/4063 4061/4061
f 4066/4066 4063/4063 4064/4064
f 4066/4066 4065/4065 4063/4063
f 4068/4068 4065/4065 4066/4066
f 4068/4068 4067/4067 4065/4065
f 4070/4070 4067/4067 4068/4068
f 4070/4070 4069/4069 4067/4067
f 4072/4072 4069/4069 4070/4070
f 4072/4072 4071/4071 4069/4069
f 4074/4074 4071/4071 4072/4072
f 4074/4074 4073/4073 4071/4071
f 4076/4076 4073/4073 4074/4074
f 4076/4076 4075/4075 4073/4073
f 4078/4078 4075/4075 4076/4076
f 4078/4078 4077/4077 4075/4075
f 4080/4080 4077/4077 4078/4078
f 4080/4080 4079/4079 4077/4077
f 4082/4082 4079/4079 4080/4080
f 4082/4082 4081/4081 4079/4079
f 4084/4084 4081/4081 4082/4082
f 4084/4084 4083/4083 4081/4081
f 4086/4086 4083/4083 4084/4084
f 4086/4086 4085/4085 4083/4083
f 4088/4088 4085/4085 4086/4086
f 4088/4088 4087/4087 4085/4085
f 4090/4090 4087/4087 4088/4088
f 4090/4090 4089/4089 4087/4087
f 4092/4092 4089/4089 4090/4090
f 4092/4092 4091/4091 4089/4089
f 4094/4094 4091/4091 4092/4092
f 4094/4094 4093/4093 4091/4091
f 4096/4096 4093/4093 4094/4094
f 4096/4096 4095/4095 4093/4093
f 4098/4098 4095/4095 4096/4096
f 4098/4098 4097/4097 4095/4095
f 4100/4100 4097/4097 4098/4098
f 4100/4100 4099/4099 4097/4097
f 4102/4102 4099/4099 4100/4100
f 4102/4102 4101/4101 4099/4099
f 4104/4104 4101/4101 4102/4102
f 4104/4104 4103/4103 4101/4101
f 4106/4106 4103/4103 4104/4104
f 4106/4106 4105/4105 4103/4103
g vroa_kerb_left0
usemtl RED
g vroa_kerb_left1
usemtl WHITE
g vroa_kerb_right0
usemtl RED
g vroa_kerb_right1
usemtl WHITE
