mtllib viroad.mtl
v -1.18954 -4.81343 0
v 1.18467 4.90064 0
v -1.67524 -4.69472 0
v 0.698965 5.01935 0
v -2.10978 -4.58823 0
v 0.162097 5.15028 0
v -2.54628 -4.49152 0
v -0.377586 5.27049 0
v -2.93088 -4.40496 0
v -0.969208 5.40074 0
v -3.31865 -4.33699 0
v -1.56592 5.50821 0
v -3.656 -4.27451 0
v -2.21311 5.62084 0
v -3.99723 -4.23805 0
v -2.86544 5.6977 0
v -4.33315 -4.19723 0
v -3.52311 5.76991 0
v -4.67188 -4.18324 0
v -4.18318 5.80481 0
v -5.03896 -4.16353 0
v -4.8149 5.83396 0
v -5.4066 -4.16677 0
v -5.44725 5.83315 0
v -5.76775 -4.16632 0
v -6.0861 5.82861 0
v -6.12777 -4.18973 0
v -6.7243 5.79246 0
v -6.44539 -4.20543 0
v -7.40489 5.74843 0
v -6.75953 -4.25061 0
v -8.08199 5.66156 0
v -7.03721 -4.28285 0
v -8.79549 5.56136 0
v -7.30889 -4.34873 0
v -9.49956 5.40837 0
v -7.66752 -4.42755 0
v -10.1166 5.26792 0
v -8.022 -4.5289 0
v -10.7249 5.0989 0
v -8.55764 -4.6789 0
v -11.152 4.9787 0
v -9.09871 -4.81812 0
v -11.5796 4.86927 0
v -9.80813 -4.99399 0
v -11.839 4.79763 0
v -10.5329 -5.11539 0
v -12.1016 4.76081 0
v -11.2943 -5.22826 0
v -12.3278 4.71819 0
v -12.0628 -5.27436 0
v -12.5581 4.71337 0
v -12.7586 -5.30429 0
v -12.861 4.69518 0
v -13.4506 -5.28873 0
v -13.1686 4.70729 0
v -14.0255 -5.27168 0
v -13.5933 4.71898 0
v -14.5955 -5.23926 0
v -14.0217 4.74426 0
v -15.0465 -5.21326 0
v -14.569 4.77533 0
v -15.4944 -5.19625 0
v -15.1203 4.79675 0
v -15.8333 -5.18149 0
v -15.7807 4.81837 0
v -16.1704 -5.19263 0
v -16.4434 4.80364 0
v -16.4642 -5.19712 0
v -17.149 4.77941 0
v -16.7563 -5.23286 0
v -17.8511 4.70703 0
v -17.0318 -5.25887 0
v -18.5693 4.62222 0
v -17.305 -5.31838 0
v -19.2766 4.48535 0
v -17.4922 -5.34655 0
v -20.0695 4.31561 0
v -17.6724 -5.41662 0
v -20.8379 4.06912 0
v -17.6695 -5.388 0
v -21.7893 3.72395 0
v -17.639 -5.40059 0
v -22.6838 3.2336 0
v -17.3437 -5.137 0
v -23.8416 2.46414 0
v -16.9752 -4.80874 0
v -24.8433 1.36317 0
v -16.5827 -4.02163 0
v -25.8304 -0.216279 0
v -16.2974 -3.0758 0
v -26.2546 -2.1524 0
v -16.3427 -2.43804 0
v -26.2533 -3.77237 0
v -16.405 -1.99232 0
v -25.8865 -5.17062 0
v -16.3404 -2.18971 0
v -25.6204 -5.91563 0
v -16.1909 -2.50858 0
v -25.3566 -6.50738 0
v -15.8759 -3.27615 0
v -25.2858 -6.66075 0
v -15.6176 -4.11158 0
v -25.2544 -6.78243 0
v -15.3861 -5.08621 0
v -25.2426 -6.774 0
v -15.2799 -6.08314 0
v -25.2561 -6.77278 0
v -15.2469 -7.04309 0
v -25.2441 -6.80855 0
v -15.3228 -7.98366 0
v -25.2599 -6.86375 0
v -15.4441 -8.84578 0
v -25.2705 -6.99069 0
v -15.6394 -9.66984 0
v -25.3135 -7.13785 0
v -15.8505 -10.4159 0
v -25.3702 -7.35394 0
v -16.1021 -11.1141 0
v -25.4623 -7.59483 0
v -16.3388 -11.7245 0
v -25.5856 -7.91694 0
v -16.5832 -12.2856 0
v -25.7424 -8.27187 0
v -16.7855 -12.7469 0
v -25.9417 -8.72644 0
v -16.9754 -13.1786 0
v -26.1542 -9.2101 0
v -17.1289 -13.5384 0
v -26.3918 -9.77044 0
v -17.2684 -13.8986 0
v -26.6147 -10.3423 0
v -17.3997 -14.2494 0
v -26.8322 -10.9284 0
v -17.525 -14.629 0
v -27.0221 -11.4979 0
v -17.6688 -15.0682 0
v -27.1894 -12.009 0
v -17.8173 -15.5394 0
v -27.3416 -12.4916 0
v -17.9943 -16.0838 0
v -27.4733 -12.8982 0
v -18.1833 -16.628 0
v -27.6127 -13.2985 0
v -18.3807 -17.1777 0
v -27.7528 -13.6901 0
v -18.5872 -17.7139 0
v -27.9062 -14.0869 0
v -18.7886 -18.2266 0
v -28.0703 -14.5049 0
v -18.9925 -18.725 0
v -28.2452 -14.932 0
v -19.1858 -19.1958 0
v -28.4317 -15.3863 0
v -19.3819 -19.6701 0
v -28.6177 -15.8361 0
v -19.5832 -20.153 0
v -28.8011 -16.2762 0
v -19.7954 -20.6531 0
v -28.9795 -16.6967 0
v -20.0322 -21.1938 0
v -29.1433 -17.0721 0
v -20.2892 -21.7437 0
v -29.31 -17.428 0
v -20.5736 -22.3231 0
v -29.4649 -17.7465 0
v -20.883 -22.8969 0
v -29.6311 -18.0523 0
v -21.2119 -23.4749 0
v -29.7952 -18.3439 0
v -21.5621 -24.0333 0
v -29.9778 -18.6318 0
v -21.9152 -24.5715 0
v -30.1719 -18.93 0
v -22.2828 -25.0886 0
v -30.3849 -19.2272 0
v -22.6457 -25.5821 0
v -30.6136 -19.5396 0
v -23.0167 -26.0567 0
v -30.8592 -19.8523 0
v -23.3783 -26.5089 0
v -31.1218 -20.1813 0
v -23.7427 -26.9454 0
v -31.3986 -20.5121 0
v -24.0945 -27.3616 0
v -31.6922 -20.8597 0
v -24.4415 -27.7621 0
v -32.0002 -21.2149 0
v -24.7656 -28.1365 0
v -32.3305 -21.5965 0
v -25.0779 -28.4982 0
v -32.6717 -21.9918 0
v -25.3617 -28.8317 0
v -33.0357 -22.4201 0
v -25.6329 -29.1623 0
v -33.399 -22.8624 0
v -25.886 -29.4774 0
v -33.7713 -23.3274 0
v -26.1293 -29.7986 0
v -34.1324 -23.8028 0
v -26.3678 -30.1204 0
v -34.4885 -24.2849 0
v -26.6015 -30.456 0
v -34.8271 -24.7693 0
v -26.8435 -30.8091 0
v -35.1501 -25.2412 0
v -27.0784 -31.1676 0
v -35.4636 -25.7188 0
v -27.3113 -31.529 0
v -35.772 -26.1982 0
v -27.5357 -31.8933 0
v -36.0724 -26.6851 0
v -27.7546 -32.2555 0
v -36.3703 -27.179 0
v -27.9641 -32.6203 0
v -36.6592 -27.6811 0
v -28.1677 -32.9825 0
v -36.9449 -28.1909 0
v -28.3627 -33.3505 0
v -37.2188 -28.7061 0
v -28.5557 -33.7225 0
v -37.4857 -29.2219 0
v -28.7448 -34.1089 0
v -37.7367 -29.7335 0
v -28.9427 -34.5185 0
v -37.9738 -30.2243 0
v -29.1292 -34.9172 0
v -38.2111 -30.7314 0
v -29.2982 -35.2887 0
v -38.4554 -31.2704 0
v -29.4562 -35.6621 0
v -38.6877 -31.8177 0
v -29.6078 -36.0318 0
v -38.9146 -32.3733 0
v -29.749 -36.4069 0
v -39.1265 -32.9338 0
v -29.8866 -36.7846 0
v -39.3303 -33.4958 0
v -30.0078 -37.1491 0
v -39.5252 -34.08 0
v -30.1104 -37.4749 0
v -39.7202 -34.7085 0
v -30.1877 -37.7692 0
v -39.8983 -35.381 0
v -30.2393 -37.9819 0
v -40.0686 -36.142 0
v -30.2593 -38.1261 0
v -40.1942 -36.9872 0
v -30.2683 -38.1413 0
v -40.2668 -37.9646 0
v -30.2604 -38.1522 0
v -40.2283 -38.9526 0
v -30.2585 -38.2085 0
v -40.1168 -39.8861 0
v -30.225 -38.3281 0
v -39.9293 -40.7417 0
v -30.1628 -38.5624 0
v -39.7303 -41.4714 0
v -30.0664 -38.8413 0
v -39.5067 -42.1399 0
v -29.9406 -39.1905 0
v -39.2929 -42.731 0
v -29.7862 -39.5788 0
v -39.079 -43.2725 0
v -29.6067 -40.0288 0
v -38.888 -43.7512 0
v -29.4142 -40.5065 0
v -38.7066 -44.201 0
v -29.2099 -41.0277 0
v -38.546 -44.6107 0
v -29.008 -41.5653 0
v -38.3962 -45.0093 0
v -28.8074 -42.1259 0
v -38.2597 -45.39 0
v -28.6187 -42.6927 0
v -38.1328 -45.772 0
v -28.4388 -43.2651 0
v -38.0126 -46.1533 0
v -28.2725 -43.8401 0
v -37.9014 -46.5391 0
v -28.1164 -44.4151 0
v -37.7953 -46.9289 0
v -27.9736 -44.9909 0
v -37.6977 -47.3237 0
v -27.8405 -45.5648 0
v -37.6046 -47.7238 0
v -27.7215 -46.1301 0
v -37.518 -48.1371 0
v -27.6117 -46.6801 0
v -37.432 -48.5677 0
v -27.5134 -47.2118 0
v -37.3487 -49.0193 0
v -27.4214 -47.715 0
v -37.2608 -49.4999 0
v -27.3342 -48.1998 0
v -37.1709 -49.9992 0
v -27.2492 -48.6571 0
v -37.0732 -50.5251 0
v -27.1612 -49.1094 0
v -36.9703 -51.0544 0
v -27.0713 -49.5547 0
v -36.8621 -51.5893 0
v -26.9756 -50.0023 0
v -36.7489 -52.1196 0
v -26.8763 -50.4544 0
v -36.6336 -52.6442 0
v -26.7721 -50.9093 0
v -36.5146 -53.164 0
v -26.6645 -51.3693 0
v -36.3945 -53.6777 0
v -26.5516 -51.8384 0
v -36.2734 -54.1809 0
v -26.4351 -52.3216 0
v -36.1554 -54.6698 0
v -26.3147 -52.8192 0
v -36.0406 -55.1442 0
v -26.192 -53.3388 0
v -35.9335 -55.5978 0
v -26.0705 -53.8727 0
v -35.833 -56.0389 0
v -25.9506 -54.4277 0
v -35.7417 -56.4613 0
v -25.838 -54.9927 0
v -35.6588 -56.877 0
v -25.7314 -55.5712 0
v -35.584 -57.2817 0
v -25.6356 -56.159 0
v -35.5191 -57.681 0
v -25.5488 -56.7583 0
v -35.4623 -58.0711 0
v -25.4766 -57.3603 0
v -35.4157 -58.4619 0
v -25.4152 -57.964 0
v -35.3756 -58.8529 0
v -25.3699 -58.5521 0
v -35.3446 -59.2618 0
v -25.3328 -59.1161 0
v -35.316 -59.6957 0
v -25.3052 -59.663 0
v -35.2934 -60.1474 0
v -25.2808 -60.185 0
v -35.2712 -60.6244 0
v -25.2592 -60.7087 0
v -35.2515 -61.0999 0
v -25.2397 -61.2349 0
v -35.234 -61.573 0
v -25.2233 -61.7715 0
v -35.2198 -62.0359 0
v -25.2111 -62.3233 0
v -35.2098 -62.4838 0
v -25.2056 -62.8808 0
v -35.2054 -62.9262 0
v -25.2061 -63.4465 0
v -35.2057 -63.3604 0
v -25.2154 -64.0153 0
v -35.2128 -63.7915 0
v -25.2317 -64.5885 0
v -35.2248 -64.2178 0
v -25.2582 -65.1678 0
v -35.2441 -64.6374 0
v -25.2939 -65.7562 0
v -35.2687 -65.0471 0
v -25.3426 -66.3525 0
v -35.3016 -65.4475 0
v -25.4036 -66.9601 0
v -35.34 -65.8346 0
v -25.4804 -67.5683 0
v -35.3888 -66.2185 0
v -25.5694 -68.1773 0
v -35.4441 -66.5988 0
v -25.6714 -68.7657 0
v -35.5135 -66.9956 0
v -25.7756 -69.3264 0
v -35.5919 -67.418 0
v -25.8856 -69.8686 0
v -35.6809 -67.8558 0
v -25.9932 -70.3861 0
v -35.7768 -68.3173 0
v -26.1034 -70.8987 0
v -35.8769 -68.7824 0
v -26.2138 -71.4049 0
v -35.9795 -69.2532 0
v -26.3257 -71.908 0
v -36.0848 -69.7263 0
v -26.4378 -72.4069 0
v -36.1919 -70.203 0
v -26.5498 -72.8996 0
v -36.3016 -70.6854 0
v -26.6596 -73.3838 0
v -36.4129 -71.1765 0
v -26.7675 -73.8619 0
v -36.5252 -71.6739 0
v -26.8721 -74.3314 0
v -36.638 -72.1805 0
v -26.9753 -74.805 0
v -36.7477 -72.6839 0
v -27.0788 -75.2841 0
v -36.8554 -73.1822 0
v -27.1828 -75.7706 0
v -36.9605 -73.6736 0
v -27.2898 -76.2675 0
v -37.0639 -74.1543 0
v -27.3974 -76.763 0
v -37.1686 -74.636 0
v -27.5051 -77.2569 0
v -37.274 -75.1192 0
v -27.6114 -77.741 0
v -37.3821 -75.6118 0
v -27.7133 -78.2117 0
v -37.4917 -76.1185 0
v -27.813 -78.6828 0
v -37.5991 -76.6256 0
v -27.9114 -79.1542 0
v -37.705 -77.1332 0
v -28.0099 -79.637 0
v -37.8064 -77.6302 0
v -28.1124 -80.1358 0
v -37.9053 -78.111 0
v -28.218 -80.6433 0
v -38.0033 -78.5825 0
v -28.3289 -81.1632 0
v -38.101 -79.0406 0
v -28.444 -81.6837 0
v -38.2019 -79.4965 0
v -28.5625 -82.2054 0
v -38.3048 -79.9499 0
v -28.6805 -82.7058 0
v -38.4164 -80.4228 0
v -28.7904 -83.1772 0
v -38.5336 -80.9253 0
v -28.8944 -83.6306 0
v -38.6529 -81.4466 0
v -28.988 -84.0591 0
v -38.7727 -81.995 0
v -29.0805 -84.5144 0
v -38.8796 -82.5196 0
v -29.1806 -85.0057 0
v -38.9791 -83.0082 0
v -29.2864 -85.524 0
v -39.0732 -83.4697 0
v -29.4062 -86.0785 0
v -39.1643 -83.8926 0
v -29.5332 -86.626 0
v -39.2635 -84.3192 0
v -29.6636 -87.1648 0
v -39.3682 -84.7523 0
v -29.797 -87.6877 0
v -39.4822 -85.1983 0
v -29.9271 -88.1905 0
v -39.6026 -85.6636 0
v -30.0559 -88.6791 0
v -39.7287 -86.142 0
v -30.1786 -89.1493 0
v -39.8585 -86.6394 0
v -30.2984 -89.6144 0
v -39.9881 -87.1427 0
v -30.4142 -90.0726 0
v -40.1173 -87.654 0
v -30.5272 -90.5323 0
v -40.2431 -88.1654 0
v -30.6385 -90.9935 0
v -40.3663 -88.6762 0
v -30.7473 -91.4563 0
v -40.4864 -89.187 0
v -30.8546 -91.9207 0
v -40.6042 -89.6969 0
v -30.9595 -92.3866 0
v -40.719 -90.2066 0
v -31.0631 -92.854 0
v -40.8317 -90.7154 0
v -31.1645 -93.3229 0
v -40.9417 -91.2239 0
v -31.2647 -93.7934 0
v -41.0498 -91.7315 0
v -31.363 -94.2652 0
v -41.1555 -92.2387 0
v -31.4603 -94.7385 0
v -41.2596 -92.7449 0
v -31.5559 -95.2131 0
v -41.3614 -93.2507 0
v -31.6505 -95.6891 0
v -41.4618 -93.7554 0
v -31.7437 -96.1664 0
v -41.5603 -94.2596 0
v -31.8362 -96.645 0
v -41.6575 -94.7628 0
v -31.9274 -97.1249 0
v -41.753 -95.2653 0
v -32.0181 -97.6061 0
v -41.8475 -95.7668 0
v -32.1078 -98.0885 0
v -41.9406 -96.2676 0
v -32.197 -98.5722 0
v -42.0328 -96.7673 0
v -32.2855 -99.057 0
v -42.1238 -97.2662 0
v -32.3737 -99.5431 0
v -42.2142 -97.7641 0
v -32.4614 -100.03 0
v -42.3037 -98.2611 0
v -32.5491 -100.519 0
v -42.3927 -98.757 0
v -32.6364 -101.008 0
v -42.4811 -99.2521 0
v -32.7239 -101.499 0
v -42.5691 -99.7459 0
v -32.8113 -101.99 0
v -42.6567 -100.239 0
v -32.8989 -102.483 0
v -42.7442 -100.731 0
v -32.9868 -102.977 0
v -42.8316 -101.222 0
v -33.0752 -103.471 0
v -42.919 -101.711 0
v -33.164 -103.967 0
v -43.0066 -102.2 0
v -33.2534 -104.464 0
v -43.0942 -102.687 0
v -33.3436 -104.962 0
v -43.1824 -103.173 0
v -33.4345 -105.46 0
v -43.2708 -103.658 0
v -33.5265 -105.96 0
v -43.3599 -104.142 0
v -33.6194 -106.461 0
v -43.4494 -104.625 0
v -33.7136 -106.962 0
v -43.5399 -105.106 0
v -33.8089 -107.464 0
v -43.631 -105.586 0
v -33.9058 -107.967 0
v -43.7233 -106.065 0
v -34.004 -108.472 0
v -43.8163 -106.543 0
v -34.1041 -108.976 0
v -43.9107 -107.019 0
v -34.2057 -109.482 0
v -44.0061 -107.494 0
v -34.3094 -109.988 0
v -44.1031 -107.967 0
v -34.4148 -110.495 0
v -44.2011 -108.439 0
v -34.5226 -111.003 0
v -44.3011 -108.91 0
v -34.6322 -111.511 0
v -44.4022 -109.379 0
v -34.7446 -112.02 0
v -44.5055 -109.846 0
v -34.859 -112.53 0
v -44.6101 -110.312 0
v -34.9765 -113.04 0
v -44.7171 -110.777 0
v -35.0962 -113.55 0
v -44.8256 -111.24 0
v -35.2191 -114.062 0
v -44.9366 -111.701 0
v -35.3446 -114.573 0
v -45.0492 -112.161 0
v -35.4736 -115.085 0
v -45.1646 -112.619 0
v -35.6052 -115.597 0
v -45.2819 -113.075 0
v -35.7403 -116.108 0
v -45.4023 -113.53 0
v -35.8777 -116.619 0
v -45.5249 -113.986 0
v -36.0184 -117.128 0
v -45.6507 -114.441 0
v -36.1611 -117.635 0
v -45.7789 -114.896 0
v -36.3067 -118.14 0
v -45.9101 -115.352 0
v -36.4541 -118.644 0
v -46.0435 -115.808 0
v -36.6042 -119.146 0
v -46.1798 -116.264 0
v -36.756 -119.647 0
v -46.3182 -116.72 0
v -36.9102 -120.146 0
v -46.4592 -117.176 0
v -37.0658 -120.643 0
v -46.6022 -117.633 0
v -37.2237 -121.139 0
v -46.7476 -118.09 0
v -37.3828 -121.633 0
v -46.8949 -118.548 0
v -37.5439 -122.126 0
v -47.0445 -119.005 0
v -37.7061 -122.618 0
v -47.1957 -119.464 0
v -37.87 -123.108 0
v -47.3491 -119.922 0
v -38.035 -123.596 0
v -47.504 -120.381 0
v -38.2014 -124.083 0
v -47.6608 -120.84 0
v -38.3686 -124.569 0
v -47.8191 -121.3 0
v -38.537 -125.054 0
v -47.979 -121.76 0
v -38.7062 -125.537 0
v -48.1402 -122.22 0
v -38.8763 -126.019 0
v -48.303 -122.681 0
v -39.047 -126.5 0
v -48.4669 -123.143 0
v -39.2185 -126.979 0
v -48.6321 -123.605 0
v -39.3903 -127.457 0
v -48.7984 -124.068 0
v -39.5628 -127.935 0
v -48.9657 -124.531 0
v -39.7354 -128.411 0
v -49.134 -124.995 0
v -39.9085 -128.886 0
v -49.3032 -125.46 0
v -40.0816 -129.36 0
v -49.4731 -125.925 0
v -40.2549 -129.833 0
v -49.6438 -126.391 0
v -40.4281 -130.305 0
v -49.815 -126.858 0
v -40.6013 -130.776 0
v -49.9869 -127.325 0
v -40.7743 -131.247 0
v -50.1591 -127.793 0
v -40.9471 -131.716 0
v -50.3317 -128.262 0
v -41.1195 -132.184 0
v -50.5047 -128.732 0
v -41.2917 -132.653 0
v -50.6776 -129.202 0
v -41.4638 -133.121 0
v -50.8505 -129.673 0
v -41.636 -133.59 0
v -51.023 -130.143 0
v -41.8087 -134.06 0
v -51.1951 -130.611 0
v -41.9817 -134.531 0
v -51.367 -131.079 0
v -42.1554 -135.003 0
v -51.5387 -131.545 0
v -42.3298 -135.476 0
v -51.7104 -132.011 0
v -42.505 -135.949 0
v -51.882 -132.475 0
v -42.6812 -136.424 0
v -52.054 -132.938 0
v -42.8583 -136.899 0
v -52.2259 -133.4 0
v -43.0366 -137.375 0
v -52.3985 -133.86 0
v -43.2161 -137.852 0
v -52.5711 -134.319 0
v -43.397 -138.33 0
v -52.7447 -134.777 0
v -43.5793 -138.808 0
v -52.9184 -135.233 0
v -43.7633 -139.286 0
v -53.0934 -135.688 0
v -43.9488 -139.766 0
v -53.2686 -136.141 0
v -44.1363 -140.245 0
v -53.4454 -136.593 0
v -44.3255 -140.726 0
v -53.6224 -137.043 0
v -44.517 -141.206 0
v -53.8013 -137.491 0
v -44.7103 -141.688 0
v -53.9806 -137.938 0
v -44.9063 -142.169 0
v -54.162 -138.383 0
v -45.1042 -142.651 0
v -54.3439 -138.826 0
v -45.3051 -143.132 0
v -54.5282 -139.268 0
v -45.508 -143.614 0
v -54.7129 -139.707 0
v -45.7143 -144.096 0
v -54.9004 -140.144 0
v -45.9228 -144.579 0
v -55.0885 -140.58 0
v -46.135 -145.06 0
v -55.2795 -141.013 0
v -46.3495 -145.543 0
v -55.4712 -141.445 0
v -46.568 -146.024 0
v -55.6661 -141.874 0
v -46.789 -146.506 0
v -55.8618 -142.301 0
v -47.0143 -146.987 0
v -56.0608 -142.725 0
v -47.2422 -147.468 0
v -56.2608 -143.148 0
v -47.4749 -147.948 0
v -56.4643 -143.568 0
v -47.7103 -148.429 0
v -56.6689 -143.985 0
v -47.9506 -148.908 0
v -56.8772 -144.4 0
v -48.1939 -149.387 0
v -57.0867 -144.813 0
v -48.4425 -149.864 0
v -57.3001 -145.222 0
v -48.6942 -150.341 0
v -57.5147 -145.63 0
v -48.9514 -150.817 0
v -57.7335 -146.034 0
v -49.2118 -151.292 0
v -57.9536 -146.436 0
v -49.4781 -151.765 0
v -58.1779 -146.834 0
v -49.7478 -152.237 0
v -58.4038 -147.23 0
v -50.0231 -152.707 0
v -58.6344 -147.623 0
v -50.3008 -153.174 0
v -58.8675 -148.015 0
v -50.5827 -153.636 0
v -59.1064 -148.407 0
v -50.8644 -154.093 0
v -59.3497 -148.801 0
v -51.1491 -154.545 0
v -59.5983 -149.196 0
v -51.4327 -154.991 0
v -59.8512 -149.593 0
v -51.7182 -155.432 0
v -60.1086 -149.992 0
v -52.0021 -155.869 0
v -60.37 -150.393 0
v -52.2868 -156.301 0
v -60.6351 -150.796 0
v -52.5694 -156.729 0
v -60.9037 -151.203 0
v -52.852 -157.154 0
v -61.1751 -151.611 0
v -53.1319 -157.574 0
v -61.4498 -152.023 0
v -53.4109 -157.991 0
v -61.7264 -152.437 0
v -53.6869 -158.405 0
v -62.0057 -152.855 0
v -53.9611 -158.816 0
v -62.2861 -153.276 0
v -54.2317 -159.223 0
v -62.5689 -153.701 0
v -54.4999 -159.629 0
v -62.8518 -154.13 0
v -54.7641 -160.032 0
v -63.1364 -154.563 0
v -55.0253 -160.434 0
v -63.42 -155 0
v -55.283 -160.833 0
v -63.7044 -155.441 0
v -55.5371 -161.233 0
v -63.9867 -155.885 0
v -55.7879 -161.631 0
v -64.2691 -156.333 0
v -56.0346 -162.029 0
v -64.5488 -156.785 0
v -56.2777 -162.426 0
v -64.8283 -157.241 0
v -56.5162 -162.824 0
v -65.1042 -157.701 0
v -56.7509 -163.219 0
v -65.3797 -158.165 0
v -56.9805 -163.616 0
v -65.6508 -158.634 0
v -57.2061 -164.011 0
v -65.921 -159.107 0
v -57.426 -164.408 0
v -66.186 -159.585 0
v -57.6419 -164.803 0
v -66.4498 -160.068 0
v -57.8515 -165.199 0
v -66.7075 -160.555 0
v -58.0569 -165.594 0
v -66.9636 -161.047 0
v -58.2556 -165.991 0
v -67.2127 -161.544 0
v -58.45 -166.386 0
v -67.4598 -162.047 0
v -58.637 -166.783 0
v -67.6989 -162.554 0
v -58.8198 -167.178 0
v -67.9357 -163.067 0
v -58.9907 -167.567 0
v -68.1673 -163.593 0
v -59.1448 -167.927 0
v -68.4054 -164.153 0
v -59.2721 -168.255 0
v -68.6405 -164.757 0
v -59.3504 -168.462 0
v -68.8988 -165.491 0
v -59.3864 -168.607 0
v -69.1195 -166.312 0
v -59.393 -168.574 0
v -69.3141 -167.32 0
v -59.3778 -168.473 0
v -69.3777 -168.42 0
v -59.3976 -168.321 0
v -69.3201 -169.563 0
v -59.4112 -168.189 0
v -69.0977 -170.674 0
v -59.4232 -168.169 0
v -68.7993 -171.646 0
v -59.3878 -168.228 0
v -68.4289 -172.501 0
v -59.2957 -168.415 0
v -68.0731 -173.206 0
v -59.1505 -168.655 0
v -67.7093 -173.827 0
v -58.9517 -168.978 0
v -67.3829 -174.355 0
v -58.7134 -169.339 0
v -67.0712 -174.829 0
v -58.4312 -169.769 0
v -66.8053 -175.235 0
v -58.1572 -170.191 0
v -66.5343 -175.652 0
v -57.8926 -170.596 0
v -66.2517 -176.084 0
v -57.6375 -170.983 0
v -65.9562 -176.532 0
v -57.3966 -171.34 0
v -65.6378 -177.004 0
v -57.1574 -171.682 0
v -65.3036 -177.481 0
v -56.9256 -172.002 0
v -64.949 -177.971 0
v -56.6837 -172.318 0
v -64.5838 -178.449 0
v -56.4344 -172.635 0
v -64.2142 -178.918 0
v -56.165 -172.96 0
v -63.8461 -179.363 0
v -55.8741 -173.306 0
v -63.4938 -179.782 0
v -55.5654 -173.665 0
v -63.1505 -180.182 0
v -55.2358 -174.049 0
v -62.8288 -180.557 0
v -54.8933 -174.45 0
v -62.5212 -180.916 0
v -54.5333 -174.878 0
v -62.2381 -181.253 0
v -54.1699 -175.324 0
v -61.9697 -181.582 0
v -53.7984 -175.795 0
v -61.7216 -181.896 0
v -53.4375 -176.275 0
v -61.482 -182.215 0
v -53.0841 -176.762 0
v -61.248 -182.537 0
v -52.7433 -177.257 0
v -61.0215 -182.867 0
v -52.412 -177.754 0
v -60.7981 -183.201 0
v -52.0956 -178.254 0
v -60.5799 -183.547 0
v -51.7912 -178.749 0
v -60.3605 -183.903 0
v -51.5038 -179.237 0
v -60.1409 -184.277 0
v -51.2317 -179.707 0
v -59.912 -184.672 0
v -50.97 -180.17 0
v -59.6817 -185.08 0
v -50.7181 -180.618 0
v -59.4437 -185.503 0
v -50.469 -181.065 0
v -59.2057 -185.93 0
v -50.2227 -181.508 0
v -58.966 -186.361 0
v -49.9778 -181.95 0
v -58.7262 -186.794 0
v -49.7345 -182.389 0
v -58.4854 -187.229 0
v -49.4876 -182.836 0
v -58.2486 -187.658 0
v -49.236 -183.295 0
v -58.0196 -188.075 0
v -48.9764 -183.776 0
v -57.8037 -188.475 0
v -48.7054 -184.293 0
v -57.6105 -188.843 0
v -48.4291 -184.849 0
v -57.4413 -189.182 0
v -48.1421 -185.469 0
v -57.3075 -189.469 0
v -47.8661 -186.144 0
v -57.2048 -189.72 0
v -47.5986 -186.9 0
v -57.1366 -189.904 0
v -47.3757 -187.708 0
v -57.0953 -190.06 0
v -47.1974 -188.571 0
v -57.0683 -190.173 0
v -47.0946 -189.434 0
v -57.0568 -190.303 0
v -47.0471 -190.265 0
v -57.0451 -190.468 0
v -47.0576 -191.015 0
v -57.0532 -190.718 0
v -47.0835 -191.645 0
v -57.068 -191.087 0
v -47.1205 -192.171 0
v -57.1017 -191.559 0
v -47.1407 -192.556 0
v -57.1333 -192.172 0
v -47.1496 -192.886 0
v -57.1495 -192.842 0
v -47.1464 -193.139 0
v -57.1363 -193.587 0
v -47.127 -193.39 0
v -57.0824 -194.334 0
v -47.0985 -193.642 0
v -56.9956 -195.074 0
v -47.0459 -193.937 0
v -56.8776 -195.764 0
v -46.976 -194.29 0
v -56.7528 -196.391 0
v -46.8835 -194.687 0
v -56.6199 -196.968 0
v -46.7755 -195.143 0
v -56.4971 -197.486 0
v -46.6556 -195.633 0
v -56.3792 -197.967 0
v -46.5293 -196.169 0
v -56.2764 -198.404 0
v -46.4062 -196.721 0
v -56.1816 -198.829 0
v -46.2877 -197.291 0
v -56.0965 -199.237 0
v -46.181 -197.855 0
v -56.0176 -199.656 0
v -46.0827 -198.41 0
v -55.9413 -200.086 0
v -45.9924 -198.965 0
v -55.8711 -200.518 0
v -45.9084 -199.519 0
v -55.8051 -200.952 0
v -45.8317 -200.075 0
v -55.7452 -201.387 0
v -45.7611 -200.631 0
v -55.6899 -201.822 0
v -45.6969 -201.2 0
v -55.6418 -202.248 0
v -45.64 -201.782 0
v -55.6013 -202.66 0
v -45.5928 -202.385 0
v -55.5703 -203.055 0
v -45.5579 -203.012 0
v -55.5494 -203.425 0
v -45.5406 -203.662 0
v -55.5399 -203.775 0
v -45.5437 -204.337 0
v -55.5409 -204.099 0
v -45.5726 -205.011 0
v -55.5554 -204.424 0
v -45.6228 -205.683 0
v -55.5792 -204.75 0
v -45.6983 -206.353 0
v -55.6162 -205.073 0
v -45.7954 -207.021 0
v -55.6623 -205.394 0
v -45.9193 -207.692 0
v -55.7203 -205.707 0
v -46.068 -208.365 0
v -55.7864 -206.009 0
v -46.243 -209.028 0
v -55.8675 -206.313 0
v -46.4375 -209.676 0
v -55.9596 -206.622 0
v -46.648 -210.293 0
v -56.0731 -206.951 0
v -46.8616 -210.875 0
v -56.2038 -207.308 0
v -47.0775 -211.42 0
v -56.3569 -207.693 0
v -47.2826 -211.925 0
v -56.5282 -208.114 0
v -47.4833 -212.405 0
v -56.7131 -208.556 0
v -47.672 -212.859 0
v -56.9085 -209.026 0
v -47.8537 -213.298 0
v -57.1091 -209.511 0
v -48.0246 -213.72 0
v -57.3133 -210.016 0
v -48.1936 -214.15 0
v -57.51 -210.516 0
v -48.3636 -214.589 0
v -57.701 -211.01 0
v -48.5403 -215.055 0
v -57.8792 -211.479 0
v -48.7318 -215.551 0
v -58.0479 -211.916 0
v -48.9357 -216.068 0
v -58.2107 -212.329 0
v -49.1591 -216.61 0
v -58.3682 -212.712 0
v -49.401 -217.166 0
v -58.5248 -213.073 0
v -49.6668 -217.74 0
v -58.6789 -213.406 0
v -49.9595 -218.326 0
v -58.8329 -213.715 0
v -50.2842 -218.926 0
v -58.9834 -213.994 0
v -50.6376 -219.521 0
v -59.1406 -214.258 0
v -51.0183 -220.111 0
v -59.3012 -214.508 0
v -51.4156 -220.672 0
v -59.4826 -214.763 0
v -51.8183 -221.204 0
v -59.6827 -215.028 0
v -52.2248 -221.704 0
v -59.9081 -215.303 0
v -52.6239 -222.173 0
v -60.1569 -215.596 0
v -53.0206 -222.616 0
v -60.4274 -215.897 0
v -53.4066 -223.036 0
v -60.7179 -216.214 0
v -53.778 -223.428 0
v -61.0343 -216.547 0
v -54.1251 -223.794 0
v -61.3756 -216.907 0
v -54.4675 -224.154 0
v -61.7222 -217.272 0
v -54.8032 -224.509 0
v -62.074 -217.643 0
v -55.1491 -224.876 0
v -62.4138 -218.004 0
v -55.5099 -225.256 0
v -62.7417 -218.349 0
v -55.8871 -225.648 0
v -63.0571 -218.678 0
v -56.2865 -226.054 0
v -63.3591 -218.985 0
v -56.6999 -226.462 0
v -63.658 -219.279 0
v -57.1296 -226.871 0
v -63.9523 -219.56 0
v -57.5638 -227.268 0
v -64.2561 -219.837 0
v -57.9996 -227.654 0
v -64.5683 -220.114 0
v -58.4222 -228.016 0
v -64.9056 -220.403 0
v -58.8227 -228.356 0
v -65.2679 -220.71 0
v -59.2039 -228.675 0
v -65.653 -221.033 0
v -59.558 -228.976 0
v -66.0611 -221.379 0
v -59.8923 -229.264 0
v -66.4839 -221.744 0
v -60.2013 -229.539 0
v -66.9216 -222.134 0
v -60.4943 -229.81 0
v -67.3629 -222.542 0
v -60.7686 -230.075 0
v -67.8076 -222.972 0
v -61.033 -230.344 0
v -68.2444 -223.416 0
v -61.2878 -230.615 0
v -68.6737 -223.874 0
v -61.5358 -230.895 0
v -69.0896 -224.342 0
v -61.7785 -231.181 0
v -69.4933 -224.818 0
v -62.0151 -231.476 0
v -69.8824 -225.303 0
v -62.2475 -231.779 0
v -70.2586 -225.794 0
v -62.4727 -232.088 0
v -70.6216 -226.292 0
v -62.6922 -232.404 0
v -70.9729 -226.798 0
v -62.903 -232.724 0
v -71.3123 -227.313 0
v -63.1065 -233.048 0
v -71.6407 -227.835 0
v -63.3036 -233.38 0
v -71.9539 -228.363 0
v -63.4969 -233.721 0
v -72.2536 -228.892 0
v -63.6864 -234.075 0
v -72.5367 -229.419 0
v -63.8755 -234.441 0
v -72.806 -229.942 0
v -64.0661 -234.829 0
v -73.0569 -230.451 0
v -64.2637 -235.239 0
v -73.2934 -230.942 0
v -64.4654 -235.668 0
v -73.517 -231.418 0
v -64.6765 -236.118 0
v -73.7307 -231.873 0
v -64.89 -236.574 0
v -73.9414 -232.323 0
v -65.1076 -237.036 0
v -74.1498 -232.765 0
v -65.3255 -237.496 0
v -74.36 -233.209 0
v -65.543 -237.954 0
v -74.5718 -233.655 0
v -65.7554 -238.399 0
v -74.7899 -234.112 0
v -65.9592 -238.831 0
v -75.013 -234.585 0
v -66.1533 -239.247 0
v -75.2413 -235.075 0
v -66.3336 -239.646 0
v -75.473 -235.587 0
v -66.4955 -240.016 0
v -75.7107 -236.133 0
v -66.6329 -240.353 0
v -75.9502 -236.722 0
v -66.7491 -240.664 0
v -76.1831 -237.348 0
v -66.8415 -240.943 0
v -76.4044 -238.018 0
v -66.916 -241.207 0
v -76.6007 -238.716 0
v -66.9742 -241.454 0
v -76.7696 -239.442 0
v -67.0177 -241.702 0
v -76.9011 -240.179 0
v -67.0505 -241.949 0
v -76.9976 -240.922 0
v -67.0694 -242.206 0
v -77.0546 -241.663 0
v -67.0784 -242.472 0
v -77.0781 -242.394 0
v -67.073 -242.756 0
v -77.0667 -243.11 0
v -67.0568 -243.059 0
v -77.0289 -243.805 0
v -67.0246 -243.388 0
v -76.9658 -244.471 0
v -66.9809 -243.747 0
v -76.8884 -245.105 0
v -66.9203 -244.143 0
v -76.7988 -245.697 0
v -66.849 -244.582 0
v -76.7095 -246.246 0
v -66.7667 -245.051 0
v -76.6194 -246.761 0
v -66.6795 -245.558 0
v -76.537 -247.24 0
v -66.5889 -246.095 0
v -76.4609 -247.69 0
v -66.5009 -246.666 0
v -76.3967 -248.106 0
v -66.4203 -247.255 0
v -76.3415 -248.508 0
v -66.35 -247.864 0
v -76.2971 -248.892 0
v -66.2946 -248.471 0
v -76.2618 -249.281 0
v -66.2516 -249.075 0
v -76.2336 -249.675 0
v -66.2225 -249.667 0
v -76.2139 -250.081 0
v -66.2029 -250.246 0
v -76.1996 -250.501 0
v -66.1932 -250.808 0
v -76.1923 -250.94 0
v -66.1881 -251.349 0
v -76.188 -251.399 0
v -66.1878 -251.888 0
v -76.1877 -251.859 0
v -66.1912 -252.426 0
v -76.1907 -252.321 0
v -66.1993 -252.979 0
v -76.1971 -252.769 0
v -66.215 -253.548 0
v -76.2089 -253.198 0
v -66.2402 -254.137 0
v -76.2262 -253.608 0
v -66.279 -254.748 0
v -76.2507 -253.996 0
v -66.3338 -255.374 0
v -76.2829 -254.366 0
v -66.408 -256.016 0
v -76.3231 -254.716 0
v -66.5018 -256.655 0
v -76.3749 -255.067 0
v -66.6126 -257.288 0
v -76.4362 -255.418 0
v -66.7397 -257.907 0
v -76.5109 -255.78 0
v -66.8778 -258.508 0
v -76.5963 -256.152 0
v -67.0243 -259.083 0
v -76.6974 -256.547 0
v -67.171 -259.629 0
v -76.8102 -256.967 0
v -67.3177 -260.146 0
v -76.9363 -257.411 0
v -67.457 -260.635 0
v -77.0713 -257.884 0
v -67.5995 -261.131 0
v -77.2046 -258.349 0
v -67.7473 -261.637 0
v -77.3375 -258.803 0
v -67.9018 -262.154 0
v -77.469 -259.244 0
v -68.066 -262.684 0
v -77.6007 -259.669 0
v -68.2402 -263.224 0
v -77.7336 -260.081 0
v -68.4266 -263.773 0
v -77.8685 -260.479 0
v -68.6183 -264.308 0
v -78.0142 -260.885 0
v -68.8113 -264.829 0
v -78.1684 -261.302 0
v -69.001 -265.324 0
v -78.337 -261.741 0
v -69.1804 -265.791 0
v -78.516 -262.207 0
v -69.3539 -266.243 0
v -78.7009 -262.689 0
v -69.5179 -266.679 0
v -78.8893 -263.189 0
v -69.6739 -267.102 0
v -79.0788 -263.704 0
v -69.8194 -267.513 0
v -79.2673 -264.236 0
v -69.954 -267.909 0
v -79.454 -264.786 0
v -70.0753 -268.29 0
v -79.6359 -265.358 0
v -70.1891 -268.676 0
v -79.8052 -265.932 0
v -70.2966 -269.066 0
v -79.9633 -266.505 0
v -70.4013 -269.478 0
v -80.105 -267.062 0
v -70.5074 -269.913 0
v -80.2357 -267.598 0
v -70.6121 -270.364 0
v -80.3573 -268.121 0
v -70.7187 -270.832 0
v -80.4731 -268.629 0
v -70.8212 -271.29 0
v -80.5886 -269.146 0
v -70.9181 -271.74 0
v -80.7024 -269.674 0
v -71.0085 -272.177 0
v -80.8145 -270.217 0
v -71.0901 -272.599 0
v -80.9224 -270.776 0
v -71.1648 -273.019 0
v -81.0229 -271.34 0
v -71.2327 -273.436 0
v -81.1156 -271.911 0
v -71.294 -273.856 0
v -81.1988 -272.48 0
v -71.35 -274.281 0
v -81.2736 -273.047 0
v -71.4012 -274.719 0
v -81.3385 -273.601 0
v -71.4502 -275.173 0
v -81.397 -274.142 0
v -71.4969 -275.644 0
v -81.4488 -274.666 0
v -71.5449 -276.136 0
v -81.4981 -275.17 0
v -71.5941 -276.646 0
v -81.5448 -275.655 0
v -71.6488 -277.177 0
v -81.5925 -276.118 0
v -71.7095 -277.728 0
v -81.6412 -276.561 0
v -71.7811 -278.301 0
v -81.6935 -276.98 0
v -71.8652 -278.894 0
v -81.7496 -277.378 0
v -71.9667 -279.508 0
v -81.8111 -277.75 0
v -72.0885 -280.141 0
v -81.8777 -278.099 0
v -72.2361 -280.795 0
v -81.9499 -278.42 0
v -72.4142 -281.469 0
v -82.0268 -278.713 0
v -72.6286 -282.16 0
v -82.1083 -278.976 0
v -72.8671 -282.821 0
v -82.2101 -279.256 0
v -73.1192 -283.448 0
v -82.3303 -279.555 0
v -73.3793 -284.036 0
v -82.4761 -279.882 0
v -73.6365 -284.583 0
v -82.6436 -280.239 0
v -73.8925 -285.101 0
v -82.8315 -280.618 0
v -74.1407 -285.59 0
v -83.0359 -281.021 0
v -74.3787 -286.048 0
v -83.2592 -281.45 0
v -74.5998 -286.477 0
v -83.4963 -281.91 0
v -74.8112 -286.89 0
v -83.7399 -282.387 0
v -75.0096 -287.289 0
v -83.9871 -282.884 0
v -75.1984 -287.679 0
v -84.2337 -283.394 0
v -75.376 -288.061 0
v -84.4777 -283.918 0
v -75.5448 -288.44 0
v -84.7156 -284.453 0
v -75.7044 -288.816 0
v -84.9466 -284.997 0
v -75.8563 -289.194 0
v -85.1678 -285.547 0
v -76.0008 -289.573 0
v -85.3793 -286.102 0
v -76.1381 -289.955 0
v -85.58 -286.661 0
v -76.2686 -290.34 0
v -85.7702 -287.223 0
v -76.3919 -290.729 0
v -85.9495 -287.788 0
v -76.5087 -291.121 0
v -86.1183 -288.354 0
v -76.6188 -291.517 0
v -86.2759 -288.921 0
v -76.723 -291.918 0
v -86.4232 -289.488 0
v -76.8222 -292.33 0
v -86.5585 -290.048 0
v -76.9182 -292.752 0
v -86.6842 -290.601 0
v -77.0105 -293.185 0
v -86.8003 -291.146 0
v -77.1012 -293.631 0
v -86.9091 -291.68 0
v -77.1894 -294.086 0
v -87.0114 -292.207 0
v -77.2771 -294.55 0
v -87.109 -292.725 0
v -77.3628 -295.02 0
v -87.203 -293.239 0
v -77.4477 -295.494 0
v -87.2945 -293.75 0
v -77.5309 -295.969 0
v -87.3838 -294.26 0
v -77.6127 -296.445 0
v -87.4712 -294.769 0
v -77.6879 -296.891 0
v -87.562 -295.309 0
v -77.7507 -297.303 0
v -87.6496 -295.885 0
v -77.7994 -297.66 0
v -87.7341 -296.52 0
v -77.8278 -297.956 0
v -87.8006 -297.219 0
v -77.8422 -298.219 0
v -87.8387 -297.954 0
v -77.8425 -298.45 0
v -87.8388 -298.721 0
v -77.8295 -298.683 0
v -87.7972 -299.487 0
v -77.8039 -298.923 0
v -87.7169 -300.24 0
v -77.7569 -299.212 0
v -87.6067 -300.939 0
v -77.692 -299.551 0
v -87.4836 -301.582 0
v -77.6014 -299.954 0
v -87.3562 -302.154 0
v -77.495 -300.421 0
v -87.2404 -302.663 0
v -77.3724 -300.95 0
v -87.1368 -303.107 0
v -77.2479 -301.543 0
v -87.0561 -303.493 0
v -77.1346 -302.147 0
v -86.9848 -303.871 0
v -77.035 -302.76 0
v -86.9242 -304.245 0
v -76.9519 -303.362 0
v -86.8707 -304.634 0
v -76.8821 -303.951 0
v -86.8229 -305.038 0
v -76.8246 -304.524 0
v -86.7807 -305.46 0
v -76.7757 -305.079 0
v -86.7419 -305.901 0
v -76.7347 -305.612 0
v -86.7063 -306.365 0
v -76.6968 -306.122 0
v -86.6701 -306.852 0
v -76.6601 -306.632 0
v -86.635 -307.34 0
v -76.6245 -307.14 0
v -86.6008 -307.829 0
v -76.5898 -307.651 0
v -86.5676 -308.316 0
v -76.5563 -308.163 0
v -86.5359 -308.802 0
v -76.5241 -308.677 0
v -86.5056 -309.286 0
v -76.4935 -309.193 0
v -86.477 -309.768 0
v -76.4646 -309.71 0
v -86.4501 -310.249 0
v -76.4376 -310.23 0
v -86.4251 -310.728 0
v -76.4126 -310.751 0
v -86.4023 -311.206 0
v -76.39 -311.274 0
v -86.3816 -311.682 0
v -76.3698 -311.798 0
v -86.3634 -312.157 0
v -76.3522 -312.325 0
v -86.3476 -312.63 0
v -76.3376 -312.853 0
v -86.3345 -313.101 0
v -76.326 -313.383 0
v -86.3242 -313.571 0
v -76.3177 -313.915 0
v -86.317 -314.039 0
v -76.3128 -314.449 0
v -86.3127 -314.505 0
v -76.3118 -314.985 0
v -86.3118 -314.969 0
v -76.3145 -315.522 0
v -86.314 -315.432 0
v -76.3214 -316.061 0
v -86.32 -315.893 0
v -76.3326 -316.602 0
v -86.3295 -316.352 0
v -76.3485 -317.144 0
v -86.3429 -316.809 0
v -76.369 -317.688 0
v -86.3601 -317.264 0
v -76.3948 -318.234 0
v -86.3814 -317.717 0
v -76.4256 -318.781 0
v -86.4068 -318.168 0
v -76.4621 -319.33 0
v -86.4367 -318.618 0
v -76.5041 -319.879 0
v -86.4709 -319.065 0
v -76.5518 -320.428 0
v -86.5098 -319.512 0
v -76.6049 -320.976 0
v -86.5532 -319.96 0
v -76.6634 -321.522 0
v -86.6013 -320.409 0
v -76.7268 -322.065 0
v -86.6539 -320.859 0
v -76.7951 -322.606 0
v -86.7108 -321.31 0
v -76.868 -323.145 0
v -86.7719 -321.762 0
v -76.9452 -323.681 0
v -86.8372 -322.215 0
v -77.0266 -324.215 0
v -86.9065 -322.67 0
v -77.1119 -324.747 0
v -86.9795 -323.125 0
v -77.2011 -325.277 0
v -87.0564 -323.582 0
v -77.2936 -325.804 0
v -87.1367 -324.04 0
v -77.3896 -326.329 0
v -87.2207 -324.498 0
v -77.4886 -326.851 0
v -87.3078 -324.958 0
v -77.5907 -327.372 0
v -87.3982 -325.419 0
v -77.6954 -327.89 0
v -87.4916 -325.881 0
v -77.8027 -328.406 0
v -87.588 -326.344 0
v -77.9122 -328.919 0
v -87.687 -326.809 0
v -78.0241 -329.431 0
v -87.7887 -327.274 0
v -78.1377 -329.94 0
v -87.8928 -327.741 0
v -78.2533 -330.448 0
v -87.9994 -328.208 0
v -78.3704 -330.953 0
v -88.1081 -328.677 0
v -78.489 -331.456 0
v -88.2188 -329.147 0
v -78.6087 -331.957 0
v -88.3315 -329.619 0
v -78.7296 -332.457 0
v -88.4458 -330.091 0
v -78.8514 -332.954 0
v -88.5619 -330.565 0
v -78.9739 -333.45 0
v -88.6793 -331.04 0
v -79.0971 -333.944 0
v -88.7981 -331.517 0
v -79.2206 -334.436 0
v -88.918 -331.995 0
v -79.3444 -334.926 0
v -89.039 -332.474 0
v -79.4682 -335.415 0
v -89.1608 -332.955 0
v -79.592 -335.902 0
v -89.2834 -333.437 0
v -79.7156 -336.387 0
v -89.4065 -333.92 0
v -79.8388 -336.871 0
v -89.53 -334.405 0
v -79.9615 -337.354 0
v -89.6538 -334.892 0
v -80.0835 -337.835 0
v -89.7777 -335.38 0
v -80.2046 -338.314 0
v -89.9015 -335.87 0
v -80.3249 -338.792 0
v -90.0251 -336.362 0
v -80.4439 -339.269 0
v -90.1483 -336.856 0
v -80.5617 -339.745 0
v -90.2709 -337.351 0
v -80.678 -340.219 0
v -90.3929 -337.848 0
v -80.7928 -340.692 0
v -90.514 -338.347 0
v -80.9059 -341.163 0
v -90.6341 -338.848 0
v -81.0171 -341.634 0
v -90.7528 -339.35 0
v -81.1264 -342.103 0
v -90.8704 -339.855 0
v -81.2334 -342.571 0
v -90.9862 -340.362 0
v -81.3382 -343.038 0
v -91.1005 -340.87 0
v -81.4405 -343.504 0
v -91.2126 -341.381 0
v -81.5405 -343.969 0
v -91.3228 -341.894 0
v -81.6379 -344.434 0
v -91.4302 -342.407 0
v -81.7334 -344.901 0
v -91.5354 -342.921 0
v -81.8265 -345.369 0
v -91.6375 -343.434 0
v -81.9183 -345.838 0
v -91.7374 -343.945 0
v -82.0081 -346.31 0
v -91.8346 -344.456 0
v -82.0967 -346.784 0
v -91.9299 -344.965 0
v -82.1836 -347.259 0
v -92.0229 -345.473 0
v -82.2697 -347.737 0
v -92.1142 -345.98 0
v -82.3543 -348.216 0
v -92.2035 -346.486 0
v -82.4382 -348.696 0
v -92.2916 -346.99 0
v -82.5211 -349.179 0
v -92.378 -347.493 0
v -82.6035 -349.663 0
v -92.4634 -347.995 0
v -82.6852 -350.149 0
v -92.5475 -348.495 0
v -82.7667 -350.636 0
v -92.6309 -348.994 0
v -82.8478 -351.125 0
v -92.7134 -349.491 0
v -82.929 -351.616 0
v -92.7954 -349.987 0
v -83.0101 -352.108 0
v -92.8769 -350.482 0
v -83.0915 -352.602 0
v -92.9582 -350.974 0
v -83.1733 -353.098 0
v -93.0393 -351.466 0
v -83.2556 -353.595 0
v -93.1204 -351.956 0
v -83.3386 -354.093 0
v -93.2017 -352.444 0
v -83.4225 -354.593 0
v -93.2833 -352.93 0
v -83.5074 -355.094 0
v -93.3655 -353.415 0
v -83.5934 -355.596 0
v -93.4481 -353.898 0
v -83.6808 -356.1 0
v -93.5317 -354.379 0
v -83.7697 -356.605 0
v -93.616 -354.859 0
v -83.8603 -357.112 0
v -93.7015 -355.337 0
v -83.9526 -357.62 0
v -93.788 -355.813 0
v -84.0471 -358.129 0
v -93.8761 -356.287 0
v -84.1436 -358.639 0
v -93.9654 -356.76 0
v -84.2425 -359.15 0
v -94.0565 -357.23 0
v -84.3439 -359.663 0
v -94.1491 -357.699 0
v -84.4478 -360.175 0
v -94.244 -358.166 0
v -84.554 -360.688 0
v -94.3407 -358.633 0
v -84.6626 -361.198 0
v -94.4402 -359.101 0
v -84.7726 -361.706 0
v -94.5416 -359.57 0
v -84.8844 -362.212 0
v -94.6456 -360.04 0
v -84.9973 -362.716 0
v -94.7514 -360.512 0
v -85.1116 -363.218 0
v -94.8593 -360.985 0
v -85.2265 -363.717 0
v -94.9686 -361.461 0
v -85.3424 -364.214 0
v -95.0797 -361.937 0
v -85.4586 -364.709 0
v -95.192 -362.416 0
v -85.5753 -365.203 0
v -95.3056 -362.896 0
v -85.692 -365.694 0
v -95.42 -363.377 0
v -85.8088 -366.183 0
v -95.5354 -363.861 0
v -85.9251 -366.67 0
v -95.6513 -364.346 0
v -86.0412 -367.156 0
v -95.7677 -364.833 0
v -86.1565 -367.639 0
v -95.8844 -365.322 0
v -86.2712 -368.121 0
v -96.0012 -365.813 0
v -86.3847 -368.601 0
v -96.1179 -366.306 0
v -86.4972 -369.08 0
v -96.2341 -366.801 0
v -86.6083 -369.557 0
v -96.35 -367.299 0
v -86.7179 -370.032 0
v -96.465 -367.798 0
v -86.8258 -370.505 0
v -96.5794 -368.299 0
v -86.9318 -370.978 0
v -96.6924 -368.803 0
v -87.0359 -371.448 0
v -96.8043 -369.309 0
v -87.1376 -371.917 0
v -96.9144 -369.817 0
v -87.2371 -372.385 0
v -97.0232 -370.327 0
v -87.3339 -372.851 0
v -97.1296 -370.84 0
v -87.4283 -373.316 0
v -97.2343 -371.355 0
v -87.5195 -373.779 0
v -97.3361 -371.873 0
v -87.608 -374.241 0
v -97.4358 -372.393 0
v -87.6929 -374.702 0
v -97.5322 -372.916 0
v -87.775 -375.161 0
v -97.626 -373.441 0
v -87.8531 -375.619 0
v -97.716 -373.969 0
v -87.928 -376.076 0
v -97.803 -374.499 0
v -87.9986 -376.531 0
v -97.8856 -375.032 0
v -88.0659 -376.985 0
v -97.965 -375.567 0
v -88.1284 -377.438 0
v -98.0393 -376.105 0
v -88.1874 -377.889 0
v -98.1099 -376.646 0
v -88.2414 -378.339 0
v -98.1749 -377.188 0
v -88.2916 -378.787 0
v -98.2359 -377.734 0
v -88.3365 -379.237 0
v -98.2906 -378.279 0
v -88.378 -379.686 0
v -98.3409 -378.826 0
v -88.4146 -380.143 0
v -98.3845 -379.366 0
v -88.4497 -380.608 0
v -98.4244 -379.898 0
v -88.4815 -381.082 0
v -98.4597 -380.422 0
v -88.513 -381.566 0
v -98.4931 -380.935 0
v -88.5433 -382.058 0
v -98.5242 -381.441 0
v -88.5746 -382.562 0
v -98.555 -381.936 0
v -88.6069 -383.072 0
v -98.5858 -382.423 0
v -88.6418 -383.595 0
v -98.6176 -382.899 0
v -88.6803 -384.124 0
v -98.6517 -383.367 0
v -88.7231 -384.664 0
v -98.6876 -383.823 0
v -88.7722 -385.211 0
v -98.728 -384.272 0
v -88.8276 -385.77 0
v -98.771 -384.708 0
v -88.8924 -386.336 0
v -98.8202 -385.136 0
v -88.9657 -386.912 0
v -98.8727 -385.552 0
v -89.0517 -387.495 0
v -98.9329 -385.958 0
v -89.1487 -388.088 0
v -98.997 -386.352 0
v -89.2613 -388.684 0
v -99.0704 -386.739 0
v -89.3859 -389.283 0
v -99.1487 -387.118 0
v -89.5246 -389.872 0
v -99.2399 -387.503 0
v -89.6687 -390.444 0
v -99.3397 -387.9 0
v -89.8216 -391.002 0
v -99.4517 -388.307 0
v -89.9746 -391.538 0
v -99.5727 -388.732 0
v -90.1312 -392.061 0
v -99.7034 -389.167 0
v -90.2847 -392.565 0
v -99.8413 -389.62 0
v -90.4375 -393.055 0
v -99.986 -390.084 0
v -90.5845 -393.528 0
v -100.136 -390.566 0
v -90.7274 -393.99 0
v -100.288 -391.06 0
v -90.8625 -394.435 0
v -100.444 -391.572 0
v -90.994 -394.882 0
v -100.594 -392.084 0
v -91.1236 -395.331 0
v -100.742 -392.596 0
v -91.2537 -395.796 0
v -100.882 -393.094 0
v -91.3921 -396.287 0
v -101.014 -393.565 0
v -91.5362 -396.794 0
v -101.144 -394.02 0
v -91.693 -397.329 0
v -101.268 -394.445 0
v -91.8625 -397.877 0
v -101.394 -394.852 0
v -92.0499 -398.452 0
v -101.516 -395.228 0
v -92.2586 -399.039 0
v -101.643 -395.583 0
v -92.4917 -399.649 0
v -101.765 -395.907 0
v -92.7551 -400.267 0
v -101.894 -396.209 0
v -93.0481 -400.9 0
v -102.02 -396.483 0
v -93.3683 -401.514 0
v -102.164 -396.755 0
v -93.699 -402.104 0
v -102.32 -397.037 0
v -94.0417 -402.661 0
v -102.503 -397.331 0
v -94.3736 -403.177 0
v -102.712 -397.656 0
v -94.7091 -403.669 0
v -102.94 -397.99 0
v -95.0337 -404.135 0
v -103.187 -398.345 0
v -95.3679 -404.597 0
v -103.439 -398.693 0
v -95.7111 -405.06 0
v -103.691 -399.033 0
v -96.0657 -405.521 0
v -103.946 -399.365 0
v -96.4312 -405.982 0
v -104.202 -399.688 0
v -96.7908 -406.417 0
v -104.48 -400.023 0
v -97.1262 -406.819 0
v -104.785 -400.389 0
v -97.4561 -407.209 0
v -105.101 -400.762 0
v -97.7725 -407.585 0
v -105.428 -401.152 0
v -98.1042 -407.98 0
v -105.739 -401.522 0
v -98.4667 -408.405 0
v -106.026 -401.858 0
v -98.8687 -408.862 0
v -106.284 -402.152 0
v -99.3429 -409.37 0
v -106.491 -402.376 0
v -99.8925 -409.904 0
v -106.658 -402.539 0
v -100.557 -410.475 0
v -106.747 -402.621 0
v -101.281 -410.996 0
v -106.837 -402.682 0
v -102.038 -411.465 0
v -106.926 -402.741 0
v -102.779 -411.841 0
v -107.079 -402.812 0
v -103.45 -412.143 0
v -107.318 -402.921 0
v -104.068 -412.385 0
v -107.632 -403.041 0
v -104.594 -412.582 0
v -108.042 -403.195 0
v -105.07 -412.753 0
v -108.508 -403.362 0
v -105.466 -412.901 0
v -109.048 -403.564 0
v -105.782 -413.024 0
v -109.662 -403.808 0
v -105.982 -413.112 0
v -110.374 -404.128 0
v -106.13 -413.191 0
v -111.109 -404.518 0
v -106.224 -413.247 0
v -111.862 -404.987 0
v -106.31 -413.313 0
v -112.577 -405.521 0
v -106.401 -413.39 0
v -113.241 -406.095 0
v -106.507 -413.501 0
v -113.835 -406.697 0
v -106.64 -413.651 0
v -114.362 -407.297 0
v -106.803 -413.867 0
v -114.808 -407.874 0
v -107.011 -414.152 0
v -115.189 -408.397 0
v -107.238 -414.487 0
v -115.524 -408.889 0
v -107.497 -414.873 0
v -115.822 -409.333 0
v -107.753 -415.262 0
v -116.117 -409.779 0
v -108.008 -415.653 0
v -116.408 -410.226 0
v -108.253 -416.035 0
v -116.702 -410.686 0
v -108.485 -416.405 0
v -117.001 -411.163 0
v -108.71 -416.778 0
v -117.293 -411.646 0
v -108.93 -417.151 0
v -117.581 -412.134 0
v -109.149 -417.534 0
v -117.858 -412.62 0
v -109.368 -417.927 0
v -118.126 -413.1 0
v -109.579 -418.315 0
v -118.393 -413.59 0
v -109.782 -418.698 0
v -118.657 -414.092 0
v -109.975 -419.077 0
v -118.918 -414.603 0
v -110.159 -419.452 0
v -119.175 -415.126 0
v -110.335 -419.829 0
v -119.423 -415.655 0
v -110.506 -420.207 0
v -119.663 -416.188 0
v -110.666 -420.581 0
v -119.896 -416.734 0
v -110.815 -420.948 0
v -120.123 -417.293 0
v -110.952 -421.308 0
v -120.341 -417.868 0
v -111.076 -421.659 0
v -120.55 -418.459 0
v -111.194 -422.026 0
v -120.739 -419.045 0
v -111.309 -422.408 0
v -120.913 -419.619 0
v -111.419 -422.801 0
v -121.072 -420.19 0
v -111.524 -423.204 0
v -121.22 -420.754 0
v -111.621 -423.6 0
v -121.36 -421.329 0
v -111.707 -423.988 0
v -121.491 -421.918 0
v -111.786 -424.381 0
v -121.608 -422.505 0
v -111.859 -424.781 0
v -121.714 -423.088 0
v -111.923 -425.182 0
v -121.809 -423.675 0
v -111.981 -425.582 0
v -121.894 -424.265 0
v -112.032 -425.998 0
v -121.964 -424.841 0
v -112.08 -426.433 0
v -122.026 -425.4 0
v -112.122 -426.874 0
v -122.08 -425.955 0
v -112.162 -427.32 0
v -122.128 -426.504 0
v -112.194 -427.746 0
v -122.172 -427.076 0
v -112.217 -428.147 0
v -122.206 -427.673 0
v -112.232 -428.544 0
v -122.228 -428.275 0
v -112.239 -428.937 0
v -122.239 -428.882 0
v -112.236 -429.323 0
v -122.235 -429.495 0
v -112.226 -429.704 0
v -122.217 -430.114 0
v -112.207 -430.064 0
v -122.183 -430.753 0
v -112.178 -430.4 0
v -122.127 -431.412 0
v -112.137 -430.742 0
v -122.05 -432.064 0
v -112.086 -431.09 0
v -121.955 -432.705 0
v -112.028 -431.413 0
v -121.836 -433.365 0
v -111.964 -431.709 0
v -121.687 -434.045 0
v -111.897 -431.966 0
v -121.5 -434.756 0
v -111.829 -432.18 0
v -121.264 -435.493 0
v -111.746 -432.395 0
v -120.989 -436.212 0
v -111.65 -432.611 0
v -120.68 -436.908 0
v -111.53 -432.847 0
v -120.347 -437.564 0
v -111.386 -433.103 0
v -120.002 -438.18 0
v -111.224 -433.365 0
v -119.638 -438.768 0
v -111.045 -433.633 0
v -119.263 -439.331 0
v -110.853 -433.899 0
v -118.87 -439.877 0
v -110.65 -434.162 0
v -118.462 -440.405 0
v -110.445 -434.411 0
v -118.03 -440.927 0
v -110.237 -434.644 0
v -117.573 -441.439 0
v -110.032 -434.857 0
v -117.084 -441.947 0
v -109.831 -435.049 0
v -116.562 -442.444 0
v -109.612 -435.239 0
v -116.027 -442.91 0
v -109.375 -435.429 0
v -115.484 -443.346 0
v -109.099 -435.633 0
v -114.957 -443.738 0
v -108.787 -435.853 0
v -114.452 -444.093 0
v -108.428 -436.093 0
v -113.98 -444.41 0
v -108.029 -436.358 0
v -113.547 -444.698 0
v -107.611 -436.634 0
v -113.13 -444.973 0
v -107.178 -436.922 0
v -112.73 -445.239 0
v -106.759 -437.202 0
v -112.318 -445.515 0
v -106.354 -437.473 0
v -111.891 -445.799 0
v -105.992 -437.713 0
v -111.42 -446.112 0
v -105.669 -437.916 0
v -110.897 -446.441 0
v -105.387 -438.086 0
v -110.32 -446.784 0
v -105.141 -438.218 0
v -109.686 -447.125 0
v -104.919 -438.326 0
v -109.008 -447.452 0
v -104.713 -438.411 0
v -108.291 -447.749 0
v -104.466 -438.498 0
v -107.596 -447.995 0
v -104.179 -438.585 0
v -106.927 -448.2 0
v -103.821 -438.68 0
v -106.319 -448.363 0
v -103.405 -438.784 0
v -105.765 -448.501 0
v -102.924 -438.897 0
v -105.272 -448.618 0
v -102.393 -439.028 0
v -104.833 -448.726 0
v -101.862 -439.164 0
v -104.395 -448.838 0
v -101.333 -439.306 0
v -103.958 -448.955 0
v -100.862 -439.436 0
v -103.465 -449.091 0
v -100.437 -439.548 0
v -102.923 -449.234 0
v -100.094 -439.635 0
v -102.295 -449.39 0
v -99.8211 -439.69 0
v -101.589 -449.532 0
v -99.6211 -439.724 0
v -100.802 -449.654 0
v -99.4815 -439.734 0
v -99.9469 -449.723 0
v -99.3607 -439.738 0
v -99.0678 -449.733 0
v -99.2495 -439.728 0
v -98.1846 -449.671 0
v -99.1235 -439.711 0
v -97.3205 -449.547 0
v -98.9845 -439.678 0
v -96.4864 -449.361 0
v -98.8065 -439.627 0
v -95.7041 -449.133 0
v -98.6029 -439.551 0
v -94.9692 -448.868 0
v -98.3319 -439.438 0
v -94.3174 -448.596 0
v -98.016 -439.292 0
v -93.7251 -448.325 0
v -97.659 -439.116 0
v -93.1843 -448.059 0
v -97.2735 -438.92 0
v -92.6791 -447.802 0
v -96.8539 -438.7 0
v -92.2131 -447.558 0
v -96.407 -438.466 0
v -91.774 -447.328 0
v -95.8927 -438.198 0
v -91.4019 -447.133 0
v -95.3176 -437.92 0
v -91.0769 -446.976 0
v -94.6579 -437.623 0
v -90.8259 -446.86 0
v -93.9248 -437.345 0
v -90.6248 -446.785 0
v -93.1573 -437.1 0
v -90.4406 -446.724 0
v -92.3726 -436.907 0
v -90.2553 -446.681 0
v -91.6945 -436.777 0
v -89.9511 -446.624 0
v -91.0954 -436.679 0
v -89.5635 -446.561 0
v -90.5578 -436.6 0
v -89.1118 -446.495 0
v -90.0591 -436.527 0
v -88.6209 -446.423 0
v -89.5342 -436.451 0
v -88.1561 -446.355 0
v -88.9928 -436.379 0
v -87.7064 -446.296 0
v -88.4147 -436.306 0
v -87.2923 -446.243 0
v -87.8132 -436.246 0
v -86.899 -446.204 0
v -87.1791 -436.194 0
v -86.5365 -446.173 0
v -86.5253 -436.163 0
v -86.1918 -446.158 0
v -85.878 -436.15 0
v -85.8394 -446.15 0
v -85.2361 -436.158 0
v -85.4818 -446.155 0
v -84.6773 -436.178 0
v -85.0411 -446.171 0
v -84.1674 -436.197 0
v -84.5517 -446.19 0
v -83.7445 -436.214 0
v -83.9754 -446.211 0
v -83.3729 -436.216 0
v -83.3473 -446.216 0
v -83.0491 -436.214 0
v -82.6712 -446.207 0
v -82.7553 -436.194 0
v -81.9678 -446.163 0
v -82.4994 -436.172 0
v -81.2282 -446.091 0
v -82.269 -436.133 0
v -80.4727 -445.97 0
v -82.0742 -436.097 0
v -79.6875 -445.808 0
v -81.903 -436.044 0
v -78.9 -445.583 0
v -81.7365 -435.991 0
v -78.1199 -445.314 0
v -81.5755 -435.917 0
v -77.3663 -444.988 0
v -81.3677 -435.816 0
v -76.6766 -444.647 0
v -81.1412 -435.684 0
v -76.036 -444.283 0
v -80.8591 -435.511 0
v -75.4666 -443.932 0
v -80.5545 -435.307 0
v -74.939 -443.582 0
v -80.1889 -435.054 0
v -74.4822 -443.266 0
v -79.7917 -434.777 0
v -74.0594 -442.971 0
v -79.3484 -434.466 0
v -73.684 -442.707 0
v -78.8745 -434.147 0
v -73.3286 -442.468 0
v -78.3869 -433.826 0
v -72.9813 -442.239 0
v -77.8863 -433.512 0
v -72.6344 -442.022 0
v -77.3793 -433.204 0
v -72.2871 -441.81 0
v -76.8641 -432.907 0
v -71.9356 -441.608 0
v -76.3596 -432.626 0
v -71.5667 -441.403 0
v -75.8588 -432.358 0
v -71.1858 -441.199 0
v -75.3545 -432.095 0
v -70.8037 -440.999 0
v -74.8462 -431.841 0
v -70.4176 -440.807 0
v -74.3323 -431.59 0
v -70.0328 -440.619 0
v -73.8135 -431.349 0
v -69.6447 -440.439 0
v -73.3075 -431.12 0
v -69.2398 -440.255 0
v -72.8064 -430.9 0
v -68.8248 -440.074 0
v -72.3697 -430.713 0
v -68.343 -439.866 0
v -71.9661 -430.531 0
v -67.8346 -439.638 0
v -71.6184 -430.373 0
v -67.273 -439.379 0
v -71.3036 -430.212 0
v -66.6964 -439.088 0
v -71.0533 -430.082 0
v -66.0635 -438.749 0
v -70.8428 -429.949 0
v -65.4259 -438.354 0
v -70.6715 -429.839 0
v -64.7653 -437.909 0
v -70.5277 -429.719 0
v -64.13 -437.405 0
v -70.3162 -429.537 0
v -63.5849 -436.933 0
v -70.0861 -429.315 0
v -63.0934 -436.464 0
v -69.7751 -429.004 0
v -62.6968 -436.068 0
v -69.4317 -428.659 0
v -62.3351 -435.704 0
v -69.0641 -428.288 0
v -61.9987 -435.365 0
v -68.683 -427.911 0
v -61.6685 -435.039 0
v -68.28 -427.517 0
v -61.3573 -434.733 0
v -67.8611 -427.123 0
v -61.0472 -434.442 0
v -67.4497 -426.743 0
v -60.7239 -434.144 0
v -67.0371 -426.374 0
v -60.3913 -433.846 0
v -66.6841 -426.062 0
v -59.9951 -433.496 0
v -66.3596 -425.765 0
v -59.5821 -433.118 0
v -66.027 -425.456 0
v -59.1817 -432.746 0
v -65.6944 -425.14 0
v -58.7894 -432.374 0
v -65.3297 -424.79 0
v -58.4323 -432.031 0
v -64.9507 -424.432 0
v -58.085 -431.702 0
v -64.5635 -424.067 0
v -57.7444 -431.381 0
v -64.1699 -423.704 0
v -57.403 -431.067 0
v -63.8128 -423.377 0
v -57.0225 -430.718 0
v -63.4728 -423.059 0
v -56.6319 -430.353 0
v -63.184 -422.789 0
v -56.1925 -429.938 0
v -62.9252 -422.525 0
v -55.75 -429.49 0
v -62.7337 -422.33 0
v -55.25 -428.962 0
v -62.5845 -422.143 0
v -54.7658 -428.377 0
v -62.4514 -421.978 0
v -54.2862 -427.751 0
v -62.3435 -421.802 0
v -53.8541 -427.087 0
v -62.2058 -421.578 0
v -53.4757 -426.455 0
v -62.0776 -421.324 0
v -53.1454 -425.82 0
v -61.8949 -420.952 0
v -52.8876 -425.295 0
v -61.6998 -420.54 0
v -52.6544 -424.804 0
v -61.4478 -420.005 0
v -52.4819 -424.433 0
v -61.1565 -419.442 0
v -52.3123 -424.109 0
v -60.8217 -418.823 0
v -52.1748 -423.846 0
v -60.4397 -418.21 0
v -52.0255 -423.613 0
v -60.0534 -417.625 0
v -51.8628 -423.362 0
v -59.6422 -417.07 0
v -51.6763 -423.116 0
v -59.2671 -416.585 0
v -51.4403 -422.809 0
v -58.893 -416.128 0
v -51.1809 -422.493 0
v -58.5138 -415.673 0
v -50.9205 -422.18 0
v -58.1223 -415.228 0
v -50.6504 -421.874 0
v -57.7179 -414.778 0
v -50.3874 -421.58 0
v -57.2972 -414.339 0
v -50.1154 -421.298 0
v -56.9156 -413.949 0
v -49.798 -420.973 0
v -56.5415 -413.573 0
v -49.4663 -420.64 0
v -56.1851 -413.217 0
v -49.1151 -420.289 0
v -55.8339 -412.866 0
v -48.7595 -419.934 0
v -55.5099 -412.542 0
v -48.3768 -419.55 0
v -55.1983 -412.219 0
v -47.9934 -419.154 0
v -54.9292 -411.94 0
v -47.5705 -418.711 0
v -54.6833 -411.66 0
v -47.1546 -418.242 0
v -54.4484 -411.39 0
v -46.7352 -417.755 0
v -54.2304 -411.111 0
v -46.3352 -417.248 0
v -54.0023 -410.816 0
v -45.954 -416.751 0
v -53.7847 -410.507 0
v -45.5942 -416.244 0
v -53.5665 -410.193 0
v -45.2425 -415.735 0
v -53.3612 -409.87 0
v -44.9095 -415.215 0
v -53.1461 -409.528 0
v -44.594 -414.711 0
v -52.9392 -409.174 0
v -44.2952 -414.202 0
v -52.7178 -408.79 0
v -44.0168 -413.719 0
v -52.4988 -408.396 0
v -43.7498 -413.239 0
v -52.2715 -407.984 0
v -43.4945 -412.776 0
v -52.0451 -407.565 0
v -43.2451 -412.315 0
v -51.7823 -407.078 0
v -43.0338 -411.922 0
v -51.5003 -406.582 0
v -42.8212 -411.549 0
v -51.2052 -406.07 0
v -42.6174 -411.194 0
v -50.8933 -405.564 0
v -42.4037 -410.849 0
v -50.5756 -405.059 0
v -42.1902 -410.507 0
v -50.2429 -404.563 0
v -41.9647 -410.173 0
v -49.8921 -404.051 0
v -41.7517 -409.859 0
v -49.52 -403.55 0
v -41.5263 -409.559 0
v -49.1874 -403.112 0
v -41.2549 -409.201 0
v -48.8583 -402.688 0
v -40.9702 -408.835 0
v -48.5985 -402.357 0
v -40.6146 -408.378 0
v -48.3635 -402.033 0
v -40.261 -407.894 0
v -48.1801 -401.783 0
v -39.8609 -407.332 0
v -48.0296 -401.533 0
v -39.486 -406.73 0
v -47.9538 -401.429 0
v -39.048 -405.977 0
v -47.9266 -401.337 0
v -38.6823 -405.151 0
v -47.9203 -401.381 0
v -38.3196 -404.178 0
v -47.9518 -401.429 0
v -38.1009 -403.15 0
v -47.9402 -401.514 0
v -37.9561 -402.078 0
v -47.9621 -401.585 0
v -37.9786 -401.011 0
v -47.9344 -401.639 0
v -38.0766 -399.959 0
v -47.9471 -401.684 0
v -38.3277 -398.951 0
v -47.9529 -401.613 0
v -38.604 -398.063 0
v -48.0037 -401.539 0
v -38.9786 -397.232 0
v -48.1208 -401.289 0
v -39.2971 -396.583 0
v -48.2705 -401.04 0
v -39.6521 -395.968 0
v -48.4808 -400.684 0
v -39.9513 -395.464 0
v -48.7066 -400.328 0
v -40.2599 -394.975 0
v -48.9914 -399.879 0
v -40.5113 -394.58 0
v -49.2742 -399.419 0
v -40.7522 -394.187 0
v -49.5991 -398.887 0
v -40.95 -393.868 0
v -49.903 -398.336 0
v -41.1269 -393.542 0
v -50.1855 -397.815 0
v -41.3223 -393.184 0
v -50.4501 -397.289 0
v -41.5058 -392.817 0
v -50.6906 -396.806 0
v -41.7116 -392.404 0
v -50.9233 -396.323 0
v -41.9129 -391.986 0
v -51.0982 -395.958 0
v -42.1714 -391.451 0
v -51.2857 -395.605 0
v -42.4518 -390.919 0
v -51.4283 -395.33 0
v -42.7786 -390.312 0
v -51.5952 -395.072 0
v -43.1451 -389.724 0
v -51.768 -394.794 0
v -43.5084 -389.157 0
v -51.9645 -394.531 0
v -43.9027 -388.614 0
v -52.2171 -394.187 0
v -44.2425 -388.153 0
v -52.4816 -393.847 0
v -44.5922 -387.703 0
v -52.8109 -393.425 0
v -44.8777 -387.337 0
v -53.136 -392.995 0
v -45.1554 -386.969 0
v -53.5108 -392.496 0
v -45.3829 -386.67 0
v -53.8652 -391.977 0
v -45.5908 -386.362 0
v -54.2547 -391.395 0
v -45.7621 -386.115 0
v -54.6062 -390.785 0
v -45.905 -385.856 0
v -54.9824 -390.103 0
v -46.02 -385.667 0
v -55.2976 -389.388 0
v -46.0994 -385.464 0
v -55.6119 -388.62 0
v -46.1751 -385.311 0
v -55.8456 -387.824 0
v -46.2115 -385.144 0
v -56.0585 -387.012 0
v -46.2645 -384.993 0
v -56.1841 -386.184 0
v -46.2761 -384.83 0
v -56.2882 -385.306 0
v -46.3055 -384.717 0
v -56.2879 -384.422 0
v -46.2895 -384.601 0
v -56.2539 -383.512 0
v -46.304 -384.512 0
v -56.106 -382.613 0
v -46.2721 -384.428 0
v -55.9007 -381.64 0
v -46.2942 -384.417 0
v -55.5543 -380.705 0
v -46.271 -384.423 0
v -55.086 -379.653 0
v -46.3656 -384.548 0
v -54.4228 -378.693 0
v -46.4317 -384.705 0
v -53.751 -377.859 0
v -46.4989 -384.744 0
v -52.9664 -377.156 0
v -46.52 -384.801 0
v -52.4813 -376.751 0
v -46.2397 -384.564 0
v -51.9989 -376.383 0
v -45.9255 -384.327 0
v -51.8383 -376.269 0
v -45.2941 -383.831 0
v -51.7156 -376.139 0
v -44.6992 -383.264 0
v -51.6583 -376.104 0
v -44.05 -382.594 0
v -51.6306 -376.039 0
v -43.4913 -381.849 0
v -51.5052 -375.872 0
v -43.0416 -381.198 0
v -51.3952 -375.662 0
v -42.6632 -380.536 0
v -51.173 -375.263 0
v -42.3991 -380.061 0
v -50.9535 -374.854 0
v -42.1454 -379.589 0
v -50.7089 -374.4 0
v -41.9161 -379.163 0
v -50.4625 -373.948 0
v -41.6838 -378.737 0
v -50.2202 -373.504 0
v -41.447 -378.303 0
v -49.9779 -373.062 0
v -41.2085 -377.868 0
v -49.7416 -372.63 0
v -40.9644 -377.422 0
v -49.5072 -372.2 0
v -40.7209 -376.975 0
v -49.2777 -371.777 0
v -40.4733 -376.518 0
v -49.0515 -371.353 0
v -40.2283 -376.06 0
v -48.828 -370.934 0
v -39.9816 -375.597 0
v -48.6086 -370.513 0
v -39.7387 -375.131 0
v -48.3918 -370.096 0
v -39.4944 -374.661 0
v -48.1797 -369.677 0
v -39.2546 -374.188 0
v -47.9702 -369.262 0
v -39.0139 -373.71 0
v -47.7661 -368.844 0
v -38.7787 -373.229 0
v -47.5627 -368.427 0
v -38.5444 -372.748 0
v -47.3644 -368.006 0
v -38.3163 -372.264 0
v -47.1635 -367.578 0
v -38.0919 -371.786 0
v -46.9665 -367.148 0
v -37.8726 -371.308 0
v -46.7665 -366.71 0
v -37.6571 -370.836 0
v -46.569 -366.27 0
v -37.445 -370.363 0
v -46.3685 -365.823 0
v -37.2364 -369.898 0
v -46.1692 -365.374 0
v -37.0299 -369.433 0
v -45.9667 -364.918 0
v -36.8265 -368.975 0
v -45.7639 -364.461 0
v -36.6238 -368.518 0
v -45.5578 -363.997 0
v -36.424 -368.068 0
v -45.35 -363.533 0
v -36.2235 -367.62 0
v -45.1385 -363.061 0
v -36.0258 -367.179 0
v -44.924 -362.59 0
v -35.8259 -366.74 0
v -44.7056 -362.112 0
v -35.6287 -366.308 0
v -44.4833 -361.637 0
v -35.4273 -365.878 0
v -44.2617 -361.164 0
v -35.2243 -365.445 0
v -44.0377 -360.696 0
v -35.0168 -365.011 0
v -43.8224 -360.246 0
v -34.8005 -364.559 0
v -43.6085 -359.798 0
v -34.5833 -364.105 0
v -43.4045 -359.37 0
v -34.3572 -363.63 0
v -43.2055 -358.942 0
v -34.1343 -363.151 0
v -43.0165 -358.534 0
v -33.9034 -362.651 0
v -42.8362 -358.125 0
v -33.6802 -362.146 0
v -42.6655 -357.736 0
v -33.4502 -361.619 0
v -42.5071 -357.344 0
v -33.2328 -361.084 0
v -42.3593 -356.978 0
v -33.0084 -360.522 0
v -42.2299 -356.613 0
v -32.8014 -359.945 0
v -42.1308 -356.341 0
v -32.5706 -359.274 0
v -42.0633 -356.072 0
v -32.3819 -358.576 0
v -42.0201 -355.947 0
v -32.1807 -357.732 0
v -42.0182 -355.829 0
v -32.071 -356.856 0
v -41.9977 -355.813 0
v -31.9979 -355.878 0
v -42.0168 -355.808 0
v -32.0593 -354.887 0
v -41.9936 -355.827 0
v -32.186 -353.875 0
v -42.0046 -355.863 0
v -32.4599 -352.88 0
v -41.9759 -355.885 0
v -32.7995 -351.911 0
v -41.9802 -355.92 0
v -33.2748 -350.999 0
v -41.9964 -355.865 0
v -33.762 -350.191 0
v -42.0568 -355.812 0
v -34.3286 -349.466 0
v -42.2159 -355.616 0
v -34.8113 -348.895 0
v -42.4567 -355.377 0
v -35.2713 -348.422 0
v -42.9088 -354.901 0
v -35.509 -348.174 0
v -43.3531 -354.389 0
v -35.7196 -347.93 0
v -43.8052 -353.839 0
v -35.904 -347.71 0
v -44.2067 -353.291 0
v -36.0909 -347.449 0
v -44.5472 -352.813 0
v -36.3304 -347.113 0
v -44.859 -352.352 0
v -36.5783 -346.745 0
v -45.1289 -351.954 0
v -36.87 -346.316 0
v -45.3792 -351.589 0
v -37.1858 -345.856 0
v -45.5819 -351.303 0
v -37.5633 -345.328 0
v -45.7995 -351.025 0
v -37.96 -344.817 0
v -46.0265 -350.742 0
v -38.3601 -344.322 0
v -46.295 -350.435 0
v -38.7482 -343.874 0
v -46.6296 -350.05 0
v -39.0692 -343.505 0
v -46.9821 -349.641 0
v -39.3702 -343.156 0
v -47.3698 -349.18 0
v -39.626 -342.852 0
v -47.7427 -348.711 0
v -39.8748 -342.538 0
v -48.1037 -348.244 0
v -40.1264 -342.214 0
v -48.4796 -347.734 0
v -40.3437 -341.92 0
v -48.8886 -347.141 0
v -40.5037 -341.692 0
v -49.276 -346.507 0
v -40.6362 -341.471 0
v -49.6512 -345.829 0
v -40.7473 -341.277 0
v -49.9783 -345.134 0
v -40.8431 -341.066 0
v -50.2682 -344.446 0
v -40.9433 -340.834 0
v -50.5121 -343.758 0
v -41.0309 -340.579 0
v -50.7234 -343.093 0
v -41.1237 -340.292 0
v -50.8984 -342.437 0
v -41.2045 -339.982 0
v -51.0499 -341.808 0
v -41.288 -339.639 0
v -51.1754 -341.192 0
v -41.3611 -339.274 0
v -51.2854 -340.606 0
v -41.436 -338.878 0
v -51.3785 -340.037 0
v -41.5037 -338.46 0
v -51.4625 -339.5 0
v -41.5743 -338.009 0
v -51.5378 -338.982 0
v -41.6426 -337.538 0
v -51.6088 -338.498 0
v -41.7169 -337.032 0
v -51.6798 -338.024 0
v -41.794 -336.517 0
v -51.7507 -337.566 0
v -41.8764 -335.986 0
v -51.8266 -337.107 0
v -41.9633 -335.459 0
v -51.905 -336.644 0
v -42.0517 -334.937 0
v -51.9892 -336.168 0
v -42.142 -334.427 0
v -52.077 -335.671 0
v -42.2279 -333.94 0
v -52.1679 -335.151 0
v -42.3094 -333.475 0
v -52.2611 -334.585 0
v -42.379 -333.054 0
v -52.3473 -333.99 0
v -42.4362 -332.66 0
v -52.4281 -333.328 0
v -42.478 -332.33 0
v -52.4831 -332.619 0
v -42.4998 -332.042 0
v -52.5106 -331.803 0
v -42.5108 -331.86 0
v -52.4697 -330.931 0
v -42.5019 -331.733 0
v -52.3546 -329.968 0
v -42.5069 -331.706 0
v -52.124 -328.991 0
v -42.5013 -331.712 0
v -51.8056 -328.03 0
v -42.5133 -331.725 0
v -51.384 -327.125 0
v -42.5056 -331.727 0
v -50.9256 -326.319 0
v -42.4752 -331.666 0
v -50.4365 -325.617 0
v -42.387 -331.551 0
v -49.9913 -325.039 0
v -42.2237 -331.337 0
v -49.5841 -324.56 0
v -41.9809 -331.055 0
v -49.2638 -324.185 0
v -41.6521 -330.67 0
v -49.002 -323.878 0
v -41.2659 -330.215 0
v -48.8238 -323.653 0
v -40.8256 -329.655 0
v -48.6974 -323.478 0
v -40.3709 -329.016 0
v -48.6251 -323.364 0
v -39.9186 -328.283 0
v -48.5527 -323.219 0
v -39.5339 -327.538 0
v -48.4676 -323.028 0
v -39.2133 -326.817 0
v -48.3622 -322.741 0
v -38.9675 -326.167 0
v -48.2256 -322.356 0
v -38.7701 -325.61 0
v -48.0844 -321.933 0
v -38.5944 -325.085 0
v -47.9329 -321.474 0
v -38.4323 -324.594 0
v -47.7818 -321.011 0
v -38.2729 -324.106 0
v -47.6305 -320.545 0
v -38.1157 -323.622 0
v -47.4805 -320.079 0
v -37.9589 -323.135 0
v -47.3321 -319.615 0
v -37.8029 -322.647 0
v -47.1852 -319.151 0
v -37.6477 -322.157 0
v -47.0401 -318.689 0
v -37.4936 -321.666 0
v -46.8969 -318.227 0
v -37.3406 -321.173 0
v -46.7557 -317.766 0
v -37.1889 -320.677 0
v -46.6165 -317.306 0
v -37.0386 -320.18 0
v -46.4797 -316.846 0
v -36.89 -319.681 0
v -46.3451 -316.388 0
v -36.743 -319.181 0
v -46.213 -315.93 0
v -36.598 -318.678 0
v -46.0835 -315.472 0
v -36.455 -318.173 0
v -45.9567 -315.016 0
v -36.3143 -317.666 0
v -45.8327 -314.56 0
v -36.1758 -317.157 0
v -45.7117 -314.105 0
v -36.0399 -316.646 0
v -45.5937 -313.65 0
v -35.9066 -316.132 0
v -45.4789 -313.196 0
v -35.7763 -315.617 0
v -45.3672 -312.742 0
v -35.6491 -315.1 0
v -45.2586 -312.288 0
v -35.5251 -314.581 0
v -45.1519 -311.828 0
v -35.4057 -314.067 0
v -45.046 -311.363 0
v -35.2899 -313.558 0
v -44.9405 -310.888 0
v -35.1782 -313.056 0
v -44.8337 -310.406 0
v -35.0688 -312.562 0
v -44.7257 -309.915 0
v -34.9618 -312.076 0
v -44.6148 -309.417 0
v -34.8556 -311.598 0
v -44.501 -308.91 0
v -34.7502 -311.129 0
v -44.3826 -308.397 0
v -34.6441 -310.668 0
v -44.2606 -307.88 0
v -34.5363 -310.212 0
v -44.1342 -307.36 0
v -34.4262 -309.759 0
v -44.0048 -306.845 0
v -34.3123 -309.305 0
v -43.8731 -306.332 0
v -34.1951 -308.849 0
v -43.7393 -305.824 0
v -34.0744 -308.391 0
v -43.604 -305.319 0
v -33.9508 -307.93 0
v -43.4672 -304.818 0
v -33.8243 -307.466 0
v -43.3297 -304.32 0
v -33.6954 -307 0
v -43.1914 -303.826 0
v -33.5642 -306.531 0
v -43.053 -303.335 0
v -33.4311 -306.059 0
v -42.9145 -302.848 0
v -33.2963 -305.585 0
v -42.7765 -302.363 0
v -33.1603 -305.107 0
v -42.6381 -301.879 0
v -33.0239 -304.63 0
v -42.4995 -301.395 0
v -32.8872 -304.153 0
v -42.3599 -300.909 0
v -32.7507 -303.677 0
v -42.219 -300.422 0
v -32.614 -303.205 0
v -42.0767 -299.932 0
v -32.4773 -302.734 0
v -41.9326 -299.44 0
v -32.34 -302.266 0
v -41.7867 -298.947 0
v -32.2021 -301.8 0
v -41.6388 -298.453 0
v -32.0634 -301.336 0
v -41.4899 -297.962 0
v -31.9224 -300.871 0
v -41.3406 -297.473 0
v -31.7797 -300.403 0
v -41.1918 -296.989 0
v -31.6343 -299.931 0
v -41.0447 -296.511 0
v -31.4873 -299.453 0
v -40.8992 -296.038 0
v -31.3385 -298.97 0
v -40.7564 -295.571 0
v -31.1892 -298.481 0
v -40.6163 -295.109 0
v -31.0394 -297.986 0
v -40.4799 -294.651 0
v -30.8901 -297.486 0
v -40.3471 -294.198 0
v -30.7417 -296.979 0
v -40.2188 -293.749 0
v -30.5951 -296.467 0
v -40.0936 -293.3 0
v -30.4517 -295.952 0
v -39.9717 -292.851 0
v -30.3117 -295.436 0
v -39.8523 -292.399 0
v -30.1759 -294.922 0
v -39.7351 -291.943 0
v -30.0437 -294.409 0
v -39.62 -291.485 0
v -29.9152 -293.897 0
v -39.5066 -291.024 0
v -29.7898 -293.387 0
v -39.395 -290.56 0
v -29.6676 -292.879 0
v -39.2847 -290.093 0
v -29.5479 -292.373 0
v -39.1758 -289.624 0
v -29.4309 -291.868 0
v -39.0678 -289.151 0
v -29.316 -291.365 0
v -38.9607 -288.676 0
v -29.2031 -290.865 0
v -38.8542 -288.199 0
v -29.0919 -290.366 0
v -38.7481 -287.719 0
v -28.9822 -289.87 0
v -38.6422 -287.236 0
v -28.8737 -289.376 0
v -38.5363 -286.752 0
v -28.7662 -288.884 0
v -38.43 -286.264 0
v -28.6594 -288.394 0
v -38.3234 -285.775 0
v -28.5532 -287.906 0
v -38.2159 -285.283 0
v -28.4472 -287.421 0
v -38.1076 -284.789 0
v -28.3414 -286.938 0
v -37.9979 -284.292 0
v -28.2353 -286.458 0
v -37.887 -283.794 0
v -28.1288 -285.98 0
v -37.7743 -283.294 0
v -28.0217 -285.505 0
v -37.6604 -282.794 0
v -27.9134 -285.03 0
v -37.5451 -282.295 0
v -27.8039 -284.555 0
v -37.4286 -281.796 0
v -27.6931 -284.08 0
v -37.3111 -281.298 0
v -27.581 -283.605 0
v -37.1925 -280.8 0
v -27.4676 -283.13 0
v -37.0731 -280.304 0
v -27.3531 -282.654 0
v -36.9527 -279.808 0
v -27.2374 -282.177 0
v -36.8316 -279.314 0
v -27.1207 -281.701 0
v -36.7097 -278.82 0
v -27.003 -281.224 0
v -36.5872 -278.327 0
v -26.8844 -280.746 0
v -36.464 -277.834 0
v -26.7648 -280.269 0
v -36.3403 -277.343 0
v -26.6444 -279.79 0
v -36.2161 -276.852 0
v -26.5232 -279.312 0
v -36.0914 -276.362 0
v -26.4014 -278.833 0
v -35.9664 -275.873 0
v -26.2788 -278.353 0
v -35.8411 -275.384 0
v -26.1557 -277.873 0
v -35.7156 -274.897 0
v -26.032 -277.392 0
v -35.5899 -274.409 0
v -25.9078 -276.911 0
v -35.464 -273.923 0
v -25.7832 -276.429 0
v -35.3382 -273.437 0
v -25.6582 -275.947 0
v -35.2125 -272.953 0
v -25.5328 -275.464 0
v -35.087 -272.469 0
v -25.4072 -274.979 0
v -34.9618 -271.986 0
v -25.2814 -274.494 0
v -34.8371 -271.504 0
v -25.1556 -274.008 0
v -34.7128 -271.023 0
v -25.0297 -273.521 0
v -34.5892 -270.543 0
v -24.904 -273.033 0
v -34.4662 -270.064 0
v -24.7784 -272.543 0
v -34.3441 -269.586 0
v -24.6532 -272.053 0
v -34.2228 -269.108 0
v -24.5284 -271.561 0
v -34.1025 -268.631 0
v -24.4041 -271.068 0
v -33.9831 -268.154 0
v -24.2806 -270.575 0
v -33.8648 -267.678 0
v -24.1577 -270.081 0
v -33.7474 -267.202 0
v -24.0358 -269.586 0
v -33.631 -266.726 0
v -23.9147 -269.091 0
v -33.5156 -266.25 0
v -23.7945 -268.595 0
v -33.4013 -265.774 0
v -23.6753 -268.098 0
v -33.2882 -265.298 0
v -23.557 -267.601 0
v -33.1761 -264.822 0
v -23.4398 -267.104 0
v -33.0652 -264.347 0
v -23.3237 -266.605 0
v -32.9556 -263.871 0
v -23.2086 -266.107 0
v -32.847 -263.395 0
v -23.0949 -265.608 0
v -32.7393 -262.918 0
v -22.9823 -265.109 0
v -32.6326 -262.44 0
v -22.8711 -264.611 0
v -32.5264 -261.961 0
v -22.761 -264.114 0
v -32.4209 -261.48 0
v -22.6521 -263.618 0
v -32.3158 -260.998 0
v -22.5441 -263.123 0
v -32.2111 -260.515 0
v -22.437 -262.629 0
v -32.1066 -260.031 0
v -22.3306 -262.136 0
v -32.0023 -259.545 0
v -22.2249 -261.643 0
v -31.898 -259.059 0
v -22.1196 -261.152 0
v -31.7937 -258.571 0
v -22.0148 -260.662 0
v -31.6891 -258.082 0
v -21.9102 -260.173 0
v -31.5843 -257.592 0
v -21.8059 -259.685 0
v -31.479 -257.101 0
v -21.7016 -259.199 0
v -31.3733 -256.609 0
v -21.5973 -258.713 0
v -31.2669 -256.116 0
v -21.4928 -258.229 0
v -31.1597 -255.621 0
v -21.3882 -257.746 0
v -31.0513 -255.124 0
v -21.2833 -257.266 0
v -30.9391 -254.615 0
v -21.1805 -256.799 0
v -30.8201 -254.092 0
v -21.0777 -256.347 0
v -30.6915 -253.546 0
v -20.9772 -255.919 0
v -30.5473 -252.977 0
v -20.8759 -255.519 0
v -30.386 -252.386 0
v -20.7743 -255.145 0
v -30.2013 -251.774 0
v -20.6701 -254.8 0
v -29.9942 -251.153 0
v -20.561 -254.472 0
v -29.7622 -250.527 0
v -20.4457 -254.161 0
v -29.5194 -249.934 0
v -20.3094 -253.829 0
v -29.2743 -249.372 0
v -20.1547 -253.475 0
v -29.0294 -248.843 0
v -19.9789 -253.096 0
v -28.792 -248.345 0
v -19.7864 -252.692 0
v -28.5606 -247.871 0
v -19.5783 -252.267 0
v -28.3405 -247.422 0
v -19.3589 -251.818 0
v -28.1364 -247.005 0
v -19.1232 -251.337 0
v -27.9545 -246.619 0
v -18.8786 -250.818 0
v -27.7893 -246.256 0
v -18.6307 -250.271 0
v -27.644 -245.913 0
v -18.3863 -249.693 0
v -27.5056 -245.561 0
v -18.1584 -249.115 0
v -27.3734 -245.201 0
v -17.9462 -248.536 0
v -27.2386 -244.805 0
v -17.7583 -247.986 0
v -27.0968 -244.375 0
v -17.5865 -247.466 0
v -26.9456 -243.902 0
v -17.4331 -246.986 0
v -26.7773 -243.39 0
v -17.2892 -246.549 0
v -26.6121 -242.9 0
v -17.135 -246.091 0
v -26.4539 -242.429 0
v -16.9744 -245.614 0
v -26.3054 -241.987 0
v -16.8048 -245.108 0
v -26.1712 -241.57 0
v -16.6329 -244.573 0
v -26.0568 -241.201 0
v -16.4527 -243.987 0
v -25.9669 -240.87 0
v -16.2802 -243.353 0
v -25.8938 -240.57 0
v -16.1191 -242.681 0
v -25.8398 -240.284 0
v -15.9855 -241.985 0
v -25.7986 -240.027 0
v -15.8743 -241.255 0
v -25.7766 -239.778 0
v -15.8034 -240.509 0
v -25.7604 -239.472 0
v -15.7663 -239.816 0
v -25.7556 -239.126 0
v -15.7557 -239.163 0
v -25.7587 -238.737 0
v -15.7605 -238.552 0
v -25.771 -238.322 0
v -15.7772 -237.968 0
v -25.7902 -237.863 0
v -15.7997 -237.427 0
v -25.8123 -237.378 0
v -15.8231 -236.913 0
v -25.8387 -236.812 0
v -15.8442 -236.481 0
v -25.8505 -236.196 0
v -15.851 -236.097 0
v -25.8508 -235.563 0
v -15.8521 -235.73 0
v -25.8291 -234.923 0
v -15.8391 -235.371 0
v -25.7947 -234.303 0
v -15.8185 -234.992 0
v -25.7447 -233.698 0
v -15.7856 -234.601 0
v -25.6865 -233.107 0
v -15.7461 -234.197 0
v -25.6163 -232.525 0
v -15.6961 -233.786 0
v -25.5355 -231.922 0
v -15.6449 -233.397 0
v -25.4349 -231.311 0
v -15.5825 -233.023 0
v -25.3124 -230.648 0
v -15.5257 -232.702 0
v -25.1514 -229.965 0
v -15.4554 -232.412 0
v -24.9729 -229.3 0
v -15.376 -232.111 0
v -24.7675 -228.653 0
v -15.2775 -231.806 0
v -24.5638 -228.064 0
v -15.1548 -231.45 0
v -24.3551 -227.506 0
v -15.0127 -231.072 0
v -24.1517 -226.983 0
v -14.8537 -230.663 0
v -23.9482 -226.477 0
v -14.6835 -230.241 0
v -23.7551 -226.006 0
v -14.4976 -229.787 0
v -23.5692 -225.549 0
v -14.3063 -229.317 0
v -23.3915 -225.112 0
v -14.1076 -228.828 0
v -23.2222 -224.683 0
v -13.9101 -228.327 0
v -23.0613 -224.269 0
v -13.7088 -227.809 0
v -22.9109 -223.861 0
v -13.5134 -227.279 0
v -22.7648 -223.454 0
v -13.3216 -226.744 0
v -22.6272 -223.046 0
v -13.1391 -226.205 0
v -22.4875 -222.621 0
v -12.9672 -225.68 0
v -22.3505 -222.185 0
v -12.8039 -225.162 0
v -22.2316 -221.802 0
v -12.6277 -224.589 0
v -22.1341 -221.442 0
v -12.463 -223.985 0
v -22.0658 -221.188 0
v -12.2849 -223.27 0
v -22.0332 -220.981 0
v -12.1483 -222.493 0
v -22.0084 -220.844 0
v -12.04 -221.639 0
v -22.0115 -220.73 0
v -12.0115 -220.755 0
v -22.01 -220.585 0
v -12.0335 -219.901 0
v -22.0342 -220.42 0
v -12.1253 -219.074 0
v -22.0719 -220.168 0
v -12.2407 -218.338 0
v -22.1357 -219.884 0
v -12.3894 -217.646 0
v -22.2329 -219.483 0
v -12.5271 -217.075 0
v -22.3459 -219.039 0
v -12.6608 -216.549 0
v -22.4887 -218.486 0
v -12.7692 -216.134 0
v -22.624 -217.886 0
v -12.853 -215.759 0
v -22.7615 -217.225 0
v -12.9219 -215.441 0
v -22.8681 -216.535 0
v -12.9654 -215.143 0
v -22.954 -215.861 0
v -13.0077 -214.826 0
v -23.0082 -215.192 0
v -13.0323 -214.498 0
v -23.0454 -214.567 0
v -13.0552 -214.125 0
v -23.0632 -213.958 0
v -13.0657 -213.735 0
v -23.0726 -213.352 0
v -13.0726 -213.341 0
v -23.0645 -212.747 0
v -13.0665 -212.946 0
v -23.0475 -212.118 0
v -13.058 -212.576 0
v -23.0062 -211.481 0
v -13.0332 -212.215 0
v -22.9561 -210.869 0
v -13.0024 -211.83 0
v -22.8896 -210.27 0
v -12.9577 -211.436 0
v -22.8149 -209.666 0
v -12.9106 -211.047 0
v -22.7216 -209.065 0
v -12.8497 -210.66 0
v -22.6266 -208.498 0
v -12.7797 -210.241 0
v -22.5233 -207.944 0
v -12.6993 -209.812 0
v -22.4142 -207.381 0
v -12.6186 -209.393 0
v -22.2919 -206.817 0
v -12.5284 -208.98 0
v -22.16 -206.235 0
v -12.4404 -208.586 0
v -22.0094 -205.651 0
v -12.3407 -208.203 0
v -21.8509 -205.065 0
v -12.239 -207.823 0
v -21.6742 -204.483 0
v -12.1242 -207.449 0
v -21.494 -203.915 0
v -12.0027 -207.064 0
v -21.3003 -203.355 0
v -11.8685 -206.678 0
v -21.1092 -202.821 0
v -11.7231 -206.271 0
v -20.9115 -202.297 0
v -11.5673 -205.859 0
v -20.7243 -201.81 0
v -11.3957 -205.413 0
v -20.5401 -201.335 0
v -11.2183 -204.955 0
v -20.3682 -200.894 0
v -11.0277 -204.465 0
v -20.2055 -200.461 0
v -10.8386 -203.962 0
v -20.0492 -200.041 0
v -10.6465 -203.445 0
v -19.902 -199.622 0
v -10.4613 -202.92 0
v -19.7579 -199.207 0
v -10.2783 -202.391 0
v -19.6223 -198.79 0
v -10.1043 -201.857 0
v -19.4887 -198.371 0
v -9.93405 -201.322 0
v -19.3631 -197.95 0
v -9.77333 -200.785 0
v -19.2405 -197.532 0
v -9.61535 -200.244 0
v -19.1267 -197.112 0
v -9.46727 -199.699 0
v -19.0172 -196.699 0
v -9.32116 -199.146 0
v -18.9182 -196.286 0
v -9.18646 -198.586 0
v -18.824 -195.882 0
v -9.05422 -198.016 0
v -18.7421 -195.48 0
v -8.93588 -197.439 0
v -18.6632 -195.078 0
v -8.82318 -196.859 0
v -18.5962 -194.674 0
v -8.72551 -196.277 0
v -18.5303 -194.258 0
v -8.63561 -195.705 0
v -18.4737 -193.836 0
v -8.55859 -195.136 0
v -18.4157 -193.381 0
v -8.49012 -194.599 0
v -18.3608 -192.915 0
v -8.42788 -194.072 0
v -18.3069 -192.447 0
v -8.36762 -193.547 0
v -18.2569 -191.976 0
v -8.31176 -193.022 0
v -18.2113 -191.541 0
v -8.25402 -192.464 0
v -18.1768 -191.114 0
v -8.20727 -191.894 0
v -18.143 -190.663 0
v -8.16644 -191.347 0
v -18.1145 -190.204 0
v -8.13274 -190.808 0
v -18.0851 -189.703 0
v -8.10364 -190.311 0
v -18.0525 -189.188 0
v -8.07297 -189.828 0
v -18.0179 -188.655 0
v -8.04295 -189.363 0
v -17.9765 -188.117 0
v -8.00748 -188.904 0
v -17.9305 -187.552 0
v -7.973 -188.472 0
v -17.8712 -186.98 0
v -7.92868 -188.05 0
v -17.8019 -186.365 0
v -7.88758 -187.671 0
v -17.7078 -185.741 0
v -7.83102 -187.306 0
v -17.6098 -185.148 0
v -7.76669 -186.913 0
v -17.4976 -184.567 0
v -7.68847 -186.512 0
v -17.3935 -184.053 0
v -7.59415 -186.046 0
v -17.2922 -183.557 0
v -7.49523 -185.562 0
v -17.1946 -183.081 0
v -7.39209 -185.059 0
v -17.101 -182.61 0
v -7.29088 -184.549 0
v -17.0087 -182.141 0
v -7.19005 -184.037 0
v -16.9199 -181.672 0
v -7.0927 -183.523 0
v -16.8489 -181.3 0
v -6.97966 -182.912 0
v -16.8015 -180.952 0
v -6.88887 -182.271 0
v -16.7666 -180.718 0
v -6.79825 -181.513 0
v -16.7647 -180.509 0
v -6.76696 -180.723 0
v -16.7588 -180.267 0
v -6.76336 -179.965 0
v -16.7802 -180.014 0
v -6.8117 -179.221 0
v -16.799 -179.761 0
v -6.88174 -178.478 0
v -16.845 -179.513 0
v -7.00322 -177.741 0
v -16.8697 -179.342 0
v -7.16521 -176.929 0
v -16.9219 -179.199 0
v -7.40787 -176.119 0
v -16.9521 -179.08 0
v -7.69826 -175.29 0
v -17.0127 -178.977 0
v -8.07297 -174.495 0
v -17.0711 -178.846 0
v -8.47459 -173.738 0
v -17.1639 -178.724 0
v -8.94119 -173.033 0
v -17.3131 -178.508 0
v -9.37006 -172.433 0
v -17.4968 -178.29 0
v -9.82225 -171.879 0
v -17.7552 -177.984 0
v -10.2099 -171.422 0
v -18.0357 -177.671 0
v -10.5957 -170.989 0
v -18.3667 -177.304 0
v -10.9347 -170.614 0
v -18.7055 -176.927 0
v -11.2641 -170.247 0
v -19.0415 -176.553 0
v -11.5959 -169.877 0
v -19.3767 -176.178 0
v -11.9279 -169.507 0
v -19.7309 -175.783 0
v -12.2409 -169.157 0
v -20.0837 -175.379 0
v -12.5461 -168.808 0
v -20.5064 -174.89 0
v -12.7797 -168.542 0
v -20.9149 -174.367 0
v -12.9838 -168.276 0
v -21.317 -173.835 0
v -13.1871 -168.012 0
v -21.6903 -173.284 0
v -13.3723 -167.733 0
v -22.0322 -172.765 0
v -13.5818 -167.418 0
v -22.3509 -172.24 0
v -13.7809 -167.087 0
v -22.6509 -171.737 0
v -13.9938 -166.732 0
v -22.935 -171.23 0
v -14.1977 -166.366 0
v -23.1572 -170.829 0
v -14.4602 -165.893 0
v -23.3795 -170.447 0
v -14.7403 -165.411 0
v -23.5246 -170.191 0
v -15.1001 -164.803 0
v -23.6849 -169.968 0
v -15.5114 -164.206 0
v -23.7998 -169.794 0
v -15.9769 -163.565 0
v -23.9391 -169.648 0
v -16.5009 -162.964 0
v -24.0891 -169.475 0
v -17.0239 -162.398 0
v -24.2671 -169.321 0
v -17.5863 -161.88 0
v -24.5312 -169.084 0
v -18.0696 -161.452 0
v -24.8184 -168.855 0
v -18.5609 -161.055 0
v -25.2661 -168.496 0
v -18.8947 -160.789 0
v -25.7174 -168.111 0
v -19.2031 -160.524 0
v -26.2387 -167.658 0
v -19.4394 -160.325 0
v -26.7364 -167.166 0
v -19.6495 -160.111 0
v -27.2509 -166.639 0
v -19.8381 -159.927 0
v -27.7255 -166.073 0
v -20.0013 -159.722 0
v -28.2047 -165.477 0
v -20.1543 -159.544 0
v -28.6327 -164.842 0
v -20.2789 -159.346 0
v -29.0381 -164.211 0
v -20.42 -159.139 0
v -29.3911 -163.554 0
v -20.5337 -158.912 0
v -29.6914 -162.973 0
v -20.695 -158.606 0
v -29.9597 -162.383 0
v -20.8379 -158.285 0
v -30.2029 -161.837 0
v -21.003 -157.918 0
v -30.4269 -161.287 0
v -21.1546 -157.542 0
v -30.6448 -160.743 0
v -21.3101 -157.157 0
v -30.8464 -160.195 0
v -21.4522 -156.767 0
v -31.0411 -159.658 0
v -21.5993 -156.364 0
v -31.2222 -159.117 0
v -21.7352 -155.956 0
v -31.4002 -158.581 0
v -21.8725 -155.544 0
v -31.5656 -158.04 0
v -21.9992 -155.128 0
v -31.7304 -157.496 0
v -22.1249 -154.715 0
v -31.8819 -156.948 0
v -22.239 -154.299 0
v -32.0325 -156.396 0
v -22.3524 -153.887 0
v -32.1692 -155.84 0
v -22.4536 -153.472 0
v -32.3048 -155.278 0
v -22.5538 -153.061 0
v -32.4254 -154.713 0
v -22.6408 -152.648 0
v -32.55 -154.113 0
v -22.7213 -152.27 0
v -32.6521 -153.503 0
v -22.7826 -151.893 0
v -32.7567 -152.836 0
v -22.8367 -151.573 0
v -32.8235 -152.153 0
v -22.8635 -151.26 0
v -32.882 -151.409 0
v -22.89 -151.008 0
v -32.8833 -150.652 0
v -22.8839 -150.765 0
v -32.8598 -149.823 0
v -22.8896 -150.595 0
v -32.7537 -148.988 0
v -22.8597 -150.44 0
v -32.5923 -148.056 0
v -22.8669 -150.384 0
v -32.3115 -147.144 0
v -22.8383 -150.347 0
v -31.9506 -146.181 0
v -22.8686 -150.366 0
v -31.4595 -145.292 0
v -22.8576 -150.392 0
v -30.9575 -144.492 0
v -22.8427 -150.336 0
v -30.373 -143.78 0
v -22.7795 -150.287 0
v -29.8748 -143.211 0
v -22.6243 -150.098 0
v -29.3405 -142.692 0
v -22.4363 -149.926 0
v -28.9347 -142.306 0
v -22.1177 -149.623 0
v -28.5248 -141.932 0
v -21.7889 -149.323 0
v -28.0726 -141.522 0
v -21.5017 -149.06 0
v -27.6021 -141.128 0
v -21.2043 -148.814 0
v -27.0428 -140.67 0
v -20.9943 -148.633 0
v -26.4478 -140.251 0
v -20.7675 -148.482 0
v -25.8513 -139.847 0
v -20.54 -148.32 0
v -25.2295 -139.488 0
v -20.2929 -148.184 0
v -24.6444 -139.16 0
v -20.0077 -148.02 0
v -24.044 -138.867 0
v -19.7073 -147.878 0
v -23.5084 -138.611 0
v -19.3415 -147.701 0
v -22.9662 -138.373 0
v -18.9674 -147.539 0
v -22.5198 -138.179 0
v -18.497 -147.334 0
v -22.0768 -137.982 0
v -18.0257 -147.125 0
v -21.7502 -137.84 0
v -17.4381 -146.862 0
v -21.4372 -137.677 0
v -16.8616 -146.568 0
v -21.161 -137.538 0
v -16.249 -146.249 0
v -20.8994 -137.373 0
v -15.6586 -145.89 0
v -20.5883 -137.184 0
v -15.1184 -145.555 0
v -20.288 -136.974 0
v -14.5963 -145.196 0
v -19.9164 -136.717 0
v -14.1459 -144.884 0
v -19.549 -136.452 0
v -13.7019 -144.564 0
v -19.1546 -136.167 0
v -13.2852 -144.264 0
v -18.7615 -135.881 0
v -12.8702 -143.961 0
v -18.3476 -135.579 0
v -12.4761 -143.674 0
v -17.9319 -135.279 0
v -12.0808 -143.389 0
v -17.5303 -134.989 0
v -11.6715 -143.093 0
v -17.1294 -134.699 0
v -11.2625 -142.797 0
v -16.7975 -134.459 0
v -10.7847 -142.45 0
v -16.4774 -134.208 0
v -10.3167 -142.085 0
v -16.2288 -134.018 0
v -9.77807 -141.659 0
v -16.0009 -133.806 0
v -9.26606 -141.198 0
v -15.8086 -133.638 0
v -8.71983 -140.692 0
v -15.6407 -133.444 0
v -8.21736 -140.144 0
v -15.4196 -133.203 0
v -7.76883 -139.642 0
v -15.2181 -132.942 0
v -7.35275 -139.117 0
v -14.9289 -132.574 0
v -7.02445 -138.699 0
v -14.6445 -132.201 0
v -6.7014 -138.277 0
v -14.3176 -131.774 0
v -6.42076 -137.909 0
v -13.9845 -131.352 0
v -6.13436 -137.547 0
v -13.6339 -130.908 0
v -5.86545 -137.205 0
v -13.2725 -130.474 0
v -5.58712 -136.872 0
v -12.9018 -130.029 0
v -5.31795 -136.547 0
v -12.5182 -129.596 0
v -5.03791 -136.233 0
v -12.1426 -129.173 0
v -4.74986 -135.907 0
v -11.7566 -128.76 0
v -4.45286 -135.59 0
v -11.4131 -128.393 0
v -4.11327 -135.227 0
v -11.0694 -128.026 0
v -3.77309 -134.864 0
v -10.7983 -127.738 0
v -3.36036 -134.422 0
v -10.5419 -127.439 0
v -2.96409 -133.964 0
v -10.3928 -127.278 0
v -2.46079 -133.367 0
v -10.2785 -127.096 0
v -2.01144 -132.723 0
v -10.1565 -126.932 0
v -1.57191 -132.06 0
v -10.0695 -126.747 0
v -1.19654 -131.359 0
v -9.93338 -126.493 0
v -0.872712 -130.724 0
v -9.82767 -126.229 0
v -0.592819 -130.065 0
v -9.73045 -126.01 0
v -0.308454 -129.361 0
v -9.66795 -125.78 0
v -0.0833413 -128.633 0
v -9.5903 -125.536 0
v 0.121774 -127.918 0
v -9.54478 -125.277 0
v 0.269398 -127.196 0
v -9.4705 -124.901 0
v 0.385727 -126.59 0
v -9.41427 -124.515 0
v 0.476725 -125.987 0
v -9.34029 -124.018 0
v 0.550016 -125.495 0
v -9.26507 -123.516 0
v 0.622954 -125.008 0
v -9.17272 -122.915 0
v 0.680904 -124.62 0
v -9.05777 -122.318 0
v 0.75652 -124.236 0
v -8.93591 -121.706 0
v 0.827735 -123.867 0
v -8.78846 -121.101 0
v 0.919336 -123.501 0
v -8.64572 -120.529 0
v 1.01748 -123.102 0
v -8.48539 -119.963 0
v 1.13088 -122.706 0
v -8.33025 -119.422 0
v 1.25073 -122.286 0
v -8.16287 -118.884 0
v 1.38119 -121.869 0
v -7.99297 -118.343 0
v 1.51046 -121.455 0
v -7.81006 -117.807 0
v 1.65074 -121.046 0
v -7.62283 -117.263 0
v 1.78817 -120.644 0
v -7.42128 -116.725 0
v 1.93814 -120.246 0
v -7.22191 -116.197 0
v 2.09156 -119.838 0
v -7.01087 -115.675 0
v 2.25594 -119.433 0
v -6.80646 -115.172 0
v 2.4278 -119.01 0
v -6.59467 -114.673 0
v 2.60726 -118.588 0
v -6.39037 -114.193 0
v 2.79464 -118.148 0
v -6.1827 -113.716 0
v 2.98612 -117.708 0
v -5.98303 -113.258 0
v 3.18562 -117.25 0
v -5.7835 -112.799 0
v 3.38532 -116.791 0
v -5.58726 -112.349 0
v 3.58816 -116.325 0
v -5.39191 -111.896 0
v 3.78901 -115.86 0
v -5.18595 -111.419 0
v 3.97958 -115.418 0
v -4.97591 -110.943 0
v 4.17283 -114.98 0
v -4.75204 -110.437 0
v 4.35315 -114.571 0
v -4.51777 -109.934 0
v 4.54158 -114.168 0
v -4.26862 -109.403 0
v 4.71655 -113.793 0
v -4.004 -108.882 0
v 4.90555 -113.423 0
v -3.74963 -108.384 0
v 5.10573 -113.03 0
v -3.487 -107.896 0
v 5.31763 -112.637 0
v -3.27499 -107.503 0
v 5.57932 -112.15 0
v -3.07504 -107.112 0
v 5.83516 -111.651 0
v -2.9309 -106.834 0
v 6.14309 -111.037 0
v -2.81768 -106.557 0
v 6.41775 -110.392 0
v -2.73241 -106.368 0
v 6.71139 -109.657 0
v -2.68307 -106.172 0
v 6.93974 -108.892 0
v -2.61781 -105.958 0
v 7.14073 -108.142 0
v -2.58518 -105.733 0
v 7.27805 -107.382 0
v -2.53593 -105.45 0
v 7.38843 -106.678 0
v -2.51336 -105.147 0
v 7.45153 -105.985 0
v -2.47822 -104.724 0
v 7.49817 -105.411 0
v -2.45411 -104.283 0
v 7.52962 -104.854 0
v -2.42138 -103.729 0
v 7.55536 -104.41 0
v -2.37784 -103.168 0
v 7.58968 -103.974 0
v -2.32712 -102.57 0
v 7.62217 -103.576 0
v -2.25687 -101.972 0
v 7.66983 -103.18 0
v -2.18051 -101.367 0
v 7.71728 -102.793 0
v -2.08269 -100.763 0
v 7.7808 -102.41 0
v -1.97712 -100.15 0
v 7.84319 -102.037 0
v -1.8483 -99.5434 0
v 7.92375 -101.666 0
v -1.71682 -98.9506 0
v 8.00746 -101.283 0
v -1.56614 -98.3664 0
v 8.10789 -100.899 0
v -1.41793 -97.807 0
v 8.21503 -100.491 0
v -1.25627 -97.2543 0
v 8.33484 -100.085 0
v -1.09707 -96.7189 0
v 8.46023 -99.6614 0
v -0.928279 -96.1889 0
v 8.5953 -99.2387 0
v -0.762029 -95.6723 0
v 8.73514 -98.8034 0
v -0.589182 -95.1603 0
v 8.8824 -98.368 0
v -0.419945 -94.6619 0
v 9.03459 -97.9194 0
v -0.248859 -94.1725 0
v 9.19358 -97.4649 0
v -0.0959914 -93.7331 0
v 9.36913 -96.9598 0
v 0.0457387 -93.3088 0
v 9.54431 -96.4356 0
v 0.146283 -93.0068 0
v 9.75213 -95.7867 0
v 0.216435 -92.7225 0
v 9.92923 -95.1019 0
v 0.256483 -92.5954 0
v 10.1175 -94.2568 0
v 0.258669 -92.4805 0
v 10.2184 -93.377 0
v 0.27654 -92.4284 0
v 10.2765 -92.434 0
v 0.257811 -92.3648 0
v 10.2204 -91.5004 0
v 0.249769 -92.2054 0
v 10.1305 -90.6659 0
v 0.199356 -92.0077 0
v 9.97162 -89.8857 0
v 0.110101 -91.6004 0
v 9.84584 -89.3166 0
v 0.00108221 -91.1644 0
v 9.7132 -88.7822 0
v -0.139373 -90.58 0
v 9.61891 -88.3946 0
v -0.265491 -89.9721 0
v 9.54278 -88.0233 0
v -0.396214 -89.2716 0
v 9.48611 -87.742 0
v -0.484791 -88.5516 0
v 9.45643 -87.469 0
v -0.556026 -87.7821 0
v 9.4295 -87.2442 0
v -0.567888 -87.006 0
v 9.4321 -87.0204 0
v -0.553866 -86.2318 0
v 9.43023 -86.7956 0
v -0.480361 -85.4582 0
v 9.45717 -86.5742 0
v -0.380693 -84.6892 0
v 9.48013 -86.3518 0
v -0.224652 -83.9386 0
v 9.53349 -86.1246 0
v -0.0565756 -83.2331 0
v 9.59305 -85.857 0
v 0.151501 -82.5529 0
v 9.6816 -85.5823 0
v 0.356348 -81.9276 0
v 9.7859 -85.2568 0
v 0.588102 -81.3159 0
v 9.91052 -84.9342 0
v 0.824415 -80.7206 0
v 10.0414 -84.5997 0
v 1.08204 -80.1417 0
v 10.1921 -84.2657 0
v 1.33577 -79.5895 0
v 10.3548 -83.9089 0
v 1.60659 -79.0464 0
v 10.5312 -83.5576 0
v 1.8817 -78.5093 0
v 10.711 -83.2043 0
v 2.17716 -77.9738 0
v 10.8995 -82.8647 0
v 2.49529 -77.4166 0
v 11.0754 -82.5528 0
v 2.83785 -76.8703 0
v 11.2657 -82.2529 0
v 3.19447 -76.3223 0
v 11.4526 -81.9618 0
v 3.56908 -75.799 0
v 11.6618 -81.6733 0
v 3.92628 -75.3125 0
v 11.8955 -81.3532 0
v 4.28679 -74.8516 0
v 12.152 -81.0272 0
v 4.60617 -74.4454 0
v 12.4508 -80.6472 0
v 4.91378 -74.0585 0
v 12.7654 -80.2514 0
v 5.16704 -73.7356 0
v 13.1284 -79.7868 0
v 5.40096 -73.418 0
v 13.4883 -79.2998 0
v 5.59738 -73.1466 0
v 13.8742 -78.7587 0
v 5.77423 -72.8678 0
v 14.2368 -78.1955 0
v 5.9411 -72.6018 0
v 14.5957 -77.6115 0
v 6.08942 -72.3232 0
v 14.9229 -77.0103 0
v 6.23996 -72.038 0
v 15.2341 -76.409 0
v 6.37234 -71.7408 0
v 15.5137 -75.795 0
v 6.50762 -71.4335 0
v 15.7771 -75.1856 0
v 6.6283 -71.1075 0
v 16.0077 -74.5754 0
v 6.76192 -70.7426 0
v 16.2163 -74.0008 0
v 6.88145 -70.3729 0
v 16.4061 -73.4195 0
v 6.99785 -70.0053 0
v 16.5896 -72.8334 0
v 7.0957 -69.6475 0
v 16.7573 -72.227 0
v 7.17562 -69.3467 0
v 16.9276 -71.5601 0
v 7.22847 -69.0676 0
v 17.0669 -70.8579 0
v 7.26443 -68.8888 0
v 17.1966 -70.0519 0
v 7.26935 -68.7355 0
v 17.2582 -69.2074 0
v 7.28121 -68.6622 0
v 17.274 -68.2837 0
v 7.26369 -68.5879 0
v 17.1884 -67.3632 0
v 7.25489 -68.4746 0
v 17.0557 -66.4889 0
v 7.2091 -68.3316 0
v 16.847 -65.6648 0
v 7.13908 -68.0806 0
v 16.6385 -64.9563 0
v 7.03255 -67.8002 0
v 16.3993 -64.2983 0
v 6.88896 -67.4205 0
v 16.1883 -63.7432 0
v 6.72365 -67.0203 0
v 15.9729 -63.2187 0
v 6.52929 -66.5466 0
v 15.7876 -62.7673 0
v 6.33363 -66.0647 0
v 15.607 -62.3226 0
v 6.13081 -65.5587 0
v 15.4377 -61.9005 0
v 5.93487 -65.0502 0
v 15.2742 -61.4758 0
v 5.74166 -64.5419 0
v 15.112 -61.0494 0
v 5.55504 -64.0312 0
v 14.9556 -60.6209 0
v 5.37084 -63.5197 0
v 14.8007 -60.1915 0
v 5.19547 -63.0125 0
v 14.6495 -59.7536 0
v 5.02798 -62.5255 0
v 14.4918 -59.295 0
v 4.86599 -62.0474 0
v 14.3329 -58.826 0
v 4.71317 -61.6001 0
v 14.1623 -58.327 0
v 4.55706 -61.1555 0
v 13.9872 -57.8281 0
v 4.40119 -60.7158 0
v 13.8088 -57.3253 0
v 4.2326 -60.2556 0
v 13.6336 -56.8465 0
v 4.04176 -59.7234 0
v 13.4865 -56.4375 0
v 3.84883 -59.1504 0
v 13.3602 -56.0628 0
v 3.63538 -58.4589 0
v 13.2756 -55.8006 0
v 3.46173 -57.7447 0
v 13.2162 -55.5423 0
v 3.30826 -57.0055 0
v 13.1625 -55.3043 0
v 3.20587 -56.2651 0
v 13.1322 -55.0535 0
v 3.12941 -55.5515 0
v 13.0991 -54.7739 0
v 3.09458 -54.8432 0
v 13.0881 -54.4832 0
v 3.07828 -54.1605 0
v 13.0783 -54.1667 0
v 3.09616 -53.459 0
v 13.0878 -53.8686 0
v 3.13942 -52.716 0
v 13.099 -53.6141 0
v 3.23446 -51.9443 0
v 13.1289 -53.3937 0
v 3.37576 -51.1255 0
v 13.1522 -53.228 0
v 3.59137 -50.2938 0
v 13.1916 -53.0928 0
v 3.86176 -49.4627 0
v 13.2251 -52.9738 0
v 4.20333 -48.661 0
v 13.2802 -52.8575 0
v 4.57306 -47.9175 0
v 13.352 -52.7061 0
v 4.95867 -47.267 0
v 13.4807 -52.499 0
v 5.29472 -46.7328 0
v 13.6765 -52.1868 0
v 5.61674 -46.2536 0
v 13.9131 -51.8366 0
v 5.89266 -45.8432 0
v 14.1952 -51.4171 0
v 6.14984 -45.4598 0
v 14.4948 -50.9699 0
v 6.37356 -45.1161 0
v 14.8162 -50.4754 0
v 6.58768 -44.7701 0
v 15.1287 -49.9712 0
v 6.79444 -44.4251 0
v 15.4354 -49.4584 0
v 7.00965 -44.0446 0
v 15.7132 -48.9688 0
v 7.25099 -43.6173 0
v 15.9637 -48.5254 0
v 7.49445 -43.184 0
v 16.21 -48.0869 0
v 7.74308 -42.7426 0
v 16.4522 -47.657 0
v 7.98679 -42.3115 0
v 16.7006 -47.2176 0
v 8.22046 -41.8948 0
v 16.956 -46.7621 0
v 8.44498 -41.4893 0
v 17.2158 -46.2927 0
v 8.65536 -41.1011 0
v 17.4817 -45.8017 0
v 8.849 -40.7314 0
v 17.7519 -45.2854 0
v 9.01936 -40.3911 0
v 18.0283 -44.7314 0
v 9.1783 -40.0481 0
v 18.2905 -44.1674 0
v 9.32955 -39.7051 0
v 18.5418 -43.5953 0
v 9.48151 -39.3283 0
v 18.7651 -43.0452 0
v 9.64841 -38.907 0
v 18.9664 -42.5368 0
v 9.80711 -38.4928 0
v 19.1654 -42.0172 0
v 9.95633 -38.0898 0
v 19.3633 -41.4824 0
v 10.0845 -37.726 0
v 19.5665 -40.9027 0
v 10.184 -37.4156 0
v 19.7707 -40.261 0
v 10.2673 -37.1114 0
v 19.9525 -39.601 0
v 10.3399 -36.8098 0
v 20.1124 -38.9307 0
v 10.4061 -36.4657 0
v 20.2376 -38.2933 0
v 10.4766 -36.0671 0
v 20.3412 -37.7073 0
v 10.537 -35.6797 0
v 20.4347 -37.1067 0
v 10.5869 -35.3043 0
v 20.5163 -36.491 0
v 10.626 -34.9372 0
v 20.583 -35.8638 0
v 10.6546 -34.5798 0
v 20.6338 -35.2247 0
v 10.6724 -34.2177 0
v 20.6655 -34.588 0
v 10.6815 -33.8511 0
v 20.681 -33.9553 0
v 10.6798 -33.4691 0
v 20.679 -33.3373 0
v 10.6709 -33.0702 0
v 20.6653 -32.7367 0
v 10.6527 -32.6622 0
v 20.6394 -32.1457 0
v 10.628 -32.2442 0
v 20.6049 -31.5655 0
v 10.5964 -31.8321 0
v 20.56 -30.9806 0
v 10.5582 -31.427 0
v 20.5043 -30.3902 0
v 10.5125 -31.0267 0
v 20.4366 -29.797 0
v 10.4598 -30.6318 0
v 20.3569 -29.2009 0
v 10.3986 -30.2387 0
v 20.2644 -28.6059 0
v 10.33 -29.8477 0
v 20.1601 -28.0122 0
v 10.2518 -29.4533 0
v 20.0441 -27.4256 0
v 10.1658 -29.0549 0
v 19.9189 -26.8467 0
v 10.0698 -28.65 0
v 19.7845 -26.2785 0
v 9.96602 -28.2373 0
v 19.6444 -25.7215 0
v 9.85534 -27.8251 0
v 19.4959 -25.1679 0
v 9.73887 -27.4132 0
v 19.3402 -24.6177 0
v 9.61609 -27.0033 0
v 19.1761 -24.0696 0
v 9.48792 -26.5955 0
v 19.0044 -23.5235 0
v 9.35234 -26.1864 0
v 18.8255 -22.9833 0
v 9.21061 -25.7755 0
v 18.6411 -22.449 0
v 9.06108 -25.3609 0
v 18.4515 -21.9228 0
v 8.90522 -24.9416 0
v 18.2589 -21.4049 0
v 8.74366 -24.5215 0
v 18.0616 -20.8916 0
v 8.57736 -24.1001 0
v 17.8608 -20.3829 0
v 8.40695 -23.6806 0
v 17.6549 -19.8759 0
v 8.23299 -23.263 0
v 17.4443 -19.3704 0
v 8.05495 -22.8476 0
v 17.2284 -18.8667 0
v 7.8734 -22.4344 0
v 17.0077 -18.3645 0
v 7.68781 -22.0236 0
v 16.7816 -17.8639 0
v 7.49876 -21.6153 0
v 16.5505 -17.3648 0
v 7.30568 -21.2098 0
v 16.3137 -16.8674 0
v 7.10917 -20.8071 0
v 16.0716 -16.3715 0
v 6.90849 -20.4073 0
v 15.8238 -15.8776 0
v 6.70427 -20.0102 0
v 15.5706 -15.3854 0
v 6.49361 -19.6119 0
v 15.3137 -14.8997 0
v 6.2775 -19.2115 0
v 15.0549 -14.4202 0
v 6.05272 -18.8044 0
v 14.7964 -13.9518 0
v 5.82067 -18.3885 0
v 14.5413 -13.4945 0
v 5.58255 -17.9667 0
v 14.2878 -13.0454 0
v 5.33941 -17.5372 0
v 14.0383 -12.6047 0
v 5.09591 -17.1085 0
v 13.7879 -12.1639 0
v 4.85206 -16.6805 0
v 13.5367 -11.723 0
v 4.60874 -16.255 0
v 13.2836 -11.2804 0
v 4.36582 -15.8326 0
v 13.028 -10.8359 0
v 4.1229 -15.4128 0
v 12.7701 -10.3902 0
v 3.87991 -14.996 0
v 12.5094 -9.94309 0
v 3.63566 -14.5806 0
v 12.2468 -9.49645 0
v 3.39029 -14.1667 0
v 11.9822 -9.05016 0
v 3.14312 -13.7536 0
v 11.716 -8.60516 0
v 2.8944 -13.341 0
v 11.4484 -8.16133 0
v 2.64435 -12.9298 0
v 11.1788 -7.71807 0
v 2.39315 -12.5202 0
v 10.9073 -7.27527 0
v 2.14068 -12.1122 0
v 10.6335 -6.83287 0
v 1.88713 -11.7061 0
v 10.3575 -6.39075 0
v 1.63215 -11.3018 0
v 10.079 -5.9492 0
v 1.37594 -10.8994 0
v 9.79815 -5.50809 0
v 1.11805 -10.4987 0
v 9.51484 -5.06789 0
v 0.858717 -10.0997 0
v 9.22922 -4.62845 0
v 0.597569 -9.70242 0
v 8.94108 -4.1901 0
v 0.334864 -9.3068 0
v 8.65061 -3.75267 0
v 0.0695183 -8.91183 0
v 8.35832 -3.31756 0
v -0.198106 -8.51713 0
v 8.06474 -2.8846 0
v -0.469937 -8.12048 0
v 7.77128 -2.45635 0
v -0.745419 -7.72082 0
v 7.47923 -2.03266 0
v -1.02465 -7.31843 0
v 7.18836 -1.61348 0
v -1.30714 -6.91217 0
v 6.89996 -1.19871 0
v -1.59258 -6.50263 0
v 6.6136 -0.787858 0
v -1.88057 -6.08874 0
v 6.33044 -0.380905 0
v -2.16998 -5.67201 0
v 6.04943 0.0237192 0
v -2.46058 -5.25172 0
v 5.77131 0.425954 0
v -2.74968 -4.83152 0
v 5.4936 0.829603 0
v -3.03747 -4.41171 0
v 5.21597 1.2346 0
v -3.32351 -3.99273 0
v 4.93818 1.6415 0
v -3.60807 -3.57502 0
v 4.65972 2.05025 0
v -3.89071 -3.15909 0
v 4.38032 2.46141 0
v -4.14655 -2.7826 0
v 4.12448 2.8379 0
vt -0.5 0 0
vt 0.5 0 0
vt -0.5 0.05 0
vt 0.5 0.05 0
vt -0.5 0.1 0
vt 0.5 0.1 0
vt -0.5 0.15 0
vt 0.5 0.15 0
vt -0.5 0.2 0
vt 0.5 0.2 0
vt -0.5 0.25 0
vt 0.5 0.25 0
vt -0.5 0.3 0
vt 0.5 0.3 0
vt -0.5 0.35 0
vt 0.5 0.35 0
vt -0.5 0.4 0
vt 0.5 0.4 0
vt -0.5 0.45 0
vt 0.5 0.45 0
vt -0.5 0.5 0
vt 0.5 0.5 0
vt -0.5 0.55 0
vt 0.5 0.55 0
vt -0.5 0.6 0
vt 0.5 0.6 0
vt -0.5 0.65 0
vt 0.5 0.65 0
vt -0.5 0.7 0
vt 0.5 0.7 0
vt -0.5 0.75 0
vt 0.5 0.75 0
vt -0.5 0.8 0
vt 0.5 0.8 0
vt -0.5 0.85 0
vt 0.5 0.85 0
vt -0.5 0.9 0
vt 0.5 0.9 0
vt -0.5 0.95 0
vt 0.5 0.95 0
vt -0.5 1 0
vt 0.5 1 0
vt -0.5 1.05 0
vt 0.5 1.05 0
vt -0.5 1.1 0
vt 0.5 1.1 0
vt -0.5 1.15 0
vt 0.5 1.15 0
vt -0.5 1.2 0
vt 0.5 1.2 0
vt -0.5 1.25 0
vt 0.5 1.25 0
vt -0.5 1.3 0
vt 0.5 1.3 0
vt -0.5 1.35 0
vt 0.5 1.35 0
vt -0.5 1.4 0
vt 0.5 1.4 0
vt -0.5 1.45 0
vt 0.5 1.45 0
vt -0.5 1.5 0
vt 0.5 1.5 0
vt -0.5 1.55 0
vt 0.5 1.55 0
vt -0.5 1.6 0
vt 0.5 1.6 0
vt -0.5 1.65 0
vt 0.5 1.65 0
vt -0.5 1.7 0
vt 0.5 1.7 0
vt -0.5 1.75 0
vt 0.5 1.75 0
vt -0.5 1.8 0
vt 0.5 1.8 0
vt -0.5 1.85 0
vt 0.5 1.85 0
vt -0.5 1.9 0
vt 0.5 1.9 0
vt -0.5 1.95 0
vt 0.5 1.95 0
vt -0.5 2 0
vt 0.5 2 0
vt -0.5 2.05 0
vt 0.5 2.05 0
vt -0.5 2.1 0
vt 0.5 2.1 0
vt -0.5 2.15 0
vt 0.5 2.15 0
vt -0.5 2.2 0
vt 0.5 2.2 0
vt -0.5 2.25 0
vt 0.5 2.25 0
vt -0.5 2.3 0
vt 0.5 2.3 0
vt -0.5 2.35 0
vt 0.5 2.35 0
vt -0.5 2.4 0
vt 0.5 2.4 0
vt -0.5 2.45 0
vt 0.5 2.45 0
vt -0.5 2.5 0
vt 0.5 2.5 0
vt -0.5 2.55 0
vt 0.5 2.55 0
vt -0.5 2.6 0
vt 0.5 2.6 0
vt -0.5 2.65 0
vt 0.5 2.65 0
vt -0.5 2.7 0
vt 0.5 2.7 0
vt -0.5 2.75 0
vt 0.5 2.75 0
vt -0.5 2.8 0
vt 0.5 2.8 0
vt -0.5 2.85 0
vt 0.5 2.85 0
vt -0.5 2.9 0
vt 0.5 2.9 0
vt -0.5 2.95 0
vt 0.5 2.95 0
vt -0.5 3 0
vt 0.5 3 0
vt -0.5 3.05 0
vt 0.5 3.05 0
vt -0.5 3.1 0
vt 0.5 3.1 0
vt -0.5 3.15 0
vt 0.5 3.15 0
vt -0.5 3.2 0
vt 0.5 3.2 0
vt -0.5 3.25 0
vt 0.5 3.25 0
vt -0.5 3.3 0
vt 0.5 3.3 0
vt -0.5 3.35 0
vt 0.5 3.35 0
vt -0.5 3.4 0
vt 0.5 3.4 0
vt -0.5 3.45 0
vt 0.5 3.45 0
vt -0.5 3.5 0
vt 0.5 3.5 0
vt -0.5 3.55 0
vt 0.5 3.55 0
vt -0.5 3.6 0
vt 0.5 3.6 0
vt -0.5 3.65 0
vt 0.5 3.65 0
vt -0.5 3.7 0
vt 0.5 3.7 0
vt -0.5 3.75 0
vt 0.5 3.75 0
vt -0.5 3.8 0
vt 0.5 3.8 0
vt -0.5 3.85 0
vt 0.5 3.85 0
vt -0.5 3.9 0
vt 0.5 3.9 0
vt -0.5 3.95 0
vt 0.5 3.95 0
vt -0.5 4 0
vt 0.5 4 0
vt -0.5 4.05 0
vt 0.5 4.05 0
vt -0.5 4.1 0
vt 0.5 4.1 0
vt -0.5 4.15 0
vt 0.5 4.15 0
vt -0.5 4.2 0
vt 0.5 4.2 0
vt -0.5 4.25 0
vt 0.5 4.25 0
vt -0.5 4.3 0
vt 0.5 4.3 0
vt -0.5 4.35 0
vt 0.5 4.35 0
vt -0.5 4.4 0
vt 0.5 4.4 0
vt -0.5 4.45 0
vt 0.5 4.45 0
vt -0.5 4.5 0
vt 0.5 4.5 0
vt -0.5 4.55 0
vt 0.5 4.55 0
vt -0.5 4.6 0
vt 0.5 4.6 0
vt -0.5 4.65 0
vt 0.5 4.65 0
vt -0.5 4.7 0
vt 0.5 4.7 0
vt -0.5 4.75 0
vt 0.5 4.75 0
vt -0.5 4.8 0
vt 0.5 4.8 0
vt -0.5 4.85 0
vt 0.5 4.85 0
vt -0.5 4.9 0
vt 0.5 4.9 0
vt -0.5 4.95 0
vt 0.5 4.95 0
vt -0.5 5 0
vt 0.5 5 0
vt -0.5 5.05 0
vt 0.5 5.05 0
vt -0.5 5.1 0
vt 0.5 5.1 0
vt -0.5 5.15 0
vt 0.5 5.15 0
vt -0.5 5.2 0
vt 0.5 5.2 0
vt -0.5 5.25 0
vt 0.5 5.25 0
vt -0.5 5.3 0
vt 0.5 5.3 0
vt -0.5 5.35 0
vt 0.5 5.35 0
vt -0.5 5.4 0
vt 0.5 5.4 0
vt -0.5 5.45 0
vt 0.5 5.45 0
vt -0.5 5.5 0
vt 0.5 5.5 0
vt -0.5 5.55 0
vt 0.5 5.55 0
vt -0.5 5.6 0
vt 0.5 5.6 0
vt -0.5 5.65 0
vt 0.5 5.65 0
vt -0.5 5.7 0
vt 0.5 5.7 0
vt -0.5 5.75 0
vt 0.5 5.75 0
vt -0.5 5.8 0
vt 0.5 5.8 0
vt -0.5 5.85 0
vt 0.5 5.85 0
vt -0.5 5.9 0
vt 0.5 5.9 0
vt -0.5 5.95 0
vt 0.5 5.95 0
vt -0.5 6 0
vt 0.5 6 0
vt -0.5 6.05 0
vt 0.5 6.05 0
vt -0.5 6.1 0
vt 0.5 6.1 0
vt -0.5 6.15 0
vt 0.5 6.15 0
vt -0.5 6.2 0
vt 0.5 6.2 0
vt -0.5 6.25 0
vt 0.5 6.25 0
vt -0.5 6.3 0
vt 0.5 6.3 0
vt -0.5 6.35 0
vt 0.5 6.35 0
vt -0.5 6.4 0
vt 0.5 6.4 0
vt -0.5 6.45 0
vt 0.5 6.45 0
vt -0.5 6.5 0
vt 0.5 6.5 0
vt -0.5 6.55 0
vt 0.5 6.55 0
vt -0.5 6.6 0
vt 0.5 6.6 0
vt -0.5 6.65 0
vt 0.5 6.65 0
vt -0.5 6.7 0
vt 0.5 6.7 0
vt -0.5 6.75 0
vt 0.5 6.75 0
vt -0.5 6.8 0
vt 0.5 6.8 0
vt -0.5 6.85 0
vt 0.5 6.85 0
vt -0.5 6.9 0
vt 0.5 6.9 0
vt -0.5 6.95 0
vt 0.5 6.95 0
vt -0.5 7 0
vt 0.5 7 0
vt -0.5 7.05 0
vt 0.5 7.05 0
vt -0.5 7.1 0
vt 0.5 7.1 0
vt -0.5 7.15 0
vt 0.5 7.15 0
vt -0.5 7.2 0
vt 0.5 7.2 0
vt -0.5 7.25 0
vt 0.5 7.25 0
vt -0.5 7.3 0
vt 0.5 7.3 0
vt -0.5 7.35 0
vt 0.5 7.35 0
vt -0.5 7.4 0
vt 0.5 7.4 0
vt -0.5 7.45 0
vt 0.5 7.45 0
vt -0.5 7.5 0
vt 0.5 7.5 0
vt -0.5 7.55 0
vt 0.5 7.55 0
vt -0.5 7.6 0
vt 0.5 7.6 0
vt -0.5 7.65 0
vt 0.5 7.65 0
vt -0.5 7.7 0
vt 0.5 7.7 0
vt -0.5 7.75 0
vt 0.5 7.75 0
vt -0.5 7.8 0
vt 0.5 7.8 0
vt -0.5 7.85 0
vt 0.5 7.85 0
vt -0.5 7.9 0
vt 0.5 7.9 0
vt -0.5 7.95 0
vt 0.5 7.95 0
vt -0.5 8 0
vt 0.5 8 0
vt -0.5 8.05 0
vt 0.5 8.05 0
vt -0.5 8.1 0
vt 0.5 8.1 0
vt -0.5 8.15 0
vt 0.5 8.15 0
vt -0.5 8.2 0
vt 0.5 8.2 0
vt -0.5 8.25 0
vt 0.5 8.25 0
vt -0.5 8.3 0
vt 0.5 8.3 0
vt -0.5 8.35 0
vt 0.5 8.35 0
vt -0.5 8.4 0
vt 0.5 8.4 0
vt -0.5 8.45 0
vt 0.5 8.45 0
vt -0.5 8.5 0
vt 0.5 8.5 0
vt -0.5 8.55 0
vt 0.5 8.55 0
vt -0.5 8.6 0
vt 0.5 8.6 0
vt -0.5 8.65 0
vt 0.5 8.65 0
vt -0.5 8.7 0
vt 0.5 8.7 0
vt -0.5 8.75 0
vt 0.5 8.75 0
vt -0.5 8.8 0
vt 0.5 8.8 0
vt -0.5 8.85 0
vt 0.5 8.85 0
vt -0.5 8.9 0
vt 0.5 8.9 0
vt -0.5 8.95 0
vt 0.5 8.95 0
vt -0.5 9 0
vt 0.5 9 0
vt -0.5 9.05 0
vt 0.5 9.05 0
vt -0.5 9.1 0
vt 0.5 9.1 0
vt -0.5 9.15 0
vt 0.5 9.15 0
vt -0.5 9.2 0
vt 0.5 9.2 0
vt -0.5 9.25 0
vt 0.5 9.25 0
vt -0.5 9.3 0
vt 0.5 9.3 0
vt -0.5 9.35 0
vt 0.5 9.35 0
vt -0.5 9.4 0
vt 0.5 9.4 0
vt -0.5 9.45 0
vt 0.5 9.45 0
vt -0.5 9.5 0
vt 0.5 9.5 0
vt -0.5 9.55 0
vt 0.5 9.55 0
vt -0.5 9.6 0
vt 0.5 9.6 0
vt -0.5 9.65 0
vt 0.5 9.65 0
vt -0.5 9.7 0
vt 0.5 9.7 0
vt -0.5 9.75 0
vt 0.5 9.75 0
vt -0.5 9.8 0
vt 0.5 9.8 0
vt -0.5 9.85 0
vt 0.5 9.85 0
vt -0.5 9.9 0
vt 0.5 9.9 0
vt -0.5 9.95 0
vt 0.5 9.95 0
vt -0.5 10 0
vt 0.5 10 0
vt -0.5 10.05 0
vt 0.5 10.05 0
vt -0.5 10.1 0
vt 0.5 10.1 0
vt -0.5 10.15 0
vt 0.5 10.15 0
vt -0.5 10.2 0
vt 0.5 10.2 0
vt -0.5 10.25 0
vt 0.5 10.25 0
vt -0.5 10.3 0
vt 0.5 10.3 0
vt -0.5 10.35 0
vt 0.5 10.35 0
vt -0.5 10.4 0
vt 0.5 10.4 0
vt -0.5 10.45 0
vt 0.5 10.45 0
vt -0.5 10.5 0
vt 0.5 10.5 0
vt -0.5 10.55 0
vt 0.5 10.55 0
vt -0.5 10.6 0
vt 0.5 10.6 0
vt -0.5 10.65 0
vt 0.5 10.65 0
vt -0.5 10.7 0
vt 0.5 10.7 0
vt -0.5 10.75 0
vt 0.5 10.75 0
vt -0.5 10.8 0
vt 0.5 10.8 0
vt -0.5 10.85 0
vt 0.5 10.85 0
vt -0.5 10.9 0
vt 0.5 10.9 0
vt -0.5 10.95 0
vt 0.5 10.95 0
vt -0.5 11 0
vt 0.5 11 0
vt -0.5 11.05 0
vt 0.5 11.05 0
vt -0.5 11.1 0
vt 0.5 11.1 0
vt -0.5 11.15 0
vt 0.5 11.15 0
vt -0.5 11.2 0
vt 0.5 11.2 0
vt -0.5 11.25 0
vt 0.5 11.25 0
vt -0.5 11.3 0
vt 0.5 11.3 0
vt -0.5 11.35 0
vt 0.5 11.35 0
vt -0.5 11.4 0
vt 0.5 11.4 0
vt -0.5 11.45 0
vt 0.5 11.45 0
vt -0.5 11.5 0
vt 0.5 11.5 0
vt -0.5 11.55 0
vt 0.5 11.55 0
vt -0.5 11.6 0
vt 0.5 11.6 0
vt -0.5 11.65 0
vt 0.5 11.65 0
vt -0.5 11.7 0
vt 0.5 11.7 0
vt -0.5 11.75 0
vt 0.5 11.75 0
vt -0.5 11.8 0
vt 0.5 11.8 0
vt -0.5 11.85 0
vt 0.5 11.85 0
vt -0.5 11.9 0
vt 0.5 11.9 0
vt -0.5 11.95 0
vt 0.5 11.95 0
vt -0.5 12 0
vt 0.5 12 0
vt -0.5 12.05 0
vt 0.5 12.05 0
vt -0.5 12.1 0
vt 0.5 12.1 0
vt -0.5 12.15 0
vt 0.5 12.15 0
vt -0.5 12.2 0
vt 0.5 12.2 0
vt -0.5 12.25 0
vt 0.5 12.25 0
vt -0.5 12.3 0
vt 0.5 12.3 0
vt -0.5 12.35 0
vt 0.5 12.35 0
vt -0.5 12.4 0
vt 0.5 12.4 0
vt -0.5 12.45 0
vt 0.5 12.45 0
vt -0.5 12.5 0
vt 0.5 12.5 0
vt -0.5 12.55 0
vt 0.5 12.55 0
vt -0.5 12.6 0
vt 0.5 12.6 0
vt -0.5 12.65 0
vt 0.5 12.65 0
vt -0.5 12.7 0
vt 0.5 12.7 0
vt -0.5 12.75 0
vt 0.5 12.75 0
vt -0.5 12.8 0
vt 0.5 12.8 0
vt -0.5 12.85 0
vt 0.5 12.85 0
vt -0.5 12.9 0
vt 0.5 12.9 0
vt -0.5 12.95 0
vt 0.5 12.95 0
vt -0.5 13 0
vt 0.5 13 0
vt -0.5 13.05 0
vt 0.5 13.05 0
vt -0.5 13.1 0
vt 0.5 13.1 0
vt -0.5 13.15 0
vt 0.5 13.15 0
vt -0.5 13.2 0
vt 0.5 13.2 0
vt -0.5 13.25 0
vt 0.5 13.25 0
vt -0.5 13.3 0
vt 0.5 13.3 0
vt -0.5 13.35 0
vt 0.5 13.35 0
vt -0.5 13.4 0
vt 0.5 13.4 0
vt -0.5 13.45 0
vt 0.5 13.45 0
vt -0.5 13.5 0
vt 0.5 13.5 0
vt -0.5 13.55 0
vt 0.5 13.55 0
vt -0.5 13.6 0
vt 0.5 13.6 0
vt -0.5 13.65 0
vt 0.5 13.65 0
vt -0.5 13.7 0
vt 0.5 13.7 0
vt -0.5 13.75 0
vt 0.5 13.75 0
vt -0.5 13.8 0
vt 0.5 13.8 0
vt -0.5 13.85 0
vt 0.5 13.85 0
vt -0.5 13.9 0
vt 0.5 13.9 0
vt -0.5 13.95 0
vt 0.5 13.95 0
vt -0.5 14 0
vt 0.5 14 0
vt -0.5 14.05 0
vt 0.5 14.05 0
vt -0.5 14.1 0
vt 0.5 14.1 0
vt -0.5 14.15 0
vt 0.5 14.15 0
vt -0.5 14.2 0
vt 0.5 14.2 0
vt -0.5 14.25 0
vt 0.5 14.25 0
vt -0.5 14.3 0
vt 0.5 14.3 0
vt -0.5 14.35 0
vt 0.5 14.35 0
vt -0.5 14.4 0
vt 0.5 14.4 0
vt -0.5 14.45 0
vt 0.5 14.45 0
vt -0.5 14.5 0
vt 0.5 14.5 0
vt -0.5 14.55 0
vt 0.5 14.55 0
vt -0.5 14.6 0
vt 0.5 14.6 0
vt -0.5 14.65 0
vt 0.5 14.65 0
vt -0.5 14.7 0
vt 0.5 14.7 0
vt -0.5 14.75 0
vt 0.5 14.75 0
vt -0.5 14.8 0
vt 0.5 14.8 0
vt -0.5 14.85 0
vt 0.5 14.85 0
vt -0.5 14.9 0
vt 0.5 14.9 0
vt -0.5 14.95 0
vt 0.5 14.95 0
vt -0.5 15 0
vt 0.5 15 0
vt -0.5 15.05 0
vt 0.5 15.05 0
vt -0.5 15.1 0
vt 0.5 15.1 0
vt -0.5 15.15 0
vt 0.5 15.15 0
vt -0.5 15.2 0
vt 0.5 15.2 0
vt -0.5 15.25 0
vt 0.5 15.25 0
vt -0.5 15.3 0
vt 0.5 15.3 0
vt -0.5 15.35 0
vt 0.5 15.35 0
vt -0.5 15.4 0
vt 0.5 15.4 0
vt -0.5 15.45 0
vt 0.5 15.45 0
vt -0.5 15.5 0
vt 0.5 15.5 0
vt -0.5 15.55 0
vt 0.5 15.55 0
vt -0.5 15.6 0
vt 0.5 15.6 0
vt -0.5 15.65 0
vt 0.5 15.65 0
vt -0.5 15.7 0
vt 0.5 15.7 0
vt -0.5 15.75 0
vt 0.5 15.75 0
vt -0.5 15.8 0
vt 0.5 15.8 0
vt -0.5 15.85 0
vt 0.5 15.85 0
vt -0.5 15.9 0
vt 0.5 15.9 0
vt -0.5 15.95 0
vt 0.5 15.95 0
vt -0.5 16 0
vt 0.5 16 0
vt -0.5 16.05 0
vt 0.5 16.05 0
vt -0.5 16.1 0
vt 0.5 16.1 0
vt -0.5 16.15 0
vt 0.5 16.15 0
vt -0.5 16.2 0
vt 0.5 16.2 0
vt -0.5 16.25 0
vt 0.5 16.25 0
vt -0.5 16.3 0
vt 0.5 16.3 0
vt -0.5 16.35 0
vt 0.5 16.35 0
vt -0.5 16.4 0
vt 0.5 16.4 0
vt -0.5 16.45 0
vt 0.5 16.45 0
vt -0.5 16.5 0
vt 0.5 16.5 0
vt -0.5 16.55 0
vt 0.5 16.55 0
vt -0.5 16.6 0
vt 0.5 16.6 0
vt -0.5 16.65 0
vt 0.5 16.65 0
vt -0.5 16.7 0
vt 0.5 16.7 0
vt -0.5 16.75 0
vt 0.5 16.75 0
vt -0.5 16.8 0
vt 0.5 16.8 0
vt -0.5 16.85 0
vt 0.5 16.85 0
vt -0.5 16.9 0
vt 0.5 16.9 0
vt -0.5 16.95 0
vt 0.5 16.95 0
vt -0.5 17 0
vt 0.5 17 0
vt -0.5 17.05 0
vt 0.5 17.05 0
vt -0.5 17.1 0
vt 0.5 17.1 0
vt -0.5 17.15 0
vt 0.5 17.15 0
vt -0.5 17.2 0
vt 0.5 17.2 0
vt -0.5 17.25 0
vt 0.5 17.25 0
vt -0.5 17.3 0
vt 0.5 17.3 0
vt -0.5 17.35 0
vt 0.5 17.35 0
vt -0.5 17.4 0
vt 0.5 17.4 0
vt -0.5 17.45 0
vt 0.5 17.45 0
vt -0.5 17.5 0
vt 0.5 17.5 0
vt -0.5 17.55 0
vt 0.5 17.55 0
vt -0.5 17.6 0
vt 0.5 17.6 0
vt -0.5 17.65 0
vt 0.5 17.65 0
vt -0.5 17.7 0
vt 0.5 17.7 0
vt -0.5 17.75 0
vt 0.5 17.75 0
vt -0.5 17.8 0
vt 0.5 17.8 0
vt -0.5 17.85 0
vt 0.5 17.85 0
vt -0.5 17.9 0
vt 0.5 17.9 0
vt -0.5 17.95 0
vt 0.5 17.95 0
vt -0.5 18 0
vt 0.5 18 0
vt -0.5 18.05 0
vt 0.5 18.05 0
vt -0.5 18.1 0
vt 0.5 18.1 0
vt -0.5 18.15 0
vt 0.5 18.15 0
vt -0.5 18.2 0
vt 0.5 18.2 0
vt -0.5 18.25 0
vt 0.5 18.25 0
vt -0.5 18.3 0
vt 0.5 18.3 0
vt -0.5 18.35 0
vt 0.5 18.35 0
vt -0.5 18.4 0
vt 0.5 18.4 0
vt -0.5 18.45 0
vt 0.5 18.45 0
vt -0.5 18.5 0
vt 0.5 18.5 0
vt -0.5 18.55 0
vt 0.5 18.55 0
vt -0.5 18.6 0
vt 0.5 18.6 0
vt -0.5 18.65 0
vt 0.5 18.65 0
vt -0.5 18.7 0
vt 0.5 18.7 0
vt -0.5 18.75 0
vt 0.5 18.75 0
vt -0.5 18.8 0
vt 0.5 18.8 0
vt -0.5 18.85 0
vt 0.5 18.85 0
vt -0.5 18.9 0
vt 0.5 18.9 0
vt -0.5 18.95 0
vt 0.5 18.95 0
vt -0.5 19 0
vt 0.5 19 0
vt -0.5 19.05 0
vt 0.5 19.05 0
vt -0.5 19.1 0
vt 0.5 19.1 0
vt -0.5 19.15 0
vt 0.5 19.15 0
vt -0.5 19.2 0
vt 0.5 19.2 0
vt -0.5 19.25 0
vt 0.5 19.25 0
vt -0.5 19.3 0
vt 0.5 19.3 0
vt -0.5 19.35 0
vt 0.5 19.35 0
vt -0.5 19.4 0
vt 0.5 19.4 0
vt -0.5 19.45 0
vt 0.5 19.45 0
vt -0.5 19.5 0
vt 0.5 19.5 0
vt -0.5 19.55 0
vt 0.5 19.55 0
vt -0.5 19.6 0
vt 0.5 19.6 0
vt -0.5 19.65 0
vt 0.5 19.65 0
vt -0.5 19.7 0
vt 0.5 19.7 0
vt -0.5 19.75 0
vt 0.5 19.75 0
vt -0.5 19.8 0
vt 0.5 19.8 0
vt -0.5 19.85 0
vt 0.5 19.85 0
vt -0.5 19.9 0
vt 0.5 19.9 0
vt -0.5 19.95 0
vt 0.5 19.95 0
vt -0.5 20 0
vt 0.5 20 0
vt -0.5 20.05 0
vt 0.5 20.05 0
vt -0.5 20.1 0
vt 0.5 20.1 0
vt -0.5 20.15 0
vt 0.5 20.15 0
vt -0.5 20.2 0
vt 0.5 20.2 0
vt -0.5 20.25 0
vt 0.5 20.25 0
vt -0.5 20.3 0
vt 0.5 20.3 0
vt -0.5 20.35 0
vt 0.5 20.35 0
vt -0.5 20.4 0
vt 0.5 20.4 0
vt -0.5 20.45 0
vt 0.5 20.45 0
vt -0.5 20.5 0
vt 0.5 20.5 0
vt -0.5 20.55 0
vt 0.5 20.55 0
vt -0.5 20.6 0
vt 0.5 20.6 0
vt -0.5 20.65 0
vt 0.5 20.65 0
vt -0.5 20.7 0
vt 0.5 20.7 0
vt -0.5 20.75 0
vt 0.5 20.75 0
vt -0.5 20.8 0
vt 0.5 20.8 0
vt -0.5 20.85 0
vt 0.5 20.85 0
vt -0.5 20.9 0
vt 0.5 20.9 0
vt -0.5 20.95 0
vt 0.5 20.95 0
vt -0.5 21 0
vt 0.5 21 0
vt -0.5 21.05 0
vt 0.5 21.05 0
vt -0.5 21.1 0
vt 0.5 21.1 0
vt -0.5 21.15 0
vt 0.5 21.15 0
vt -0.5 21.2 0
vt 0.5 21.2 0
vt -0.5 21.25 0
vt 0.5 21.25 0
vt -0.5 21.3 0
vt 0.5 21.3 0
vt -0.5 21.35 0
vt 0.5 21.35 0
vt -0.5 21.4 0
vt 0.5 21.4 0
vt -0.5 21.45 0
vt 0.5 21.45 0
vt -0.5 21.5 0
vt 0.5 21.5 0
vt -0.5 21.55 0
vt 0.5 21.55 0
vt -0.5 21.6 0
vt 0.5 21.6 0
vt -0.5 21.65 0
vt 0.5 21.65 0
vt -0.5 21.7 0
vt 0.5 21.7 0
vt -0.5 21.75 0
vt 0.5 21.75 0
vt -0.5 21.8 0
vt 0.5 21.8 0
vt -0.5 21.85 0
vt 0.5 21.85 0
vt -0.5 21.9 0
vt 0.5 21.9 0
vt -0.5 21.95 0
vt 0.5 21.95 0
vt -0.5 22 0
vt 0.5 22 0
vt -0.5 22.05 0
vt 0.5 22.05 0
vt -0.5 22.1 0
vt 0.5 22.1 0
vt -0.5 22.15 0
vt 0.5 22.15 0
vt -0.5 22.2 0
vt 0.5 22.2 0
vt -0.5 22.25 0
vt 0.5 22.25 0
vt -0.5 22.3 0
vt 0.5 22.3 0
vt -0.5 22.35 0
vt 0.5 22.35 0
vt -0.5 22.4 0
vt 0.5 22.4 0
vt -0.5 22.45 0
vt 0.5 22.45 0
vt -0.5 22.5 0
vt 0.5 22.5 0
vt -0.5 22.55 0
vt 0.5 22.55 0
vt -0.5 22.6 0
vt 0.5 22.6 0
vt -0.5 22.65 0
vt 0.5 22.65 0
vt -0.5 22.7 0
vt 0.5 22.7 0
vt -0.5 22.75 0
vt 0.5 22.75 0
vt -0.5 22.8 0
vt 0.5 22.8 0
vt -0.5 22.85 0
vt 0.5 22.85 0
vt -0.5 22.9 0
vt 0.5 22.9 0
vt -0.5 22.95 0
vt 0.5 22.95 0
vt -0.5 23 0
vt 0.5 23 0
vt -0.5 23.05 0
vt 0.5 23.05 0
vt -0.5 23.1 0
vt 0.5 23.1 0
vt -0.5 23.15 0
vt 0.5 23.15 0
vt -0.5 23.2 0
vt 0.5 23.2 0
vt -0.5 23.25 0
vt 0.5 23.25 0
vt -0.5 23.3 0
vt 0.5 23.3 0
vt -0.5 23.35 0
vt 0.5 23.35 0
vt -0.5 23.4 0
vt 0.5 23.4 0
vt -0.5 23.45 0
vt 0.5 23.45 0
vt -0.5 23.5 0
vt 0.5 23.5 0
vt -0.5 23.55 0
vt 0.5 23.55 0
vt -0.5 23.6 0
vt 0.5 23.6 0
vt -0.5 23.65 0
vt 0.5 23.65 0
vt -0.5 23.7 0
vt 0.5 23.7 0
vt -0.5 23.75 0
vt 0.5 23.75 0
vt -0.5 23.8 0
vt 0.5 23.8 0
vt -0.5 23.85 0
vt 0.5 23.85 0
vt -0.5 23.9 0
vt 0.5 23.9 0
vt -0.5 23.95 0
vt 0.5 23.95 0
vt -0.5 24 0
vt 0.5 24 0
vt -0.5 24.05 0
vt 0.5 24.05 0
vt -0.5 24.1 0
vt 0.5 24.1 0
vt -0.5 24.15 0
vt 0.5 24.15 0
vt -0.5 24.2 0
vt 0.5 24.2 0
vt -0.5 24.25 0
vt 0.5 24.25 0
vt -0.5 24.3 0
vt 0.5 24.3 0
vt -0.5 24.35 0
vt 0.5 24.35 0
vt -0.5 24.4 0
vt 0.5 24.4 0
vt -0.5 24.45 0
vt 0.5 24.45 0
vt -0.5 24.5 0
vt 0.5 24.5 0
vt -0.5 24.55 0
vt 0.5 24.55 0
vt -0.5 24.6 0
vt 0.5 24.6 0
vt -0.5 24.65 0
vt 0.5 24.65 0
vt -0.5 24.7 0
vt 0.5 24.7 0
vt -0.5 24.75 0
vt 0.5 24.75 0
vt -0.5 24.8 0
vt 0.5 24.8 0
vt -0.5 24.85 0
vt 0.5 24.85 0
vt -0.5 24.9 0
vt 0.5 24.9 0
vt -0.5 24.95 0
vt 0.5 24.95 0
vt -0.5 25 0
vt 0.5 25 0
vt -0.5 25.05 0
vt 0.5 25.05 0
vt -0.5 25.1 0
vt 0.5 25.1 0
vt -0.5 25.15 0
vt 0.5 25.15 0
vt -0.5 25.2 0
vt 0.5 25.2 0
vt -0.5 25.25 0
vt 0.5 25.25 0
vt -0.5 25.3 0
vt 0.5 25.3 0
vt -0.5 25.35 0
vt 0.5 25.35 0
vt -0.5 25.4 0
vt 0.5 25.4 0
vt -0.5 25.45 0
vt 0.5 25.45 0
vt -0.5 25.5 0
vt 0.5 25.5 0
vt -0.5 25.55 0
vt 0.5 25.55 0
vt -0.5 25.6 0
vt 0.5 25.6 0
vt -0.5 25.65 0
vt 0.5 25.65 0
vt -0.5 25.7 0
vt 0.5 25.7 0
vt -0.5 25.75 0
vt 0.5 25.75 0
vt -0.5 25.8 0
vt 0.5 25.8 0
vt -0.5 25.85 0
vt 0.5 25.85 0
vt -0.5 25.9 0
vt 0.5 25.9 0
vt -0.5 25.95 0
vt 0.5 25.95 0
vt -0.5 26 0
vt 0.5 26 0
vt -0.5 26.05 0
vt 0.5 26.05 0
vt -0.5 26.1 0
vt 0.5 26.1 0
vt -0.5 26.15 0
vt 0.5 26.15 0
vt -0.5 26.2 0
vt 0.5 26.2 0
vt -0.5 26.25 0
vt 0.5 26.25 0
vt -0.5 26.3 0
vt 0.5 26.3 0
vt -0.5 26.35 0
vt 0.5 26.35 0
vt -0.5 26.4 0
vt 0.5 26.4 0
vt -0.5 26.45 0
vt 0.5 26.45 0
vt -0.5 26.5 0
vt 0.5 26.5 0
vt -0.5 26.55 0
vt 0.5 26.55 0
vt -0.5 26.6 0
vt 0.5 26.6 0
vt -0.5 26.65 0
vt 0.5 26.65 0
vt -0.5 26.7 0
vt 0.5 26.7 0
vt -0.5 26.75 0
vt 0.5 26.75 0
vt -0.5 26.8 0
vt 0.5 26.8 0
vt -0.5 26.85 0
vt 0.5 26.85 0
vt -0.5 26.9 0
vt 0.5 26.9 0
vt -0.5 26.95 0
vt 0.5 26.95 0
vt -0.5 27 0
vt 0.5 27 0
vt -0.5 27.05 0
vt 0.5 27.05 0
vt -0.5 27.1 0
vt 0.5 27.1 0
vt -0.5 27.15 0
vt 0.5 27.15 0
vt -0.5 27.2 0
vt 0.5 27.2 0
vt -0.5 27.25 0
vt 0.5 27.25 0
vt -0.5 27.3 0
vt 0.5 27.3 0
vt -0.5 27.35 0
vt 0.5 27.35 0
vt -0.5 27.4 0
vt 0.5 27.4 0
vt -0.5 27.45 0
vt 0.5 27.45 0
vt -0.5 27.5 0
vt 0.5 27.5 0
vt -0.5 27.55 0
vt 0.5 27.55 0
vt -0.5 27.6 0
vt 0.5 27.6 0
vt -0.5 27.65 0
vt 0.5 27.65 0
vt -0.5 27.7 0
vt 0.5 27.7 0
vt -0.5 27.75 0
vt 0.5 27.75 0
vt -0.5 27.8 0
vt 0.5 27.8 0
vt -0.5 27.85 0
vt 0.5 27.85 0
vt -0.5 27.9 0
vt 0.5 27.9 0
vt -0.5 27.95 0
vt 0.5 27.95 0
vt -0.5 28 0
vt 0.5 28 0
vt -0.5 28.05 0
vt 0.5 28.05 0
vt -0.5 28.1 0
vt 0.5 28.1 0
vt -0.5 28.15 0
vt 0.5 28.15 0
vt -0.5 28.2 0
vt 0.5 28.2 0
vt -0.5 28.25 0
vt 0.5 28.25 0
vt -0.5 28.3 0
vt 0.5 28.3 0
vt -0.5 28.35 0
vt 0.5 28.35 0
vt -0.5 28.4 0
vt 0.5 28.4 0
vt -0.5 28.45 0
vt 0.5 28.45 0
vt -0.5 28.5 0
vt 0.5 28.5 0
vt -0.5 28.55 0
vt 0.5 28.55 0
vt -0.5 28.6 0
vt 0.5 28.6 0
vt -0.5 28.65 0
vt 0.5 28.65 0
vt -0.5 28.7 0
vt 0.5 28.7 0
vt -0.5 28.75 0
vt 0.5 28.75 0
vt -0.5 28.8 0
vt 0.5 28.8 0
vt -0.5 28.85 0
vt 0.5 28.85 0
vt -0.5 28.9 0
vt 0.5 28.9 0
vt -0.5 28.95 0
vt 0.5 28.95 0
vt -0.5 29 0
vt 0.5 29 0
vt -0.5 29.05 0
vt 0.5 29.05 0
vt -0.5 29.1 0
vt 0.5 29.1 0
vt -0.5 29.15 0
vt 0.5 29.15 0
vt -0.5 29.2 0
vt 0.5 29.2 0
vt -0.5 29.25 0
vt 0.5 29.25 0
vt -0.5 29.3 0
vt 0.5 29.3 0
vt -0.5 29.35 0
vt 0.5 29.35 0
vt -0.5 29.4 0
vt 0.5 29.4 0
vt -0.5 29.45 0
vt 0.5 29.45 0
vt -0.5 29.5 0
vt 0.5 29.5 0
vt -0.5 29.55 0
vt 0.5 29.55 0
vt -0.5 29.6 0
vt 0.5 29.6 0
vt -0.5 29.65 0
vt 0.5 29.65 0
vt -0.5 29.7 0
vt 0.5 29.7 0
vt -0.5 29.75 0
vt 0.5 29.75 0
vt -0.5 29.8 0
vt 0.5 29.8 0
vt -0.5 29.85 0
vt 0.5 29.85 0
vt -0.5 29.9 0
vt 0.5 29.9 0
vt -0.5 29.95 0
vt 0.5 29.95 0
vt -0.5 30 0
vt 0.5 30 0
vt -0.5 30.05 0
vt 0.5 30.05 0
vt -0.5 30.1 0
vt 0.5 30.1 0
vt -0.5 30.15 0
vt 0.5 30.15 0
vt -0.5 30.2 0
vt 0.5 30.2 0
vt -0.5 30.25 0
vt 0.5 30.25 0
vt -0.5 30.3 0
vt 0.5 30.3 0
vt -0.5 30.35 0
vt 0.5 30.35 0
vt -0.5 30.4 0
vt 0.5 30.4 0
vt -0.5 30.45 0
vt 0.5 30.45 0
vt -0.5 30.5 0
vt 0.5 30.5 0
vt -0.5 30.55 0
vt 0.5 30.55 0
vt -0.5 30.6 0
vt 0.5 30.6 0
vt -0.5 30.65 0
vt 0.5 30.65 0
vt -0.5 30.7 0
vt 0.5 30.7 0
vt -0.5 30.75 0
vt 0.5 30.75 0
vt -0.5 30.8 0
vt 0.5 30.8 0
vt -0.5 30.85 0
vt 0.5 30.85 0
vt -0.5 30.9 0
vt 0.5 30.9 0
vt -0.5 30.95 0
vt 0.5 30.95 0
vt -0.5 31 0
vt 0.5 31 0
vt -0.5 31.05 0
vt 0.5 31.05 0
vt -0.5 31.1 0
vt 0.5 31.1 0
vt -0.5 31.15 0
vt 0.5 31.15 0
vt -0.5 31.2 0
vt 0.5 31.2 0
vt -0.5 31.25 0
vt 0.5 31.25 0
vt -0.5 31.3 0
vt 0.5 31.3 0
vt -0.5 31.35 0
vt 0.5 31.35 0
vt -0.5 31.4 0
vt 0.5 31.4 0
vt -0.5 31.45 0
vt 0.5 31.45 0
vt -0.5 31.5 0
vt 0.5 31.5 0
vt -0.5 31.55 0
vt 0.5 31.55 0
vt -0.5 31.6 0
vt 0.5 31.6 0
vt -0.5 31.65 0
vt 0.5 31.65 0
vt -0.5 31.7 0
vt 0.5 31.7 0
vt -0.5 31.75 0
vt 0.5 31.75 0
vt -0.5 31.8 0
vt 0.5 31.8 0
vt -0.5 31.85 0
vt 0.5 31.85 0
vt -0.5 31.9 0
vt 0.5 31.9 0
vt -0.5 31.95 0
vt 0.5 31.95 0
vt -0.5 32 0
vt 0.5 32 0
vt -0.5 32.05 0
vt 0.5 32.05 0
vt -0.5 32.1 0
vt 0.5 32.1 0
vt -0.5 32.15 0
vt 0.5 32.15 0
vt -0.5 32.2 0
vt 0.5 32.2 0
vt -0.5 32.25 0
vt 0.5 32.25 0
vt -0.5 32.3 0
vt 0.5 32.3 0
vt -0.5 32.35 0
vt 0.5 32.35 0
vt -0.5 32.4 0
vt 0.5 32.4 0
vt -0.5 32.45 0
vt 0.5 32.45 0
vt -0.5 32.5 0
vt 0.5 32.5 0
vt -0.5 32.55 0
vt 0.5 32.55 0
vt -0.5 32.6 0
vt 0.5 32.6 0
vt -0.5 32.65 0
vt 0.5 32.65 0
vt -0.5 32.7 0
vt 0.5 32.7 0
vt -0.5 32.75 0
vt 0.5 32.75 0
vt -0.5 32.8 0
vt 0.5 32.8 0
vt -0.5 32.85 0
vt 0.5 32.85 0
vt -0.5 32.9 0
vt 0.5 32.9 0
vt -0.5 32.95 0
vt 0.5 32.95 0
vt -0.5 33 0
vt 0.5 33 0
vt -0.5 33.05 0
vt 0.5 33.05 0
vt -0.5 33.1 0
vt 0.5 33.1 0
vt -0.5 33.15 0
vt 0.5 33.15 0
vt -0.5 33.2 0
vt 0.5 33.2 0
vt -0.5 33.25 0
vt 0.5 33.25 0
vt -0.5 33.3 0
vt 0.5 33.3 0
vt -0.5 33.35 0
vt 0.5 33.35 0
vt -0.5 33.4 0
vt 0.5 33.4 0
vt -0.5 33.45 0
vt 0.5 33.45 0
vt -0.5 33.5 0
vt 0.5 33.5 0
vt -0.5 33.55 0
vt 0.5 33.55 0
vt -0.5 33.6 0
vt 0.5 33.6 0
vt -0.5 33.65 0
vt 0.5 33.65 0
vt -0.5 33.7 0
vt 0.5 33.7 0
vt -0.5 33.75 0
vt 0.5 33.75 0
vt -0.5 33.8 0
vt 0.5 33.8 0
vt -0.5 33.85 0
vt 0.5 33.85 0
vt -0.5 33.9 0
vt 0.5 33.9 0
vt -0.5 33.95 0
vt 0.5 33.95 0
vt -0.5 34 0
vt 0.5 34 0
vt -0.5 34.05 0
vt 0.5 34.05 0
vt -0.5 34.1 0
vt 0.5 34.1 0
vt -0.5 34.15 0
vt 0.5 34.15 0
vt -0.5 34.2 0
vt 0.5 34.2 0
vt -0.5 34.25 0
vt 0.5 34.25 0
vt -0.5 34.3 0
vt 0.5 34.3 0
vt -0.5 34.35 0
vt 0.5 34.35 0
vt -0.5 34.4 0
vt 0.5 34.4 0
vt -0.5 34.45 0
vt 0.5 34.45 0
vt -0.5 34.5 0
vt 0.5 34.5 0
vt -0.5 34.55 0
vt 0.5 34.55 0
vt -0.5 34.6 0
vt 0.5 34.6 0
vt -0.5 34.65 0
vt 0.5 34.65 0
vt -0.5 34.7 0
vt 0.5 34.7 0
vt -0.5 34.75 0
vt 0.5 34.75 0
vt -0.5 34.8 0
vt 0.5 34.8 0
vt -0.5 34.85 0
vt 0.5 34.85 0
vt -0.5 34.9 0
vt 0.5 34.9 0
vt -0.5 34.95 0
vt 0.5 34.95 0
vt -0.5 35 0
vt 0.5 35 0
vt -0.5 35.05 0
vt 0.5 35.05 0
vt -0.5 35.1 0
vt 0.5 35.1 0
vt -0.5 35.15 0
vt 0.5 35.15 0
vt -0.5 35.2 0
vt 0.5 35.2 0
vt -0.5 35.25 0
vt 0.5 35.25 0
vt -0.5 35.3 0
vt 0.5 35.3 0
vt -0.5 35.35 0
vt 0.5 35.35 0
vt -0.5 35.4 0
vt 0.5 35.4 0
vt -0.5 35.45 0
vt 0.5 35.45 0
vt -0.5 35.5 0
vt 0.5 35.5 0
vt -0.5 35.55 0
vt 0.5 35.55 0
vt -0.5 35.6 0
vt 0.5 35.6 0
vt -0.5 35.65 0
vt 0.5 35.65 0
vt -0.5 35.7 0
vt 0.5 35.7 0
vt -0.5 35.75 0
vt 0.5 35.75 0
vt -0.5 35.8 0
vt 0.5 35.8 0
vt -0.5 35.85 0
vt 0.5 35.85 0
vt -0.5 35.9 0
vt 0.5 35.9 0
vt -0.5 35.95 0
vt 0.5 35.95 0
vt -0.5 36 0
vt 0.5 36 0
vt -0.5 36.05 0
vt 0.5 36.05 0
vt -0.5 36.1 0
vt 0.5 36.1 0
vt -0.5 36.15 0
vt 0.5 36.15 0
vt -0.5 36.2 0
vt 0.5 36.2 0
vt -0.5 36.25 0
vt 0.5 36.25 0
vt -0.5 36.3 0
vt 0.5 36.3 0
vt -0.5 36.35 0
vt 0.5 36.35 0
vt -0.5 36.4 0
vt 0.5 36.4 0
vt -0.5 36.45 0
vt 0.5 36.45 0
vt -0.5 36.5 0
vt 0.5 36.5 0
vt -0.5 36.55 0
vt 0.5 36.55 0
vt -0.5 36.6 0
vt 0.5 36.6 0
vt -0.5 36.65 0
vt 0.5 36.65 0
vt -0.5 36.7 0
vt 0.5 36.7 0
vt -0.5 36.75 0
vt 0.5 36.75 0
vt -0.5 36.8 0
vt 0.5 36.8 0
vt -0.5 36.85 0
vt 0.5 36.85 0
vt -0.5 36.9 0
vt 0.5 36.9 0
vt -0.5 36.95 0
vt 0.5 36.95 0
vt -0.5 37 0
vt 0.5 37 0
vt -0.5 37.05 0
vt 0.5 37.05 0
vt -0.5 37.1 0
vt 0.5 37.1 0
vt -0.5 37.15 0
vt 0.5 37.15 0
vt -0.5 37.2 0
vt 0.5 37.2 0
vt -0.5 37.25 0
vt 0.5 37.25 0
vt -0.5 37.3 0
vt 0.5 37.3 0
vt -0.5 37.35 0
vt 0.5 37.35 0
vt -0.5 37.4 0
vt 0.5 37.4 0
vt -0.5 37.45 0
vt 0.5 37.45 0
vt -0.5 37.5 0
vt 0.5 37.5 0
vt -0.5 37.55 0
vt 0.5 37.55 0
vt -0.5 37.6 0
vt 0.5 37.6 0
vt -0.5 37.65 0
vt 0.5 37.65 0
vt -0.5 37.7 0
vt 0.5 37.7 0
vt -0.5 37.75 0
vt 0.5 37.75 0
vt -0.5 37.8 0
vt 0.5 37.8 0
vt -0.5 37.85 0
vt 0.5 37.85 0
vt -0.5 37.9 0
vt 0.5 37.9 0
vt -0.5 37.95 0
vt 0.5 37.95 0
vt -0.5 38 0
vt 0.5 38 0
vt -0.5 38.05 0
vt 0.5 38.05 0
vt -0.5 38.1 0
vt 0.5 38.1 0
vt -0.5 38.15 0
vt 0.5 38.15 0
vt -0.5 38.2 0
vt 0.5 38.2 0
vt -0.5 38.25 0
vt 0.5 38.25 0
vt -0.5 38.3 0
vt 0.5 38.3 0
vt -0.5 38.35 0
vt 0.5 38.35 0
vt -0.5 38.4 0
vt 0.5 38.4 0
vt -0.5 38.45 0
vt 0.5 38.45 0
vt -0.5 38.5 0
vt 0.5 38.5 0
vt -0.5 38.55 0
vt 0.5 38.55 0
vt -0.5 38.6 0
vt 0.5 38.6 0
vt -0.5 38.65 0
vt 0.5 38.65 0
vt -0.5 38.7 0
vt 0.5 38.7 0
vt -0.5 38.75 0
vt 0.5 38.75 0
vt -0.5 38.8 0
vt 0.5 38.8 0
vt -0.5 38.85 0
vt 0.5 38.85 0
vt -0.5 38.9 0
vt 0.5 38.9 0
vt -0.5 38.95 0
vt 0.5 38.95 0
vt -0.5 39 0
vt 0.5 39 0
vt -0.5 39.05 0
vt 0.5 39.05 0
vt -0.5 39.1 0
vt 0.5 39.1 0
vt -0.5 39.15 0
vt 0.5 39.15 0
vt -0.5 39.2 0
vt 0.5 39.2 0
vt -0.5 39.25 0
vt 0.5 39.25 0
vt -0.5 39.3 0
vt 0.5 39.3 0
vt -0.5 39.35 0
vt 0.5 39.35 0
vt -0.5 39.4 0
vt 0.5 39.4 0
vt -0.5 39.45 0
vt 0.5 39.45 0
vt -0.5 39.5 0
vt 0.5 39.5 0
vt -0.5 39.55 0
vt 0.5 39.55 0
vt -0.5 39.6 0
vt 0.5 39.6 0
vt -0.5 39.65 0
vt 0.5 39.65 0
vt -0.5 39.7 0
vt 0.5 39.7 0
vt -0.5 39.75 0
vt 0.5 39.75 0
vt -0.5 39.8 0
vt 0.5 39.8 0
vt -0.5 39.85 0
vt 0.5 39.85 0
vt -0.5 39.9 0
vt 0.5 39.9 0
vt -0.5 39.95 0
vt 0.5 39.95 0
vt -0.5 40 0
vt 0.5 40 0
vt -0.5 40.05 0
vt 0.5 40.05 0
vt -0.5 40.1 0
vt 0.5 40.1 0
vt -0.5 40.15 0
vt 0.5 40.15 0
vt -0.5 40.2 0
vt 0.5 40.2 0
vt -0.5 40.25 0
vt 0.5 40.25 0
vt -0.5 40.3 0
vt 0.5 40.3 0
vt -0.5 40.35 0
vt 0.5 40.35 0
vt -0.5 40.4 0
vt 0.5 40.4 0
vt -0.5 40.45 0
vt 0.5 40.45 0
vt -0.5 40.5 0
vt 0.5 40.5 0
vt -0.5 40.55 0
vt 0.5 40.55 0
vt -0.5 40.6 0
vt 0.5 40.6 0
vt -0.5 40.65 0
vt 0.5 40.65 0
vt -0.5 40.7 0
vt 0.5 40.7 0
vt -0.5 40.75 0
vt 0.5 40.75 0
vt -0.5 40.8 0
vt 0.5 40.8 0
vt -0.5 40.85 0
vt 0.5 40.85 0
vt -0.5 40.9 0
vt 0.5 40.9 0
vt -0.5 40.95 0
vt 0.5 40.95 0
vt -0.5 41 0
vt 0.5 41 0
vt -0.5 41.05 0
vt 0.5 41.05 0
vt -0.5 41.1 0
vt 0.5 41.1 0
vt -0.5 41.15 0
vt 0.5 41.15 0
vt -0.5 41.2 0
vt 0.5 41.2 0
vt -0.5 41.25 0
vt 0.5 41.25 0
vt -0.5 41.3 0
vt 0.5 41.3 0
vt -0.5 41.35 0
vt 0.5 41.35 0
vt -0.5 41.4 0
vt 0.5 41.4 0
vt -0.5 41.45 0
vt 0.5 41.45 0
vt -0.5 41.5 0
vt 0.5 41.5 0
vt -0.5 41.55 0
vt 0.5 41.55 0
vt -0.5 41.6 0
vt 0.5 41.6 0
vt -0.5 41.65 0
vt 0.5 41.65 0
vt -0.5 41.7 0
vt 0.5 41.7 0
vt -0.5 41.75 0
vt 0.5 41.75 0
vt -0.5 41.8 0
vt 0.5 41.8 0
vt -0.5 41.85 0
vt 0.5 41.85 0
vt -0.5 41.9 0
vt 0.5 41.9 0
vt -0.5 41.95 0
vt 0.5 41.95 0
vt -0.5 42 0
vt 0.5 42 0
vt -0.5 42.05 0
vt 0.5 42.05 0
vt -0.5 42.1 0
vt 0.5 42.1 0
vt -0.5 42.15 0
vt 0.5 42.15 0
vt -0.5 42.2 0
vt 0.5 42.2 0
vt -0.5 42.25 0
vt 0.5 42.25 0
vt -0.5 42.3 0
vt 0.5 42.3 0
vt -0.5 42.35 0
vt 0.5 42.35 0
vt -0.5 42.4 0
vt 0.5 42.4 0
vt -0.5 42.45 0
vt 0.5 42.45 0
vt -0.5 42.5 0
vt 0.5 42.5 0
vt -0.5 42.55 0
vt 0.5 42.55 0
vt -0.5 42.6 0
vt 0.5 42.6 0
vt -0.5 42.65 0
vt 0.5 42.65 0
vt -0.5 42.7 0
vt 0.5 42.7 0
vt -0.5 42.75 0
vt 0.5 42.75 0
vt -0.5 42.8 0
vt 0.5 42.8 0
vt -0.5 42.85 0
vt 0.5 42.85 0
vt -0.5 42.9 0
vt 0.5 42.9 0
vt -0.5 42.95 0
vt 0.5 42.95 0
vt -0.5 43 0
vt 0.5 43 0
vt -0.5 43.05 0
vt 0.5 43.05 0
vt -0.5 43.1 0
vt 0.5 43.1 0
vt -0.5 43.15 0
vt 0.5 43.15 0
vt -0.5 43.2 0
vt 0.5 43.2 0
vt -0.5 43.25 0
vt 0.5 43.25 0
vt -0.5 43.3 0
vt 0.5 43.3 0
vt -0.5 43.35 0
vt 0.5 43.35 0
vt -0.5 43.4 0
vt 0.5 43.4 0
vt -0.5 43.45 0
vt 0.5 43.45 0
vt -0.5 43.5 0
vt 0.5 43.5 0
vt -0.5 43.55 0
vt 0.5 43.55 0
vt -0.5 43.6 0
vt 0.5 43.6 0
vt -0.5 43.65 0
vt 0.5 43.65 0
vt -0.5 43.7 0
vt 0.5 43.7 0
vt -0.5 43.75 0
vt 0.5 43.75 0
vt -0.5 43.8 0
vt 0.5 43.8 0
vt -0.5 43.85 0
vt 0.5 43.85 0
vt -0.5 43.9 0
vt 0.5 43.9 0
vt -0.5 43.95 0
vt 0.5 43.95 0
vt -0.5 44 0
vt 0.5 44 0
vt -0.5 44.05 0
vt 0.5 44.05 0
vt -0.5 44.1 0
vt 0.5 44.1 0
vt -0.5 44.15 0
vt 0.5 44.15 0
vt -0.5 44.2 0
vt 0.5 44.2 0
vt -0.5 44.25 0
vt 0.5 44.25 0
vt -0.5 44.3 0
vt 0.5 44.3 0
vt -0.5 44.35 0
vt 0.5 44.35 0
vt -0.5 44.4 0
vt 0.5 44.4 0
vt -0.5 44.45 0
vt 0.5 44.45 0
vt -0.5 44.5 0
vt 0.5 44.5 0
vt -0.5 44.55 0
vt 0.5 44.55 0
vt -0.5 44.6 0
vt 0.5 44.6 0
vt -0.5 44.65 0
vt 0.5 44.65 0
vt -0.5 44.7 0
vt 0.5 44.7 0
vt -0.5 44.75 0
vt 0.5 44.75 0
vt -0.5 44.8 0
vt 0.5 44.8 0
vt -0.5 44.85 0
vt 0.5 44.85 0
vt -0.5 44.9 0
vt 0.5 44.9 0
vt -0.5 44.95 0
vt 0.5 44.95 0
vt -0.5 45 0
vt 0.5 45 0
vt -0.5 45.05 0
vt 0.5 45.05 0
vt -0.5 45.1 0
vt 0.5 45.1 0
vt -0.5 45.15 0
vt 0.5 45.15 0
vt -0.5 45.2 0
vt 0.5 45.2 0
vt -0.5 45.25 0
vt 0.5 45.25 0
vt -0.5 45.3 0
vt 0.5 45.3 0
vt -0.5 45.35 0
vt 0.5 45.35 0
vt -0.5 45.4 0
vt 0.5 45.4 0
vt -0.5 45.45 0
vt 0.5 45.45 0
vt -0.5 45.5 0
vt 0.5 45.5 0
vt -0.5 45.55 0
vt 0.5 45.55 0
vt -0.5 45.6 0
vt 0.5 45.6 0
vt -0.5 45.65 0
vt 0.5 45.65 0
vt -0.5 45.7 0
vt 0.5 45.7 0
vt -0.5 45.75 0
vt 0.5 45.75 0
vt -0.5 45.8 0
vt 0.5 45.8 0
vt -0.5 45.85 0
vt 0.5 45.85 0
vt -0.5 45.9 0
vt 0.5 45.9 0
vt -0.5 45.95 0
vt 0.5 45.95 0
vt -0.5 46 0
vt 0.5 46 0
vt -0.5 46.05 0
vt 0.5 46.05 0
vt -0.5 46.1 0
vt 0.5 46.1 0
vt -0.5 46.15 0
vt 0.5 46.15 0
vt -0.5 46.2 0
vt 0.5 46.2 0
vt -0.5 46.25 0
vt 0.5 46.25 0
vt -0.5 46.3 0
vt 0.5 46.3 0
vt -0.5 46.35 0
vt 0.5 46.35 0
vt -0.5 46.4 0
vt 0.5 46.4 0
vt -0.5 46.45 0
vt 0.5 46.45 0
vt -0.5 46.5 0
vt 0.5 46.5 0
vt -0.5 46.55 0
vt 0.5 46.55 0
vt -0.5 46.6 0
vt 0.5 46.6 0
vt -0.5 46.65 0
vt 0.5 46.65 0
vt -0.5 46.7 0
vt 0.5 46.7 0
vt -0.5 46.75 0
vt 0.5 46.75 0
vt -0.5 46.8 0
vt 0.5 46.8 0
vt -0.5 46.85 0
vt 0.5 46.85 0
vt -0.5 46.9 0
vt 0.5 46.9 0
vt -0.5 46.95 0
vt 0.5 46.95 0
vt -0.5 47 0
vt 0.5 47 0
vt -0.5 47.05 0
vt 0.5 47.05 0
vt -0.5 47.1 0
vt 0.5 47.1 0
vt -0.5 47.15 0
vt 0.5 47.15 0
vt -0.5 47.2 0
vt 0.5 47.2 0
vt -0.5 47.25 0
vt 0.5 47.25 0
vt -0.5 47.3 0
vt 0.5 47.3 0
vt -0.5 47.35 0
vt 0.5 47.35 0
vt -0.5 47.4 0
vt 0.5 47.4 0
vt -0.5 47.45 0
vt 0.5 47.45 0
vt -0.5 47.5 0
vt 0.5 47.5 0
vt -0.5 47.55 0
vt 0.5 47.55 0
vt -0.5 47.6 0
vt 0.5 47.6 0
vt -0.5 47.65 0
vt 0.5 47.65 0
vt -0.5 47.7 0
vt 0.5 47.7 0
vt -0.5 47.75 0
vt 0.5 47.75 0
vt -0.5 47.8 0
vt 0.5 47.8 0
vt -0.5 47.85 0
vt 0.5 47.85 0
vt -0.5 47.9 0
vt 0.5 47.9 0
vt -0.5 47.95 0
vt 0.5 47.95 0
vt -0.5 48 0
vt 0.5 48 0
vt -0.5 48.05 0
vt 0.5 48.05 0
vt -0.5 48.1 0
vt 0.5 48.1 0
vt -0.5 48.15 0
vt 0.5 48.15 0
vt -0.5 48.2 0
vt 0.5 48.2 0
vt -0.5 48.25 0
vt 0.5 48.25 0
vt -0.5 48.3 0
vt 0.5 48.3 0
vt -0.5 48.35 0
vt 0.5 48.35 0
vt -0.5 48.4 0
vt 0.5 48.4 0
vt -0.5 48.45 0
vt 0.5 48.45 0
vt -0.5 48.5 0
vt 0.5 48.5 0
vt -0.5 48.55 0
vt 0.5 48.55 0
vt -0.5 48.6 0
vt 0.5 48.6 0
vt -0.5 48.65 0
vt 0.5 48.65 0
vt -0.5 48.7 0
vt 0.5 48.7 0
vt -0.5 48.75 0
vt 0.5 48.75 0
vt -0.5 48.8 0
vt 0.5 48.8 0
vt -0.5 48.85 0
vt 0.5 48.85 0
vt -0.5 48.9 0
vt 0.5 48.9 0
vt -0.5 48.95 0
vt 0.5 48.95 0
vt -0.5 49 0
vt 0.5 49 0
vt -0.5 49.05 0
vt 0.5 49.05 0
vt -0.5 49.1 0
vt 0.5 49.1 0
vt -0.5 49.15 0
vt 0.5 49.15 0
vt -0.5 49.2 0
vt 0.5 49.2 0
vt -0.5 49.25 0
vt 0.5 49.25 0
vt -0.5 49.3 0
vt 0.5 49.3 0
vt -0.5 49.35 0
vt 0.5 49.35 0
vt -0.5 49.4 0
vt 0.5 49.4 0
vt -0.5 49.45 0
vt 0.5 49.45 0
vt -0.5 49.5 0
vt 0.5 49.5 0
vt -0.5 49.55 0
vt 0.5 49.55 0
vt -0.5 49.6 0
vt 0.5 49.6 0
vt -0.5 49.65 0
vt 0.5 49.65 0
vt -0.5 49.7 0
vt 0.5 49.7 0
vt -0.5 49.75 0
vt 0.5 49.75 0
vt -0.5 49.8 0
vt 0.5 49.8 0
vt -0.5 49.85 0
vt 0.5 49.85 0
vt -0.5 49.9 0
vt 0.5 49.9 0
vt -0.5 49.95 0
vt 0.5 49.95 0
vt -0.5 50 0
vt 0.5 50 0
vt -0.5 50.05 0
vt 0.5 50.05 0
vt -0.5 50.1 0
vt 0.5 50.1 0
vt -0.5 50.15 0
vt 0.5 50.15 0
vt -0.5 50.2 0
vt 0.5 50.2 0
vt -0.5 50.25 0
vt 0.5 50.25 0
vt -0.5 50.3 0
vt 0.5 50.3 0
vt -0.5 50.35 0
vt 0.5 50.35 0
vt -0.5 50.4 0
vt 0.5 50.4 0
vt -0.5 50.45 0
vt 0.5 50.45 0
vt -0.5 50.5 0
vt 0.5 50.5 0
vt -0.5 50.55 0
vt 0.5 50.55 0
vt -0.5 50.6 0
vt 0.5 50.6 0
vt -0.5 50.65 0
vt 0.5 50.65 0
vt -0.5 50.7 0
vt 0.5 50.7 0
vt -0.5 50.75 0
vt 0.5 50.75 0
vt -0.5 50.8 0
vt 0.5 50.8 0
vt -0.5 50.85 0
vt 0.5 50.85 0
vt -0.5 50.9 0
vt 0.5 50.9 0
vt -0.5 50.95 0
vt 0.5 50.95 0
vt -0.5 51 0
vt 0.5 51 0
vt -0.5 51.05 0
vt 0.5 51.05 0
vt -0.5 51.1 0
vt 0.5 51.1 0
vt -0.5 51.15 0
vt 0.5 51.15 0
vt -0.5 51.2 0
vt 0.5 51.2 0
vt -0.5 51.25 0
vt 0.5 51.25 0
vt -0.5 51.3 0
vt 0.5 51.3 0
vt -0.5 51.35 0
vt 0.5 51.35 0
vt -0.5 51.4 0
vt 0.5 51.4 0
vt -0.5 51.45 0
vt 0.5 51.45 0
vt -0.5 51.5 0
vt 0.5 51.5 0
vt -0.5 51.55 0
vt 0.5 51.55 0
vt -0.5 51.6 0
vt 0.5 51.6 0
vt -0.5 51.65 0
vt 0.5 51.65 0
vt -0.5 51.7 0
vt 0.5 51.7 0
vt -0.5 51.75 0
vt 0.5 51.75 0
vt -0.5 51.8 0
vt 0.5 51.8 0
vt -0.5 51.85 0
vt 0.5 51.85 0
vt -0.5 51.9 0
vt 0.5 51.9 0
vt -0.5 51.95 0
vt 0.5 51.95 0
vt -0.5 52 0
vt 0.5 52 0
vt -0.5 52.05 0
vt 0.5 52.05 0
vt -0.5 52.1 0
vt 0.5 52.1 0
vt -0.5 52.15 0
vt 0.5 52.15 0
vt -0.5 52.2 0
vt 0.5 52.2 0
vt -0.5 52.25 0
vt 0.5 52.25 0
vt -0.5 52.3 0
vt 0.5 52.3 0
vt -0.5 52.35 0
vt 0.5 52.35 0
vt -0.5 52.4 0
vt 0.5 52.4 0
vt -0.5 52.45 0
vt 0.5 52.45 0
vt -0.5 52.5 0
vt 0.5 52.5 0
vt -0.5 52.55 0
vt 0.5 52.55 0
vt -0.5 52.6 0
vt 0.5 52.6 0
vt -0.5 52.65 0
vt 0.5 52.65 0
vt -0.5 52.7 0
vt 0.5 52.7 0
vt -0.5 52.75 0
vt 0.5 52.75 0
vt -0.5 52.8 0
vt 0.5 52.8 0
vt -0.5 52.85 0
vt 0.5 52.85 0
vt -0.5 52.9 0
vt 0.5 52.9 0
vt -0.5 52.95 0
vt 0.5 52.95 0
vt -0.5 53 0
vt 0.5 53 0
vt -0.5 53.05 0
vt 0.5 53.05 0
vt -0.5 53.1 0
vt 0.5 53.1 0
vt -0.5 53.15 0
vt 0.5 53.15 0
vt -0.5 53.2 0
vt 0.5 53.2 0
vt -0.5 53.25 0
vt 0.5 53.25 0
vt -0.5 53.3 0
vt 0.5 53.3 0
vt -0.5 53.35 0
vt 0.5 53.35 0
vt -0.5 53.4 0
vt 0.5 53.4 0
vt -0.5 53.45 0
vt 0.5 53.45 0
vt -0.5 53.5 0
vt 0.5 53.5 0
vt -0.5 53.55 0
vt 0.5 53.55 0
vt -0.5 53.6 0
vt 0.5 53.6 0
vt -0.5 53.65 0
vt 0.5 53.65 0
vt -0.5 53.7 0
vt 0.5 53.7 0
vt -0.5 53.75 0
vt 0.5 53.75 0
vt -0.5 53.8 0
vt 0.5 53.8 0
vt -0.5 53.85 0
vt 0.5 53.85 0
vt -0.5 53.9 0
vt 0.5 53.9 0
vt -0.5 53.95 0
vt 0.5 53.95 0
vt -0.5 54 0
vt 0.5 54 0
vt -0.5 54.05 0
vt 0.5 54.05 0
vt -0.5 54.1 0
vt 0.5 54.1 0
vt -0.5 54.15 0
vt 0.5 54.15 0
vt -0.5 54.2 0
vt 0.5 54.2 0
vt -0.5 54.25 0
vt 0.5 54.25 0
vt -0.5 54.3 0
vt 0.5 54.3 0
vt -0.5 54.35 0
vt 0.5 54.35 0
vt -0.5 54.4 0
vt 0.5 54.4 0
vt -0.5 54.45 0
vt 0.5 54.45 0
vt -0.5 54.5 0
vt 0.5 54.5 0
vt -0.5 54.55 0
vt 0.5 54.55 0
vt -0.5 54.6 0
vt 0.5 54.6 0
vt -0.5 54.65 0
vt 0.5 54.65 0
vt -0.5 54.7 0
vt 0.5 54.7 0
vt -0.5 54.75 0
vt 0.5 54.75 0
vt -0.5 54.8 0
vt 0.5 54.8 0
vt -0.5 54.85 0
vt 0.5 54.85 0
vt -0.5 54.9 0
vt 0.5 54.9 0
vt -0.5 54.95 0
vt 0.5 54.95 0
vt -0.5 55 0
vt 0.5 55 0
vt -0.5 55.05 0
vt 0.5 55.05 0
vt -0.5 55.1 0
vt 0.5 55.1 0
vt -0.5 55.15 0
vt 0.5 55.15 0
vt -0.5 55.2 0
vt 0.5 55.2 0
vt -0.5 55.25 0
vt 0.5 55.25 0
vt -0.5 55.3 0
vt 0.5 55.3 0
vt -0.5 55.35 0
vt 0.5 55.35 0
vt -0.5 55.4 0
vt 0.5 55.4 0
vt -0.5 55.45 0
vt 0.5 55.45 0
vt -0.5 55.5 0
vt 0.5 55.5 0
vt -0.5 55.55 0
vt 0.5 55.55 0
vt -0.5 55.6 0
vt 0.5 55.6 0
vt -0.5 55.65 0
vt 0.5 55.65 0
vt -0.5 55.7 0
vt 0.5 55.7 0
vt -0.5 55.75 0
vt 0.5 55.75 0
vt -0.5 55.8 0
vt 0.5 55.8 0
vt -0.5 55.85 0
vt 0.5 55.85 0
vt -0.5 55.9 0
vt 0.5 55.9 0
vt -0.5 55.95 0
vt 0.5 55.95 0
vt -0.5 56 0
vt 0.5 56 0
vt -0.5 56.05 0
vt 0.5 56.05 0
vt -0.5 56.1 0
vt 0.5 56.1 0
vt -0.5 56.15 0
vt 0.5 56.15 0
vt -0.5 56.2 0
vt 0.5 56.2 0
vt -0.5 56.25 0
vt 0.5 56.25 0
vt -0.5 56.3 0
vt 0.5 56.3 0
vt -0.5 56.35 0
vt 0.5 56.35 0
vt -0.5 56.4 0
vt 0.5 56.4 0
vt -0.5 56.45 0
vt 0.5 56.45 0
vt -0.5 56.5 0
vt 0.5 56.5 0
vt -0.5 56.55 0
vt 0.5 56.55 0
vt -0.5 56.6 0
vt 0.5 56.6 0
vt -0.5 56.65 0
vt 0.5 56.65 0
vt -0.5 56.7 0
vt 0.5 56.7 0
vt -0.5 56.75 0
vt 0.5 56.75 0
vt -0.5 56.8 0
vt 0.5 56.8 0
vt -0.5 56.85 0
vt 0.5 56.85 0
vt -0.5 56.9 0
vt 0.5 56.9 0
vt -0.5 56.95 0
vt 0.5 56.95 0
vt -0.5 57 0
vt 0.5 57 0
vt -0.5 57.05 0
vt 0.5 57.05 0
vt -0.5 57.1 0
vt 0.5 57.1 0
vt -0.5 57.15 0
vt 0.5 57.15 0
vt -0.5 57.2 0
vt 0.5 57.2 0
vt -0.5 57.25 0
vt 0.5 57.25 0
vt -0.5 57.3 0
vt 0.5 57.3 0
vt -0.5 57.35 0
vt 0.5 57.35 0
vt -0.5 57.4 0
vt 0.5 57.4 0
vt -0.5 57.45 0
vt 0.5 57.45 0
vt -0.5 57.5 0
vt 0.5 57.5 0
vt -0.5 57.55 0
vt 0.5 57.55 0
vt -0.5 57.6 0
vt 0.5 57.6 0
vt -0.5 57.65 0
vt 0.5 57.65 0
vt -0.5 57.7 0
vt 0.5 57.7 0
vt -0.5 57.75 0
vt 0.5 57.75 0
vt -0.5 57.8 0
vt 0.5 57.8 0
vt -0.5 57.85 0
vt 0.5 57.85 0
vt -0.5 57.9 0
vt 0.5 57.9 0
vt -0.5 57.95 0
vt 0.5 57.95 0
vt -0.5 58 0
vt 0.5 58 0
vt -0.5 58.05 0
vt 0.5 58.05 0
vt -0.5 58.1 0
vt 0.5 58.1 0
vt -0.5 58.15 0
vt 0.5 58.15 0
vt -0.5 58.2 0
vt 0.5 58.2 0
vt -0.5 58.25 0
vt 0.5 58.25 0
vt -0.5 58.3 0
vt 0.5 58.3 0
vt -0.5 58.35 0
vt 0.5 58.35 0
vt -0.5 58.4 0
vt 0.5 58.4 0
vt -0.5 58.45 0
vt 0.5 58.45 0
vt -0.5 58.5 0
vt 0.5 58.5 0
vt -0.5 58.55 0
vt 0.5 58.55 0
vt -0.5 58.6 0
vt 0.5 58.6 0
vt -0.5 58.65 0
vt 0.5 58.65 0
vt -0.5 58.7 0
vt 0.5 58.7 0
vt -0.5 58.75 0
vt 0.5 58.75 0
vt -0.5 58.8 0
vt 0.5 58.8 0
vt -0.5 58.85 0
vt 0.5 58.85 0
vt -0.5 58.9 0
vt 0.5 58.9 0
vt -0.5 58.95 0
vt 0.5 58.95 0
vt -0.5 59 0
vt 0.5 59 0
vt -0.5 59.05 0
vt 0.5 59.05 0
vt -0.5 59.1 0
vt 0.5 59.1 0
vt -0.5 59.15 0
vt 0.5 59.15 0
vt -0.5 59.2 0
vt 0.5 59.2 0
vt -0.5 59.25 0
vt 0.5 59.25 0
vt -0.5 59.3 0
vt 0.5 59.3 0
vt -0.5 59.35 0
vt 0.5 59.35 0
vt -0.5 59.4 0
vt 0.5 59.4 0
vt -0.5 59.45 0
vt 0.5 59.45 0
vt -0.5 59.5 0
vt 0.5 59.5 0
vt -0.5 59.55 0
vt 0.5 59.55 0
vt -0.5 59.6 0
vt 0.5 59.6 0
vt -0.5 59.65 0
vt 0.5 59.65 0
vt -0.5 59.7 0
vt 0.5 59.7 0
vt -0.5 59.75 0
vt 0.5 59.75 0
vt -0.5 59.8 0
vt 0.5 59.8 0
vt -0.5 59.85 0
vt 0.5 59.85 0
vt -0.5 59.9 0
vt 0.5 59.9 0
vt -0.5 59.95 0
vt 0.5 59.95 0
vt -0.5 60 0
vt 0.5 60 0
vt -0.5 60.05 0
vt 0.5 60.05 0
vt -0.5 60.1 0
vt 0.5 60.1 0
vt -0.5 60.15 0
vt 0.5 60.15 0
vt -0.5 60.2 0
vt 0.5 60.2 0
vt -0.5 60.25 0
vt 0.5 60.25 0
vt -0.5 60.3 0
vt 0.5 60.3 0
vt -0.5 60.35 0
vt 0.5 60.35 0
vt -0.5 60.4 0
vt 0.5 60.4 0
vt -0.5 60.45 0
vt 0.5 60.45 0
vt -0.5 60.5 0
vt 0.5 60.5 0
vt -0.5 60.55 0
vt 0.5 60.55 0
vt -0.5 60.6 0
vt 0.5 60.6 0
vt -0.5 60.65 0
vt 0.5 60.65 0
vt -0.5 60.7 0
vt 0.5 60.7 0
vt -0.5 60.75 0
vt 0.5 60.75 0
vt -0.5 60.8 0
vt 0.5 60.8 0
vt -0.5 60.85 0
vt 0.5 60.85 0
vt -0.5 60.9 0
vt 0.5 60.9 0
vt -0.5 60.95 0
vt 0.5 60.95 0
vt -0.5 61 0
vt 0.5 61 0
vt -0.5 61.05 0
vt 0.5 61.05 0
vt -0.5 61.1 0
vt 0.5 61.1 0
vt -0.5 61.15 0
vt 0.5 61.15 0
vt -0.5 61.2 0
vt 0.5 61.2 0
vt -0.5 61.25 0
vt 0.5 61.25 0
vt -0.5 61.3 0
vt 0.5 61.3 0
vt -0.5 61.35 0
vt 0.5 61.35 0
vt -0.5 61.4 0
vt 0.5 61.4 0
vt -0.5 61.45 0
vt 0.5 61.45 0
vt -0.5 61.5 0
vt 0.5 61.5 0
vt -0.5 61.55 0
vt 0.5 61.55 0
vt -0.5 61.6 0
vt 0.5 61.6 0
vt -0.5 61.65 0
vt 0.5 61.65 0
vt -0.5 61.7 0
vt 0.5 61.7 0
vt -0.5 61.75 0
vt 0.5 61.75 0
vt -0.5 61.8 0
vt 0.5 61.8 0
vt -0.5 61.85 0
vt 0.5 61.85 0
vt -0.5 61.9 0
vt 0.5 61.9 0
vt -0.5 61.95 0
vt 0.5 61.95 0
vt -0.5 62 0
vt 0.5 62 0
vt -0.5 62.05 0
vt 0.5 62.05 0
vt -0.5 62.1 0
vt 0.5 62.1 0
vt -0.5 62.15 0
vt 0.5 62.15 0
vt -0.5 62.2 0
vt 0.5 62.2 0
vt -0.5 62.25 0
vt 0.5 62.25 0
vt -0.5 62.3 0
vt 0.5 62.3 0
vt -0.5 62.35 0
vt 0.5 62.35 0
vt -0.5 62.4 0
vt 0.5 62.4 0
vt -0.5 62.45 0
vt 0.5 62.45 0
vt -0.5 62.5 0
vt 0.5 62.5 0
vt -0.5 62.55 0
vt 0.5 62.55 0
vt -0.5 62.6 0
vt 0.5 62.6 0
vt -0.5 62.65 0
vt 0.5 62.65 0
vt -0.5 62.7 0
vt 0.5 62.7 0
vt -0.5 62.75 0
vt 0.5 62.75 0
vt -0.5 62.8 0
vt 0.5 62.8 0
vt -0.5 62.85 0
vt 0.5 62.85 0
vt -0.5 62.9 0
vt 0.5 62.9 0
vt -0.5 62.95 0
vt 0.5 62.95 0
vt -0.5 63 0
vt 0.5 63 0
vt -0.5 63.05 0
vt 0.5 63.05 0
vt -0.5 63.1 0
vt 0.5 63.1 0
vt -0.5 63.15 0
vt 0.5 63.15 0
vt -0.5 63.2 0
vt 0.5 63.2 0
vt -0.5 63.25 0
vt 0.5 63.25 0
vt -0.5 63.3 0
vt 0.5 63.3 0
vt -0.5 63.35 0
vt 0.5 63.35 0
vt -0.5 63.4 0
vt 0.5 63.4 0
vt -0.5 63.45 0
vt 0.5 63.45 0
vt -0.5 63.5 0
vt 0.5 63.5 0
vt -0.5 63.55 0
vt 0.5 63.55 0
vt -0.5 63.6 0
vt 0.5 63.6 0
vt -0.5 63.65 0
vt 0.5 63.65 0
vt -0.5 63.7 0
vt 0.5 63.7 0
vt -0.5 63.75 0
vt 0.5 63.75 0
vt -0.5 63.8 0
vt 0.5 63.8 0
vt -0.5 63.85 0
vt 0.5 63.85 0
vt -0.5 63.9 0
vt 0.5 63.9 0
vt -0.5 63.95 0
vt 0.5 63.95 0
vt -0.5 64 0
vt 0.5 64 0
vt -0.5 64.05 0
vt 0.5 64.05 0
vt -0.5 64.1 0
vt 0.5 64.1 0
vt -0.5 64.15 0
vt 0.5 64.15 0
vt -0.5 64.2 0
vt 0.5 64.2 0
vt -0.5 64.25 0
vt 0.5 64.25 0
vt -0.5 64.3 0
vt 0.5 64.3 0
vt -0.5 64.35 0
vt 0.5 64.35 0
vt -0.5 64.4 0
vt 0.5 64.4 0
vt -0.5 64.45 0
vt 0.5 64.45 0
vt -0.5 64.5 0
vt 0.5 64.5 0
vt -0.5 64.55 0
vt 0.5 64.55 0
vt -0.5 64.6 0
vt 0.5 64.6 0
vt -0.5 64.65 0
vt 0.5 64.65 0
vt -0.5 64.7 0
vt 0.5 64.7 0
vt -0.5 64.75 0
vt 0.5 64.75 0
vt -0.5 64.8 0
vt 0.5 64.8 0
vt -0.5 64.85 0
vt 0.5 64.85 0
vt -0.5 64.9 0
vt 0.5 64.9 0
vt -0.5 64.95 0
vt 0.5 64.95 0
vt -0.5 65 0
vt 0.5 65 0
vt -0.5 65.05 0
vt 0.5 65.05 0
vt -0.5 65.1 0
vt 0.5 65.1 0
vt -0.5 65.15 0
vt 0.5 65.15 0
vt -0.5 65.2 0
vt 0.5 65.2 0
vt -0.5 65.25 0
vt 0.5 65.25 0
vt -0.5 65.3 0
vt 0.5 65.3 0
vt -0.5 65.35 0
vt 0.5 65.35 0
vt -0.5 65.4 0
vt 0.5 65.4 0
vt -0.5 65.45 0
vt 0.5 65.45 0
vt -0.5 65.5 0
vt 0.5 65.5 0
vt -0.5 65.55 0
vt 0.5 65.55 0
vt -0.5 65.6 0
vt 0.5 65.6 0
vt -0.5 65.65 0
vt 0.5 65.65 0
vt -0.5 65.7 0
vt 0.5 65.7 0
vt -0.5 65.75 0
vt 0.5 65.75 0
vt -0.5 65.8 0
vt 0.5 65.8 0
vt -0.5 65.85 0
vt 0.5 65.85 0
vt -0.5 65.9 0
vt 0.5 65.9 0
vt -0.5 65.95 0
vt 0.5 65.95 0
vt -0.5 66 0
vt 0.5 66 0
vt -0.5 66.05 0
vt 0.5 66.05 0
vt -0.5 66.1 0
vt 0.5 66.1 0
vt -0.5 66.15 0
vt 0.5 66.15 0
vt -0.5 66.2 0
vt 0.5 66.2 0
vt -0.5 66.25 0
vt 0.5 66.25 0
vt -0.5 66.3 0
vt 0.5 66.3 0
vt -0.5 66.35 0
vt 0.5 66.35 0
vt -0.5 66.4 0
vt 0.5 66.4 0
vt -0.5 66.45 0
vt 0.5 66.45 0
vt -0.5 66.5 0
vt 0.5 66.5 0
vt -0.5 66.55 0
vt 0.5 66.55 0
vt -0.5 66.6 0
vt 0.5 66.6 0
vt -0.5 66.65 0
vt 0.5 66.65 0
vt -0.5 66.7 0
vt 0.5 66.7 0
vt -0.5 66.75 0
vt 0.5 66.75 0
vt -0.5 66.8 0
vt 0.5 66.8 0
vt -0.5 66.85 0
vt 0.5 66.85 0
vt -0.5 66.9 0
vt 0.5 66.9 0
vt -0.5 66.95 0
vt 0.5 66.95 0
vt -0.5 67 0
vt 0.5 67 0
vt -0.5 67.05 0
vt 0.5 67.05 0
vt -0.5 67.1 0
vt 0.5 67.1 0
vt -0.5 67.15 0
vt 0.5 67.15 0
vt -0.5 67.2 0
vt 0.5 67.2 0
vt -0.5 67.25 0
vt 0.5 67.25 0
vt -0.5 67.3 0
vt 0.5 67.3 0
vt -0.5 67.35 0
vt 0.5 67.35 0
vt -0.5 67.4 0
vt 0.5 67.4 0
vt -0.5 67.45 0
vt 0.5 67.45 0
vt -0.5 67.5 0
vt 0.5 67.5 0
vt -0.5 67.55 0
vt 0.5 67.55 0
vt -0.5 67.6 0
vt 0.5 67.6 0
vt -0.5 67.65 0
vt 0.5 67.65 0
vt -0.5 67.7 0
vt 0.5 67.7 0
vt -0.5 67.75 0
vt 0.5 67.75 0
vt -0.5 67.8 0
vt 0.5 67.8 0
vt -0.5 67.85 0
vt 0.5 67.85 0
vt -0.5 67.9 0
vt 0.5 67.9 0
vt -0.5 67.95 0
vt 0.5 67.95 0
vt -0.5 68 0
vt 0.5 68 0
vt -0.5 68.05 0
vt 0.5 68.05 0
vt -0.5 68.1 0
vt 0.5 68.1 0
vt -0.5 68.15 0
vt 0.5 68.15 0
vt -0.5 68.2 0
vt 0.5 68.2 0
vt -0.5 68.25 0
vt 0.5 68.25 0
vt -0.5 68.3 0
vt 0.5 68.3 0
vt -0.5 68.35 0
vt 0.5 68.35 0
vt -0.5 68.4 0
vt 0.5 68.4 0
vt -0.5 68.45 0
vt 0.5 68.45 0
vt -0.5 68.5 0
vt 0.5 68.5 0
vt -0.5 68.55 0
vt 0.5 68.55 0
vt -0.5 68.6 0
vt 0.5 68.6 0
vt -0.5 68.65 0
vt 0.5 68.65 0
vt -0.5 68.7 0
vt 0.5 68.7 0
vt -0.5 68.75 0
vt 0.5 68.75 0
vt -0.5 68.8 0
vt 0.5 68.8 0
vt -0.5 68.85 0
vt 0.5 68.85 0
vt -0.5 68.9 0
vt 0.5 68.9 0
vt -0.5 68.95 0
vt 0.5 68.95 0
vt -0.5 69 0
vt 0.5 69 0
vt -0.5 69.05 0
vt 0.5 69.05 0
vt -0.5 69.1 0
vt 0.5 69.1 0
vt -0.5 69.15 0
vt 0.5 69.15 0
vt -0.5 69.2 0
vt 0.5 69.2 0
vt -0.5 69.25 0
vt 0.5 69.25 0
vt -0.5 69.3 0
vt 0.5 69.3 0
vt -0.5 69.35 0
vt 0.5 69.35 0
vt -0.5 69.4 0
vt 0.5 69.4 0
vt -0.5 69.45 0
vt 0.5 69.45 0
vt -0.5 69.5 0
vt 0.5 69.5 0
vt -0.5 69.55 0
vt 0.5 69.55 0
vt -0.5 69.6 0
vt 0.5 69.6 0
vt -0.5 69.65 0
vt 0.5 69.65 0
vt -0.5 69.7 0
vt 0.5 69.7 0
vt -0.5 69.75 0
vt 0.5 69.75 0
vt -0.5 69.8 0
vt 0.5 69.8 0
vt -0.5 69.85 0
vt 0.5 69.85 0
vt -0.5 69.9 0
vt 0.5 69.9 0
vt -0.5 69.95 0
vt 0.5 69.95 0
vt -0.5 70 0
vt 0.5 70 0
vt -0.5 70.05 0
vt 0.5 70.05 0
vt -0.5 70.1 0
vt 0.5 70.1 0
vt -0.5 70.15 0
vt 0.5 70.15 0
vt -0.5 70.2 0
vt 0.5 70.2 0
vt -0.5 70.25 0
vt 0.5 70.25 0
vt -0.5 70.3 0
vt 0.5 70.3 0
vt -0.5 70.35 0
vt 0.5 70.35 0
vt -0.5 70.4 0
vt 0.5 70.4 0
vt -0.5 70.45 0
vt 0.5 70.45 0
vt -0.5 70.5 0
vt 0.5 70.5 0
vt -0.5 70.55 0
vt 0.5 70.55 0
vt -0.5 70.6 0
vt 0.5 70.6 0
vt -0.5 70.65 0
vt 0.5 70.65 0
vt -0.5 70.7 0
vt 0.5 70.7 0
vt -0.5 70.75 0
vt 0.5 70.75 0
vt -0.5 70.8 0
vt 0.5 70.8 0
vt -0.5 70.85 0
vt 0.5 70.85 0
vt -0.5 70.9 0
vt 0.5 70.9 0
vt -0.5 70.95 0
vt 0.5 70.95 0
vt -0.5 71 0
vt 0.5 71 0
vt -0.5 71.05 0
vt 0.5 71.05 0
vt -0.5 71.1 0
vt 0.5 71.1 0
vt -0.5 71.15 0
vt 0.5 71.15 0
vt -0.5 71.2 0
vt 0.5 71.2 0
vt -0.5 71.25 0
vt 0.5 71.25 0
vt -0.5 71.3 0
vt 0.5 71.3 0
vt -0.5 71.35 0
vt 0.5 71.35 0
vt -0.5 71.4 0
vt 0.5 71.4 0
vt -0.5 71.45 0
vt 0.5 71.45 0
vt -0.5 71.5 0
vt 0.5 71.5 0
vt -0.5 71.55 0
vt 0.5 71.55 0
vt -0.5 71.6 0
vt 0.5 71.6 0
vt -0.5 71.65 0
vt 0.5 71.65 0
vt -0.5 71.7 0
vt 0.5 71.7 0
vt -0.5 71.75 0
vt 0.5 71.75 0
vt -0.5 71.8 0
vt 0.5 71.8 0
vt -0.5 71.85 0
vt 0.5 71.85 0
vt -0.5 71.9 0
vt 0.5 71.9 0
vt -0.5 71.95 0
vt 0.5 71.95 0
vt -0.5 72 0
vt 0.5 72 0
vt -0.5 72.05 0
vt 0.5 72.05 0
vt -0.5 72.1 0
vt 0.5 72.1 0
vt -0.5 72.15 0
vt 0.5 72.15 0
vt -0.5 72.2 0
vt 0.5 72.2 0
vt -0.5 72.25 0
vt 0.5 72.25 0
vt -0.5 72.3 0
vt 0.5 72.3 0
vt -0.5 72.35 0
vt 0.5 72.35 0
vt -0.5 72.4 0
vt 0.5 72.4 0
vt -0.5 72.45 0
vt 0.5 72.45 0
vt -0.5 72.5 0
vt 0.5 72.5 0
vt -0.5 72.55 0
vt 0.5 72.55 0
vt -0.5 72.6 0
vt 0.5 72.6 0
vt -0.5 72.65 0
vt 0.5 72.65 0
vt -0.5 72.7 0
vt 0.5 72.7 0
vt -0.5 72.75 0
vt 0.5 72.75 0
vt -0.5 72.8 0
vt 0.5 72.8 0
vt -0.5 72.85 0
vt 0.5 72.85 0
vt -0.5 72.9 0
vt 0.5 72.9 0
vt -0.5 72.95 0
vt 0.5 72.95 0
vt -0.5 73 0
vt 0.5 73 0
vt -0.5 73.05 0
vt 0.5 73.05 0
vt -0.5 73.1 0
vt 0.5 73.1 0
vt -0.5 73.15 0
vt 0.5 73.15 0
vt -0.5 73.2 0
vt 0.5 73.2 0
vt -0.5 73.25 0
vt 0.5 73.25 0
vt -0.5 73.3 0
vt 0.5 73.3 0
vt -0.5 73.35 0
vt 0.5 73.35 0
vt -0.5 73.4 0
vt 0.5 73.4 0
vt -0.5 73.45 0
vt 0.5 73.45 0
vt -0.5 73.5 0
vt 0.5 73.5 0
vt -0.5 73.55 0
vt 0.5 73.55 0
vt -0.5 73.6 0
vt 0.5 73.6 0
vt -0.5 73.65 0
vt 0.5 73.65 0
vt -0.5 73.7 0
vt 0.5 73.7 0
vt -0.5 73.75 0
vt 0.5 73.75 0
vt -0.5 73.8 0
vt 0.5 73.8 0
vt -0.5 73.85 0
vt 0.5 73.85 0
vt -0.5 73.9 0
vt 0.5 73.9 0
vt -0.5 73.95 0
vt 0.5 73.95 0
vt -0.5 74 0
vt 0.5 74 0
vt -0.5 74.05 0
vt 0.5 74.05 0
vt -0.5 74.1 0
vt 0.5 74.1 0
vt -0.5 74.15 0
vt 0.5 74.15 0
vt -0.5 74.2 0
vt 0.5 74.2 0
vt -0.5 74.25 0
vt 0.5 74.25 0
vt -0.5 74.3 0
vt 0.5 74.3 0
vt -0.5 74.35 0
vt 0.5 74.35 0
vt -0.5 74.4 0
vt 0.5 74.4 0
vt -0.5 74.45 0
vt 0.5 74.45 0
vt -0.5 74.5 0
vt 0.5 74.5 0
vt -0.5 74.55 0
vt 0.5 74.55 0
vt -0.5 74.6 0
vt 0.5 74.6 0
vt -0.5 74.65 0
vt 0.5 74.65 0
vt -0.5 74.7 0
vt 0.5 74.7 0
vt -0.5 74.75 0
vt 0.5 74.75 0
vt -0.5 74.8 0
vt 0.5 74.8 0
vt -0.5 74.85 0
vt 0.5 74.85 0
vt -0.5 74.9 0
vt 0.5 74.9 0
vt -0.5 74.95 0
vt 0.5 74.95 0
vt -0.5 75 0
vt 0.5 75 0
vt -0.5 75.05 0
vt 0.5 75.05 0
vt -0.5 75.1 0
vt 0.5 75.1 0
vt -0.5 75.15 0
vt 0.5 75.15 0
vt -0.5 75.2 0
vt 0.5 75.2 0
vt -0.5 75.25 0
vt 0.5 75.25 0
vt -0.5 75.3 0
vt 0.5 75.3 0
vt -0.5 75.35 0
vt 0.5 75.35 0
vt -0.5 75.4 0
vt 0.5 75.4 0
vt -0.5 75.45 0
vt 0.5 75.45 0
vt -0.5 75.5 0
vt 0.5 75.5 0
vt -0.5 75.55 0
vt 0.5 75.55 0
vt -0.5 75.6 0
vt 0.5 75.6 0
vt -0.5 75.65 0
vt 0.5 75.65 0
vt -0.5 75.7 0
vt 0.5 75.7 0
vt -0.5 75.75 0
vt 0.5 75.75 0
vt -0.5 75.8 0
vt 0.5 75.8 0
vt -0.5 75.85 0
vt 0.5 75.85 0
vt -0.5 75.9 0
vt 0.5 75.9 0
vt -0.5 75.95 0
vt 0.5 75.95 0
vt -0.5 76 0
vt 0.5 76 0
vt -0.5 76.05 0
vt 0.5 76.05 0
vt -0.5 76.1 0
vt 0.5 76.1 0
vt -0.5 76.15 0
vt 0.5 76.15 0
vt -0.5 76.2 0
vt 0.5 76.2 0
vt -0.5 76.25 0
vt 0.5 76.25 0
vt -0.5 76.3 0
vt 0.5 76.3 0
vt -0.5 76.35 0
vt 0.5 76.35 0
vt -0.5 76.4 0
vt 0.5 76.4 0
vt -0.5 76.45 0
vt 0.5 76.45 0
vt -0.5 76.5 0
vt 0.5 76.5 0
vt -0.5 76.55 0
vt 0.5 76.55 0
vt -0.5 76.6 0
vt 0.5 76.6 0
vt -0.5 76.65 0
vt 0.5 76.65 0
vt -0.5 76.7 0
vt 0.5 76.7 0
vt -0.5 76.75 0
vt 0.5 76.75 0
vt -0.5 76.8 0
vt 0.5 76.8 0
vt -0.5 76.85 0
vt 0.5 76.85 0
vt -0.5 76.9 0
vt 0.5 76.9 0
vt -0.5 76.95 0
vt 0.5 76.95 0
vt -0.5 77 0
vt 0.5 77 0
vt -0.5 77.05 0
vt 0.5 77.05 0
vt -0.5 77.1 0
vt 0.5 77.1 0
vt -0.5 77.15 0
vt 0.5 77.15 0
vt -0.5 77.2 0
vt 0.5 77.2 0
vt -0.5 77.25 0
vt 0.5 77.25 0
vt -0.5 77.3 0
vt 0.5 77.3 0
vt -0.5 77.35 0
vt 0.5 77.35 0
vt -0.5 77.4 0
vt 0.5 77.4 0
vt -0.5 77.45 0
vt 0.5 77.45 0
vt -0.5 77.5 0
vt 0.5 77.5 0
vt -0.5 77.55 0
vt 0.5 77.55 0
vt -0.5 77.6 0
vt 0.5 77.6 0
vt -0.5 77.65 0
vt 0.5 77.65 0
vt -0.5 77.7 0
vt 0.5 77.7 0
vt -0.5 77.75 0
vt 0.5 77.75 0
vt -0.5 77.8 0
vt 0.5 77.8 0
vt -0.5 77.85 0
vt 0.5 77.85 0
vt -0.5 77.9 0
vt 0.5 77.9 0
vt -0.5 77.95 0
vt 0.5 77.95 0
vt -0.5 78 0
vt 0.5 78 0
vt -0.5 78.05 0
vt 0.5 78.05 0
vt -0.5 78.1 0
vt 0.5 78.1 0
vt -0.5 78.15 0
vt 0.5 78.15 0
vt -0.5 78.2 0
vt 0.5 78.2 0
vt -0.5 78.25 0
vt 0.5 78.25 0
vt -0.5 78.3 0
vt 0.5 78.3 0
vt -0.5 78.35 0
vt 0.5 78.35 0
vt -0.5 78.4 0
vt 0.5 78.4 0
vt -0.5 78.45 0
vt 0.5 78.45 0
vt -0.5 78.5 0
vt 0.5 78.5 0
vt -0.5 78.55 0
vt 0.5 78.55 0
vt -0.5 78.6 0
vt 0.5 78.6 0
vt -0.5 78.65 0
vt 0.5 78.65 0
vt -0.5 78.7 0
vt 0.5 78.7 0
vt -0.5 78.75 0
vt 0.5 78.75 0
vt -0.5 78.8 0
vt 0.5 78.8 0
vt -0.5 78.85 0
vt 0.5 78.85 0
vt -0.5 78.9 0
vt 0.5 78.9 0
vt -0.5 78.95 0
vt 0.5 78.95 0
vt -0.5 79 0
vt 0.5 79 0
vt -0.5 79.05 0
vt 0.5 79.05 0
vt -0.5 79.1 0
vt 0.5 79.1 0
vt -0.5 79.15 0
vt 0.5 79.15 0
vt -0.5 79.2 0
vt 0.5 79.2 0
vt -0.5 79.25 0
vt 0.5 79.25 0
vt -0.5 79.3 0
vt 0.5 79.3 0
vt -0.5 79.35 0
vt 0.5 79.35 0
vt -0.5 79.4 0
vt 0.5 79.4 0
vt -0.5 79.45 0
vt 0.5 79.45 0
vt -0.5 79.5 0
vt 0.5 79.5 0
vt -0.5 79.55 0
vt 0.5 79.55 0
vt -0.5 79.6 0
vt 0.5 79.6 0
vt -0.5 79.65 0
vt 0.5 79.65 0
vt -0.5 79.7 0
vt 0.5 79.7 0
vt -0.5 79.75 0
vt 0.5 79.75 0
vt -0.5 79.8 0
vt 0.5 79.8 0
vt -0.5 79.85 0
vt 0.5 79.85 0
vt -0.5 79.9 0
vt 0.5 79.9 0
vt -0.5 79.95 0
vt 0.5 79.95 0
vt -0.5 80 0
vt 0.5 80 0
vt -0.5 80.05 0
vt 0.5 80.05 0
vt -0.5 80.1 0
vt 0.5 80.1 0
vt -0.5 80.15 0
vt 0.5 80.15 0
vt -0.5 80.2 0
vt 0.5 80.2 0
vt -0.5 80.25 0
vt 0.5 80.25 0
vt -0.5 80.3 0
vt 0.5 80.3 0
vt -0.5 80.35 0
vt 0.5 80.35 0
vt -0.5 80.4 0
vt 0.5 80.4 0
vt -0.5 80.45 0
vt 0.5 80.45 0
vt -0.5 80.5 0
vt 0.5 80.5 0
vt -0.5 80.55 0
vt 0.5 80.55 0
vt -0.5 80.6 0
vt 0.5 80.6 0
vt -0.5 80.65 0
vt 0.5 80.65 0
vt -0.5 80.7 0
vt 0.5 80.7 0
vt -0.5 80.75 0
vt 0.5 80.75 0
vt -0.5 80.8 0
vt 0.5 80.8 0
vt -0.5 80.85 0
vt 0.5 80.85 0
vt -0.5 80.9 0
vt 0.5 80.9 0
vt -0.5 80.95 0
vt 0.5 80.95 0
vt -0.5 81 0
vt 0.5 81 0
vt -0.5 81.05 0
vt 0.5 81.05 0
vt -0.5 81.1 0
vt 0.5 81.1 0
vt -0.5 81.15 0
vt 0.5 81.15 0
vt -0.5 81.2 0
vt 0.5 81.2 0
vt -0.5 81.25 0
vt 0.5 81.25 0
vt -0.5 81.3 0
vt 0.5 81.3 0
vt -0.5 81.35 0
vt 0.5 81.35 0
vt -0.5 81.4 0
vt 0.5 81.4 0
vt -0.5 81.45 0
vt 0.5 81.45 0
vt -0.5 81.5 0
vt 0.5 81.5 0
vt -0.5 81.55 0
vt 0.5 81.55 0
vt -0.5 81.6 0
vt 0.5 81.6 0
vt -0.5 81.65 0
vt 0.5 81.65 0
vt -0.5 81.7 0
vt 0.5 81.7 0
vt -0.5 81.75 0
vt 0.5 81.75 0
vt -0.5 81.8 0
vt 0.5 81.8 0
vt -0.5 81.85 0
vt 0.5 81.85 0
vt -0.5 81.9 0
vt 0.5 81.9 0
vt -0.5 81.95 0
vt 0.5 81.95 0
vt -0.5 82 0
vt 0.5 82 0
vt -0.5 82.05 0
vt 0.5 82.05 0
vt -0.5 82.1 0
vt 0.5 82.1 0
vt -0.5 82.15 0
vt 0.5 82.15 0
vt -0.5 82.2 0
vt 0.5 82.2 0
vt -0.5 82.25 0
vt 0.5 82.25 0
vt -0.5 82.3 0
vt 0.5 82.3 0
vt -0.5 82.35 0
vt 0.5 82.35 0
vt -0.5 82.4 0
vt 0.5 82.4 0
vt -0.5 82.45 0
vt 0.5 82.45 0
vt -0.5 82.5 0
vt 0.5 82.5 0
vt -0.5 82.55 0
vt 0.5 82.55 0
vt -0.5 82.6 0
vt 0.5 82.6 0
vt -0.5 82.65 0
vt 0.5 82.65 0
vt -0.5 82.7 0
vt 0.5 82.7 0
vt -0.5 82.75 0
vt 0.5 82.75 0
vt -0.5 82.8 0
vt 0.5 82.8 0
vt -0.5 82.85 0
vt 0.5 82.85 0
vt -0.5 82.9 0
vt 0.5 82.9 0
vt -0.5 82.95 0
vt 0.5 82.95 0
vt -0.5 83 0
vt 0.5 83 0
vt -0.5 83.05 0
vt 0.5 83.05 0
vt -0.5 83.1 0
vt 0.5 83.1 0
vt -0.5 83.15 0
vt 0.5 83.15 0
vt -0.5 83.2 0
vt 0.5 83.2 0
vt -0.5 83.25 0
vt 0.5 83.25 0
vt -0.5 83.3 0
vt 0.5 83.3 0
vt -0.5 83.35 0
vt 0.5 83.35 0
vt -0.5 83.4 0
vt 0.5 83.4 0
vt -0.5 83.45 0
vt 0.5 83.45 0
vt -0.5 83.5 0
vt 0.5 83.5 0
vt -0.5 83.55 0
vt 0.5 83.55 0
vt -0.5 83.6 0
vt 0.5 83.6 0
vt -0.5 83.65 0
vt 0.5 83.65 0
vt -0.5 83.7 0
vt 0.5 83.7 0
vt -0.5 83.75 0
vt 0.5 83.75 0
vt -0.5 83.8 0
vt 0.5 83.8 0
vt -0.5 83.85 0
vt 0.5 83.85 0
vt -0.5 83.9 0
vt 0.5 83.9 0
vt -0.5 83.95 0
vt 0.5 83.95 0
vt -0.5 84 0
vt 0.5 84 0
vt -0.5 84.05 0
vt 0.5 84.05 0
vt -0.5 84.1 0
vt 0.5 84.1 0
vt -0.5 84.15 0
vt 0.5 84.15 0
vt -0.5 84.2 0
vt 0.5 84.2 0
vt -0.5 84.25 0
vt 0.5 84.25 0
vt -0.5 84.3 0
vt 0.5 84.3 0
vt -0.5 84.35 0
vt 0.5 84.35 0
vt -0.5 84.4 0
vt 0.5 84.4 0
vt -0.5 84.45 0
vt 0.5 84.45 0
vt -0.5 84.5 0
vt 0.5 84.5 0
vt -0.5 84.55 0
vt 0.5 84.55 0
vt -0.5 84.6 0
vt 0.5 84.6 0
vt -0.5 84.65 0
vt 0.5 84.65 0
vt -0.5 84.7 0
vt 0.5 84.7 0
vt -0.5 84.75 0
vt 0.5 84.75 0
vt -0.5 84.8 0
vt 0.5 84.8 0
vt -0.5 84.85 0
vt 0.5 84.85 0
vt -0.5 84.9 0
vt 0.5 84.9 0
vt -0.5 84.95 0
vt 0.5 84.95 0
vt -0.5 85 0
vt 0.5 85 0
vt -0.5 85.05 0
vt 0.5 85.05 0
vt -0.5 85.1 0
vt 0.5 85.1 0
vt -0.5 85.15 0
vt 0.5 85.15 0
vt -0.5 85.2 0
vt 0.5 85.2 0
vt -0.5 85.25 0
vt 0.5 85.25 0
vt -0.5 85.3 0
vt 0.5 85.3 0
vt -0.5 85.35 0
vt 0.5 85.35 0
vt -0.5 85.4 0
vt 0.5 85.4 0
vt -0.5 85.45 0
vt 0.5 85.45 0
vt -0.5 85.5 0
vt 0.5 85.5 0
vt -0.5 85.55 0
vt 0.5 85.55 0
vt -0.5 85.6 0
vt 0.5 85.6 0
vt -0.5 85.65 0
vt 0.5 85.65 0
vt -0.5 85.7 0
vt 0.5 85.7 0
vt -0.5 85.75 0
vt 0.5 85.75 0
vt -0.5 85.8 0
vt 0.5 85.8 0
vt -0.5 85.85 0
vt 0.5 85.85 0
vt -0.5 85.9 0
vt 0.5 85.9 0
vt -0.5 85.95 0
vt 0.5 85.95 0
vt -0.5 86 0
vt 0.5 86 0
vt -0.5 86.05 0
vt 0.5 86.05 0
vt -0.5 86.1 0
vt 0.5 86.1 0
vt -0.5 86.15 0
vt 0.5 86.15 0
vt -0.5 86.2 0
vt 0.5 86.2 0
vt -0.5 86.25 0
vt 0.5 86.25 0
vt -0.5 86.3 0
vt 0.5 86.3 0
vt -0.5 86.35 0
vt 0.5 86.35 0
vt -0.5 86.4 0
vt 0.5 86.4 0
vt -0.5 86.45 0
vt 0.5 86.45 0
vt -0.5 86.5 0
vt 0.5 86.5 0
vt -0.5 86.55 0
vt 0.5 86.55 0
vt -0.5 86.6 0
vt 0.5 86.6 0
vt -0.5 86.65 0
vt 0.5 86.65 0
vt -0.5 86.7 0
vt 0.5 86.7 0
vt -0.5 86.75 0
vt 0.5 86.75 0
vt -0.5 86.8 0
vt 0.5 86.8 0
vt -0.5 86.85 0
vt 0.5 86.85 0
vt -0.5 86.9 0
vt 0.5 86.9 0
vt -0.5 86.95 0
vt 0.5 86.95 0
vt -0.5 87 0
vt 0.5 87 0
vt -0.5 87.05 0
vt 0.5 87.05 0
vt -0.5 87.1 0
vt 0.5 87.1 0
vt -0.5 87.15 0
vt 0.5 87.15 0
vt -0.5 87.2 0
vt 0.5 87.2 0
vt -0.5 87.25 0
vt 0.5 87.25 0
vt -0.5 87.3 0
vt 0.5 87.3 0
vt -0.5 87.35 0
vt 0.5 87.35 0
vt -0.5 87.4 0
vt 0.5 87.4 0
vt -0.5 87.45 0
vt 0.5 87.45 0
vt -0.5 87.5 0
vt 0.5 87.5 0
vt -0.5 87.55 0
vt 0.5 87.55 0
vt -0.5 87.6 0
vt 0.5 87.6 0
vt -0.5 87.65 0
vt 0.5 87.65 0
vt -0.5 87.7 0
vt 0.5 87.7 0
vt -0.5 87.75 0
vt 0.5 87.75 0
vt -0.5 87.8 0
vt 0.5 87.8 0
vt -0.5 87.85 0
vt 0.5 87.85 0
vt -0.5 87.9 0
vt 0.5 87.9 0
vt -0.5 87.95 0
vt 0.5 87.95 0
vt -0.5 88 0
vt 0.5 88 0
vt -0.5 88.05 0
vt 0.5 88.05 0
vt -0.5 88.1 0
vt 0.5 88.1 0
vt -0.5 88.15 0
vt 0.5 88.15 0
vt -0.5 88.2 0
vt 0.5 88.2 0
vt -0.5 88.25 0
vt 0.5 88.25 0
vt -0.5 88.3 0
vt 0.5 88.3 0
vt -0.5 88.35 0
vt 0.5 88.35 0
vt -0.5 88.4 0
vt 0.5 88.4 0
vt -0.5 88.45 0
vt 0.5 88.45 0
vt -0.5 88.5 0
vt 0.5 88.5 0
vt -0.5 88.55 0
vt 0.5 88.55 0
vt -0.5 88.6 0
vt 0.5 88.6 0
vt -0.5 88.65 0
vt 0.5 88.65 0
vt -0.5 88.7 0
vt 0.5 88.7 0
vt -0.5 88.75 0
vt 0.5 88.75 0
vt -0.5 88.8 0
vt 0.5 88.8 0
vt -0.5 88.85 0
vt 0.5 88.85 0
vt -0.5 88.9 0
vt 0.5 88.9 0
vt -0.5 88.95 0
vt 0.5 88.95 0
vt -0.5 89 0
vt 0.5 89 0
vt -0.5 89.05 0
vt 0.5 89.05 0
vt -0.5 89.1 0
vt 0.5 89.1 0
vt -0.5 89.15 0
vt 0.5 89.15 0
vt -0.5 89.2 0
vt 0.5 89.2 0
vt -0.5 89.25 0
vt 0.5 89.25 0
vt -0.5 89.3 0
vt 0.5 89.3 0
vt -0.5 89.35 0
vt 0.5 89.35 0
vt -0.5 89.4 0
vt 0.5 89.4 0
vt -0.5 89.45 0
vt 0.5 89.45 0
vt -0.5 89.5 0
vt 0.5 89.5 0
vt -0.5 89.55 0
vt 0.5 89.55 0
vt -0.5 89.6 0
vt 0.5 89.6 0
vt -0.5 89.65 0
vt 0.5 89.65 0
vt -0.5 89.7 0
vt 0.5 89.7 0
vt -0.5 89.75 0
vt 0.5 89.75 0
vt -0.5 89.8 0
vt 0.5 89.8 0
vt -0.5 89.85 0
vt 0.5 89.85 0
vt -0.5 89.9 0
vt 0.5 89.9 0
vt -0.5 89.95 0
vt 0.5 89.95 0
vt -0.5 90 0
vt 0.5 90 0
vt -0.5 90.05 0
vt 0.5 90.05 0
vt -0.5 90.1 0
vt 0.5 90.1 0
vt -0.5 90.15 0
vt 0.5 90.15 0
vt -0.5 90.2 0
vt 0.5 90.2 0
vt -0.5 90.25 0
vt 0.5 90.25 0
vt -0.5 90.3 0
vt 0.5 90.3 0
vt -0.5 90.35 0
vt 0.5 90.35 0
vt -0.5 90.4 0
vt 0.5 90.4 0
vt -0.5 90.45 0
vt 0.5 90.45 0
vt -0.5 90.5 0
vt 0.5 90.5 0
vt -0.5 90.55 0
vt 0.5 90.55 0
vt -0.5 90.6 0
vt 0.5 90.6 0
vt -0.5 90.65 0
vt 0.5 90.65 0
vt -0.5 90.7 0
vt 0.5 90.7 0
vt -0.5 90.75 0
vt 0.5 90.75 0
vt -0.5 90.8 0
vt 0.5 90.8 0
vt -0.5 90.85 0
vt 0.5 90.85 0
vt -0.5 90.9 0
vt 0.5 90.9 0
vt -0.5 90.95 0
vt 0.5 90.95 0
vt -0.5 91 0
vt 0.5 91 0
vt -0.5 91.05 0
vt 0.5 91.05 0
vt -0.5 91.1 0
vt 0.5 91.1 0
vt -0.5 91.15 0
vt 0.5 91.15 0
vt -0.5 91.2 0
vt 0.5 91.2 0
vt -0.5 91.25 0
vt 0.5 91.25 0
vt -0.5 91.3 0
vt 0.5 91.3 0
vt -0.5 91.35 0
vt 0.5 91.35 0
vt -0.5 91.4 0
vt 0.5 91.4 0
vt -0.5 91.45 0
vt 0.5 91.45 0
vt -0.5 91.5 0
vt 0.5 91.5 0
vt -0.5 91.55 0
vt 0.5 91.55 0
vt -0.5 91.6 0
vt 0.5 91.6 0
vt -0.5 91.65 0
vt 0.5 91.65 0
vt -0.5 91.7 0
vt 0.5 91.7 0
vt -0.5 91.75 0
vt 0.5 91.75 0
vt -0.5 91.8 0
vt 0.5 91.8 0
vt -0.5 91.85 0
vt 0.5 91.85 0
vt -0.5 91.9 0
vt 0.5 91.9 0
vt -0.5 91.95 0
vt 0.5 91.95 0
vt -0.5 92 0
vt 0.5 92 0
vt -0.5 92.05 0
vt 0.5 92.05 0
vt -0.5 92.1 0
vt 0.5 92.1 0
vt -0.5 92.15 0
vt 0.5 92.15 0
vt -0.5 92.2 0
vt 0.5 92.2 0
vt -0.5 92.25 0
vt 0.5 92.25 0
vt -0.5 92.3 0
vt 0.5 92.3 0
vt -0.5 92.35 0
vt 0.5 92.35 0
vt -0.5 92.4 0
vt 0.5 92.4 0
vt -0.5 92.45 0
vt 0.5 92.45 0
vt -0.5 92.5 0
vt 0.5 92.5 0
vt -0.5 92.55 0
vt 0.5 92.55 0
vt -0.5 92.6 0
vt 0.5 92.6 0
vt -0.5 92.65 0
vt 0.5 92.65 0
vt -0.5 92.7 0
vt 0.5 92.7 0
vt -0.5 92.75 0
vt 0.5 92.75 0
vt -0.5 92.8 0
vt 0.5 92.8 0
vt -0.5 92.85 0
vt 0.5 92.85 0
vt -0.5 92.9 0
vt 0.5 92.9 0
vt -0.5 92.95 0
vt 0.5 92.95 0
vt -0.5 93 0
vt 0.5 93 0
vt -0.5 93.05 0
vt 0.5 93.05 0
vt -0.5 93.1 0
vt 0.5 93.1 0
vt -0.5 93.15 0
vt 0.5 93.15 0
vt -0.5 93.2 0
vt 0.5 93.2 0
vt -0.5 93.25 0
vt 0.5 93.25 0
vt -0.5 93.3 0
vt 0.5 93.3 0
vt -0.5 93.35 0
vt 0.5 93.35 0
vt -0.5 93.4 0
vt 0.5 93.4 0
vt -0.5 93.45 0
vt 0.5 93.45 0
vt -0.5 93.5 0
vt 0.5 93.5 0
vt -0.5 93.55 0
vt 0.5 93.55 0
vt -0.5 93.6 0
vt 0.5 93.6 0
vt -0.5 93.65 0
vt 0.5 93.65 0
vt -0.5 93.7 0
vt 0.5 93.7 0
vt -0.5 93.75 0
vt 0.5 93.75 0
vt -0.5 93.8 0
vt 0.5 93.8 0
vt -0.5 93.85 0
vt 0.5 93.85 0
vt -0.5 93.9 0
vt 0.5 93.9 0
vt -0.5 93.95 0
vt 0.5 93.95 0
vt -0.5 94 0
vt 0.5 94 0
vt -0.5 94.05 0
vt 0.5 94.05 0
vt -0.5 94.1 0
vt 0.5 94.1 0
vt -0.5 94.15 0
vt 0.5 94.15 0
vt -0.5 94.2 0
vt 0.5 94.2 0
vt -0.5 94.25 0
vt 0.5 94.25 0
vt -0.5 94.3 0
vt 0.5 94.3 0
vt -0.5 94.35 0
vt 0.5 94.35 0
vt -0.5 94.4 0
vt 0.5 94.4 0
vt -0.5 94.45 0
vt 0.5 94.45 0
vt -0.5 94.5 0
vt 0.5 94.5 0
vt -0.5 94.55 0
vt 0.5 94.55 0
vt -0.5 94.6 0
vt 0.5 94.6 0
vt -0.5 94.65 0
vt 0.5 94.65 0
vt -0.5 94.7 0
vt 0.5 94.7 0
vt -0.5 94.75 0
vt 0.5 94.75 0
vt -0.5 94.8 0
vt 0.5 94.8 0
vt -0.5 94.85 0
vt 0.5 94.85 0
vt -0.5 94.9 0
vt 0.5 94.9 0
vt -0.5 94.95 0
vt 0.5 94.95 0
vt -0.5 95 0
vt 0.5 95 0
vt -0.5 95.05 0
vt 0.5 95.05 0
vt -0.5 95.1 0
vt 0.5 95.1 0
vt -0.5 95.15 0
vt 0.5 95.15 0
vt -0.5 95.2 0
vt 0.5 95.2 0
vt -0.5 95.25 0
vt 0.5 95.25 0
vt -0.5 95.3 0
vt 0.5 95.3 0
vt -0.5 95.35 0
vt 0.5 95.35 0
vt -0.5 95.4 0
vt 0.5 95.4 0
vt -0.5 95.45 0
vt 0.5 95.45 0
vt -0.5 95.5 0
vt 0.5 95.5 0
vt -0.5 95.55 0
vt 0.5 95.55 0
vt -0.5 95.6 0
vt 0.5 95.6 0
vt -0.5 95.65 0
vt 0.5 95.65 0
vt -0.5 95.7 0
vt 0.5 95.7 0
vt -0.5 95.75 0
vt 0.5 95.75 0
vt -0.5 95.8 0
vt 0.5 95.8 0
vt -0.5 95.85 0
vt 0.5 95.85 0
vt -0.5 95.9 0
vt 0.5 95.9 0
vt -0.5 95.95 0
vt 0.5 95.95 0
vt -0.5 96 0
vt 0.5 96 0
vt -0.5 96.05 0
vt 0.5 96.05 0
vt -0.5 96.1 0
vt 0.5 96.1 0
vt -0.5 96.15 0
vt 0.5 96.15 0
vt -0.5 96.2 0
vt 0.5 96.2 0
vt -0.5 96.25 0
vt 0.5 96.25 0
vt -0.5 96.3 0
vt 0.5 96.3 0
vt -0.5 96.35 0
vt 0.5 96.35 0
vt -0.5 96.4 0
vt 0.5 96.4 0
vt -0.5 96.45 0
vt 0.5 96.45 0
vt -0.5 96.5 0
vt 0.5 96.5 0
vt -0.5 96.55 0
vt 0.5 96.55 0
vt -0.5 96.6 0
vt 0.5 96.6 0
vt -0.5 96.65 0
vt 0.5 96.65 0
vt -0.5 96.7 0
vt 0.5 96.7 0
vt -0.5 96.75 0
vt 0.5 96.75 0
vt -0.5 96.8 0
vt 0.5 96.8 0
vt -0.5 96.85 0
vt 0.5 96.85 0
vt -0.5 96.9 0
vt 0.5 96.9 0
vt -0.5 96.95 0
vt 0.5 96.95 0
vt -0.5 97 0
vt 0.5 97 0
vt -0.5 97.05 0
vt 0.5 97.05 0
vt -0.5 97.1 0
vt 0.5 97.1 0
vt -0.5 97.15 0
vt 0.5 97.15 0
vt -0.5 97.2 0
vt 0.5 97.2 0
vt -0.5 97.25 0
vt 0.5 97.25 0
vt -0.5 97.3 0
vt 0.5 97.3 0
vt -0.5 97.35 0
vt 0.5 97.35 0
vt -0.5 97.4 0
vt 0.5 97.4 0
vt -0.5 97.45 0
vt 0.5 97.45 0
vt -0.5 97.5 0
vt 0.5 97.5 0
vt -0.5 97.55 0
vt 0.5 97.55 0
vt -0.5 97.6 0
vt 0.5 97.6 0
vt -0.5 97.65 0
vt 0.5 97.65 0
vt -0.5 97.7 0
vt 0.5 97.7 0
vt -0.5 97.75 0
vt 0.5 97.75 0
vt -0.5 97.8 0
vt 0.5 97.8 0
vt -0.5 97.85 0
vt 0.5 97.85 0
vt -0.5 97.9 0
vt 0.5 97.9 0
vt -0.5 97.95 0
vt 0.5 97.95 0
vt -0.5 98 0
vt 0.5 98 0
vt -0.5 98.05 0
vt 0.5 98.05 0
vt -0.5 98.1 0
vt 0.5 98.1 0
vt -0.5 98.15 0
vt 0.5 98.15 0
vt -0.5 98.2 0
vt 0.5 98.2 0
vt -0.5 98.25 0
vt 0.5 98.25 0
vt -0.5 98.3 0
vt 0.5 98.3 0
vt -0.5 98.35 0
vt 0.5 98.35 0
vt -0.5 98.4 0
vt 0.5 98.4 0
vt -0.5 98.45 0
vt 0.5 98.45 0
vt -0.5 98.5 0
vt 0.5 98.5 0
vt -0.5 98.55 0
vt 0.5 98.55 0
vt -0.5 98.6 0
vt 0.5 98.6 0
vt -0.5 98.65 0
vt 0.5 98.65 0
vt -0.5 98.7 0
vt 0.5 98.7 0
vt -0.5 98.75 0
vt 0.5 98.75 0
vt -0.5 98.8 0
vt 0.5 98.8 0
vt -0.5 98.85 0
vt 0.5 98.85 0
vt -0.5 98.9 0
vt 0.5 98.9 0
vt -0.5 98.95 0
vt 0.5 98.95 0
vt -0.5 99 0
vt 0.5 99 0
vt -0.5 99.05 0
vt 0.5 99.05 0
vt -0.5 99.1 0
vt 0.5 99.1 0
vt -0.5 99.15 0
vt 0.5 99.15 0
vt -0.5 99.2 0
vt 0.5 99.2 0
vt -0.5 99.25 0
vt 0.5 99.25 0
vt -0.5 99.3 0
vt 0.5 99.3 0
vt -0.5 99.35 0
vt 0.5 99.35 0
vt -0.5 99.4 0
vt 0.5 99.4 0
vt -0.5 99.45 0
vt 0.5 99.45 0
vt -0.5 99.5 0
vt 0.5 99.5 0
vt -0.5 99.55 0
vt 0.5 99.55 0
vt -0.5 99.6 0
vt 0.5 99.6 0
vt -0.5 99.65 0
vt 0.5 99.65 0
vt -0.5 99.7 0
vt 0.5 99.7 0
vt -0.5 99.75 0
vt 0.5 99.75 0
vt -0.5 99.8 0
vt 0.5 99.8 0
vt -0.5 99.85 0
vt 0.5 99.85 0
vt -0.5 99.9 0
vt 0.5 99.9 0
vt -0.5 99.95 0
vt 0.5 99.95 0
vt -0.5 100 0
vt 0.5 100 0
vt -0.5 100.05 0
vt 0.5 100.05 0
vt -0.5 100.1 0
vt 0.5 100.1 0
vt -0.5 100.15 0
vt 0.5 100.15 0
vt -0.5 100.2 0
vt 0.5 100.2 0
vt -0.5 100.25 0
vt 0.5 100.25 0
vt -0.5 100.3 0
vt 0.5 100.3 0
vt -0.5 100.35 0
vt 0.5 100.35 0
vt -0.5 100.4 0
vt 0.5 100.4 0
vt -0.5 100.45 0
vt 0.5 100.45 0
vt -0.5 100.5 0
vt 0.5 100.5 0
vt -0.5 100.55 0
vt 0.5 100.55 0
vt -0.5 100.6 0
vt 0.5 100.6 0
vt -0.5 100.65 0
vt 0.5 100.65 0
vt -0.5 100.7 0
vt 0.5 100.7 0
vt -0.5 100.75 0
vt 0.5 100.75 0
vt -0.5 100.8 0
vt 0.5 100.8 0
vt -0.5 100.85 0
vt 0.5 100.85 0
vt -0.5 100.9 0
vt 0.5 100.9 0
vt -0.5 100.95 0
vt 0.5 100.95 0
vt -0.5 101 0
vt 0.5 101 0
vt -0.5 101.05 0
vt 0.5 101.05 0
vt -0.5 101.1 0
vt 0.5 101.1 0
vt -0.5 101.15 0
vt 0.5 101.15 0
vt -0.5 101.2 0
vt 0.5 101.2 0
vt -0.5 101.25 0
vt 0.5 101.25 0
vt -0.5 101.3 0
vt 0.5 101.3 0
vt -0.5 101.35 0
vt 0.5 101.35 0
vt -0.5 101.4 0
vt 0.5 101.4 0
vt -0.5 101.45 0
vt 0.5 101.45 0
vt -0.5 101.5 0
vt 0.5 101.5 0
vt -0.5 101.55 0
vt 0.5 101.55 0
vt -0.5 101.6 0
vt 0.5 101.6 0
vt -0.5 101.65 0
vt 0.5 101.65 0
vt -0.5 101.7 0
vt 0.5 101.7 0
vt -0.5 101.75 0
vt 0.5 101.75 0
vt -0.5 101.8 0
vt 0.5 101.8 0
vt -0.5 101.85 0
vt 0.5 101.85 0
vt -0.5 101.9 0
vt 0.5 101.9 0
vt -0.5 101.95 0
vt 0.5 101.95 0
vt -0.5 102 0
vt 0.5 102 0
vt -0.5 102.05 0
vt 0.5 102.05 0
vt -0.5 102.1 0
vt 0.5 102.1 0
vt -0.5 102.15 0
vt 0.5 102.15 0
vt -0.5 102.2 0
vt 0.5 102.2 0
vt -0.5 102.25 0
vt 0.5 102.25 0
vt -0.5 102.3 0
vt 0.5 102.3 0
vt -0.5 102.35 0
vt 0.5 102.35 0
vt -0.5 102.4 0
vt 0.5 102.4 0
vt -0.5 102.45 0
vt 0.5 102.45 0
vt -0.5 102.5 0
vt 0.5 102.5 0
vt -0.5 102.55 0
vt 0.5 102.55 0
vt -0.5 102.596 0
vt 0.5 102.596 0
g vroa_Endurance Track
usemtl GRAY
f 4/4 1/1 2/2
f 4/4 3/3 1/1
f 6/6 3/3 4/4
f 6/6 5/5 3/3
f 8/8 5/5 6/6
f 8/8 7/7 5/5
f 10/10 7/7 8/8
f 10/10 9/9 7/7
f 12/12 9/9 10/10
f 12/12 11/11 9/9
f 14/14 11/11 12/12
f 14/14 13/13 11/11
f 16/16 13/13 14/14
f 16/16 15/15 13/13
f 18/18 15/15 16/16
f 18/18 17/17 15/15
f 20/20 17/17 18/18
f 20/20 19/19 17/17
f 22/22 19/19 20/20
f 22/22 21/21 19/19
f 24/24 21/21 22/22
f 24/24 23/23 21/21
f 26/26 23/23 24/24
f 26/26 25/25 23/23
f 28/28 25/25 26/26
f 28/28 27/27 25/25
f 30/30 27/27 28/28
f 30/30 29/29 27/27
f 32/32 29/29 30/30
f 32/32 31/31 29/29
f 34/34 31/31 32/32
f 34/34 33/33 31/31
f 36/36 33/33 34/34
f 36/36 35/35 33/33
f 38/38 35/35 36/36
f 38/38 37/37 35/35
f 40/40 37/37 38/38
f 40/40 39/39 37/37
f 42/42 39/39 40/40
f 42/42 41/41 39/39
f 44/44 41/41 42/42
f 44/44 43/43 41/41
f 46/46 43/43 44/44
f 46/46 45/45 43/43
f 48/48 45/45 46/46
f 48/48 47/47 45/45
f 50/50 47/47 48/48
f 50/50 49/49 47/47
f 52/52 49/49 50/50
f 52/52 51/51 49/49
f 54/54 51/51 52/52
f 54/54 53/53 51/51
f 56/56 53/53 54/54
f 56/56 55/55 53/53
f 58/58 55/55 56/56
f 58/58 57/57 55/55
f 60/60 57/57 58/58
f 60/60 59/59 57/57
f 62/62 59/59 60/60
f 62/62 61/61 59/59
f 64/64 61/61 62/62
f 64/64 63/63 61/61
f 66/66 63/63 64/64
f 66/66 65/65 63/63
f 68/68 65/65 66/66
f 68/68 67/67 65/65
f 70/70 67/67 68/68
f 70/70 69/69 67/67
f 72/72 69/69 70/70
f 72/72 71/71 69/69
f 74/74 71/71 72/72
f 74/74 73/73 71/71
f 76/76 73/73 74/74
f 76/76 75/75 73/73
f 78/78 75/75 76/76
f 78/78 77/77 75/75
f 80/80 77/77 78/78
f 80/80 79/79 77/77
f 82/82 79/79 80/80
f 82/82 81/81 79/79
f 84/84 81/81 82/82
f 84/84 83/83 81/81
f 86/86 83/83 84/84
f 86/86 85/85 83/83
f 88/88 85/85 86/86
f 88/88 87/87 85/85
f 90/90 87/87 88/88
f 90/90 89/89 87/87
f 92/92 89/89 90/90
f 92/92 91/91 89/89
f 94/94 91/91 92/92
f 94/94 93/93 91/91
f 96/96 93/93 94/94
f 96/96 95/95 93/93
f 98/98 95/95 96/96
f 98/98 97/97 95/95
f 100/100 97/97 98/98
f 100/100 99/99 97/97
f 102/102 99/99 100/100
f 102/102 101/101 99/99
f 104/104 101/101 102/102
f 104/104 103/103 101/101
f 106/106 103/103 104/104
f 106/106 105/105 103/103
f 108/108 105/105 106/106
f 108/108 107/107 105/105
f 110/110 107/107 108/108
f 110/110 109/109 107/107
f 112/112 109/109 110/110
f 112/112 111/111 109/109
f 114/114 111/111 112/112
f 114/114 113/113 111/111
f 116/116 113/113 114/114
f 116/116 115/115 113/113
f 118/118 115/115 116/116
f 118/118 117/117 115/115
f 120/120 117/117 118/118
f 120/120 119/119 117/117
f 122/122 119/119 120/120
f 122/122 121/121 119/119
f 124/124 121/121 122/122
f 124/124 123/123 121/121
f 126/126 123/123 124/124
f 126/126 125/125 123/123
f 128/128 125/125 126/126
f 128/128 127/127 125/125
f 130/130 127/127 128/128
f 130/130 129/129 127/127
f 132/132 129/129 130/130
f 132/132 131/131 129/129
f 134/134 131/131 132/132
f 134/134 133/133 131/131
f 136/136 133/133 134/134
f 136/136 135/135 133/133
f 138/138 135/135 136/136
f 138/138 137/137 135/135
f 140/140 137/137 138/138
f 140/140 139/139 137/137
f 142/142 139/139 140/140
f 142/142 141/141 139/139
f 144/144 141/141 142/142
f 144/144 143/143 141/141
f 146/146 143/143 144/144
f 146/146 145/145 143/143
f 148/148 145/145 146/146
f 148/148 147/147 145/145
f 150/150 147/147 148/148
f 150/150 149/149 147/147
f 152/152 149/149 150/150
f 152/152 151/151 149/149
f 154/154 151/151 152/152
f 154/154 153/153 151/151
f 156/156 153/153 154/154
f 156/156 155/155 153/153
f 158/158 155/155 156/156
f 158/158 157/157 155/155
f 160/160 157/157 158/158
f 160/160 159/159 157/157
f 162/162 159/159 160/160
f 162/162 161/161 159/159
f 164/164 161/161 162/162
f 164/164 163/163 161/161
f 166/166 163/163 164/164
f 166/166 165/165 163/163
f 168/168 165/165 166/166
f 168/168 167/167 165/165
f 170/170 167/167 168/168
f 170/170 169/169 167/167
f 172/172 169/169 170/170
f 172/172 171/171 169/169
f 174/174 171/171 172/172
f 174/174 173/173 171/171
f 176/176 173/173 174/174
f 176/176 175/175 173/173
f 178/178 175/175 176/176
f 178/178 177/177 175/175
f 180/180 177/177 178/178
f 180/180 179/179 177/177
f 182/182 179/179 180/180
f 182/182 181/181 179/179
f 184/184 181/181 182/182
f 184/184 183/183 181/181
f 186/186 183/183 184/184
f 186/186 185/185 183/183
f 188/188 185/185 186/186
f 188/188 187/187 185/185
f 190/190 187/187 188/188
f 190/190 189/189 187/187
f 192/192 189/189 190/190
f 192/192 191/191 189/189
f 194/194 191/191 192/192
f 194/194 193/193 191/191
f 196/196 193/193 194/194
f 196/196 195/195 193/193
f 198/198 195/195 196/196
f 198/198 197/197 195/195
f 200/200 197/197 198/198
f 200/200 199/199 197/197
f 202/202 199/199 200/200
f 202/202 201/201 199/199
f 204/204 201/201 202/202
f 204/204 203/203 201/201
f 206/206 203/203 204/204
f 206/206 205/205 203/203
f 208/208 205/205 206/206
f 208/208 207/207 205/205
f 210/210 207/207 208/208
f 210/210 209/209 207/207
f 212/212 209/209 210/210
f 212/212 211/211 209/209
f 214/214 211/211 212/212
f 214/214 213/213 211/211
f 216/216 213/213 214/214
f 216/216 215/215 213/213
f 218/218 215/215 216/216
f 218/218 217/217 215/215
f 220/220 217/217 218/218
f 220/220 219/219 217/217
f 222/222 219/219 220/220
f 222/222 221/221 219/219
f 224/224 221/221 222/222
f 224/224 223/223 221/221
f 226/226 223/223 224/224
f 226/226 225/225 223/223
f 228/228 225/225 226/226
f 228/228 227/227 225/225
f 230/230 227/227 228/228
f 230/230 229/229 227/227
f 232/232 229/229 230/230
f 232/232 231/231 229/229
f 234/234 231/231 232/232
f 234/234 233/233 231/231
f 236/236 233/233 234/234
f 236/236 235/235 233/233
f 238/238 235/235 236/236
f 238/238 237/237 235/235
f 240/240 237/237 238/238
f 240/240 239/239 237/237
f 242/242 239/239 240/240
f 242/242 241/241 239/239
f 244/244 241/241 242/242
f 244/244 243/243 241/241
f 246/246 243/243 244/244
f 246/246 245/245 243/243
f 248/248 245/245 246/246
f 248/248 247/247 245/245
f 250/250 247/247 248/248
f 250/250 249/249 247/247
f 252/252 249/249 250/250
f 252/252 251/251 249/249
f 254/254 251/251 252/252
f 254/254 253/253 251/251
f 256/256 253/253 254/254
f 256/256 255/255 253/253
f 258/258 255/255 256/256
f 258/258 257/257 255/255
f 260/260 257/257 258/258
f 260/260 259/259 257/257
f 262/262 259/259 260/260
f 262/262 261/261 259/259
f 264/264 261/261 262/262
f 264/264 263/263 261/261
f 266/266 263/263 264/264
f 266/266 265/265 263/263
f 268/268 265/265 266/266
f 268/268 267/267 265/265
f 270/270 267/267 268/268
f 270/270 269/269 267/267
f 272/272 269/269 270/270
f 272/272 271/271 269/269
f 274/274 271/271 272/272
f 274/274 273/273 271/271
f 276/276 273/273 274/274
f 276/276 275/275 273/273
f 278/278 275/275 276/276
f 278/278 277/277 275/275
f 280/280 277/277 278/278
f 280/280 279/279 277/277
f 282/282 279/279 280/280
f 282/282 281/281 279/279
f 284/284 281/281 282/282
f 284/284 283/283 281/281
f 286/286 283/283 284/284
f 286/286 285/285 283/283
f 288/288 285/285 286/286
f 288/288 287/287 285/285
f 290/290 287/287 288/288
f 290/290 289/289 287/287
f 292/292 289/289 290/290
f 292/292 291/291 289/289
f 294/294 291/291 292/292
f 294/294 293/293 291/291
f 296/296 293/293 294/294
f 296/296 295/295 293/293
f 298/298 295/295 296/296
f 298/298 297/297 295/295
f 300/300 297/297 298/298
f 300/300 299/299 297/297
f 302/302 299/299 300/300
f 302/302 301/301 299/299
f 304/304 301/301 302/302
f 304/304 303/303 301/301
f 306/306 303/303 304/304
f 306/306 305/305 303/303
f 308/308 305/305 306/306
f 308/308 307/307 305/305
f 310/310 307/307 308/308
f 310/310 309/309 307/307
f 312/312 309/309 310/310
f 312/312 311/311 309/309
f 314/314 311/311 312/312
f 314/314 313/313 311/311
f 316/316 313/313 314/314
f 316/316 315/315 313/313
f 318/318 315/315 316/316
f 318/318 317/317 315/315
f 320/320 317/317 318/318
f 320/320 319/319 317/317
f 322/322 319/319 320/320
f 322/322 321/321 319/319
f 324/324 321/321 322/322
f 324/324 323/323 321/321
f 326/326 323/323 324/324
f 326/326 325/325 323/323
f 328/328 325/325 326/326
f 328/328 327/327 325/325
f 330/330 327/327 328/328
f 330/330 329/329 327/327
f 332/332 329/329 330/330
f 332/332 331/331 329/329
f 334/334 331/331 332/332
f 334/334 333/333 331/331
f 336/336 333/333 334/334
f 336/336 335/335 333/333
f 338/338 335/335 336/336
f 338/338 337/337 335/335
f 340/340 337/337 338/338
f 340/340 339/339 337/337
f 342/342 339/339 340/340
f 342/342 341/341 339/339
f 344/344 341/341 342/342
f 344/344 343/343 341/341
f 346/346 343/343 344/344
f 346/346 345/345 343/343
f 348/348 345/345 346/346
f 348/348 347/347 345/345
f 350/350 347/347 348/348
f 350/350 349/349 347/347
f 352/352 349/349 350/350
f 352/352 351/351 349/349
f 354/354 351/351 352/352
f 354/354 353/353 351/351
f 356/356 353/353 354/354
f 356/356 355/355 353/353
f 358/358 355/355 356/356
f 358/358 357/357 355/355
f 360/360 357/357 358/358
f 360/360 359/359 357/357
f 362/362 359/359 360/360
f 362/362 361/361 359/359
f 364/364 361/361 362/362
f 364/364 363/363 361/361
f 366/366 363/363 364/364
f 366/366 365/365 363/363
f 368/368 365/365 366/366
f 368/368 367/367 365/365
f 370/370 367/367 368/368
f 370/370 369/369 367/367
f 372/372 369/369 370/370
f 372/372 371/371 369/369
f 374/374 371/371 372/372
f 374/374 373/373 371/371
f 376/376 373/373 374/374
f 376/376 375/375 373/373
f 378/378 375/375 376/376
f 378/378 377/377 375/375
f 380/380 377/377 378/378
f 380/380 379/379 377/377
f 382/382 379/379 380/380
f 382/382 381/381 379/379
f 384/384 381/381 382/382
f 384/384 383/383 381/381
f 386/386 383/383 384/384
f 386/386 385/385 383/383
f 388/388 385/385 386/386
f 388/388 387/387 385/385
f 390/390 387/387 388/388
f 390/390 389/389 387/387
f 392/392 389/389 390/390
f 392/392 391/391 389/389
f 394/394 391/391 392/392
f 394/394 393/393 391/391
f 396/396 393/393 394/394
f 396/396 395/395 393/393
f 398/398 395/395 396/396
f 398/398 397/397 395/395
f 400/400 397/397 398/398
f 400/400 399/399 397/397
f 402/402 399/399 400/400
f 402/402 401/401 399/399
f 404/404 401/401 402/402
f 404/404 403/403 401/401
f 406/406 403/403 404/404
f 406/406 405/405 403/403
f 408/408 405/405 406/406
f 408/408 407/407 405/405
f 410/410 407/407 408/408
f 410/410 409/409 407/407
f 412/412 409/409 410/410
f 412/412 411/411 409/409
f 414/414 411/411 412/412
f 414/414 413/413 411/411
f 416/416 413/413 414/414
f 416/416 415/415 413/413
f 418/418 415/415 416/416
f 418/418 417/417 415/415
f 420/420 417/417 418/418
f 420/420 419/419 417/417
f 422/422 419/419 420/420
f 422/422 421/421 419/419
f 424/424 421/421 422/422
f 424/424 423/423 421/421
f 426/426 423/423 424/424
f 426/426 425/425 423/423
f 428/428 425/425 426/426
f 428/428 427/427 425/425
f 430/430 427/427 428/428
f 430/430 429/429 427/427
f 432/432 429/429 430/430
f 432/432 431/431 429/429
f 434/434 431/431 432/432
f 434/434 433/433 431/431
f 436/436 433/433 434/434
f 436/436 435/435 433/433
f 438/438 435/435 436/436
f 438/438 437/437 435/435
f 440/440 437/437 438/438
f 440/440 439/439 437/437
f 442/442 439/439 440/440
f 442/442 441/441 439/439
f 444/444 441/441 442/442
f 444/444 443/443 441/441
f 446/446 443/443 444/444
f 446/446 445/445 443/443
f 448/448 445/445 446/446
f 448/448 447/447 445/445
f 450/450 447/447 448/448
f 450/450 449/449 447/447
f 452/452 449/449 450/450
f 452/452 451/451 449/449
f 454/454 451/451 452/452
f 454/454 453/453 451/451
f 456/456 453/453 454/454
f 456/456 455/455 453/453
f 458/458 455/455 456/456
f 458/458 457/457 455/455
f 460/460 457/457 458/458
f 460/460 459/459 457/457
f 462/462 459/459 460/460
f 462/462 461/461 459/459
f 464/464 461/461 462/462
f 464/464 463/463 461/461
f 466/466 463/463 464/464
f 466/466 465/465 463/463
f 468/468 465/465 466/466
f 468/468 467/467 465/465
f 470/470 467/467 468/468
f 470/470 469/469 467/467
f 472/472 469/469 470/470
f 472/472 471/471 469/469
f 474/474 471/471 472/472
f 474/474 473/473 471/471
f 476/476 473/473 474/474
f 476/476 475/475 473/473
f 478/478 475/475 476/476
f 478/478 477/477 475/475
f 480/480 477/477 478/478
f 480/480 479/479 477/477
f 482/482 479/479 480/480
f 482/482 481/481 479/479
f 484/484 481/481 482/482
f 484/484 483/483 481/481
f 486/486 483/483 484/484
f 486/486 485/485 483/483
f 488/488 485/485 486/486
f 488/488 487/487 485/485
f 490/490 487/487 488/488
f 490/490 489/489 487/487
f 492/492 489/489 490/490
f 492/492 491/491 489/489
f 494/494 491/491 492/492
f 494/494 493/493 491/491
f 496/496 493/493 494/494
f 496/496 495/495 493/493
f 498/498 495/495 496/496
f 498/498 497/497 495/495
f 500/500 497/497 498/498
f 500/500 499/499 497/497
f 502/502 499/499 500/500
f 502/502 501/501 499/499
f 504/504 501/501 502/502
f 504/504 503/503 501/501
f 506/506 503/503 504/504
f 506/506 505/505 503/503
f 508/508 505/505 506/506
f 508/508 507/507 505/505
f 510/510 507/507 508/508
f 510/510 509/509 507/507
f 512/512 509/509 510/510
f 512/512 511/511 509/509
f 514/514 511/511 512/512
f 514/514 513/513 511/511
f 516/516 513/513 514/514
f 516/516 515/515 513/513
f 518/518 515/515 516/516
f 518/518 517/517 515/515
f 520/520 517/517 518/518
f 520/520 519/519 517/517
f 522/522 519/519 520/520
f 522/522 521/521 519/519
f 524/524 521/521 522/522
f 524/524 523/523 521/521
f 526/526 523/523 524/524
f 526/526 525/525 523/523
f 528/528 525/525 526/526
f 528/528 527/527 525/525
f 530/530 527/527 528/528
f 530/530 529/529 527/527
f 532/532 529/529 530/530
f 532/532 531/531 529/529
f 534/534 531/531 532/532
f 534/534 533/533 531/531
f 536/536 533/533 534/534
f 536/536 535/535 533/533
f 538/538 535/535 536/536
f 538/538 537/537 535/535
f 540/540 537/537 538/538
f 540/540 539/539 537/537
f 542/542 539/539 540/540
f 542/542 541/541 539/539
f 544/544 541/541 542/542
f 544/544 543/543 541/541
f 546/546 543/543 544/544
f 546/546 545/545 543/543
f 548/548 545/545 546/546
f 548/548 547/547 545/545
f 550/550 547/547 548/548
f 550/550 549/549 547/547
f 552/552 549/549 550/550
f 552/552 551/551 549/549
f 554/554 551/551 552/552
f 554/554 553/553 551/551
f 556/556 553/553 554/554
f 556/556 555/555 553/553
f 558/558 555/555 556/556
f 558/558 557/557 555/555
f 560/560 557/557 558/558
f 560/560 559/559 557/557
f 562/562 559/559 560/560
f 562/562 561/561 559/559
f 564/564 561/561 562/562
f 564/564 563/563 561/561
f 566/566 563/563 564/564
f 566/566 565/565 563/563
f 568/568 565/565 566/566
f 568/568 567/567 565/565
f 570/570 567/567 568/568
f 570/570 569/569 567/567
f 572/572 569/569 570/570
f 572/572 571/571 569/569
f 574/574 571/571 572/572
f 574/574 573/573 571/571
f 576/576 573/573 574/574
f 576/576 575/575 573/573
f 578/578 575/575 576/576
f 578/578 577/577 575/575
f 580/580 577/577 578/578
f 580/580 579/579 577/577
f 582/582 579/579 580/580
f 582/582 581/581 579/579
f 584/584 581/581 582/582
f 584/584 583/583 581/581
f 586/586 583/583 584/584
f 586/586 585/585 583/583
f 588/588 585/585 586/586
f 588/588 587/587 585/585
f 590/590 587/587 588/588
f 590/590 589/589 587/587
f 592/592 589/589 590/590
f 592/592 591/591 589/589
f 594/594 591/591 592/592
f 594/594 593/593 591/591
f 596/596 593/593 594/594
f 596/596 595/595 593/593
f 598/598 595/595 596/596
f 598/598 597/597 595/595
f 600/600 597/597 598/598
f 600/600 599/599 597/597
f 602/602 599/599 600/600
f 602/602 601/601 599/599
f 604/604 601/601 602/602
f 604/604 603/603 601/601
f 606/606 603/603 604/604
f 606/606 605/605 603/603
f 608/608 605/605 606/606
f 608/608 607/607 605/605
f 610/610 607/607 608/608
f 610/610 609/609 607/607
f 612/612 609/609 610/610
f 612/612 611/611 609/609
f 614/614 611/611 612/612
f 614/614 613/613 611/611
f 616/616 613/613 614/614
f 616/616 615/615 613/613
f 618/618 615/615 616/616
f 618/618 617/617 615/615
f 620/620 617/617 618/618
f 620/620 619/619 617/617
f 622/622 619/619 620/620
f 622/622 621/621 619/619
f 624/624 621/621 622/622
f 624/624 623/623 621/621
f 626/626 623/623 624/624
f 626/626 625/625 623/623
f 628/628 625/625 626/626
f 628/628 627/627 625/625
f 630/630 627/627 628/628
f 630/630 629/629 627/627
f 632/632 629/629 630/630
f 632/632 631/631 629/629
f 634/634 631/631 632/632
f 634/634 633/633 631/631
f 636/636 633/633 634/634
f 636/636 635/635 633/633
f 638/638 635/635 636/636
f 638/638 637/637 635/635
f 640/640 637/637 638/638
f 640/640 639/639 637/637
f 642/642 639/639 640/640
f 642/642 641/641 639/639
f 644/644 641/641 642/642
f 644/644 643/643 641/641
f 646/646 643/643 644/644
f 646/646 645/645 643/643
f 648/648 645/645 646/646
f 648/648 647/647 645/645
f 650/650 647/647 648/648
f 650/650 649/649 647/647
f 652/652 649/649 650/650
f 652/652 651/651 649/649
f 654/654 651/651 652/652
f 654/654 653/653 651/651
f 656/656 653/653 654/654
f 656/656 655/655 653/653
f 658/658 655/655 656/656
f 658/658 657/657 655/655
f 660/660 657/657 658/658
f 660/660 659/659 657/657
f 662/662 659/659 660/660
f 662/662 661/661 659/659
f 664/664 661/661 662/662
f 664/664 663/663 661/661
f 666/666 663/663 664/664
f 666/666 665/665 663/663
f 668/668 665/665 666/666
f 668/668 667/667 665/665
f 670/670 667/667 668/668
f 670/670 669/669 667/667
f 672/672 669/669 670/670
f 672/672 671/671 669/669
f 674/674 671/671 672/672
f 674/674 673/673 671/671
f 676/676 673/673 674/674
f 676/676 675/675 673/673
f 678/678 675/675 676/676
f 678/678 677/677 675/675
f 680/680 677/677 678/678
f 680/680 679/679 677/677
f 682/682 679/679 680/680
f 682/682 681/681 679/679
f 684/684 681/681 682/682
f 684/684 683/683 681/681
f 686/686 683/683 684/684
f 686/686 685/685 683/683
f 688/688 685/685 686/686
f 688/688 687/687 685/685
f 690/690 687/687 688/688
f 690/690 689/689 687/687
f 692/692 689/689 690/690
f 692/692 691/691 689/689
f 694/694 691/691 692/692
f 694/694 693/693 691/691
f 696/696 693/693 694/694
f 696/696 695/695 693/693
f 698/698 695/695 696/696
f 698/698 697/697 695/695
f 700/700 697/697 698/698
f 700/700 699/699 697/697
f 702/702 699/699 700/700
f 702/702 701/701 699/699
f 704/704 701/701 702/702
f 704/704 703/703 701/701
f 706/706 703/703 704/704
f 706/706 705/705 703/703
f 708/708 705/705 706/706
f 708/708 707/707 705/705
f 710/710 707/707 708/708
f 710/710 709/709 707/707
f 712/712 709/709 710/710
f 712/712 711/711 709/709
f 714/714 711/711 712/712
f 714/714 713/713 711/711
f 716/716 713/713 714/714
f 716/716 715/715 713/713
f 718/718 715/715 716/716
f 718/718 717/717 715/715
f 720/720 717/717 718/718
f 720/720 719/719 717/717
f 722/722 719/719 720/720
f 722/722 721/721 719/719
f 724/724 721/721 722/722
f 724/724 723/723 721/721
f 726/726 723/723 724/724
f 726/726 725/725 723/723
f 728/728 725/725 726/726
f 728/728 727/727 725/725
f 730/730 727/727 728/728
f 730/730 729/729 727/727
f 732/732 729/729 730/730
f 732/732 731/731 729/729
f 734/734 731/731 732/732
f 734/734 733/733 731/731
f 736/736 733/733 734/734
f 736/736 735/735 733/733
f 738/738 735/735 736/736
f 738/738 737/737 735/735
f 740/740 737/737 738/738
f 740/740 739/739 737/737
f 742/742 739/739 740/740
f 742/742 741/741 739/739
f 744/744 741/741 742/742
f 744/744 743/743 741/741
f 746/746 743/743 744/744
f 746/746 745/745 743/743
f 748/748 745/745 746/746
f 748/748 747/747 745/745
f 750/750 747/747 748/748
f 750/750 749/749 747/747
f 752/752 749/749 750/750
f 752/752 751/751 749/749
f 754/754 751/751 752/752
f 754/754 753/753 751/751
f 756/756 753/753 754/754
f 756/756 755/755 753/753
f 758/758 755/755 756/756
f 758/758 757/757 755/755
f 760/760 757/757 758/758
f 760/760 759/759 757/757
f 762/762 759/759 760/760
f 762/762 761/761 759/759
f 764/764 761/761 762/762
f 764/764 763/763 761/761
f 766/766 763/763 764/764
f 766/766 765/765 763/763
f 768/768 765/765 766/766
f 768/768 767/767 765/765
f 770/770 767/767 768/768
f 770/770 769/769 767/767
f 772/772 769/769 770/770
f 772/772 771/771 769/769
f 774/774 771/771 772/772
f 774/774 773/773 771/771
f 776/776 773/773 774/774
f 776/776 775/775 773/773
f 778/778 775/775 776/776
f 778/778 777/777 775/775
f 780/780 777/777 778/778
f 780/780 779/779 777/777
f 782/782 779/779 780/780
f 782/782 781/781 779/779
f 784/784 781/781 782/782
f 784/784 783/783 781/781
f 786/786 783/783 784/784
f 786/786 785/785 783/783
f 788/788 785/785 786/786
f 788/788 787/787 785/785
f 790/790 787/787 788/788
f 790/790 789/789 787/787
f 792/792 789/789 790/790
f 792/792 791/791 789/789
f 794/794 791/791 792/792
f 794/794 793/793 791/791
f 796/796 793/793 794/794
f 796/796 795/795 793/793
f 798/798 795/795 796/796
f 798/798 797/797 795/795
f 800/800 797/797 798/798
f 800/800 799/799 797/797
f 802/802 799/799 800/800
f 802/802 801/801 799/799
f 804/804 801/801 802/802
f 804/804 803/803 801/801
f 806/806 803/803 804/804
f 806/806 805/805 803/803
f 808/808 805/805 806/806
f 808/808 807/807 805/805
f 810/810 807/807 808/808
f 810/810 809/809 807/807
f 812/812 809/809 810/810
f 812/812 811/811 809/809
f 814/814 811/811 812/812
f 814/814 813/813 811/811
f 816/816 813/813 814/814
f 816/816 815/815 813/813
f 818/818 815/815 816/816
f 818/818 817/817 815/815
f 820/820 817/817 818/818
f 820/820 819/819 817/817
f 822/822 819/819 820/820
f 822/822 821/821 819/819
f 824/824 821/821 822/822
f 824/824 823/823 821/821
f 826/826 823/823 824/824
f 826/826 825/825 823/823
f 828/828 825/825 826/826
f 828/828 827/827 825/825
f 830/830 827/827 828/828
f 830/830 829/829 827/827
f 832/832 829/829 830/830
f 832/832 831/831 829/829
f 834/834 831/831 832/832
f 834/834 833/833 831/831
f 836/836 833/833 834/834
f 836/836 835/835 833/833
f 838/838 835/835 836/836
f 838/838 837/837 835/835
f 840/840 837/837 838/838
f 840/840 839/839 837/837
f 842/842 839/839 840/840
f 842/842 841/841 839/839
f 844/844 841/841 842/842
f 844/844 843/843 841/841
f 846/846 843/843 844/844
f 846/846 845/845 843/843
f 848/848 845/845 846/846
f 848/848 847/847 845/845
f 850/850 847/847 848/848
f 850/850 849/849 847/847
f 852/852 849/849 850/850
f 852/852 851/851 849/849
f 854/854 851/851 852/852
f 854/854 853/853 851/851
f 856/856 853/853 854/854
f 856/856 855/855 853/853
f 858/858 855/855 856/856
f 858/858 857/857 855/855
f 860/860 857/857 858/858
f 860/860 859/859 857/857
f 862/862 859/859 860/860
f 862/862 861/861 859/859
f 864/864 861/861 862/862
f 864/864 863/863 861/861
f 866/866 863/863 864/864
f 866/866 865/865 863/863
f 868/868 865/865 866/866
f 868/868 867/867 865/865
f 870/870 867/867 868/868
f 870/870 869/869 867/867
f 872/872 869/869 870/870
f 872/872 871/871 869/869
f 874/874 871/871 872/872
f 874/874 873/873 871/871
f 876/876 873/873 874/874
f 876/876 875/875 873/873
f 878/878 875/875 876/876
f 878/878 877/877 875/875
f 880/880 877/877 878/878
f 880/880 879/879 877/877
f 882/882 879/879 880/880
f 882/882 881/881 879/879
f 884/884 881/881 882/882
f 884/884 883/883 881/881
f 886/886 883/883 884/884
f 886/886 885/885 883/883
f 888/888 885/885 886/886
f 888/888 887/887 885/885
f 890/890 887/887 888/888
f 890/890 889/889 887/887
f 892/892 889/889 890/890
f 892/892 891/891 889/889
f 894/894 891/891 892/892
f 894/894 893/893 891/891
f 896/896 893/893 894/894
f 896/896 895/895 893/893
f 898/898 895/895 896/896
f 898/898 897/897 895/895
f 900/900 897/897 898/898
f 900/900 899/899 897/897
f 902/902 899/899 900/900
f 902/902 901/901 899/899
f 904/904 901/901 902/902
f 904/904 903/903 901/901
f 906/906 903/903 904/904
f 906/906 905/905 903/903
f 908/908 905/905 906/906
f 908/908 907/907 905/905
f 910/910 907/907 908/908
f 910/910 909/909 907/907
f 912/912 909/909 910/910
f 912/912 911/911 909/909
f 914/914 911/911 912/912
f 914/914 913/913 911/911
f 916/916 913/913 914/914
f 916/916 915/915 913/913
f 918/918 915/915 916/916
f 918/918 917/917 915/915
f 920/920 917/917 918/918
f 920/920 919/919 917/917
f 922/922 919/919 920/920
f 922/922 921/921 919/919
f 924/924 921/921 922/922
f 924/924 923/923 921/921
f 926/926 923/923 924/924
f 926/926 925/925 923/923
f 928/928 925/925 926/926
f 928/928 927/927 925/925
f 930/930 927/927 928/928
f 930/930 929/929 927/927
f 932/932 929/929 930/930
f 932/932 931/931 929/929
f 934/934 931/931 932/932
f 934/934 933/933 931/931
f 936/936 933/933 934/934
f 936/936 935/935 933/933
f 938/938 935/935 936/936
f 938/938 937/937 935/935
f 940/940 937/937 938/938
f 940/940 939/939 937/937
f 942/942 939/939 940/940
f 942/942 941/941 939/939
f 944/944 941/941 942/942
f 944/944 943/943 941/941
f 946/946 943/943 944/944
f 946/946 945/945 943/943
f 948/948 945/945 946/946
f 948/948 947/947 945/945
f 950/950 947/947 948/948
f 950/950 949/949 947/947
f 952/952 949/949 950/950
f 952/952 951/951 949/949
f 954/954 951/951 952/952
f 954/954 953/953 951/951
f 956/956 953/953 954/954
f 956/956 955/955 953/953
f 958/958 955/955 956/956
f 958/958 957/957 955/955
f 960/960 957/957 958/958
f 960/960 959/959 957/957
f 962/962 959/959 960/960
f 962/962 961/961 959/959
f 964/964 961/961 962/962
f 964/964 963/963 961/961
f 966/966 963/963 964/964
f 966/966 965/965 963/963
f 968/968 965/965 966/966
f 968/968 967/967 965/965
f 970/970 967/967 968/968
f 970/970 969/969 967/967
f 972/972 969/969 970/970
f 972/972 971/971 969/969
f 974/974 971/971 972/972
f 974/974 973/973 971/971
f 976/976 973/973 974/974
f 976/976 975/975 973/973
f 978/978 975/975 976/976
f 978/978 977/977 975/975
f 980/980 977/977 978/978
f 980/980 979/979 977/977
f 982/982 979/979 980/980
f 982/982 981/981 979/979
f 984/984 981/981 982/982
f 984/984 983/983 981/981
f 986/986 983/983 984/984
f 986/986 985/985 983/983
f 988/988 985/985 986/986
f 988/988 987/987 985/985
f 990/990 987/987 988/988
f 990/990 989/989 987/987
f 992/992 989/989 990/990
f 992/992 991/991 989/989
f 994/994 991/991 992/992
f 994/994 993/993 991/991
f 996/996 993/993 994/994
f 996/996 995/995 993/993
f 998/998 995/995 996/996
f 998/998 997/997 995/995
f 1000/1000 997/997 998/998
f 1000/1000 999/999 997/997
f 1002/1002 999/999 1000/1000
f 1002/1002 1001/1001 999/999
f 1004/1004 1001/1001 1002/1002
f 1004/1004 1003/1003 1001/1001
f 1006/1006 1003/1003 1004/1004
f 1006/1006 1005/1005 1003/1003
f 1008/1008 1005/1005 1006/1006
f 1008/1008 1007/1007 1005/1005
f 1010/1010 1007/1007 1008/1008
f 1010/1010 1009/1009 1007/1007
f 1012/1012 1009/1009 1010/1010
f 1012/1012 1011/1011 1009/1009
f 1014/1014 1011/1011 1012/1012
f 1014/1014 1013/1013 1011/1011
f 1016/1016 1013/1013 1014/1014
f 1016/1016 1015/1015 1013/1013
f 1018/1018 1015/1015 1016/1016
f 1018/1018 1017/1017 1015/1015
f 1020/1020 1017/1017 1018/1018
f 1020/1020 1019/1019 1017/1017
f 1022/1022 1019/1019 1020/1020
f 1022/1022 1021/1021 1019/1019
f 1024/1024 1021/1021 1022/1022
f 1024/1024 1023/1023 1021/1021
f 1026/1026 1023/1023 1024/1024
f 1026/1026 1025/1025 1023/1023
f 1028/1028 1025/1025 1026/1026
f 1028/1028 1027/1027 1025/1025
f 1030/1030 1027/1027 1028/1028
f 1030/1030 1029/1029 1027/1027
f 1032/1032 1029/1029 1030/1030
f 1032/1032 1031/1031 1029/1029
f 1034/1034 1031/1031 1032/1032
f 1034/1034 1033/1033 1031/1031
f 1036/1036 1033/1033 1034/1034
f 1036/1036 1035/1035 1033/1033
f 1038/1038 1035/1035 1036/1036
f 1038/1038 1037/1037 1035/1035
f 1040/1040 1037/1037 1038/1038
f 1040/1040 1039/1039 1037/1037
f 1042/1042 1039/1039 1040/1040
f 1042/1042 1041/1041 1039/1039
f 1044/1044 1041/1041 1042/1042
f 1044/1044 1043/1043 1041/1041
f 1046/1046 1043/1043 1044/1044
f 1046/1046 1045/1045 1043/1043
f 1048/1048 1045/1045 1046/1046
f 1048/1048 1047/1047 1045/1045
f 1050/1050 1047/1047 1048/1048
f 1050/1050 1049/1049 1047/1047
f 1052/1052 1049/1049 1050/1050
f 1052/1052 1051/1051 1049/1049
f 1054/1054 1051/1051 1052/1052
f 1054/1054 1053/1053 1051/1051
f 1056/1056 1053/1053 1054/1054
f 1056/1056 1055/1055 1053/1053
f 1058/1058 1055/1055 1056/1056
f 1058/1058 1057/1057 1055/1055
f 1060/1060 1057/1057 1058/1058
f 1060/1060 1059/1059 1057/1057
f 1062/1062 1059/1059 1060/1060
f 1062/1062 1061/1061 1059/1059
f 1064/1064 1061/1061 1062/1062
f 1064/1064 1063/1063 1061/1061
f 1066/1066 1063/1063 1064/1064
f 1066/1066 1065/1065 1063/1063
f 1068/1068 1065/1065 1066/1066
f 1068/1068 1067/1067 1065/1065
f 1070/1070 1067/1067 1068/1068
f 1070/1070 1069/1069 1067/1067
f 1072/1072 1069/1069 1070/1070
f 1072/1072 1071/1071 1069/1069
f 1074/1074 1071/1071 1072/1072
f 1074/1074 1073/1073 1071/1071
f 1076/1076 1073/1073 1074/1074
f 1076/1076 1075/1075 1073/1073
f 1078/1078 1075/1075 1076/1076
f 1078/1078 1077/1077 1075/1075
f 1080/1080 1077/1077 1078/1078
f 1080/1080 1079/1079 1077/1077
f 1082/1082 1079/1079 1080/1080
f 1082/1082 1081/1081 1079/1079
f 1084/1084 1081/1081 1082/1082
f 1084/1084 1083/1083 1081/1081
f 1086/1086 1083/1083 1084/1084
f 1086/1086 1085/1085 1083/1083
f 1088/1088 1085/1085 1086/1086
f 1088/1088 1087/1087 1085/1085
f 1090/1090 1087/1087 1088/1088
f 1090/1090 1089/1089 1087/1087
f 1092/1092 1089/1089 1090/1090
f 1092/1092 1091/1091 1089/1089
f 1094/1094 1091/1091 1092/1092
f 1094/1094 1093/1093 1091/1091
f 1096/1096 1093/1093 1094/1094
f 1096/1096 1095/1095 1093/1093
f 1098/1098 1095/1095 1096/1096
f 1098/1098 1097/1097 1095/1095
f 1100/1100 1097/1097 1098/1098
f 1100/1100 1099/1099 1097/1097
f 1102/1102 1099/1099 1100/1100
f 1102/1102 1101/1101 1099/1099
f 1104/1104 1101/1101 1102/1102
f 1104/1104 1103/1103 1101/1101
f 1106/1106 1103/1103 1104/1104
f 1106/1106 1105/1105 1103/1103
f 1108/1108 1105/1105 1106/1106
f 1108/1108 1107/1107 1105/1105
f 1110/1110 1107/1107 1108/1108
f 1110/1110 1109/1109 1107/1107
f 1112/1112 1109/1109 1110/1110
f 1112/1112 1111/1111 1109/1109
f 1114/1114 1111/1111 1112/1112
f 1114/1114 1113/1113 1111/1111
f 1116/1116 1113/1113 1114/1114
f 1116/1116 1115/1115 1113/1113
f 1118/1118 1115/1115 1116/1116
f 1118/1118 1117/1117 1115/1115
f 1120/1120 1117/1117 1118/1118
f 1120/1120 1119/1119 1117/1117
f 1122/1122 1119/1119 1120/1120
f 1122/1122 1121/1121 1119/1119
f 1124/1124 1121/1121 1122/1122
f 1124/1124 1123/1123 1121/1121
f 1126/1126 1123/1123 1124/1124
f 1126/1126 1125/1125 1123/1123
f 1128/1128 1125/1125 1126/1126
f 1128/1128 1127/1127 1125/1125
f 1130/1130 1127/1127 1128/1128
f 1130/1130 1129/1129 1127/1127
f 1132/1132 1129/1129 1130/1130
f 1132/1132 1131/1131 1129/1129
f 1134/1134 1131/1131 1132/1132
f 1134/1134 1133/1133 1131/1131
f 1136/1136 1133/1133 1134/1134
f 1136/1136 1135/1135 1133/1133
f 1138/1138 1135/1135 1136/1136
f 1138/1138 1137/1137 1135/1135
f 1140/1140 1137/1137 1138/1138
f 1140/1140 1139/1139 1137/1137
f 1142/1142 1139/1139 1140/1140
f 1142/1142 1141/1141 1139/1139
f 1144/1144 1141/1141 1142/1142
f 1144/1144 1143/1143 1141/1141
f 1146/1146 1143/1143 1144/1144
f 1146/1146 1145/1145 1143/1143
f 1148/1148 1145/1145 1146/1146
f 1148/1148 1147/1147 1145/1145
f 1150/1150 1147/1147 1148/1148
f 1150/1150 1149/1149 1147/1147
f 1152/1152 1149/1149 1150/1150
f 1152/1152 1151/1151 1149/1149
f 1154/1154 1151/1151 1152/1152
f 1154/1154 1153/1153 1151/1151
f 1156/1156 1153/1153 1154/1154
f 1156/1156 1155/1155 1153/1153
f 1158/1158 1155/1155 1156/1156
f 1158/1158 1157/1157 1155/1155
f 1160/1160 1157/1157 1158/1158
f 1160/1160 1159/1159 1157/1157
f 1162/1162 1159/1159 1160/1160
f 1162/1162 1161/1161 1159/1159
f 1164/1164 1161/1161 1162/1162
f 1164/1164 1163/1163 1161/1161
f 1166/1166 1163/1163 1164/1164
f 1166/1166 1165/1165 1163/1163
f 1168/1168 1165/1165 1166/1166
f 1168/1168 1167/1167 1165/1165
f 1170/1170 1167/1167 1168/1168
f 1170/1170 1169/1169 1167/1167
f 1172/1172 1169/1169 1170/1170
f 1172/1172 1171/1171 1169/1169
f 1174/1174 1171/1171 1172/1172
f 1174/1174 1173/1173 1171/1171
f 1176/1176 1173/1173 1174/1174
f 1176/1176 1175/1175 1173/1173
f 1178/1178 1175/1175 1176/1176
f 1178/1178 1177/1177 1175/1175
f 1180/1180 1177/1177 1178/1178
f 1180/1180 1179/1179 1177/1177
f 1182/1182 1179/1179 1180/1180
f 1182/1182 1181/1181 1179/1179
f 1184/1184 1181/1181 1182/1182
f 1184/1184 1183/1183 1181/1181
f 1186/1186 1183/1183 1184/1184
f 1186/1186 1185/1185 1183/1183
f 1188/1188 1185/1185 1186/1186
f 1188/1188 1187/1187 1185/1185
f 1190/1190 1187/1187 1188/1188
f 1190/1190 1189/1189 1187/1187
f 1192/1192 1189/1189 1190/1190
f 1192/1192 1191/1191 1189/1189
f 1194/1194 1191/1191 1192/1192
f 1194/1194 1193/1193 1191/1191
f 1196/1196 1193/1193 1194/1194
f 1196/1196 1195/1195 1193/1193
f 1198/1198 1195/1195 1196/1196
f 1198/1198 1197/1197 1195/1195
f 1200/1200 1197/1197 1198/1198
f 1200/1200 1199/1199 1197/1197
f 1202/1202 1199/1199 1200/1200
f 1202/1202 1201/1201 1199/1199
f 1204/1204 1201/1201 1202/1202
f 1204/1204 1203/1203 1201/1201
f 1206/1206 1203/1203 1204/1204
f 1206/1206 1205/1205 1203/1203
f 1208/1208 1205/1205 1206/1206
f 1208/1208 1207/1207 1205/1205
f 1210/1210 1207/1207 1208/1208
f 1210/1210 1209/1209 1207/1207
f 1212/1212 1209/1209 1210/1210
f 1212/1212 1211/1211 1209/1209
f 1214/1214 1211/1211 1212/1212
f 1214/1214 1213/1213 1211/1211
f 1216/1216 1213/1213 1214/1214
f 1216/1216 1215/1215 1213/1213
f 1218/1218 1215/1215 1216/1216
f 1218/1218 1217/1217 1215/1215
f 1220/1220 1217/1217 1218/1218
f 1220/1220 1219/1219 1217/1217
f 1222/1222 1219/1219 1220/1220
f 1222/1222 1221/1221 1219/1219
f 1224/1224 1221/1221 1222/1222
f 1224/1224 1223/1223 1221/1221
f 1226/1226 1223/1223 1224/1224
f 1226/1226 1225/1225 1223/1223
f 1228/1228 1225/1225 1226/1226
f 1228/1228 1227/1227 1225/1225
f 1230/1230 1227/1227 1228/1228
f 1230/1230 1229/1229 1227/1227
f 1232/1232 1229/1229 1230/1230
f 1232/1232 1231/1231 1229/1229
f 1234/1234 1231/1231 1232/1232
f 1234/1234 1233/1233 1231/1231
f 1236/1236 1233/1233 1234/1234
f 1236/1236 1235/1235 1233/1233
f 1238/1238 1235/1235 1236/1236
f 1238/1238 1237/1237 1235/1235
f 1240/1240 1237/1237 1238/1238
f 1240/1240 1239/1239 1237/1237
f 1242/1242 1239/1239 1240/1240
f 1242/1242 1241/1241 1239/1239
f 1244/1244 1241/1241 1242/1242
f 1244/1244 1243/1243 1241/1241
f 1246/1246 1243/1243 1244/1244
f 1246/1246 1245/1245 1243/1243
f 1248/1248 1245/1245 1246/1246
f 1248/1248 1247/1247 1245/1245
f 1250/1250 1247/1247 1248/1248
f 1250/1250 1249/1249 1247/1247
f 1252/1252 1249/1249 1250/1250
f 1252/1252 1251/1251 1249/1249
f 1254/1254 1251/1251 1252/1252
f 1254/1254 1253/1253 1251/1251
f 1256/1256 1253/1253 1254/1254
f 1256/1256 1255/1255 1253/1253
f 1258/1258 1255/1255 1256/1256
f 1258/1258 1257/1257 1255/1255
f 1260/1260 1257/1257 1258/1258
f 1260/1260 1259/1259 1257/1257
f 1262/1262 1259/1259 1260/1260
f 1262/1262 1261/1261 1259/1259
f 1264/1264 1261/1261 1262/1262
f 1264/1264 1263/1263 1261/1261
f 1266/1266 1263/1263 1264/1264
f 1266/1266 1265/1265 1263/1263
f 1268/1268 1265/1265 1266/1266
f 1268/1268 1267/1267 1265/1265
f 1270/1270 1267/1267 1268/1268
f 1270/1270 1269/1269 1267/1267
f 1272/1272 1269/1269 1270/1270
f 1272/1272 1271/1271 1269/1269
f 1274/1274 1271/1271 1272/1272
f 1274/1274 1273/1273 1271/1271
f 1276/1276 1273/1273 1274/1274
f 1276/1276 1275/1275 1273/1273
f 1278/1278 1275/1275 1276/1276
f 1278/1278 1277/1277 1275/1275
f 1280/1280 1277/1277 1278/1278
f 1280/1280 1279/1279 1277/1277
f 1282/1282 1279/1279 1280/1280
f 1282/1282 1281/1281 1279/1279
f 1284/1284 1281/1281 1282/1282
f 1284/1284 1283/1283 1281/1281
f 1286/1286 1283/1283 1284/1284
f 1286/1286 1285/1285 1283/1283
f 1288/1288 1285/1285 1286/1286
f 1288/1288 1287/1287 1285/1285
f 1290/1290 1287/1287 1288/1288
f 1290/1290 1289/1289 1287/1287
f 1292/1292 1289/1289 1290/1290
f 1292/1292 1291/1291 1289/1289
f 1294/1294 1291/1291 1292/1292
f 1294/1294 1293/1293 1291/1291
f 1296/1296 1293/1293 1294/1294
f 1296/1296 1295/1295 1293/1293
f 1298/1298 1295/1295 1296/1296
f 1298/1298 1297/1297 1295/1295
f 1300/1300 1297/1297 1298/1298
f 1300/1300 1299/1299 1297/1297
f 1302/1302 1299/1299 1300/1300
f 1302/1302 1301/1301 1299/1299
f 1304/1304 1301/1301 1302/1302
f 1304/1304 1303/1303 1301/1301
f 1306/1306 1303/1303 1304/1304
f 1306/1306 1305/1305 1303/1303
f 1308/1308 1305/1305 1306/1306
f 1308/1308 1307/1307 1305/1305
f 1310/1310 1307/1307 1308/1308
f 1310/1310 1309/1309 1307/1307
f 1312/1312 1309/1309 1310/1310
f 1312/1312 1311/1311 1309/1309
f 1314/1314 1311/1311 1312/1312
f 1314/1314 1313/1313 1311/1311
f 1316/1316 1313/1313 1314/1314
f 1316/1316 1315/1315 1313/1313
f 1318/1318 1315/1315 1316/1316
f 1318/1318 1317/1317 1315/1315
f 1320/1320 1317/1317 1318/1318
f 1320/1320 1319/1319 1317/1317
f 1322/1322 1319/1319 1320/1320
f 1322/1322 1321/1321 1319/1319
f 1324/1324 1321/1321 1322/1322
f 1324/1324 1323/1323 1321/1321
f 1326/1326 1323/1323 1324/1324
f 1326/1326 1325/1325 1323/1323
f 1328/1328 1325/1325 1326/1326
f 1328/1328 1327/1327 1325/1325
f 1330/1330 1327/1327 1328/1328
f 1330/1330 1329/1329 1327/1327
f 1332/1332 1329/1329 1330/1330
f 1332/1332 1331/1331 1329/1329
f 1334/1334 1331/1331 1332/1332
f 1334/1334 1333/1333 1331/1331
f 1336/1336 1333/1333 1334/1334
f 1336/1336 1335/1335 1333/1333
f 1338/1338 1335/1335 1336/1336
f 1338/1338 1337/1337 1335/1335
f 1340/1340 1337/1337 1338/1338
f 1340/1340 1339/1339 1337/1337
f 1342/1342 1339/1339 1340/1340
f 1342/1342 1341/1341 1339/1339
f 1344/1344 1341/1341 1342/1342
f 1344/1344 1343/1343 1341/1341
f 1346/1346 1343/1343 1344/1344
f 1346/1346 1345/1345 1343/1343
f 1348/1348 1345/1345 1346/1346
f 1348/1348 1347/1347 1345/1345
f 1350/1350 1347/1347 1348/1348
f 1350/1350 1349/1349 1347/1347
f 1352/1352 1349/1349 1350/1350
f 1352/1352 1351/1351 1349/1349
f 1354/1354 1351/1351 1352/1352
f 1354/1354 1353/1353 1351/1351
f 1356/1356 1353/1353 1354/1354
f 1356/1356 1355/1355 1353/1353
f 1358/1358 1355/1355 1356/1356
f 1358/1358 1357/1357 1355/1355
f 1360/1360 1357/1357 1358/1358
f 1360/1360 1359/1359 1357/1357
f 1362/1362 1359/1359 1360/1360
f 1362/1362 1361/1361 1359/1359
f 1364/1364 1361/1361 1362/1362
f 1364/1364 1363/1363 1361/1361
f 1366/1366 1363/1363 1364/1364
f 1366/1366 1365/1365 1363/1363
f 1368/1368 1365/1365 1366/1366
f 1368/1368 1367/1367 1365/1365
f 1370/1370 1367/1367 1368/1368
f 1370/1370 1369/1369 1367/1367
f 1372/1372 1369/1369 1370/1370
f 1372/1372 1371/1371 1369/1369
f 1374/1374 1371/1371 1372/1372
f 1374/1374 1373/1373 1371/1371
f 1376/1376 1373/1373 1374/1374
f 1376/1376 1375/1375 1373/1373
f 1378/1378 1375/1375 1376/1376
f 1378/1378 1377/1377 1375/1375
f 1380/1380 1377/1377 1378/1378
f 1380/1380 1379/1379 1377/1377
f 1382/1382 1379/1379 1380/1380
f 1382/1382 1381/1381 1379/1379
f 1384/1384 1381/1381 1382/1382
f 1384/1384 1383/1383 1381/1381
f 1386/1386 1383/1383 1384/1384
f 1386/1386 1385/1385 1383/1383
f 1388/1388 1385/1385 1386/1386
f 1388/1388 1387/1387 1385/1385
f 1390/1390 1387/1387 1388/1388
f 1390/1390 1389/1389 1387/1387
f 1392/1392 1389/1389 1390/1390
f 1392/1392 1391/1391 1389/1389
f 1394/1394 1391/1391 1392/1392
f 1394/1394 1393/1393 1391/1391
f 1396/1396 1393/1393 1394/1394
f 1396/1396 1395/1395 1393/1393
f 1398/1398 1395/1395 1396/1396
f 1398/1398 1397/1397 1395/1395
f 1400/1400 1397/1397 1398/1398
f 1400/1400 1399/1399 1397/1397
f 1402/1402 1399/1399 1400/1400
f 1402/1402 1401/1401 1399/1399
f 1404/1404 1401/1401 1402/1402
f 1404/1404 1403/1403 1401/1401
f 1406/1406 1403/1403 1404/1404
f 1406/1406 1405/1405 1403/1403
f 1408/1408 1405/1405 1406/1406
f 1408/1408 1407/1407 1405/1405
f 1410/1410 1407/1407 1408/1408
f 1410/1410 1409/1409 1407/1407
f 1412/1412 1409/1409 1410/1410
f 1412/1412 1411/1411 1409/1409
f 1414/1414 1411/1411 1412/1412
f 1414/1414 1413/1413 1411/1411
f 1416/1416 1413/1413 1414/1414
f 1416/1416 1415/1415 1413/1413
f 1418/1418 1415/1415 1416/1416
f 1418/1418 1417/1417 1415/1415
f 1420/1420 1417/1417 1418/1418
f 1420/1420 1419/1419 1417/1417
f 1422/1422 1419/1419 1420/1420
f 1422/1422 1421/1421 1419/1419
f 1424/1424 1421/1421 1422/1422
f 1424/1424 1423/1423 1421/1421
f 1426/1426 1423/1423 1424/1424
f 1426/1426 1425/1425 1423/1423
f 1428/1428 1425/1425 1426/1426
f 1428/1428 1427/1427 1425/1425
f 1430/1430 1427/1427 1428/1428
f 1430/1430 1429/1429 1427/1427
f 1432/1432 1429/1429 1430/1430
f 1432/1432 1431/1431 1429/1429
f 1434/1434 1431/1431 1432/1432
f 1434/1434 1433/1433 1431/1431
f 1436/1436 1433/1433 1434/1434
f 1436/1436 1435/1435 1433/1433
f 1438/1438 1435/1435 1436/1436
f 1438/1438 1437/1437 1435/1435
f 1440/1440 1437/1437 1438/1438
f 1440/1440 1439/1439 1437/1437
f 1442/1442 1439/1439 1440/1440
f 1442/1442 1441/1441 1439/1439
f 1444/1444 1441/1441 1442/1442
f 1444/1444 1443/1443 1441/1441
f 1446/1446 1443/1443 1444/1444
f 1446/1446 1445/1445 1443/1443
f 1448/1448 1445/1445 1446/1446
f 1448/1448 1447/1447 1445/1445
f 1450/1450 1447/1447 1448/1448
f 1450/1450 1449/1449 1447/1447
f 1452/1452 1449/1449 1450/1450
f 1452/1452 1451/1451 1449/1449
f 1454/1454 1451/1451 1452/1452
f 1454/1454 1453/1453 1451/1451
f 1456/1456 1453/1453 1454/1454
f 1456/1456 1455/1455 1453/1453
f 1458/1458 1455/1455 1456/1456
f 1458/1458 1457/1457 1455/1455
f 1460/1460 1457/1457 1458/1458
f 1460/1460 1459/1459 1457/1457
f 1462/1462 1459/1459 1460/1460
f 1462/1462 1461/1461 1459/1459
f 1464/1464 1461/1461 1462/1462
f 1464/1464 1463/1463 1461/1461
f 1466/1466 1463/1463 1464/1464
f 1466/1466 1465/1465 1463/1463
f 1468/1468 1465/1465 1466/1466
f 1468/1468 1467/1467 1465/1465
f 1470/1470 1467/1467 1468/1468
f 1470/1470 1469/1469 1467/1467
f 1472/1472 1469/1469 1470/1470
f 1472/1472 1471/1471 1469/1469
f 1474/1474 1471/1471 1472/1472
f 1474/1474 1473/1473 1471/1471
f 1476/1476 1473/1473 1474/1474
f 1476/1476 1475/1475 1473/1473
f 1478/1478 1475/1475 1476/1476
f 1478/1478 1477/1477 1475/1475
f 1480/1480 1477/1477 1478/1478
f 1480/1480 1479/1479 1477/1477
f 1482/1482 1479/1479 1480/1480
f 1482/1482 1481/1481 1479/1479
f 1484/1484 1481/1481 1482/1482
f 1484/1484 1483/1483 1481/1481
f 1486/1486 1483/1483 1484/1484
f 1486/1486 1485/1485 1483/1483
f 1488/1488 1485/1485 1486/1486
f 1488/1488 1487/1487 1485/1485
f 1490/1490 1487/1487 1488/1488
f 1490/1490 1489/1489 1487/1487
f 1492/1492 1489/1489 1490/1490
f 1492/1492 1491/1491 1489/1489
f 1494/1494 1491/1491 1492/1492
f 1494/1494 1493/1493 1491/1491
f 1496/1496 1493/1493 1494/1494
f 1496/1496 1495/1495 1493/1493
f 1498/1498 1495/1495 1496/1496
f 1498/1498 1497/1497 1495/1495
f 1500/1500 1497/1497 1498/1498
f 1500/1500 1499/1499 1497/1497
f 1502/1502 1499/1499 1500/1500
f 1502/1502 1501/1501 1499/1499
f 1504/1504 1501/1501 1502/1502
f 1504/1504 1503/1503 1501/1501
f 1506/1506 1503/1503 1504/1504
f 1506/1506 1505/1505 1503/1503
f 1508/1508 1505/1505 1506/1506
f 1508/1508 1507/1507 1505/1505
f 1510/1510 1507/1507 1508/1508
f 1510/1510 1509/1509 1507/1507
f 1512/1512 1509/1509 1510/1510
f 1512/1512 1511/1511 1509/1509
f 1514/1514 1511/1511 1512/1512
f 1514/1514 1513/1513 1511/1511
f 1516/1516 1513/1513 1514/1514
f 1516/1516 1515/1515 1513/1513
f 1518/1518 1515/1515 1516/1516
f 1518/1518 1517/1517 1515/1515
f 1520/1520 1517/1517 1518/1518
f 1520/1520 1519/1519 1517/1517
f 1522/1522 1519/1519 1520/1520
f 1522/1522 1521/1521 1519/1519
f 1524/1524 1521/1521 1522/1522
f 1524/1524 1523/1523 1521/1521
f 1526/1526 1523/1523 1524/1524
f 1526/1526 1525/1525 1523/1523
f 1528/1528 1525/1525 1526/1526
f 1528/1528 1527/1527 1525/1525
f 1530/1530 1527/1527 1528/1528
f 1530/1530 1529/1529 1527/1527
f 1532/1532 1529/1529 1530/1530
f 1532/1532 1531/1531 1529/1529
f 1534/1534 1531/1531 1532/1532
f 1534/1534 1533/1533 1531/1531
f 1536/1536 1533/1533 1534/1534
f 1536/1536 1535/1535 1533/1533
f 1538/1538 1535/1535 1536/1536
f 1538/1538 1537/1537 1535/1535
f 1540/1540 1537/1537 1538/1538
f 1540/1540 1539/1539 1537/1537
f 1542/1542 1539/1539 1540/1540
f 1542/1542 1541/1541 1539/1539
f 1544/1544 1541/1541 1542/1542
f 1544/1544 1543/1543 1541/1541
f 1546/1546 1543/1543 1544/1544
f 1546/1546 1545/1545 1543/1543
f 1548/1548 1545/1545 1546/1546
f 1548/1548 1547/1547 1545/1545
f 1550/1550 1547/1547 1548/1548
f 1550/1550 1549/1549 1547/1547
f 1552/1552 1549/1549 1550/1550
f 1552/1552 1551/1551 1549/1549
f 1554/1554 1551/1551 1552/1552
f 1554/1554 1553/1553 1551/1551
f 1556/1556 1553/1553 1554/1554
f 1556/1556 1555/1555 1553/1553
f 1558/1558 1555/1555 1556/1556
f 1558/1558 1557/1557 1555/1555
f 1560/1560 1557/1557 1558/1558
f 1560/1560 1559/1559 1557/1557
f 1562/1562 1559/1559 1560/1560
f 1562/1562 1561/1561 1559/1559
f 1564/1564 1561/1561 1562/1562
f 1564/1564 1563/1563 1561/1561
f 1566/1566 1563/1563 1564/1564
f 1566/1566 1565/1565 1563/1563
f 1568/1568 1565/1565 1566/1566
f 1568/1568 1567/1567 1565/1565
f 1570/1570 1567/1567 1568/1568
f 1570/1570 1569/1569 1567/1567
f 1572/1572 1569/1569 1570/1570
f 1572/1572 1571/1571 1569/1569
f 1574/1574 1571/1571 1572/1572
f 1574/1574 1573/1573 1571/1571
f 1576/1576 1573/1573 1574/1574
f 1576/1576 1575/1575 1573/1573
f 1578/1578 1575/1575 1576/1576
f 1578/1578 1577/1577 1575/1575
f 1580/1580 1577/1577 1578/1578
f 1580/1580 1579/1579 1577/1577
f 1582/1582 1579/1579 1580/1580
f 1582/1582 1581/1581 1579/1579
f 1584/1584 1581/1581 1582/1582
f 1584/1584 1583/1583 1581/1581
f 1586/1586 1583/1583 1584/1584
f 1586/1586 1585/1585 1583/1583
f 1588/1588 1585/1585 1586/1586
f 1588/1588 1587/1587 1585/1585
f 1590/1590 1587/1587 1588/1588
f 1590/1590 1589/1589 1587/1587
f 1592/1592 1589/1589 1590/1590
f 1592/1592 1591/1591 1589/1589
f 1594/1594 1591/1591 1592/1592
f 1594/1594 1593/1593 1591/1591
f 1596/1596 1593/1593 1594/1594
f 1596/1596 1595/1595 1593/1593
f 1598/1598 1595/1595 1596/1596
f 1598/1598 1597/1597 1595/1595
f 1600/1600 1597/1597 1598/1598
f 1600/1600 1599/1599 1597/1597
f 1602/1602 1599/1599 1600/1600
f 1602/1602 1601/1601 1599/1599
f 1604/1604 1601/1601 1602/1602
f 1604/1604 1603/1603 1601/1601
f 1606/1606 1603/1603 1604/1604
f 1606/1606 1605/1605 1603/1603
f 1608/1608 1605/1605 1606/1606
f 1608/1608 1607/1607 1605/1605
f 1610/1610 1607/1607 1608/1608
f 1610/1610 1609/1609 1607/1607
f 1612/1612 1609/1609 1610/1610
f 1612/1612 1611/1611 1609/1609
f 1614/1614 1611/1611 1612/1612
f 1614/1614 1613/1613 1611/1611
f 1616/1616 1613/1613 1614/1614
f 1616/1616 1615/1615 1613/1613
f 1618/1618 1615/1615 1616/1616
f 1618/1618 1617/1617 1615/1615
f 1620/1620 1617/1617 1618/1618
f 1620/1620 1619/1619 1617/1617
f 1622/1622 1619/1619 1620/1620
f 1622/1622 1621/1621 1619/1619
f 1624/1624 1621/1621 1622/1622
f 1624/1624 1623/1623 1621/1621
f 1626/1626 1623/1623 1624/1624
f 1626/1626 1625/1625 1623/1623
f 1628/1628 1625/1625 1626/1626
f 1628/1628 1627/1627 1625/1625
f 1630/1630 1627/1627 1628/1628
f 1630/1630 1629/1629 1627/1627
f 1632/1632 1629/1629 1630/1630
f 1632/1632 1631/1631 1629/1629
f 1634/1634 1631/1631 1632/1632
f 1634/1634 1633/1633 1631/1631
f 1636/1636 1633/1633 1634/1634
f 1636/1636 1635/1635 1633/1633
f 1638/1638 1635/1635 1636/1636
f 1638/1638 1637/1637 1635/1635
f 1640/1640 1637/1637 1638/1638
f 1640/1640 1639/1639 1637/1637
f 1642/1642 1639/1639 1640/1640
f 1642/1642 1641/1641 1639/1639
f 1644/1644 1641/1641 1642/1642
f 1644/1644 1643/1643 1641/1641
f 1646/1646 1643/1643 1644/1644
f 1646/1646 1645/1645 1643/1643
f 1648/1648 1645/1645 1646/1646
f 1648/1648 1647/1647 1645/1645
f 1650/1650 1647/1647 1648/1648
f 1650/1650 1649/1649 1647/1647
f 1652/1652 1649/1649 1650/1650
f 1652/1652 1651/1651 1649/1649
f 1654/1654 1651/1651 1652/1652
f 1654/1654 1653/1653 1651/1651
f 1656/1656 1653/1653 1654/1654
f 1656/1656 1655/1655 1653/1653
f 1658/1658 1655/1655 1656/1656
f 1658/1658 1657/1657 1655/1655
f 1660/1660 1657/1657 1658/1658
f 1660/1660 1659/1659 1657/1657
f 1662/1662 1659/1659 1660/1660
f 1662/1662 1661/1661 1659/1659
f 1664/1664 1661/1661 1662/1662
f 1664/1664 1663/1663 1661/1661
f 1666/1666 1663/1663 1664/1664
f 1666/1666 1665/1665 1663/1663
f 1668/1668 1665/1665 1666/1666
f 1668/1668 1667/1667 1665/1665
f 1670/1670 1667/1667 1668/1668
f 1670/1670 1669/1669 1667/1667
f 1672/1672 1669/1669 1670/1670
f 1672/1672 1671/1671 1669/1669
f 1674/1674 1671/1671 1672/1672
f 1674/1674 1673/1673 1671/1671
f 1676/1676 1673/1673 1674/1674
f 1676/1676 1675/1675 1673/1673
f 1678/1678 1675/1675 1676/1676
f 1678/1678 1677/1677 1675/1675
f 1680/1680 1677/1677 1678/1678
f 1680/1680 1679/1679 1677/1677
f 1682/1682 1679/1679 1680/1680
f 1682/1682 1681/1681 1679/1679
f 1684/1684 1681/1681 1682/1682
f 1684/1684 1683/1683 1681/1681
f 1686/1686 1683/1683 1684/1684
f 1686/1686 1685/1685 1683/1683
f 1688/1688 1685/1685 1686/1686
f 1688/1688 1687/1687 1685/1685
f 1690/1690 1687/1687 1688/1688
f 1690/1690 1689/1689 1687/1687
f 1692/1692 1689/1689 1690/1690
f 1692/1692 1691/1691 1689/1689
f 1694/1694 1691/1691 1692/1692
f 1694/1694 1693/1693 1691/1691
f 1696/1696 1693/1693 1694/1694
f 1696/1696 1695/1695 1693/1693
f 1698/1698 1695/1695 1696/1696
f 1698/1698 1697/1697 1695/1695
f 1700/1700 1697/1697 1698/1698
f 1700/1700 1699/1699 1697/1697
f 1702/1702 1699/1699 1700/1700
f 1702/1702 1701/1701 1699/1699
f 1704/1704 1701/1701 1702/1702
f 1704/1704 1703/1703 1701/1701
f 1706/1706 1703/1703 1704/1704
f 1706/1706 1705/1705 1703/1703
f 1708/1708 1705/1705 1706/1706
f 1708/1708 1707/1707 1705/1705
f 1710/1710 1707/1707 1708/1708
f 1710/1710 1709/1709 1707/1707
f 1712/1712 1709/1709 1710/1710
f 1712/1712 1711/1711 1709/1709
f 1714/1714 1711/1711 1712/1712
f 1714/1714 1713/1713 1711/1711
f 1716/1716 1713/1713 1714/1714
f 1716/1716 1715/1715 1713/1713
f 1718/1718 1715/1715 1716/1716
f 1718/1718 1717/1717 1715/1715
f 1720/1720 1717/1717 1718/1718
f 1720/1720 1719/1719 1717/1717
f 1722/1722 1719/1719 1720/1720
f 1722/1722 1721/1721 1719/1719
f 1724/1724 1721/1721 1722/1722
f 1724/1724 1723/1723 1721/1721
f 1726/1726 1723/1723 1724/1724
f 1726/1726 1725/1725 1723/1723
f 1728/1728 1725/1725 1726/1726
f 1728/1728 1727/1727 1725/1725
f 1730/1730 1727/1727 1728/1728
f 1730/1730 1729/1729 1727/1727
f 1732/1732 1729/1729 1730/1730
f 1732/1732 1731/1731 1729/1729
f 1734/1734 1731/1731 1732/1732
f 1734/1734 1733/1733 1731/1731
f 1736/1736 1733/1733 1734/1734
f 1736/1736 1735/1735 1733/1733
f 1738/1738 1735/1735 1736/1736
f 1738/1738 1737/1737 1735/1735
f 1740/1740 1737/1737 1738/1738
f 1740/1740 1739/1739 1737/1737
f 1742/1742 1739/1739 1740/1740
f 1742/1742 1741/1741 1739/1739
f 1744/1744 1741/1741 1742/1742
f 1744/1744 1743/1743 1741/1741
f 1746/1746 1743/1743 1744/1744
f 1746/1746 1745/1745 1743/1743
f 1748/1748 1745/1745 1746/1746
f 1748/1748 1747/1747 1745/1745
f 1750/1750 1747/1747 1748/1748
f 1750/1750 1749/1749 1747/1747
f 1752/1752 1749/1749 1750/1750
f 1752/1752 1751/1751 1749/1749
f 1754/1754 1751/1751 1752/1752
f 1754/1754 1753/1753 1751/1751
f 1756/1756 1753/1753 1754/1754
f 1756/1756 1755/1755 1753/1753
f 1758/1758 1755/1755 1756/1756
f 1758/1758 1757/1757 1755/1755
f 1760/1760 1757/1757 1758/1758
f 1760/1760 1759/1759 1757/1757
f 1762/1762 1759/1759 1760/1760
f 1762/1762 1761/1761 1759/1759
f 1764/1764 1761/1761 1762/1762
f 1764/1764 1763/1763 1761/1761
f 1766/1766 1763/1763 1764/1764
f 1766/1766 1765/1765 1763/1763
f 1768/1768 1765/1765 1766/1766
f 1768/1768 1767/1767 1765/1765
f 1770/1770 1767/1767 1768/1768
f 1770/1770 1769/1769 1767/1767
f 1772/1772 1769/1769 1770/1770
f 1772/1772 1771/1771 1769/1769
f 1774/1774 1771/1771 1772/1772
f 1774/1774 1773/1773 1771/1771
f 1776/1776 1773/1773 1774/1774
f 1776/1776 1775/1775 1773/1773
f 1778/1778 1775/1775 1776/1776
f 1778/1778 1777/1777 1775/1775
f 1780/1780 1777/1777 1778/1778
f 1780/1780 1779/1779 1777/1777
f 1782/1782 1779/1779 1780/1780
f 1782/1782 1781/1781 1779/1779
f 1784/1784 1781/1781 1782/1782
f 1784/1784 1783/1783 1781/1781
f 1786/1786 1783/1783 1784/1784
f 1786/1786 1785/1785 1783/1783
f 1788/1788 1785/1785 1786/1786
f 1788/1788 1787/1787 1785/1785
f 1790/1790 1787/1787 1788/1788
f 1790/1790 1789/1789 1787/1787
f 1792/1792 1789/1789 1790/1790
f 1792/1792 1791/1791 1789/1789
f 1794/1794 1791/1791 1792/1792
f 1794/1794 1793/1793 1791/1791
f 1796/1796 1793/1793 1794/1794
f 1796/1796 1795/1795 1793/1793
f 1798/1798 1795/1795 1796/1796
f 1798/1798 1797/1797 1795/1795
f 1800/1800 1797/1797 1798/1798
f 1800/1800 1799/1799 1797/1797
f 1802/1802 1799/1799 1800/1800
f 1802/1802 1801/1801 1799/1799
f 1804/1804 1801/1801 1802/1802
f 1804/1804 1803/1803 1801/1801
f 1806/1806 1803/1803 1804/1804
f 1806/1806 1805/1805 1803/1803
f 1808/1808 1805/1805 1806/1806
f 1808/1808 1807/1807 1805/1805
f 1810/1810 1807/1807 1808/1808
f 1810/1810 1809/1809 1807/1807
f 1812/1812 1809/1809 1810/1810
f 1812/1812 1811/1811 1809/1809
f 1814/1814 1811/1811 1812/1812
f 1814/1814 1813/1813 1811/1811
f 1816/1816 1813/1813 1814/1814
f 1816/1816 1815/1815 1813/1813
f 1818/1818 1815/1815 1816/1816
f 1818/1818 1817/1817 1815/1815
f 1820/1820 1817/1817 1818/1818
f 1820/1820 1819/1819 1817/1817
f 1822/1822 1819/1819 1820/1820
f 1822/1822 1821/1821 1819/1819
f 1824/1824 1821/1821 1822/1822
f 1824/1824 1823/1823 1821/1821
f 1826/1826 1823/1823 1824/1824
f 1826/1826 1825/1825 1823/1823
f 1828/1828 1825/1825 1826/1826
f 1828/1828 1827/1827 1825/1825
f 1830/1830 1827/1827 1828/1828
f 1830/1830 1829/1829 1827/1827
f 1832/1832 1829/1829 1830/1830
f 1832/1832 1831/1831 1829/1829
f 1834/1834 1831/1831 1832/1832
f 1834/1834 1833/1833 1831/1831
f 1836/1836 1833/1833 1834/1834
f 1836/1836 1835/1835 1833/1833
f 1838/1838 1835/1835 1836/1836
f 1838/1838 1837/1837 1835/1835
f 1840/1840 1837/1837 1838/1838
f 1840/1840 1839/1839 1837/1837
f 1842/1842 1839/1839 1840/1840
f 1842/1842 1841/1841 1839/1839
f 1844/1844 1841/1841 1842/1842
f 1844/1844 1843/1843 1841/1841
f 1846/1846 1843/1843 1844/1844
f 1846/1846 1845/1845 1843/1843
f 1848/1848 1845/1845 1846/1846
f 1848/1848 1847/1847 1845/1845
f 1850/1850 1847/1847 1848/1848
f 1850/1850 1849/1849 1847/1847
f 1852/1852 1849/1849 1850/1850
f 1852/1852 1851/1851 1849/1849
f 1854/1854 1851/1851 1852/1852
f 1854/1854 1853/1853 1851/1851
f 1856/1856 1853/1853 1854/1854
f 1856/1856 1855/1855 1853/1853
f 1858/1858 1855/1855 1856/1856
f 1858/1858 1857/1857 1855/1855
f 1860/1860 1857/1857 1858/1858
f 1860/1860 1859/1859 1857/1857
f 1862/1862 1859/1859 1860/1860
f 1862/1862 1861/1861 1859/1859
f 1864/1864 1861/1861 1862/1862
f 1864/1864 1863/1863 1861/1861
f 1866/1866 1863/1863 1864/1864
f 1866/1866 1865/1865 1863/1863
f 1868/1868 1865/1865 1866/1866
f 1868/1868 1867/1867 1865/1865
f 1870/1870 1867/1867 1868/1868
f 1870/1870 1869/1869 1867/1867
f 1872/1872 1869/1869 1870/1870
f 1872/1872 1871/1871 1869/1869
f 1874/1874 1871/1871 1872/1872
f 1874/1874 1873/1873 1871/1871
f 1876/1876 1873/1873 1874/1874
f 1876/1876 1875/1875 1873/1873
f 1878/1878 1875/1875 1876/1876
f 1878/1878 1877/1877 1875/1875
f 1880/1880 1877/1877 1878/1878
f 1880/1880 1879/1879 1877/1877
f 1882/1882 1879/1879 1880/1880
f 1882/1882 1881/1881 1879/1879
f 1884/1884 1881/1881 1882/1882
f 1884/1884 1883/1883 1881/1881
f 1886/1886 1883/1883 1884/1884
f 1886/1886 1885/1885 1883/1883
f 1888/1888 1885/1885 1886/1886
f 1888/1888 1887/1887 1885/1885
f 1890/1890 1887/1887 1888/1888
f 1890/1890 1889/1889 1887/1887
f 1892/1892 1889/1889 1890/1890
f 1892/1892 1891/1891 1889/1889
f 1894/1894 1891/1891 1892/1892
f 1894/1894 1893/1893 1891/1891
f 1896/1896 1893/1893 1894/1894
f 1896/1896 1895/1895 1893/1893
f 1898/1898 1895/1895 1896/1896
f 1898/1898 1897/1897 1895/1895
f 1900/1900 1897/1897 1898/1898
f 1900/1900 1899/1899 1897/1897
f 1902/1902 1899/1899 1900/1900
f 1902/1902 1901/1901 1899/1899
f 1904/1904 1901/1901 1902/1902
f 1904/1904 1903/1903 1901/1901
f 1906/1906 1903/1903 1904/1904
f 1906/1906 1905/1905 1903/1903
f 1908/1908 1905/1905 1906/1906
f 1908/1908 1907/1907 1905/1905
f 1910/1910 1907/1907 1908/1908
f 1910/1910 1909/1909 1907/1907
f 1912/1912 1909/1909 1910/1910
f 1912/1912 1911/1911 1909/1909
f 1914/1914 1911/1911 1912/1912
f 1914/1914 1913/1913 1911/1911
f 1916/1916 1913/1913 1914/1914
f 1916/1916 1915/1915 1913/1913
f 1918/1918 1915/1915 1916/1916
f 1918/1918 1917/1917 1915/1915
f 1920/1920 1917/1917 1918/1918
f 1920/1920 1919/1919 1917/1917
f 1922/1922 1919/1919 1920/1920
f 1922/1922 1921/1921 1919/1919
f 1924/1924 1921/1921 1922/1922
f 1924/1924 1923/1923 1921/1921
f 1926/1926 1923/1923 1924/1924
f 1926/1926 1925/1925 1923/1923
f 1928/1928 1925/1925 1926/1926
f 1928/1928 1927/1927 1925/1925
f 1930/1930 1927/1927 1928/1928
f 1930/1930 1929/1929 1927/1927
f 1932/1932 1929/1929 1930/1930
f 1932/1932 1931/1931 1929/1929
f 1934/1934 1931/1931 1932/1932
f 1934/1934 1933/1933 1931/1931
f 1936/1936 1933/1933 1934/1934
f 1936/1936 1935/1935 1933/1933
f 1938/1938 1935/1935 1936/1936
f 1938/1938 1937/1937 1935/1935
f 1940/1940 1937/1937 1938/1938
f 1940/1940 1939/1939 1937/1937
f 1942/1942 1939/1939 1940/1940
f 1942/1942 1941/1941 1939/1939
f 1944/1944 1941/1941 1942/1942
f 1944/1944 1943/1943 1941/1941
f 1946/1946 1943/1943 1944/1944
f 1946/1946 1945/1945 1943/1943
f 1948/1948 1945/1945 1946/1946
f 1948/1948 1947/1947 1945/1945
f 1950/1950 1947/1947 1948/1948
f 1950/1950 1949/1949 1947/1947
f 1952/1952 1949/1949 1950/1950
f 1952/1952 1951/1951 1949/1949
f 1954/1954 1951/1951 1952/1952
f 1954/1954 1953/1953 1951/1951
f 1956/1956 1953/1953 1954/1954
f 1956/1956 1955/1955 1953/1953
f 1958/1958 1955/1955 1956/1956
f 1958/1958 1957/1957 1955/1955
f 1960/1960 1957/1957 1958/1958
f 1960/1960 1959/1959 1957/1957
f 1962/1962 1959/1959 1960/1960
f 1962/1962 1961/1961 1959/1959
f 1964/1964 1961/1961 1962/1962
f 1964/1964 1963/1963 1961/1961
f 1966/1966 1963/1963 1964/1964
f 1966/1966 1965/1965 1963/1963
f 1968/1968 1965/1965 1966/1966
f 1968/1968 1967/1967 1965/1965
f 1970/1970 1967/1967 1968/1968
f 1970/1970 1969/1969 1967/1967
f 1972/1972 1969/1969 1970/1970
f 1972/1972 1971/1971 1969/1969
f 1974/1974 1971/1971 1972/1972
f 1974/1974 1973/1973 1971/1971
f 1976/1976 1973/1973 1974/1974
f 1976/1976 1975/1975 1973/1973
f 1978/1978 1975/1975 1976/1976
f 1978/1978 1977/1977 1975/1975
f 1980/1980 1977/1977 1978/1978
f 1980/1980 1979/1979 1977/1977
f 1982/1982 1979/1979 1980/1980
f 1982/1982 1981/1981 1979/1979
f 1984/1984 1981/1981 1982/1982
f 1984/1984 1983/1983 1981/1981
f 1986/1986 1983/1983 1984/1984
f 1986/1986 1985/1985 1983/1983
f 1988/1988 1985/1985 1986/1986
f 1988/1988 1987/1987 1985/1985
f 1990/1990 1987/1987 1988/1988
f 1990/1990 1989/1989 1987/1987
f 1992/1992 1989/1989 1990/1990
f 1992/1992 1991/1991 1989/1989
f 1994/1994 1991/1991 1992/1992
f 1994/1994 1993/1993 1991/1991
f 1996/1996 1993/1993 1994/1994
f 1996/1996 1995/1995 1993/1993
f 1998/1998 1995/1995 1996/1996
f 1998/1998 1997/1997 1995/1995
f 2000/2000 1997/1997 1998/1998
f 2000/2000 1999/1999 1997/1997
f 2002/2002 1999/1999 2000/2000
f 2002/2002 2001/2001 1999/1999
f 2004/2004 2001/2001 2002/2002
f 2004/2004 2003/2003 2001/2001
f 2006/2006 2003/2003 2004/2004
f 2006/2006 2005/2005 2003/2003
f 2008/2008 2005/2005 2006/2006
f 2008/2008 2007/2007 2005/2005
f 2010/2010 2007/2007 2008/2008
f 2010/2010 2009/2009 2007/2007
f 2012/2012 2009/2009 2010/2010
f 2012/2012 2011/2011 2009/2009
f 2014/2014 2011/2011 2012/2012
f 2014/2014 2013/2013 2011/2011
f 2016/2016 2013/2013 2014/2014
f 2016/2016 2015/2015 2013/2013
f 2018/2018 2015/2015 2016/2016
f 2018/2018 2017/2017 2015/2015
f 2020/2020 2017/2017 2018/2018
f 2020/2020 2019/2019 2017/2017
f 2022/2022 2019/2019 2020/2020
f 2022/2022 2021/2021 2019/2019
f 2024/2024 2021/2021 2022/2022
f 2024/2024 2023/2023 2021/2021
f 2026/2026 2023/2023 2024/2024
f 2026/2026 2025/2025 2023/2023
f 2028/2028 2025/2025 2026/2026
f 2028/2028 2027/2027 2025/2025
f 2030/2030 2027/2027 2028/2028
f 2030/2030 2029/2029 2027/2027
f 2032/2032 2029/2029 2030/2030
f 2032/2032 2031/2031 2029/2029
f 2034/2034 2031/2031 2032/2032
f 2034/2034 2033/2033 2031/2031
f 2036/2036 2033/2033 2034/2034
f 2036/2036 2035/2035 2033/2033
f 2038/2038 2035/2035 2036/2036
f 2038/2038 2037/2037 2035/2035
f 2040/2040 2037/2037 2038/2038
f 2040/2040 2039/2039 2037/2037
f 2042/2042 2039/2039 2040/2040
f 2042/2042 2041/2041 2039/2039
f 2044/2044 2041/2041 2042/2042
f 2044/2044 2043/2043 2041/2041
f 2046/2046 2043/2043 2044/2044
f 2046/2046 2045/2045 2043/2043
f 2048/2048 2045/2045 2046/2046
f 2048/2048 2047/2047 2045/2045
f 2050/2050 2047/2047 2048/2048
f 2050/2050 2049/2049 2047/2047
f 2052/2052 2049/2049 2050/2050
f 2052/2052 2051/2051 2049/2049
f 2054/2054 2051/2051 2052/2052
f 2054/2054 2053/2053 2051/2051
f 2056/2056 2053/2053 2054/2054
f 2056/2056 2055/2055 2053/2053
f 2058/2058 2055/2055 2056/2056
f 2058/2058 2057/2057 2055/2055
f 2060/2060 2057/2057 2058/2058
f 2060/2060 2059/2059 2057/2057
f 2062/2062 2059/2059 2060/2060
f 2062/2062 2061/2061 2059/2059
f 2064/2064 2061/2061 2062/2062
f 2064/2064 2063/2063 2061/2061
f 2066/2066 2063/2063 2064/2064
f 2066/2066 2065/2065 2063/2063
f 2068/2068 2065/2065 2066/2066
f 2068/2068 2067/2067 2065/2065
f 2070/2070 2067/2067 2068/2068
f 2070/2070 2069/2069 2067/2067
f 2072/2072 2069/2069 2070/2070
f 2072/2072 2071/2071 2069/2069
f 2074/2074 2071/2071 2072/2072
f 2074/2074 2073/2073 2071/2071
f 2076/2076 2073/2073 2074/2074
f 2076/2076 2075/2075 2073/2073
f 2078/2078 2075/2075 2076/2076
f 2078/2078 2077/2077 2075/2075
f 2080/2080 2077/2077 2078/2078
f 2080/2080 2079/2079 2077/2077
f 2082/2082 2079/2079 2080/2080
f 2082/2082 2081/2081 2079/2079
f 2084/2084 2081/2081 2082/2082
f 2084/2084 2083/2083 2081/2081
f 2086/2086 2083/2083 2084/2084
f 2086/2086 2085/2085 2083/2083
f 2088/2088 2085/2085 2086/2086
f 2088/2088 2087/2087 2085/2085
f 2090/2090 2087/2087 2088/2088
f 2090/2090 2089/2089 2087/2087
f 2092/2092 2089/2089 2090/2090
f 2092/2092 2091/2091 2089/2089
f 2094/2094 2091/2091 2092/2092
f 2094/2094 2093/2093 2091/2091
f 2096/2096 2093/2093 2094/2094
f 2096/2096 2095/2095 2093/2093
f 2098/2098 2095/2095 2096/2096
f 2098/2098 2097/2097 2095/2095
f 2100/2100 2097/2097 2098/2098
f 2100/2100 2099/2099 2097/2097
f 2102/2102 2099/2099 2100/2100
f 2102/2102 2101/2101 2099/2099
f 2104/2104 2101/2101 2102/2102
f 2104/2104 2103/2103 2101/2101
f 2106/2106 2103/2103 2104/2104
f 2106/2106 2105/2105 2103/2103
f 2108/2108 2105/2105 2106/2106
f 2108/2108 2107/2107 2105/2105
f 2110/2110 2107/2107 2108/2108
f 2110/2110 2109/2109 2107/2107
f 2112/2112 2109/2109 2110/2110
f 2112/2112 2111/2111 2109/2109
f 2114/2114 2111/2111 2112/2112
f 2114/2114 2113/2113 2111/2111
f 2116/2116 2113/2113 2114/2114
f 2116/2116 2115/2115 2113/2113
f 2118/2118 2115/2115 2116/2116
f 2118/2118 2117/2117 2115/2115
f 2120/2120 2117/2117 2118/2118
f 2120/2120 2119/2119 2117/2117
f 2122/2122 2119/2119 2120/2120
f 2122/2122 2121/2121 2119/2119
f 2124/2124 2121/2121 2122/2122
f 2124/2124 2123/2123 2121/2121
f 2126/2126 2123/2123 2124/2124
f 2126/2126 2125/2125 2123/2123
f 2128/2128 2125/2125 2126/2126
f 2128/2128 2127/2127 2125/2125
f 2130/2130 2127/2127 2128/2128
f 2130/2130 2129/2129 2127/2127
f 2132/2132 2129/2129 2130/2130
f 2132/2132 2131/2131 2129/2129
f 2134/2134 2131/2131 2132/2132
f 2134/2134 2133/2133 2131/2131
f 2136/2136 2133/2133 2134/2134
f 2136/2136 2135/2135 2133/2133
f 2138/2138 2135/2135 2136/2136
f 2138/2138 2137/2137 2135/2135
f 2140/2140 2137/2137 2138/2138
f 2140/2140 2139/2139 2137/2137
f 2142/2142 2139/2139 2140/2140
f 2142/2142 2141/2141 2139/2139
f 2144/2144 2141/2141 2142/2142
f 2144/2144 2143/2143 2141/2141
f 2146/2146 2143/2143 2144/2144
f 2146/2146 2145/2145 2143/2143
f 2148/2148 2145/2145 2146/2146
f 2148/2148 2147/2147 2145/2145
f 2150/2150 2147/2147 2148/2148
f 2150/2150 2149/2149 2147/2147
f 2152/2152 2149/2149 2150/2150
f 2152/2152 2151/2151 2149/2149
f 2154/2154 2151/2151 2152/2152
f 2154/2154 2153/2153 2151/2151
f 2156/2156 2153/2153 2154/2154
f 2156/2156 2155/2155 2153/2153
f 2158/2158 2155/2155 2156/2156
f 2158/2158 2157/2157 2155/2155
f 2160/2160 2157/2157 2158/2158
f 2160/2160 2159/2159 2157/2157
f 2162/2162 2159/2159 2160/2160
f 2162/2162 2161/2161 2159/2159
f 2164/2164 2161/2161 2162/2162
f 2164/2164 2163/2163 2161/2161
f 2166/2166 2163/2163 2164/2164
f 2166/2166 2165/2165 2163/2163
f 2168/2168 2165/2165 2166/2166
f 2168/2168 2167/2167 2165/2165
f 2170/2170 2167/2167 2168/2168
f 2170/2170 2169/2169 2167/2167
f 2172/2172 2169/2169 2170/2170
f 2172/2172 2171/2171 2169/2169
f 2174/2174 2171/2171 2172/2172
f 2174/2174 2173/2173 2171/2171
f 2176/2176 2173/2173 2174/2174
f 2176/2176 2175/2175 2173/2173
f 2178/2178 2175/2175 2176/2176
f 2178/2178 2177/2177 2175/2175
f 2180/2180 2177/2177 2178/2178
f 2180/2180 2179/2179 2177/2177
f 2182/2182 2179/2179 2180/2180
f 2182/2182 2181/2181 2179/2179
f 2184/2184 2181/2181 2182/2182
f 2184/2184 2183/2183 2181/2181
f 2186/2186 2183/2183 2184/2184
f 2186/2186 2185/2185 2183/2183
f 2188/2188 2185/2185 2186/2186
f 2188/2188 2187/2187 2185/2185
f 2190/2190 2187/2187 2188/2188
f 2190/2190 2189/2189 2187/2187
f 2192/2192 2189/2189 2190/2190
f 2192/2192 2191/2191 2189/2189
f 2194/2194 2191/2191 2192/2192
f 2194/2194 2193/2193 2191/2191
f 2196/2196 2193/2193 2194/2194
f 2196/2196 2195/2195 2193/2193
f 2198/2198 2195/2195 2196/2196
f 2198/2198 2197/2197 2195/2195
f 2200/2200 2197/2197 2198/2198
f 2200/2200 2199/2199 2197/2197
f 2202/2202 2199/2199 2200/2200
f 2202/2202 2201/2201 2199/2199
f 2204/2204 2201/2201 2202/2202
f 2204/2204 2203/2203 2201/2201
f 2206/2206 2203/2203 2204/2204
f 2206/2206 2205/2205 2203/2203
f 2208/2208 2205/2205 2206/2206
f 2208/2208 2207/2207 2205/2205
f 2210/2210 2207/2207 2208/2208
f 2210/2210 2209/2209 2207/2207
f 2212/2212 2209/2209 2210/2210
f 2212/2212 2211/2211 2209/2209
f 2214/2214 2211/2211 2212/2212
f 2214/2214 2213/2213 2211/2211
f 2216/2216 2213/2213 2214/2214
f 2216/2216 2215/2215 2213/2213
f 2218/2218 2215/2215 2216/2216
f 2218/2218 2217/2217 2215/2215
f 2220/2220 2217/2217 2218/2218
f 2220/2220 2219/2219 2217/2217
f 2222/2222 2219/2219 2220/2220
f 2222/2222 2221/2221 2219/2219
f 2224/2224 2221/2221 2222/2222
f 2224/2224 2223/2223 2221/2221
f 2226/2226 2223/2223 2224/2224
f 2226/2226 2225/2225 2223/2223
f 2228/2228 2225/2225 2226/2226
f 2228/2228 2227/2227 2225/2225
f 2230/2230 2227/2227 2228/2228
f 2230/2230 2229/2229 2227/2227
f 2232/2232 2229/2229 2230/2230
f 2232/2232 2231/2231 2229/2229
f 2234/2234 2231/2231 2232/2232
f 2234/2234 2233/2233 2231/2231
f 2236/2236 2233/2233 2234/2234
f 2236/2236 2235/2235 2233/2233
f 2238/2238 2235/2235 2236/2236
f 2238/2238 2237/2237 2235/2235
f 2240/2240 2237/2237 2238/2238
f 2240/2240 2239/2239 2237/2237
f 2242/2242 2239/2239 2240/2240
f 2242/2242 2241/2241 2239/2239
f 2244/2244 2241/2241 2242/2242
f 2244/2244 2243/2243 2241/2241
f 2246/2246 2243/2243 2244/2244
f 2246/2246 2245/2245 2243/2243
f 2248/2248 2245/2245 2246/2246
f 2248/2248 2247/2247 2245/2245
f 2250/2250 2247/2247 2248/2248
f 2250/2250 2249/2249 2247/2247
f 2252/2252 2249/2249 2250/2250
f 2252/2252 2251/2251 2249/2249
f 2254/2254 2251/2251 2252/2252
f 2254/2254 2253/2253 2251/2251
f 2256/2256 2253/2253 2254/2254
f 2256/2256 2255/2255 2253/2253
f 2258/2258 2255/2255 2256/2256
f 2258/2258 2257/2257 2255/2255
f 2260/2260 2257/2257 2258/2258
f 2260/2260 2259/2259 2257/2257
f 2262/2262 2259/2259 2260/2260
f 2262/2262 2261/2261 2259/2259
f 2264/2264 2261/2261 2262/2262
f 2264/2264 2263/2263 2261/2261
f 2266/2266 2263/2263 2264/2264
f 2266/2266 2265/2265 2263/2263
f 2268/2268 2265/2265 2266/2266
f 2268/2268 2267/2267 2265/2265
f 2270/2270 2267/2267 2268/2268
f 2270/2270 2269/2269 2267/2267
f 2272/2272 2269/2269 2270/2270
f 2272/2272 2271/2271 2269/2269
f 2274/2274 2271/2271 2272/2272
f 2274/2274 2273/2273 2271/2271
f 2276/2276 2273/2273 2274/2274
f 2276/2276 2275/2275 2273/2273
f 2278/2278 2275/2275 2276/2276
f 2278/2278 2277/2277 2275/2275
f 2280/2280 2277/2277 2278/2278
f 2280/2280 2279/2279 2277/2277
f 2282/2282 2279/2279 2280/2280
f 2282/2282 2281/2281 2279/2279
f 2284/2284 2281/2281 2282/2282
f 2284/2284 2283/2283 2281/2281
f 2286/2286 2283/2283 2284/2284
f 2286/2286 2285/2285 2283/2283
f 2288/2288 2285/2285 2286/2286
f 2288/2288 2287/2287 2285/2285
f 2290/2290 2287/2287 2288/2288
f 2290/2290 2289/2289 2287/2287
f 2292/2292 2289/2289 2290/2290
f 2292/2292 2291/2291 2289/2289
f 2294/2294 2291/2291 2292/2292
f 2294/2294 2293/2293 2291/2291
f 2296/2296 2293/2293 2294/2294
f 2296/2296 2295/2295 2293/2293
f 2298/2298 2295/2295 2296/2296
f 2298/2298 2297/2297 2295/2295
f 2300/2300 2297/2297 2298/2298
f 2300/2300 2299/2299 2297/2297
f 2302/2302 2299/2299 2300/2300
f 2302/2302 2301/2301 2299/2299
f 2304/2304 2301/2301 2302/2302
f 2304/2304 2303/2303 2301/2301
f 2306/2306 2303/2303 2304/2304
f 2306/2306 2305/2305 2303/2303
f 2308/2308 2305/2305 2306/2306
f 2308/2308 2307/2307 2305/2305
f 2310/2310 2307/2307 2308/2308
f 2310/2310 2309/2309 2307/2307
f 2312/2312 2309/2309 2310/2310
f 2312/2312 2311/2311 2309/2309
f 2314/2314 2311/2311 2312/2312
f 2314/2314 2313/2313 2311/2311
f 2316/2316 2313/2313 2314/2314
f 2316/2316 2315/2315 2313/2313
f 2318/2318 2315/2315 2316/2316
f 2318/2318 2317/2317 2315/2315
f 2320/2320 2317/2317 2318/2318
f 2320/2320 2319/2319 2317/2317
f 2322/2322 2319/2319 2320/2320
f 2322/2322 2321/2321 2319/2319
f 2324/2324 2321/2321 2322/2322
f 2324/2324 2323/2323 2321/2321
f 2326/2326 2323/2323 2324/2324
f 2326/2326 2325/2325 2323/2323
f 2328/2328 2325/2325 2326/2326
f 2328/2328 2327/2327 2325/2325
f 2330/2330 2327/2327 2328/2328
f 2330/2330 2329/2329 2327/2327
f 2332/2332 2329/2329 2330/2330
f 2332/2332 2331/2331 2329/2329
f 2334/2334 2331/2331 2332/2332
f 2334/2334 2333/2333 2331/2331
f 2336/2336 2333/2333 2334/2334
f 2336/2336 2335/2335 2333/2333
f 2338/2338 2335/2335 2336/2336
f 2338/2338 2337/2337 2335/2335
f 2340/2340 2337/2337 2338/2338
f 2340/2340 2339/2339 2337/2337
f 2342/2342 2339/2339 2340/2340
f 2342/2342 2341/2341 2339/2339
f 2344/2344 2341/2341 2342/2342
f 2344/2344 2343/2343 2341/2341
f 2346/2346 2343/2343 2344/2344
f 2346/2346 2345/2345 2343/2343
f 2348/2348 2345/2345 2346/2346
f 2348/2348 2347/2347 2345/2345
f 2350/2350 2347/2347 2348/2348
f 2350/2350 2349/2349 2347/2347
f 2352/2352 2349/2349 2350/2350
f 2352/2352 2351/2351 2349/2349
f 2354/2354 2351/2351 2352/2352
f 2354/2354 2353/2353 2351/2351
f 2356/2356 2353/2353 2354/2354
f 2356/2356 2355/2355 2353/2353
f 2358/2358 2355/2355 2356/2356
f 2358/2358 2357/2357 2355/2355
f 2360/2360 2357/2357 2358/2358
f 2360/2360 2359/2359 2357/2357
f 2362/2362 2359/2359 2360/2360
f 2362/2362 2361/2361 2359/2359
f 2364/2364 2361/2361 2362/2362
f 2364/2364 2363/2363 2361/2361
f 2366/2366 2363/2363 2364/2364
f 2366/2366 2365/2365 2363/2363
f 2368/2368 2365/2365 2366/2366
f 2368/2368 2367/2367 2365/2365
f 2370/2370 2367/2367 2368/2368
f 2370/2370 2369/2369 2367/2367
f 2372/2372 2369/2369 2370/2370
f 2372/2372 2371/2371 2369/2369
f 2374/2374 2371/2371 2372/2372
f 2374/2374 2373/2373 2371/2371
f 2376/2376 2373/2373 2374/2374
f 2376/2376 2375/2375 2373/2373
f 2378/2378 2375/2375 2376/2376
f 2378/2378 2377/2377 2375/2375
f 2380/2380 2377/2377 2378/2378
f 2380/2380 2379/2379 2377/2377
f 2382/2382 2379/2379 2380/2380
f 2382/2382 2381/2381 2379/2379
f 2384/2384 2381/2381 2382/2382
f 2384/2384 2383/2383 2381/2381
f 2386/2386 2383/2383 2384/2384
f 2386/2386 2385/2385 2383/2383
f 2388/2388 2385/2385 2386/2386
f 2388/2388 2387/2387 2385/2385
f 2390/2390 2387/2387 2388/2388
f 2390/2390 2389/2389 2387/2387
f 2392/2392 2389/2389 2390/2390
f 2392/2392 2391/2391 2389/2389
f 2394/2394 2391/2391 2392/2392
f 2394/2394 2393/2393 2391/2391
f 2396/2396 2393/2393 2394/2394
f 2396/2396 2395/2395 2393/2393
f 2398/2398 2395/2395 2396/2396
f 2398/2398 2397/2397 2395/2395
f 2400/2400 2397/2397 2398/2398
f 2400/2400 2399/2399 2397/2397
f 2402/2402 2399/2399 2400/2400
f 2402/2402 2401/2401 2399/2399
f 2404/2404 2401/2401 2402/2402
f 2404/2404 2403/2403 2401/2401
f 2406/2406 2403/2403 2404/2404
f 2406/2406 2405/2405 2403/2403
f 2408/2408 2405/2405 2406/2406
f 2408/2408 2407/2407 2405/2405
f 2410/2410 2407/2407 2408/2408
f 2410/2410 2409/2409 2407/2407
f 2412/2412 2409/2409 2410/2410
f 2412/2412 2411/2411 2409/2409
f 2414/2414 2411/2411 2412/2412
f 2414/2414 2413/2413 2411/2411
f 2416/2416 2413/2413 2414/2414
f 2416/2416 2415/2415 2413/2413
f 2418/2418 2415/2415 2416/2416
f 2418/2418 2417/2417 2415/2415
f 2420/2420 2417/2417 2418/2418
f 2420/2420 2419/2419 2417/2417
f 2422/2422 2419/2419 2420/2420
f 2422/2422 2421/2421 2419/2419
f 2424/2424 2421/2421 2422/2422
f 2424/2424 2423/2423 2421/2421
f 2426/2426 2423/2423 2424/2424
f 2426/2426 2425/2425 2423/2423
f 2428/2428 2425/2425 2426/2426
f 2428/2428 2427/2427 2425/2425
f 2430/2430 2427/2427 2428/2428
f 2430/2430 2429/2429 2427/2427
f 2432/2432 2429/2429 2430/2430
f 2432/2432 2431/2431 2429/2429
f 2434/2434 2431/2431 2432/2432
f 2434/2434 2433/2433 2431/2431
f 2436/2436 2433/2433 2434/2434
f 2436/2436 2435/2435 2433/2433
f 2438/2438 2435/2435 2436/2436
f 2438/2438 2437/2437 2435/2435
f 2440/2440 2437/2437 2438/2438
f 2440/2440 2439/2439 2437/2437
f 2442/2442 2439/2439 2440/2440
f 2442/2442 2441/2441 2439/2439
f 2444/2444 2441/2441 2442/2442
f 2444/2444 2443/2443 2441/2441
f 2446/2446 2443/2443 2444/2444
f 2446/2446 2445/2445 2443/2443
f 2448/2448 2445/2445 2446/2446
f 2448/2448 2447/2447 2445/2445
f 2450/2450 2447/2447 2448/2448
f 2450/2450 2449/2449 2447/2447
f 2452/2452 2449/2449 2450/2450
f 2452/2452 2451/2451 2449/2449
f 2454/2454 2451/2451 2452/2452
f 2454/2454 2453/2453 2451/2451
f 2456/2456 2453/2453 2454/2454
f 2456/2456 2455/2455 2453/2453
f 2458/2458 2455/2455 2456/2456
f 2458/2458 2457/2457 2455/2455
f 2460/2460 2457/2457 2458/2458
f 2460/2460 2459/2459 2457/2457
f 2462/2462 2459/2459 2460/2460
f 2462/2462 2461/2461 2459/2459
f 2464/2464 2461/2461 2462/2462
f 2464/2464 2463/2463 2461/2461
f 2466/2466 2463/2463 2464/2464
f 2466/2466 2465/2465 2463/2463
f 2468/2468 2465/2465 2466/2466
f 2468/2468 2467/2467 2465/2465
f 2470/2470 2467/2467 2468/2468
f 2470/2470 2469/2469 2467/2467
f 2472/2472 2469/2469 2470/2470
f 2472/2472 2471/2471 2469/2469
f 2474/2474 2471/2471 2472/2472
f 2474/2474 2473/2473 2471/2471
f 2476/2476 2473/2473 2474/2474
f 2476/2476 2475/2475 2473/2473
f 2478/2478 2475/2475 2476/2476
f 2478/2478 2477/2477 2475/2475
f 2480/2480 2477/2477 2478/2478
f 2480/2480 2479/2479 2477/2477
f 2482/2482 2479/2479 2480/2480
f 2482/2482 2481/2481 2479/2479
f 2484/2484 2481/2481 2482/2482
f 2484/2484 2483/2483 2481/2481
f 2486/2486 2483/2483 2484/2484
f 2486/2486 2485/2485 2483/2483
f 2488/2488 2485/2485 2486/2486
f 2488/2488 2487/2487 2485/2485
f 2490/2490 2487/2487 2488/2488
f 2490/2490 2489/2489 2487/2487
f 2492/2492 2489/2489 2490/2490
f 2492/2492 2491/2491 2489/2489
f 2494/2494 2491/2491 2492/2492
f 2494/2494 2493/2493 2491/2491
f 2496/2496 2493/2493 2494/2494
f 2496/2496 2495/2495 2493/2493
f 2498/2498 2495/2495 2496/2496
f 2498/2498 2497/2497 2495/2495
f 2500/2500 2497/2497 2498/2498
f 2500/2500 2499/2499 2497/2497
f 2502/2502 2499/2499 2500/2500
f 2502/2502 2501/2501 2499/2499
f 2504/2504 2501/2501 2502/2502
f 2504/2504 2503/2503 2501/2501
f 2506/2506 2503/2503 2504/2504
f 2506/2506 2505/2505 2503/2503
f 2508/2508 2505/2505 2506/2506
f 2508/2508 2507/2507 2505/2505
f 2510/2510 2507/2507 2508/2508
f 2510/2510 2509/2509 2507/2507
f 2512/2512 2509/2509 2510/2510
f 2512/2512 2511/2511 2509/2509
f 2514/2514 2511/2511 2512/2512
f 2514/2514 2513/2513 2511/2511
f 2516/2516 2513/2513 2514/2514
f 2516/2516 2515/2515 2513/2513
f 2518/2518 2515/2515 2516/2516
f 2518/2518 2517/2517 2515/2515
f 2520/2520 2517/2517 2518/2518
f 2520/2520 2519/2519 2517/2517
f 2522/2522 2519/2519 2520/2520
f 2522/2522 2521/2521 2519/2519
f 2524/2524 2521/2521 2522/2522
f 2524/2524 2523/2523 2521/2521
f 2526/2526 2523/2523 2524/2524
f 2526/2526 2525/2525 2523/2523
f 2528/2528 2525/2525 2526/2526
f 2528/2528 2527/2527 2525/2525
f 2530/2530 2527/2527 2528/2528
f 2530/2530 2529/2529 2527/2527
f 2532/2532 2529/2529 2530/2530
f 2532/2532 2531/2531 2529/2529
f 2534/2534 2531/2531 2532/2532
f 2534/2534 2533/2533 2531/2531
f 2536/2536 2533/2533 2534/2534
f 2536/2536 2535/2535 2533/2533
f 2538/2538 2535/2535 2536/2536
f 2538/2538 2537/2537 2535/2535
f 2540/2540 2537/2537 2538/2538
f 2540/2540 2539/2539 2537/2537
f 2542/2542 2539/2539 2540/2540
f 2542/2542 2541/2541 2539/2539
f 2544/2544 2541/2541 2542/2542
f 2544/2544 2543/2543 2541/2541
f 2546/2546 2543/2543 2544/2544
f 2546/2546 2545/2545 2543/2543
f 2548/2548 2545/2545 2546/2546
f 2548/2548 2547/2547 2545/2545
f 2550/2550 2547/2547 2548/2548
f 2550/2550 2549/2549 2547/2547
f 2552/2552 2549/2549 2550/2550
f 2552/2552 2551/2551 2549/2549
f 2554/2554 2551/2551 2552/2552
f 2554/2554 2553/2553 2551/2551
f 2556/2556 2553/2553 2554/2554
f 2556/2556 2555/2555 2553/2553
f 2558/2558 2555/2555 2556/2556
f 2558/2558 2557/2557 2555/2555
f 2560/2560 2557/2557 2558/2558
f 2560/2560 2559/2559 2557/2557
f 2562/2562 2559/2559 2560/2560
f 2562/2562 2561/2561 2559/2559
f 2564/2564 2561/2561 2562/2562
f 2564/2564 2563/2563 2561/2561
f 2566/2566 2563/2563 2564/2564
f 2566/2566 2565/2565 2563/2563
f 2568/2568 2565/2565 2566/2566
f 2568/2568 2567/2567 2565/2565
f 2570/2570 2567/2567 2568/2568
f 2570/2570 2569/2569 2567/2567
f 2572/2572 2569/2569 2570/2570
f 2572/2572 2571/2571 2569/2569
f 2574/2574 2571/2571 2572/2572
f 2574/2574 2573/2573 2571/2571
f 2576/2576 2573/2573 2574/2574
f 2576/2576 2575/2575 2573/2573
f 2578/2578 2575/2575 2576/2576
f 2578/2578 2577/2577 2575/2575
f 2580/2580 2577/2577 2578/2578
f 2580/2580 2579/2579 2577/2577
f 2582/2582 2579/2579 2580/2580
f 2582/2582 2581/2581 2579/2579
f 2584/2584 2581/2581 2582/2582
f 2584/2584 2583/2583 2581/2581
f 2586/2586 2583/2583 2584/2584
f 2586/2586 2585/2585 2583/2583
f 2588/2588 2585/2585 2586/2586
f 2588/2588 2587/2587 2585/2585
f 2590/2590 2587/2587 2588/2588
f 2590/2590 2589/2589 2587/2587
f 2592/2592 2589/2589 2590/2590
f 2592/2592 2591/2591 2589/2589
f 2594/2594 2591/2591 2592/2592
f 2594/2594 2593/2593 2591/2591
f 2596/2596 2593/2593 2594/2594
f 2596/2596 2595/2595 2593/2593
f 2598/2598 2595/2595 2596/2596
f 2598/2598 2597/2597 2595/2595
f 2600/2600 2597/2597 2598/2598
f 2600/2600 2599/2599 2597/2597
f 2602/2602 2599/2599 2600/2600
f 2602/2602 2601/2601 2599/2599
f 2604/2604 2601/2601 2602/2602
f 2604/2604 2603/2603 2601/2601
f 2606/2606 2603/2603 2604/2604
f 2606/2606 2605/2605 2603/2603
f 2608/2608 2605/2605 2606/2606
f 2608/2608 2607/2607 2605/2605
f 2610/2610 2607/2607 2608/2608
f 2610/2610 2609/2609 2607/2607
f 2612/2612 2609/2609 2610/2610
f 2612/2612 2611/2611 2609/2609
f 2614/2614 2611/2611 2612/2612
f 2614/2614 2613/2613 2611/2611
f 2616/2616 2613/2613 2614/2614
f 2616/2616 2615/2615 2613/2613
f 2618/2618 2615/2615 2616/2616
f 2618/2618 2617/2617 2615/2615
f 2620/2620 2617/2617 2618/2618
f 2620/2620 2619/2619 2617/2617
f 2622/2622 2619/2619 2620/2620
f 2622/2622 2621/2621 2619/2619
f 2624/2624 2621/2621 2622/2622
f 2624/2624 2623/2623 2621/2621
f 2626/2626 2623/2623 2624/2624
f 2626/2626 2625/2625 2623/2623
f 2628/2628 2625/2625 2626/2626
f 2628/2628 2627/2627 2625/2625
f 2630/2630 2627/2627 2628/2628
f 2630/2630 2629/2629 2627/2627
f 2632/2632 2629/2629 2630/2630
f 2632/2632 2631/2631 2629/2629
f 2634/2634 2631/2631 2632/2632
f 2634/2634 2633/2633 2631/2631
f 2636/2636 2633/2633 2634/2634
f 2636/2636 2635/2635 2633/2633
f 2638/2638 2635/2635 2636/2636
f 2638/2638 2637/2637 2635/2635
f 2640/2640 2637/2637 2638/2638
f 2640/2640 2639/2639 2637/2637
f 2642/2642 2639/2639 2640/2640
f 2642/2642 2641/2641 2639/2639
f 2644/2644 2641/2641 2642/2642
f 2644/2644 2643/2643 2641/2641
f 2646/2646 2643/2643 2644/2644
f 2646/2646 2645/2645 2643/2643
f 2648/2648 2645/2645 2646/2646
f 2648/2648 2647/2647 2645/2645
f 2650/2650 2647/2647 2648/2648
f 2650/2650 2649/2649 2647/2647
f 2652/2652 2649/2649 2650/2650
f 2652/2652 2651/2651 2649/2649
f 2654/2654 2651/2651 2652/2652
f 2654/2654 2653/2653 2651/2651
f 2656/2656 2653/2653 2654/2654
f 2656/2656 2655/2655 2653/2653
f 2658/2658 2655/2655 2656/2656
f 2658/2658 2657/2657 2655/2655
f 2660/2660 2657/2657 2658/2658
f 2660/2660 2659/2659 2657/2657
f 2662/2662 2659/2659 2660/2660
f 2662/2662 2661/2661 2659/2659
f 2664/2664 2661/2661 2662/2662
f 2664/2664 2663/2663 2661/2661
f 2666/2666 2663/2663 2664/2664
f 2666/2666 2665/2665 2663/2663
f 2668/2668 2665/2665 2666/2666
f 2668/2668 2667/2667 2665/2665
f 2670/2670 2667/2667 2668/2668
f 2670/2670 2669/2669 2667/2667
f 2672/2672 2669/2669 2670/2670
f 2672/2672 2671/2671 2669/2669
f 2674/2674 2671/2671 2672/2672
f 2674/2674 2673/2673 2671/2671
f 2676/2676 2673/2673 2674/2674
f 2676/2676 2675/2675 2673/2673
f 2678/2678 2675/2675 2676/2676
f 2678/2678 2677/2677 2675/2675
f 2680/2680 2677/2677 2678/2678
f 2680/2680 2679/2679 2677/2677
f 2682/2682 2679/2679 2680/2680
f 2682/2682 2681/2681 2679/2679
f 2684/2684 2681/2681 2682/2682
f 2684/2684 2683/2683 2681/2681
f 2686/2686 2683/2683 2684/2684
f 2686/2686 2685/2685 2683/2683
f 2688/2688 2685/2685 2686/2686
f 2688/2688 2687/2687 2685/2685
f 2690/2690 2687/2687 2688/2688
f 2690/2690 2689/2689 2687/2687
f 2692/2692 2689/2689 2690/2690
f 2692/2692 2691/2691 2689/2689
f 2694/2694 2691/2691 2692/2692
f 2694/2694 2693/2693 2691/2691
f 2696/2696 2693/2693 2694/2694
f 2696/2696 2695/2695 2693/2693
f 2698/2698 2695/2695 2696/2696
f 2698/2698 2697/2697 2695/2695
f 2700/2700 2697/2697 2698/2698
f 2700/2700 2699/2699 2697/2697
f 2702/2702 2699/2699 2700/2700
f 2702/2702 2701/2701 2699/2699
f 2704/2704 2701/2701 2702/2702
f 2704/2704 2703/2703 2701/2701
f 2706/2706 2703/2703 2704/2704
f 2706/2706 2705/2705 2703/2703
f 2708/2708 2705/2705 2706/2706
f 2708/2708 2707/2707 2705/2705
f 2710/2710 2707/2707 2708/2708
f 2710/2710 2709/2709 2707/2707
f 2712/2712 2709/2709 2710/2710
f 2712/2712 2711/2711 2709/2709
f 2714/2714 2711/2711 2712/2712
f 2714/2714 2713/2713 2711/2711
f 2716/2716 2713/2713 2714/2714
f 2716/2716 2715/2715 2713/2713
f 2718/2718 2715/2715 2716/2716
f 2718/2718 2717/2717 2715/2715
f 2720/2720 2717/2717 2718/2718
f 2720/2720 2719/2719 2717/2717
f 2722/2722 2719/2719 2720/2720
f 2722/2722 2721/2721 2719/2719
f 2724/2724 2721/2721 2722/2722
f 2724/2724 2723/2723 2721/2721
f 2726/2726 2723/2723 2724/2724
f 2726/2726 2725/2725 2723/2723
f 2728/2728 2725/2725 2726/2726
f 2728/2728 2727/2727 2725/2725
f 2730/2730 2727/2727 2728/2728
f 2730/2730 2729/2729 2727/2727
f 2732/2732 2729/2729 2730/2730
f 2732/2732 2731/2731 2729/2729
f 2734/2734 2731/2731 2732/2732
f 2734/2734 2733/2733 2731/2731
f 2736/2736 2733/2733 2734/2734
f 2736/2736 2735/2735 2733/2733
f 2738/2738 2735/2735 2736/2736
f 2738/2738 2737/2737 2735/2735
f 2740/2740 2737/2737 2738/2738
f 2740/2740 2739/2739 2737/2737
f 2742/2742 2739/2739 2740/2740
f 2742/2742 2741/2741 2739/2739
f 2744/2744 2741/2741 2742/2742
f 2744/2744 2743/2743 2741/2741
f 2746/2746 2743/2743 2744/2744
f 2746/2746 2745/2745 2743/2743
f 2748/2748 2745/2745 2746/2746
f 2748/2748 2747/2747 2745/2745
f 2750/2750 2747/2747 2748/2748
f 2750/2750 2749/2749 2747/2747
f 2752/2752 2749/2749 2750/2750
f 2752/2752 2751/2751 2749/2749
f 2754/2754 2751/2751 2752/2752
f 2754/2754 2753/2753 2751/2751
f 2756/2756 2753/2753 2754/2754
f 2756/2756 2755/2755 2753/2753
f 2758/2758 2755/2755 2756/2756
f 2758/2758 2757/2757 2755/2755
f 2760/2760 2757/2757 2758/2758
f 2760/2760 2759/2759 2757/2757
f 2762/2762 2759/2759 2760/2760
f 2762/2762 2761/2761 2759/2759
f 2764/2764 2761/2761 2762/2762
f 2764/2764 2763/2763 2761/2761
f 2766/2766 2763/2763 2764/2764
f 2766/2766 2765/2765 2763/2763
f 2768/2768 2765/2765 2766/2766
f 2768/2768 2767/2767 2765/2765
f 2770/2770 2767/2767 2768/2768
f 2770/2770 2769/2769 2767/2767
f 2772/2772 2769/2769 2770/2770
f 2772/2772 2771/2771 2769/2769
f 2774/2774 2771/2771 2772/2772
f 2774/2774 2773/2773 2771/2771
f 2776/2776 2773/2773 2774/2774
f 2776/2776 2775/2775 2773/2773
f 2778/2778 2775/2775 2776/2776
f 2778/2778 2777/2777 2775/2775
f 2780/2780 2777/2777 2778/2778
f 2780/2780 2779/2779 2777/2777
f 2782/2782 2779/2779 2780/2780
f 2782/2782 2781/2781 2779/2779
f 2784/2784 2781/2781 2782/2782
f 2784/2784 2783/2783 2781/2781
f 2786/2786 2783/2783 2784/2784
f 2786/2786 2785/2785 2783/2783
f 2788/2788 2785/2785 2786/2786
f 2788/2788 2787/2787 2785/2785
f 2790/2790 2787/2787 2788/2788
f 2790/2790 2789/2789 2787/2787
f 2792/2792 2789/2789 2790/2790
f 2792/2792 2791/2791 2789/2789
f 2794/2794 2791/2791 2792/2792
f 2794/2794 2793/2793 2791/2791
f 2796/2796 2793/2793 2794/2794
f 2796/2796 2795/2795 2793/2793
f 2798/2798 2795/2795 2796/2796
f 2798/2798 2797/2797 2795/2795
f 2800/2800 2797/2797 2798/2798
f 2800/2800 2799/2799 2797/2797
f 2802/2802 2799/2799 2800/2800
f 2802/2802 2801/2801 2799/2799
f 2804/2804 2801/2801 2802/2802
f 2804/2804 2803/2803 2801/2801
f 2806/2806 2803/2803 2804/2804
f 2806/2806 2805/2805 2803/2803
f 2808/2808 2805/2805 2806/2806
f 2808/2808 2807/2807 2805/2805
f 2810/2810 2807/2807 2808/2808
f 2810/2810 2809/2809 2807/2807
f 2812/2812 2809/2809 2810/2810
f 2812/2812 2811/2811 2809/2809
f 2814/2814 2811/2811 2812/2812
f 2814/2814 2813/2813 2811/2811
f 2816/2816 2813/2813 2814/2814
f 2816/2816 2815/2815 2813/2813
f 2818/2818 2815/2815 2816/2816
f 2818/2818 2817/2817 2815/2815
f 2820/2820 2817/2817 2818/2818
f 2820/2820 2819/2819 2817/2817
f 2822/2822 2819/2819 2820/2820
f 2822/2822 2821/2821 2819/2819
f 2824/2824 2821/2821 2822/2822
f 2824/2824 2823/2823 2821/2821
f 2826/2826 2823/2823 2824/2824
f 2826/2826 2825/2825 2823/2823
f 2828/2828 2825/2825 2826/2826
f 2828/2828 2827/2827 2825/2825
f 2830/2830 2827/2827 2828/2828
f 2830/2830 2829/2829 2827/2827
f 2832/2832 2829/2829 2830/2830
f 2832/2832 2831/2831 2829/2829
f 2834/2834 2831/2831 2832/2832
f 2834/2834 2833/2833 2831/2831
f 2836/2836 2833/2833 2834/2834
f 2836/2836 2835/2835 2833/2833
f 2838/2838 2835/2835 2836/2836
f 2838/2838 2837/2837 2835/2835
f 2840/2840 2837/2837 2838/2838
f 2840/2840 2839/2839 2837/2837
f 2842/2842 2839/2839 2840/2840
f 2842/2842 2841/2841 2839/2839
f 2844/2844 2841/2841 2842/2842
f 2844/2844 2843/2843 2841/2841
f 2846/2846 2843/2843 2844/2844
f 2846/2846 2845/2845 2843/2843
f 2848/2848 2845/2845 2846/2846
f 2848/2848 2847/2847 2845/2845
f 2850/2850 2847/2847 2848/2848
f 2850/2850 2849/2849 2847/2847
f 2852/2852 2849/2849 2850/2850
f 2852/2852 2851/2851 2849/2849
f 2854/2854 2851/2851 2852/2852
f 2854/2854 2853/2853 2851/2851
f 2856/2856 2853/2853 2854/2854
f 2856/2856 2855/2855 2853/2853
f 2858/2858 2855/2855 2856/2856
f 2858/2858 2857/2857 2855/2855
f 2860/2860 2857/2857 2858/2858
f 2860/2860 2859/2859 2857/2857
f 2862/2862 2859/2859 2860/2860
f 2862/2862 2861/2861 2859/2859
f 2864/2864 2861/2861 2862/2862
f 2864/2864 2863/2863 2861/2861
f 2866/2866 2863/2863 2864/2864
f 2866/2866 2865/2865 2863/2863
f 2868/2868 2865/2865 2866/2866
f 2868/2868 2867/2867 2865/2865
f 2870/2870 2867/2867 2868/2868
f 2870/2870 2869/2869 2867/2867
f 2872/2872 2869/2869 2870/2870
f 2872/2872 2871/2871 2869/2869
f 2874/2874 2871/2871 2872/2872
f 2874/2874 2873/2873 2871/2871
f 2876/2876 2873/2873 2874/2874
f 2876/2876 2875/2875 2873/2873
f 2878/2878 2875/2875 2876/2876
f 2878/2878 2877/2877 2875/2875
f 2880/2880 2877/2877 2878/2878
f 2880/2880 2879/2879 2877/2877
f 2882/2882 2879/2879 2880/2880
f 2882/2882 2881/2881 2879/2879
f 2884/2884 2881/2881 2882/2882
f 2884/2884 2883/2883 2881/2881
f 2886/2886 2883/2883 2884/2884
f 2886/2886 2885/2885 2883/2883
f 2888/2888 2885/2885 2886/2886
f 2888/2888 2887/2887 2885/2885
f 2890/2890 2887/2887 2888/2888
f 2890/2890 2889/2889 2887/2887
f 2892/2892 2889/2889 2890/2890
f 2892/2892 2891/2891 2889/2889
f 2894/2894 2891/2891 2892/2892
f 2894/2894 2893/2893 2891/2891
f 2896/2896 2893/2893 2894/2894
f 2896/2896 2895/2895 2893/2893
f 2898/2898 2895/2895 2896/2896
f 2898/2898 2897/2897 2895/2895
f 2900/2900 2897/2897 2898/2898
f 2900/2900 2899/2899 2897/2897
f 2902/2902 2899/2899 2900/2900
f 2902/2902 2901/2901 2899/2899
f 2904/2904 2901/2901 2902/2902
f 2904/2904 2903/2903 2901/2901
f 2906/2906 2903/2903 2904/2904
f 2906/2906 2905/2905 2903/2903
f 2908/2908 2905/2905 2906/2906
f 2908/2908 2907/2907 2905/2905
f 2910/2910 2907/2907 2908/2908
f 2910/2910 2909/2909 2907/2907
f 2912/2912 2909/2909 2910/2910
f 2912/2912 2911/2911 2909/2909
f 2914/2914 2911/2911 2912/2912
f 2914/2914 2913/2913 2911/2911
f 2916/2916 2913/2913 2914/2914
f 2916/2916 2915/2915 2913/2913
f 2918/2918 2915/2915 2916/2916
f 2918/2918 2917/2917 2915/2915
f 2920/2920 2917/2917 2918/2918
f 2920/2920 2919/2919 2917/2917
f 2922/2922 2919/2919 2920/2920
f 2922/2922 2921/2921 2919/2919
f 2924/2924 2921/2921 2922/2922
f 2924/2924 2923/2923 2921/2921
f 2926/2926 2923/2923 2924/2924
f 2926/2926 2925/2925 2923/2923
f 2928/2928 2925/2925 2926/2926
f 2928/2928 2927/2927 2925/2925
f 2930/2930 2927/2927 2928/2928
f 2930/2930 2929/2929 2927/2927
f 2932/2932 2929/2929 2930/2930
f 2932/2932 2931/2931 2929/2929
f 2934/2934 2931/2931 2932/2932
f 2934/2934 2933/2933 2931/2931
f 2936/2936 2933/2933 2934/2934
f 2936/2936 2935/2935 2933/2933
f 2938/2938 2935/2935 2936/2936
f 2938/2938 2937/2937 2935/2935
f 2940/2940 2937/2937 2938/2938
f 2940/2940 2939/2939 2937/2937
f 2942/2942 2939/2939 2940/2940
f 2942/2942 2941/2941 2939/2939
f 2944/2944 2941/2941 2942/2942
f 2944/2944 2943/2943 2941/2941
f 2946/2946 2943/2943 2944/2944
f 2946/2946 2945/2945 2943/2943
f 2948/2948 2945/2945 2946/2946
f 2948/2948 2947/2947 2945/2945
f 2950/2950 2947/2947 2948/2948
f 2950/2950 2949/2949 2947/2947
f 2952/2952 2949/2949 2950/2950
f 2952/2952 2951/2951 2949/2949
f 2954/2954 2951/2951 2952/2952
f 2954/2954 2953/2953 2951/2951
f 2956/2956 2953/2953 2954/2954
f 2956/2956 2955/2955 2953/2953
f 2958/2958 2955/2955 2956/2956
f 2958/2958 2957/2957 2955/2955
f 2960/2960 2957/2957 2958/2958
f 2960/2960 2959/2959 2957/2957
f 2962/2962 2959/2959 2960/2960
f 2962/2962 2961/2961 2959/2959
f 2964/2964 2961/2961 2962/2962
f 2964/2964 2963/2963 2961/2961
f 2966/2966 2963/2963 2964/2964
f 2966/2966 2965/2965 2963/2963
f 2968/2968 2965/2965 2966/2966
f 2968/2968 2967/2967 2965/2965
f 2970/2970 2967/2967 2968/2968
f 2970/2970 2969/2969 2967/2967
f 2972/2972 2969/2969 2970/2970
f 2972/2972 2971/2971 2969/2969
f 2974/2974 2971/2971 2972/2972
f 2974/2974 2973/2973 2971/2971
f 2976/2976 2973/2973 2974/2974
f 2976/2976 2975/2975 2973/2973
f 2978/2978 2975/2975 2976/2976
f 2978/2978 2977/2977 2975/2975
f 2980/2980 2977/2977 2978/2978
f 2980/2980 2979/2979 2977/2977
f 2982/2982 2979/2979 2980/2980
f 2982/2982 2981/2981 2979/2979
f 2984/2984 2981/2981 2982/2982
f 2984/2984 2983/2983 2981/2981
f 2986/2986 2983/2983 2984/2984
f 2986/2986 2985/2985 2983/2983
f 2988/2988 2985/2985 2986/2986
f 2988/2988 2987/2987 2985/2985
f 2990/2990 2987/2987 2988/2988
f 2990/2990 2989/2989 2987/2987
f 2992/2992 2989/2989 2990/2990
f 2992/2992 2991/2991 2989/2989
f 2994/2994 2991/2991 2992/2992
f 2994/2994 2993/2993 2991/2991
f 2996/2996 2993/2993 2994/2994
f 2996/2996 2995/2995 2993/2993
f 2998/2998 2995/2995 2996/2996
f 2998/2998 2997/2997 2995/2995
f 3000/3000 2997/2997 2998/2998
f 3000/3000 2999/2999 2997/2997
f 3002/3002 2999/2999 3000/3000
f 3002/3002 3001/3001 2999/2999
f 3004/3004 3001/3001 3002/3002
f 3004/3004 3003/3003 3001/3001
f 3006/3006 3003/3003 3004/3004
f 3006/3006 3005/3005 3003/3003
f 3008/3008 3005/3005 3006/3006
f 3008/3008 3007/3007 3005/3005
f 3010/3010 3007/3007 3008/3008
f 3010/3010 3009/3009 3007/3007
f 3012/3012 3009/3009 3010/3010
f 3012/3012 3011/3011 3009/3009
f 3014/3014 3011/3011 3012/3012
f 3014/3014 3013/3013 3011/3011
f 3016/3016 3013/3013 3014/3014
f 3016/3016 3015/3015 3013/3013
f 3018/3018 3015/3015 3016/3016
f 3018/3018 3017/3017 3015/3015
f 3020/3020 3017/3017 3018/3018
f 3020/3020 3019/3019 3017/3017
f 3022/3022 3019/3019 3020/3020
f 3022/3022 3021/3021 3019/3019
f 3024/3024 3021/3021 3022/3022
f 3024/3024 3023/3023 3021/3021
f 3026/3026 3023/3023 3024/3024
f 3026/3026 3025/3025 3023/3023
f 3028/3028 3025/3025 3026/3026
f 3028/3028 3027/3027 3025/3025
f 3030/3030 3027/3027 3028/3028
f 3030/3030 3029/3029 3027/3027
f 3032/3032 3029/3029 3030/3030
f 3032/3032 3031/3031 3029/3029
f 3034/3034 3031/3031 3032/3032
f 3034/3034 3033/3033 3031/3031
f 3036/3036 3033/3033 3034/3034
f 3036/3036 3035/3035 3033/3033
f 3038/3038 3035/3035 3036/3036
f 3038/3038 3037/3037 3035/3035
f 3040/3040 3037/3037 3038/3038
f 3040/3040 3039/3039 3037/3037
f 3042/3042 3039/3039 3040/3040
f 3042/3042 3041/3041 3039/3039
f 3044/3044 3041/3041 3042/3042
f 3044/3044 3043/3043 3041/3041
f 3046/3046 3043/3043 3044/3044
f 3046/3046 3045/3045 3043/3043
f 3048/3048 3045/3045 3046/3046
f 3048/3048 3047/3047 3045/3045
f 3050/3050 3047/3047 3048/3048
f 3050/3050 3049/3049 3047/3047
f 3052/3052 3049/3049 3050/3050
f 3052/3052 3051/3051 3049/3049
f 3054/3054 3051/3051 3052/3052
f 3054/3054 3053/3053 3051/3051
f 3056/3056 3053/3053 3054/3054
f 3056/3056 3055/3055 3053/3053
f 3058/3058 3055/3055 3056/3056
f 3058/3058 3057/3057 3055/3055
f 3060/3060 3057/3057 3058/3058
f 3060/3060 3059/3059 3057/3057
f 3062/3062 3059/3059 3060/3060
f 3062/3062 3061/3061 3059/3059
f 3064/3064 3061/3061 3062/3062
f 3064/3064 3063/3063 3061/3061
f 3066/3066 3063/3063 3064/3064
f 3066/3066 3065/3065 3063/3063
f 3068/3068 3065/3065 3066/3066
f 3068/3068 3067/3067 3065/3065
f 3070/3070 3067/3067 3068/3068
f 3070/3070 3069/3069 3067/3067
f 3072/3072 3069/3069 3070/3070
f 3072/3072 3071/3071 3069/3069
f 3074/3074 3071/3071 3072/3072
f 3074/3074 3073/3073 3071/3071
f 3076/3076 3073/3073 3074/3074
f 3076/3076 3075/3075 3073/3073
f 3078/3078 3075/3075 3076/3076
f 3078/3078 3077/3077 3075/3075
f 3080/3080 3077/3077 3078/3078
f 3080/3080 3079/3079 3077/3077
f 3082/3082 3079/3079 3080/3080
f 3082/3082 3081/3081 3079/3079
f 3084/3084 3081/3081 3082/3082
f 3084/3084 3083/3083 3081/3081
f 3086/3086 3083/3083 3084/3084
f 3086/3086 3085/3085 3083/3083
f 3088/3088 3085/3085 3086/3086
f 3088/3088 3087/3087 3085/3085
f 3090/3090 3087/3087 3088/3088
f 3090/3090 3089/3089 3087/3087
f 3092/3092 3089/3089 3090/3090
f 3092/3092 3091/3091 3089/3089
f 3094/3094 3091/3091 3092/3092
f 3094/3094 3093/3093 3091/3091
f 3096/3096 3093/3093 3094/3094
f 3096/3096 3095/3095 3093/3093
f 3098/3098 3095/3095 3096/3096
f 3098/3098 3097/3097 3095/3095
f 3100/3100 3097/3097 3098/3098
f 3100/3100 3099/3099 3097/3097
f 3102/3102 3099/3099 3100/3100
f 3102/3102 3101/3101 3099/3099
f 3104/3104 3101/3101 3102/3102
f 3104/3104 3103/3103 3101/3101
f 3106/3106 3103/3103 3104/3104
f 3106/3106 3105/3105 3103/3103
f 3108/3108 3105/3105 3106/3106
f 3108/3108 3107/3107 3105/3105
f 3110/3110 3107/3107 3108/3108
f 3110/3110 3109/3109 3107/3107
f 3112/3112 3109/3109 3110/3110
f 3112/3112 3111/3111 3109/3109
f 3114/3114 3111/3111 3112/3112
f 3114/3114 3113/3113 3111/3111
f 3116/3116 3113/3113 3114/3114
f 3116/3116 3115/3115 3113/3113
f 3118/3118 3115/3115 3116/3116
f 3118/3118 3117/3117 3115/3115
f 3120/3120 3117/3117 3118/3118
f 3120/3120 3119/3119 3117/3117
f 3122/3122 3119/3119 3120/3120
f 3122/3122 3121/3121 3119/3119
f 3124/3124 3121/3121 3122/3122
f 3124/3124 3123/3123 3121/3121
f 3126/3126 3123/3123 3124/3124
f 3126/3126 3125/3125 3123/3123
f 3128/3128 3125/3125 3126/3126
f 3128/3128 3127/3127 3125/3125
f 3130/3130 3127/3127 3128/3128
f 3130/3130 3129/3129 3127/3127
f 3132/3132 3129/3129 3130/3130
f 3132/3132 3131/3131 3129/3129
f 3134/3134 3131/3131 3132/3132
f 3134/3134 3133/3133 3131/3131
f 3136/3136 3133/3133 3134/3134
f 3136/3136 3135/3135 3133/3133
f 3138/3138 3135/3135 3136/3136
f 3138/3138 3137/3137 3135/3135
f 3140/3140 3137/3137 3138/3138
f 3140/3140 3139/3139 3137/3137
f 3142/3142 3139/3139 3140/3140
f 3142/3142 3141/3141 3139/3139
f 3144/3144 3141/3141 3142/3142
f 3144/3144 3143/3143 3141/3141
f 3146/3146 3143/3143 3144/3144
f 3146/3146 3145/3145 3143/3143
f 3148/3148 3145/3145 3146/3146
f 3148/3148 3147/3147 3145/3145
f 3150/3150 3147/3147 3148/3148
f 3150/3150 3149/3149 3147/3147
f 3152/3152 3149/3149 3150/3150
f 3152/3152 3151/3151 3149/3149
f 3154/3154 3151/3151 3152/3152
f 3154/3154 3153/3153 3151/3151
f 3156/3156 3153/3153 3154/3154
f 3156/3156 3155/3155 3153/3153
f 3158/3158 3155/3155 3156/3156
f 3158/3158 3157/3157 3155/3155
f 3160/3160 3157/3157 3158/3158
f 3160/3160 3159/3159 3157/3157
f 3162/3162 3159/3159 3160/3160
f 3162/3162 3161/3161 3159/3159
f 3164/3164 3161/3161 3162/3162
f 3164/3164 3163/3163 3161/3161
f 3166/3166 3163/3163 3164/3164
f 3166/3166 3165/3165 3163/3163
f 3168/3168 3165/3165 3166/3166
f 3168/3168 3167/3167 3165/3165
f 3170/3170 3167/3167 3168/3168
f 3170/3170 3169/3169 3167/3167
f 3172/3172 3169/3169 3170/3170
f 3172/3172 3171/3171 3169/3169
f 3174/3174 3171/3171 3172/3172
f 3174/3174 3173/3173 3171/3171
f 3176/3176 3173/3173 3174/3174
f 3176/3176 3175/3175 3173/3173
f 3178/3178 3175/3175 3176/3176
f 3178/3178 3177/3177 3175/3175
f 3180/3180 3177/3177 3178/3178
f 3180/3180 3179/3179 3177/3177
f 3182/3182 3179/3179 3180/3180
f 3182/3182 3181/3181 3179/3179
f 3184/3184 3181/3181 3182/3182
f 3184/3184 3183/3183 3181/3181
f 3186/3186 3183/3183 3184/3184
f 3186/3186 3185/3185 3183/3183
f 3188/3188 3185/3185 3186/3186
f 3188/3188 3187/3187 3185/3185
f 3190/3190 3187/3187 3188/3188
f 3190/3190 3189/3189 3187/3187
f 3192/3192 3189/3189 3190/3190
f 3192/3192 3191/3191 3189/3189
f 3194/3194 3191/3191 3192/3192
f 3194/3194 3193/3193 3191/3191
f 3196/3196 3193/3193 3194/3194
f 3196/3196 3195/3195 3193/3193
f 3198/3198 3195/3195 3196/3196
f 3198/3198 3197/3197 3195/3195
f 3200/3200 3197/3197 3198/3198
f 3200/3200 3199/3199 3197/3197
f 3202/3202 3199/3199 3200/3200
f 3202/3202 3201/3201 3199/3199
f 3204/3204 3201/3201 3202/3202
f 3204/3204 3203/3203 3201/3201
f 3206/3206 3203/3203 3204/3204
f 3206/3206 3205/3205 3203/3203
f 3208/3208 3205/3205 3206/3206
f 3208/3208 3207/3207 3205/3205
f 3210/3210 3207/3207 3208/3208
f 3210/3210 3209/3209 3207/3207
f 3212/3212 3209/3209 3210/3210
f 3212/3212 3211/3211 3209/3209
f 3214/3214 3211/3211 3212/3212
f 3214/3214 3213/3213 3211/3211
f 3216/3216 3213/3213 3214/3214
f 3216/3216 3215/3215 3213/3213
f 3218/3218 3215/3215 3216/3216
f 3218/3218 3217/3217 3215/3215
f 3220/3220 3217/3217 3218/3218
f 3220/3220 3219/3219 3217/3217
f 3222/3222 3219/3219 3220/3220
f 3222/3222 3221/3221 3219/3219
f 3224/3224 3221/3221 3222/3222
f 3224/3224 3223/3223 3221/3221
f 3226/3226 3223/3223 3224/3224
f 3226/3226 3225/3225 3223/3223
f 3228/3228 3225/3225 3226/3226
f 3228/3228 3227/3227 3225/3225
f 3230/3230 3227/3227 3228/3228
f 3230/3230 3229/3229 3227/3227
f 3232/3232 3229/3229 3230/3230
f 3232/3232 3231/3231 3229/3229
f 3234/3234 3231/3231 3232/3232
f 3234/3234 3233/3233 3231/3231
f 3236/3236 3233/3233 3234/3234
f 3236/3236 3235/3235 3233/3233
f 3238/3238 3235/3235 3236/3236
f 3238/3238 3237/3237 3235/3235
f 3240/3240 3237/3237 3238/3238
f 3240/3240 3239/3239 3237/3237
f 3242/3242 3239/3239 3240/3240
f 3242/3242 3241/3241 3239/3239
f 3244/3244 3241/3241 3242/3242
f 3244/3244 3243/3243 3241/3241
f 3246/3246 3243/3243 3244/3244
f 3246/3246 3245/3245 3243/3243
f 3248/3248 3245/3245 3246/3246
f 3248/3248 3247/3247 3245/3245
f 3250/3250 3247/3247 3248/3248
f 3250/3250 3249/3249 3247/3247
f 3252/3252 3249/3249 3250/3250
f 3252/3252 3251/3251 3249/3249
f 3254/3254 3251/3251 3252/3252
f 3254/3254 3253/3253 3251/3251
f 3256/3256 3253/3253 3254/3254
f 3256/3256 3255/3255 3253/3253
f 3258/3258 3255/3255 3256/3256
f 3258/3258 3257/3257 3255/3255
f 3260/3260 3257/3257 3258/3258
f 3260/3260 3259/3259 3257/3257
f 3262/3262 3259/3259 3260/3260
f 3262/3262 3261/3261 3259/3259
f 3264/3264 3261/3261 3262/3262
f 3264/3264 3263/3263 3261/3261
f 3266/3266 3263/3263 3264/3264
f 3266/3266 3265/3265 3263/3263
f 3268/3268 3265/3265 3266/3266
f 3268/3268 3267/3267 3265/3265
f 3270/3270 3267/3267 3268/3268
f 3270/3270 3269/3269 3267/3267
f 3272/3272 3269/3269 3270/3270
f 3272/3272 3271/3271 3269/3269
f 3274/3274 3271/3271 3272/3272
f 3274/3274 3273/3273 3271/3271
f 3276/3276 3273/3273 3274/3274
f 3276/3276 3275/3275 3273/3273
f 3278/3278 3275/3275 3276/3276
f 3278/3278 3277/3277 3275/3275
f 3280/3280 3277/3277 3278/3278
f 3280/3280 3279/3279 3277/3277
f 3282/3282 3279/3279 3280/3280
f 3282/3282 3281/3281 3279/3279
f 3284/3284 3281/3281 3282/3282
f 3284/3284 3283/3283 3281/3281
f 3286/3286 3283/3283 3284/3284
f 3286/3286 3285/3285 3283/3283
f 3288/3288 3285/3285 3286/3286
f 3288/3288 3287/3287 3285/3285
f 3290/3290 3287/3287 3288/3288
f 3290/3290 3289/3289 3287/3287
f 3292/3292 3289/3289 3290/3290
f 3292/3292 3291/3291 3289/3289
f 3294/3294 3291/3291 3292/3292
f 3294/3294 3293/3293 3291/3291
f 3296/3296 3293/3293 3294/3294
f 3296/3296 3295/3295 3293/3293
f 3298/3298 3295/3295 3296/3296
f 3298/3298 3297/3297 3295/3295
f 3300/3300 3297/3297 3298/3298
f 3300/3300 3299/3299 3297/3297
f 3302/3302 3299/3299 3300/3300
f 3302/3302 3301/3301 3299/3299
f 3304/3304 3301/3301 3302/3302
f 3304/3304 3303/3303 3301/3301
f 3306/3306 3303/3303 3304/3304
f 3306/3306 3305/3305 3303/3303
f 3308/3308 3305/3305 3306/3306
f 3308/3308 3307/3307 3305/3305
f 3310/3310 3307/3307 3308/3308
f 3310/3310 3309/3309 3307/3307
f 3312/3312 3309/3309 3310/3310
f 3312/3312 3311/3311 3309/3309
f 3314/3314 3311/3311 3312/3312
f 3314/3314 3313/3313 3311/3311
f 3316/3316 3313/3313 3314/3314
f 3316/3316 3315/3315 3313/3313
f 3318/3318 3315/3315 3316/3316
f 3318/3318 3317/3317 3315/3315
f 3320/3320 3317/3317 3318/3318
f 3320/3320 3319/3319 3317/3317
f 3322/3322 3319/3319 3320/3320
f 3322/3322 3321/3321 3319/3319
f 3324/3324 3321/3321 3322/3322
f 3324/3324 3323/3323 3321/3321
f 3326/3326 3323/3323 3324/3324
f 3326/3326 3325/3325 3323/3323
f 3328/3328 3325/3325 3326/3326
f 3328/3328 3327/3327 3325/3325
f 3330/3330 3327/3327 3328/3328
f 3330/3330 3329/3329 3327/3327
f 3332/3332 3329/3329 3330/3330
f 3332/3332 3331/3331 3329/3329
f 3334/3334 3331/3331 3332/3332
f 3334/3334 3333/3333 3331/3331
f 3336/3336 3333/3333 3334/3334
f 3336/3336 3335/3335 3333/3333
f 3338/3338 3335/3335 3336/3336
f 3338/3338 3337/3337 3335/3335
f 3340/3340 3337/3337 3338/3338
f 3340/3340 3339/3339 3337/3337
f 3342/3342 3339/3339 3340/3340
f 3342/3342 3341/3341 3339/3339
f 3344/3344 3341/3341 3342/3342
f 3344/3344 3343/3343 3341/3341
f 3346/3346 3343/3343 3344/3344
f 3346/3346 3345/3345 3343/3343
f 3348/3348 3345/3345 3346/3346
f 3348/3348 3347/3347 3345/3345
f 3350/3350 3347/3347 3348/3348
f 3350/3350 3349/3349 3347/3347
f 3352/3352 3349/3349 3350/3350
f 3352/3352 3351/3351 3349/3349
f 3354/3354 3351/3351 3352/3352
f 3354/3354 3353/3353 3351/3351
f 3356/3356 3353/3353 3354/3354
f 3356/3356 3355/3355 3353/3353
f 3358/3358 3355/3355 3356/3356
f 3358/3358 3357/3357 3355/3355
f 3360/3360 3357/3357 3358/3358
f 3360/3360 3359/3359 3357/3357
f 3362/3362 3359/3359 3360/3360
f 3362/3362 3361/3361 3359/3359
f 3364/3364 3361/3361 3362/3362
f 3364/3364 3363/3363 3361/3361
f 3366/3366 3363/3363 3364/3364
f 3366/3366 3365/3365 3363/3363
f 3368/3368 3365/3365 3366/3366
f 3368/3368 3367/3367 3365/3365
f 3370/3370 3367/3367 3368/3368
f 3370/3370 3369/3369 3367/3367
f 3372/3372 3369/3369 3370/3370
f 3372/3372 3371/3371 3369/3369
f 3374/3374 3371/3371 3372/3372
f 3374/3374 3373/3373 3371/3371
f 3376/3376 3373/3373 3374/3374
f 3376/3376 3375/3375 3373/3373
f 3378/3378 3375/3375 3376/3376
f 3378/3378 3377/3377 3375/3375
f 3380/3380 3377/3377 3378/3378
f 3380/3380 3379/3379 3377/3377
f 3382/3382 3379/3379 3380/3380
f 3382/3382 3381/3381 3379/3379
f 3384/3384 3381/3381 3382/3382
f 3384/3384 3383/3383 3381/3381
f 3386/3386 3383/3383 3384/3384
f 3386/3386 3385/3385 3383/3383
f 3388/3388 3385/3385 3386/3386
f 3388/3388 3387/3387 3385/3385
f 3390/3390 3387/3387 3388/3388
f 3390/3390 3389/3389 3387/3387
f 3392/3392 3389/3389 3390/3390
f 3392/3392 3391/3391 3389/3389
f 3394/3394 3391/3391 3392/3392
f 3394/3394 3393/3393 3391/3391
f 3396/3396 3393/3393 3394/3394
f 3396/3396 3395/3395 3393/3393
f 3398/3398 3395/3395 3396/3396
f 3398/3398 3397/3397 3395/3395
f 3400/3400 3397/3397 3398/3398
f 3400/3400 3399/3399 3397/3397
f 3402/3402 3399/3399 3400/3400
f 3402/3402 3401/3401 3399/3399
f 3404/3404 3401/3401 3402/3402
f 3404/3404 3403/3403 3401/3401
f 3406/3406 3403/3403 3404/3404
f 3406/3406 3405/3405 3403/3403
f 3408/3408 3405/3405 3406/3406
f 3408/3408 3407/3407 3405/3405
f 3410/3410 3407/3407 3408/3408
f 3410/3410 3409/3409 3407/3407
f 3412/3412 3409/3409 3410/3410
f 3412/3412 3411/3411 3409/3409
f 3414/3414 3411/3411 3412/3412
f 3414/3414 3413/3413 3411/3411
f 3416/3416 3413/3413 3414/3414
f 3416/3416 3415/3415 3413/3413
f 3418/3418 3415/3415 3416/3416
f 3418/3418 3417/3417 3415/3415
f 3420/3420 3417/3417 3418/3418
f 3420/3420 3419/3419 3417/3417
f 3422/3422 3419/3419 3420/3420
f 3422/3422 3421/3421 3419/3419
f 3424/3424 3421/3421 3422/3422
f 3424/3424 3423/3423 3421/3421
f 3426/3426 3423/3423 3424/3424
f 3426/3426 3425/3425 3423/3423
f 3428/3428 3425/3425 3426/3426
f 3428/3428 3427/3427 3425/3425
f 3430/3430 3427/3427 3428/3428
f 3430/3430 3429/3429 3427/3427
f 3432/3432 3429/3429 3430/3430
f 3432/3432 3431/3431 3429/3429
f 3434/3434 3431/3431 3432/3432
f 3434/3434 3433/3433 3431/3431
f 3436/3436 3433/3433 3434/3434
f 3436/3436 3435/3435 3433/3433
f 3438/3438 3435/3435 3436/3436
f 3438/3438 3437/3437 3435/3435
f 3440/3440 3437/3437 3438/3438
f 3440/3440 3439/3439 3437/3437
f 3442/3442 3439/3439 3440/3440
f 3442/3442 3441/3441 3439/3439
f 3444/3444 3441/3441 3442/3442
f 3444/3444 3443/3443 3441/3441
f 3446/3446 3443/3443 3444/3444
f 3446/3446 3445/3445 3443/3443
f 3448/3448 3445/3445 3446/3446
f 3448/3448 3447/3447 3445/3445
f 3450/3450 3447/3447 3448/3448
f 3450/3450 3449/3449 3447/3447
f 3452/3452 3449/3449 3450/3450
f 3452/3452 3451/3451 3449/3449
f 3454/3454 3451/3451 3452/3452
f 3454/3454 3453/3453 3451/3451
f 3456/3456 3453/3453 3454/3454
f 3456/3456 3455/3455 3453/3453
f 3458/3458 3455/3455 3456/3456
f 3458/3458 3457/3457 3455/3455
f 3460/3460 3457/3457 3458/3458
f 3460/3460 3459/3459 3457/3457
f 3462/3462 3459/3459 3460/3460
f 3462/3462 3461/3461 3459/3459
f 3464/3464 3461/3461 3462/3462
f 3464/3464 3463/3463 3461/3461
f 3466/3466 3463/3463 3464/3464
f 3466/3466 3465/3465 3463/3463
f 3468/3468 3465/3465 3466/3466
f 3468/3468 3467/3467 3465/3465
f 3470/3470 3467/3467 3468/3468
f 3470/3470 3469/3469 3467/3467
f 3472/3472 3469/3469 3470/3470
f 3472/3472 3471/3471 3469/3469
f 3474/3474 3471/3471 3472/3472
f 3474/3474 3473/3473 3471/3471
f 3476/3476 3473/3473 3474/3474
f 3476/3476 3475/3475 3473/3473
f 3478/3478 3475/3475 3476/3476
f 3478/3478 3477/3477 3475/3475
f 3480/3480 3477/3477 3478/3478
f 3480/3480 3479/3479 3477/3477
f 3482/3482 3479/3479 3480/3480
f 3482/3482 3481/3481 3479/3479
f 3484/3484 3481/3481 3482/3482
f 3484/3484 3483/3483 3481/3481
f 3486/3486 3483/3483 3484/3484
f 3486/3486 3485/3485 3483/3483
f 3488/3488 3485/3485 3486/3486
f 3488/3488 3487/3487 3485/3485
f 3490/3490 3487/3487 3488/3488
f 3490/3490 3489/3489 3487/3487
f 3492/3492 3489/3489 3490/3490
f 3492/3492 3491/3491 3489/3489
f 3494/3494 3491/3491 3492/3492
f 3494/3494 3493/3493 3491/3491
f 3496/3496 3493/3493 3494/3494
f 3496/3496 3495/3495 3493/3493
f 3498/3498 3495/3495 3496/3496
f 3498/3498 3497/3497 3495/3495
f 3500/3500 3497/3497 3498/3498
f 3500/3500 3499/3499 3497/3497
f 3502/3502 3499/3499 3500/3500
f 3502/3502 3501/3501 3499/3499
f 3504/3504 3501/3501 3502/3502
f 3504/3504 3503/3503 3501/3501
f 3506/3506 3503/3503 3504/3504
f 3506/3506 3505/3505 3503/3503
f 3508/3508 3505/3505 3506/3506
f 3508/3508 3507/3507 3505/3505
f 3510/3510 3507/3507 3508/3508
f 3510/3510 3509/3509 3507/3507
f 3512/3512 3509/3509 3510/3510
f 3512/3512 3511/3511 3509/3509
f 3514/3514 3511/3511 3512/3512
f 3514/3514 3513/3513 3511/3511
f 3516/3516 3513/3513 3514/3514
f 3516/3516 3515/3515 3513/3513
f 3518/3518 3515/3515 3516/3516
f 3518/3518 3517/3517 3515/3515
f 3520/3520 3517/3517 3518/3518
f 3520/3520 3519/3519 3517/3517
f 3522/3522 3519/3519 3520/3520
f 3522/3522 3521/3521 3519/3519
f 3524/3524 3521/3521 3522/3522
f 3524/3524 3523/3523 3521/3521
f 3526/3526 3523/3523 3524/3524
f 3526/3526 3525/3525 3523/3523
f 3528/3528 3525/3525 3526/3526
f 3528/3528 3527/3527 3525/3525
f 3530/3530 3527/3527 3528/3528
f 3530/3530 3529/3529 3527/3527
f 3532/3532 3529/3529 3530/3530
f 3532/3532 3531/3531 3529/3529
f 3534/3534 3531/3531 3532/3532
f 3534/3534 3533/3533 3531/3531
f 3536/3536 3533/3533 3534/3534
f 3536/3536 3535/3535 3533/3533
f 3538/3538 3535/3535 3536/3536
f 3538/3538 3537/3537 3535/3535
f 3540/3540 3537/3537 3538/3538
f 3540/3540 3539/3539 3537/3537
f 3542/3542 3539/3539 3540/3540
f 3542/3542 3541/3541 3539/3539
f 3544/3544 3541/3541 3542/3542
f 3544/3544 3543/3543 3541/3541
f 3546/3546 3543/3543 3544/3544
f 3546/3546 3545/3545 3543/3543
f 3548/3548 3545/3545 3546/3546
f 3548/3548 3547/3547 3545/3545
f 3550/3550 3547/3547 3548/3548
f 3550/3550 3549/3549 3547/3547
f 3552/3552 3549/3549 3550/3550
f 3552/3552 3551/3551 3549/3549
f 3554/3554 3551/3551 3552/3552
f 3554/3554 3553/3553 3551/3551
f 3556/3556 3553/3553 3554/3554
f 3556/3556 3555/3555 3553/3553
f 3558/3558 3555/3555 3556/3556
f 3558/3558 3557/3557 3555/3555
f 3560/3560 3557/3557 3558/3558
f 3560/3560 3559/3559 3557/3557
f 3562/3562 3559/3559 3560/3560
f 3562/3562 3561/3561 3559/3559
f 3564/3564 3561/3561 3562/3562
f 3564/3564 3563/3563 3561/3561
f 3566/3566 3563/3563 3564/3564
f 3566/3566 3565/3565 3563/3563
f 3568/3568 3565/3565 3566/3566
f 3568/3568 3567/3567 3565/3565
f 3570/3570 3567/3567 3568/3568
f 3570/3570 3569/3569 3567/3567
f 3572/3572 3569/3569 3570/3570
f 3572/3572 3571/3571 3569/3569
f 3574/3574 3571/3571 3572/3572
f 3574/3574 3573/3573 3571/3571
f 3576/3576 3573/3573 3574/3574
f 3576/3576 3575/3575 3573/3573
f 3578/3578 3575/3575 3576/3576
f 3578/3578 3577/3577 3575/3575
f 3580/3580 3577/3577 3578/3578
f 3580/3580 3579/3579 3577/3577
f 3582/3582 3579/3579 3580/3580
f 3582/3582 3581/3581 3579/3579
f 3584/3584 3581/3581 3582/3582
f 3584/3584 3583/3583 3581/3581
f 3586/3586 3583/3583 3584/3584
f 3586/3586 3585/3585 3583/3583
f 3588/3588 3585/3585 3586/3586
f 3588/3588 3587/3587 3585/3585
f 3590/3590 3587/3587 3588/3588
f 3590/3590 3589/3589 3587/3587
f 3592/3592 3589/3589 3590/3590
f 3592/3592 3591/3591 3589/3589
f 3594/3594 3591/3591 3592/3592
f 3594/3594 3593/3593 3591/3591
f 3596/3596 3593/3593 3594/3594
f 3596/3596 3595/3595 3593/3593
f 3598/3598 3595/3595 3596/3596
f 3598/3598 3597/3597 3595/3595
f 3600/3600 3597/3597 3598/3598
f 3600/3600 3599/3599 3597/3597
f 3602/3602 3599/3599 3600/3600
f 3602/3602 3601/3601 3599/3599
f 3604/3604 3601/3601 3602/3602
f 3604/3604 3603/3603 3601/3601
f 3606/3606 3603/3603 3604/3604
f 3606/3606 3605/3605 3603/3603
f 3608/3608 3605/3605 3606/3606
f 3608/3608 3607/3607 3605/3605
f 3610/3610 3607/3607 3608/3608
f 3610/3610 3609/3609 3607/3607
f 3612/3612 3609/3609 3610/3610
f 3612/3612 3611/3611 3609/3609
f 3614/3614 3611/3611 3612/3612
f 3614/3614 3613/3613 3611/3611
f 3616/3616 3613/3613 3614/3614
f 3616/3616 3615/3615 3613/3613
f 3618/3618 3615/3615 3616/3616
f 3618/3618 3617/3617 3615/3615
f 3620/3620 3617/3617 3618/3618
f 3620/3620 3619/3619 3617/3617
f 3622/3622 3619/3619 3620/3620
f 3622/3622 3621/3621 3619/3619
f 3624/3624 3621/3621 3622/3622
f 3624/3624 3623/3623 3621/3621
f 3626/3626 3623/3623 3624/3624
f 3626/3626 3625/3625 3623/3623
f 3628/3628 3625/3625 3626/3626
f 3628/3628 3627/3627 3625/3625
f 3630/3630 3627/3627 3628/3628
f 3630/3630 3629/3629 3627/3627
f 3632/3632 3629/3629 3630/3630
f 3632/3632 3631/3631 3629/3629
f 3634/3634 3631/3631 3632/3632
f 3634/3634 3633/3633 3631/3631
f 3636/3636 3633/3633 3634/3634
f 3636/3636 3635/3635 3633/3633
f 3638/3638 3635/3635 3636/3636
f 3638/3638 3637/3637 3635/3635
f 3640/3640 3637/3637 3638/3638
f 3640/3640 3639/3639 3637/3637
f 3642/3642 3639/3639 3640/3640
f 3642/3642 3641/3641 3639/3639
f 3644/3644 3641/3641 3642/3642
f 3644/3644 3643/3643 3641/3641
f 3646/3646 3643/3643 3644/3644
f 3646/3646 3645/3645 3643/3643
f 3648/3648 3645/3645 3646/3646
f 3648/3648 3647/3647 3645/3645
f 3650/3650 3647/3647 3648/3648
f 3650/3650 3649/3649 3647/3647
f 3652/3652 3649/3649 3650/3650
f 3652/3652 3651/3651 3649/3649
f 3654/3654 3651/3651 3652/3652
f 3654/3654 3653/3653 3651/3651
f 3656/3656 3653/3653 3654/3654
f 3656/3656 3655/3655 3653/3653
f 3658/3658 3655/3655 3656/3656
f 3658/3658 3657/3657 3655/3655
f 3660/3660 3657/3657 3658/3658
f 3660/3660 3659/3659 3657/3657
f 3662/3662 3659/3659 3660/3660
f 3662/3662 3661/3661 3659/3659
f 3664/3664 3661/3661 3662/3662
f 3664/3664 3663/3663 3661/3661
f 3666/3666 3663/3663 3664/3664
f 3666/3666 3665/3665 3663/3663
f 3668/3668 3665/3665 3666/3666
f 3668/3668 3667/3667 3665/3665
f 3670/3670 3667/3667 3668/3668
f 3670/3670 3669/3669 3667/3667
f 3672/3672 3669/3669 3670/3670
f 3672/3672 3671/3671 3669/3669
f 3674/3674 3671/3671 3672/3672
f 3674/3674 3673/3673 3671/3671
f 3676/3676 3673/3673 3674/3674
f 3676/3676 3675/3675 3673/3673
f 3678/3678 3675/3675 3676/3676
f 3678/3678 3677/3677 3675/3675
f 3680/3680 3677/3677 3678/3678
f 3680/3680 3679/3679 3677/3677
f 3682/3682 3679/3679 3680/3680
f 3682/3682 3681/3681 3679/3679
f 3684/3684 3681/3681 3682/3682
f 3684/3684 3683/3683 3681/3681
f 3686/3686 3683/3683 3684/3684
f 3686/3686 3685/3685 3683/3683
f 3688/3688 3685/3685 3686/3686
f 3688/3688 3687/3687 3685/3685
f 3690/3690 3687/3687 3688/3688
f 3690/3690 3689/3689 3687/3687
f 3692/3692 3689/3689 3690/3690
f 3692/3692 3691/3691 3689/3689
f 3694/3694 3691/3691 3692/3692
f 3694/3694 3693/3693 3691/3691
f 3696/3696 3693/3693 3694/3694
f 3696/3696 3695/3695 3693/3693
f 3698/3698 3695/3695 3696/3696
f 3698/3698 3697/3697 3695/3695
f 3700/3700 3697/3697 3698/3698
f 3700/3700 3699/3699 3697/3697
f 3702/3702 3699/3699 3700/3700
f 3702/3702 3701/3701 3699/3699
f 3704/3704 3701/3701 3702/3702
f 3704/3704 3703/3703 3701/3701
f 3706/3706 3703/3703 3704/3704
f 3706/3706 3705/3705 3703/3703
f 3708/3708 3705/3705 3706/3706
f 3708/3708 3707/3707 3705/3705
f 3710/3710 3707/3707 3708/3708
f 3710/3710 3709/3709 3707/3707
f 3712/3712 3709/3709 3710/3710
f 3712/3712 3711/3711 3709/3709
f 3714/3714 3711/3711 3712/3712
f 3714/3714 3713/3713 3711/3711
f 3716/3716 3713/3713 3714/3714
f 3716/3716 3715/3715 3713/3713
f 3718/3718 3715/3715 3716/3716
f 3718/3718 3717/3717 3715/3715
f 3720/3720 3717/3717 3718/3718
f 3720/3720 3719/3719 3717/3717
f 3722/3722 3719/3719 3720/3720
f 3722/3722 3721/3721 3719/3719
f 3724/3724 3721/3721 3722/3722
f 3724/3724 3723/3723 3721/3721
f 3726/3726 3723/3723 3724/3724
f 3726/3726 3725/3725 3723/3723
f 3728/3728 3725/3725 3726/3726
f 3728/3728 3727/3727 3725/3725
f 3730/3730 3727/3727 3728/3728
f 3730/3730 3729/3729 3727/3727
f 3732/3732 3729/3729 3730/3730
f 3732/3732 3731/3731 3729/3729
f 3734/3734 3731/3731 3732/3732
f 3734/3734 3733/3733 3731/3731
f 3736/3736 3733/3733 3734/3734
f 3736/3736 3735/3735 3733/3733
f 3738/3738 3735/3735 3736/3736
f 3738/3738 3737/3737 3735/3735
f 3740/3740 3737/3737 3738/3738
f 3740/3740 3739/3739 3737/3737
f 3742/3742 3739/3739 3740/3740
f 3742/3742 3741/3741 3739/3739
f 3744/3744 3741/3741 3742/3742
f 3744/3744 3743/3743 3741/3741
f 3746/3746 3743/3743 3744/3744
f 3746/3746 3745/3745 3743/3743
f 3748/3748 3745/3745 3746/3746
f 3748/3748 3747/3747 3745/3745
f 3750/3750 3747/3747 3748/3748
f 3750/3750 3749/3749 3747/3747
f 3752/3752 3749/3749 3750/3750
f 3752/3752 3751/3751 3749/3749
f 3754/3754 3751/3751 3752/3752
f 3754/3754 3753/3753 3751/3751
f 3756/3756 3753/3753 3754/3754
f 3756/3756 3755/3755 3753/3753
f 3758/3758 3755/3755 3756/3756
f 3758/3758 3757/3757 3755/3755
f 3760/3760 3757/3757 3758/3758
f 3760/3760 3759/3759 3757/3757
f 3762/3762 3759/3759 3760/3760
f 3762/3762 3761/3761 3759/3759
f 3764/3764 3761/3761 3762/3762
f 3764/3764 3763/3763 3761/3761
f 3766/3766 3763/3763 3764/3764
f 3766/3766 3765/3765 3763/3763
f 3768/3768 3765/3765 3766/3766
f 3768/3768 3767/3767 3765/3765
f 3770/3770 3767/3767 3768/3768
f 3770/3770 3769/3769 3767/3767
f 3772/3772 3769/3769 3770/3770
f 3772/3772 3771/3771 3769/3769
f 3774/3774 3771/3771 3772/3772
f 3774/3774 3773/3773 3771/3771
f 3776/3776 3773/3773 3774/3774
f 3776/3776 3775/3775 3773/3773
f 3778/3778 3775/3775 3776/3776
f 3778/3778 3777/3777 3775/3775
f 3780/3780 3777/3777 3778/3778
f 3780/3780 3779/3779 3777/3777
f 3782/3782 3779/3779 3780/3780
f 3782/3782 3781/3781 3779/3779
f 3784/3784 3781/3781 3782/3782
f 3784/3784 3783/3783 3781/3781
f 3786/3786 3783/3783 3784/3784
f 3786/3786 3785/3785 3783/3783
f 3788/3788 3785/3785 3786/3786
f 3788/3788 3787/3787 3785/3785
f 3790/3790 3787/3787 3788/3788
f 3790/3790 3789/3789 3787/3787
f 3792/3792 3789/3789 3790/3790
f 3792/3792 3791/3791 3789/3789
f 3794/3794 3791/3791 3792/3792
f 3794/3794 3793/3793 3791/3791
f 3796/3796 3793/3793 3794/3794
f 3796/3796 3795/3795 3793/3793
f 3798/3798 3795/3795 3796/3796
f 3798/3798 3797/3797 3795/3795
f 3800/3800 3797/3797 3798/3798
f 3800/3800 3799/3799 3797/3797
f 3802/3802 3799/3799 3800/3800
f 3802/3802 3801/3801 3799/3799
f 3804/3804 3801/3801 3802/3802
f 3804/3804 3803/3803 3801/3801
f 3806/3806 3803/3803 3804/3804
f 3806/3806 3805/3805 3803/3803
f 3808/3808 3805/3805 3806/3806
f 3808/3808 3807/3807 3805/3805
f 3810/3810 3807/3807 3808/3808
f 3810/3810 3809/3809 3807/3807
f 3812/3812 3809/3809 3810/3810
f 3812/3812 3811/3811 3809/3809
f 3814/3814 3811/3811 3812/3812
f 3814/3814 3813/3813 3811/3811
f 3816/3816 3813/3813 3814/3814
f 3816/3816 3815/3815 3813/3813
f 3818/3818 3815/3815 3816/3816
f 3818/3818 3817/3817 3815/3815
f 3820/3820 3817/3817 3818/3818
f 3820/3820 3819/3819 3817/3817
f 3822/3822 3819/3819 3820/3820
f 3822/3822 3821/3821 3819/3819
f 3824/3824 3821/3821 3822/3822
f 3824/3824 3823/3823 3821/3821
f 3826/3826 3823/3823 3824/3824
f 3826/3826 3825/3825 3823/3823
f 3828/3828 3825/3825 3826/3826
f 3828/3828 3827/3827 3825/3825
f 3830/3830 3827/3827 3828/3828
f 3830/3830 3829/3829 3827/3827
f 3832/3832 3829/3829 3830/3830
f 3832/3832 3831/3831 3829/3829
f 3834/3834 3831/3831 3832/3832
f 3834/3834 3833/3833 3831/3831
f 3836/3836 3833/3833 3834/3834
f 3836/3836 3835/3835 3833/3833
f 3838/3838 3835/3835 3836/3836
f 3838/3838 3837/3837 3835/3835
f 3840/3840 3837/3837 3838/3838
f 3840/3840 3839/3839 3837/3837
f 3842/3842 3839/3839 3840/3840
f 3842/3842 3841/3841 3839/3839
f 3844/3844 3841/3841 3842/3842
f 3844/3844 3843/3843 3841/3841
f 3846/3846 3843/3843 3844/3844
f 3846/3846 3845/3845 3843/3843
f 3848/3848 3845/3845 3846/3846
f 3848/3848 3847/3847 3845/3845
f 3850/3850 3847/3847 3848/3848
f 3850/3850 3849/3849 3847/3847
f 3852/3852 3849/3849 3850/3850
f 3852/3852 3851/3851 3849/3849
f 3854/3854 3851/3851 3852/3852
f 3854/3854 3853/3853 3851/3851
f 3856/3856 3853/3853 3854/3854
f 3856/3856 3855/3855 3853/3853
f 3858/3858 3855/3855 3856/3856
f 3858/3858 3857/3857 3855/3855
f 3860/3860 3857/3857 3858/3858
f 3860/3860 3859/3859 3857/3857
f 3862/3862 3859/3859 3860/3860
f 3862/3862 3861/3861 3859/3859
f 3864/3864 3861/3861 3862/3862
f 3864/3864 3863/3863 3861/3861
f 3866/3866 3863/3863 3864/3864
f 3866/3866 3865/3865 3863/3863
f 3868/3868 3865/3865 3866/3866
f 3868/3868 3867/3867 3865/3865
f 3870/3870 3867/3867 3868/3868
f 3870/3870 3869/3869 3867/3867
f 3872/3872 3869/3869 3870/3870
f 3872/3872 3871/3871 3869/3869
f 3874/3874 3871/3871 3872/3872
f 3874/3874 3873/3873 3871/3871
f 3876/3876 3873/3873 3874/3874
f 3876/3876 3875/3875 3873/3873
f 3878/3878 3875/3875 3876/3876
f 3878/3878 3877/3877 3875/3875
f 3880/3880 3877/3877 3878/3878
f 3880/3880 3879/3879 3877/3877
f 3882/3882 3879/3879 3880/3880
f 3882/3882 3881/3881 3879/3879
f 3884/3884 3881/3881 3882/3882
f 3884/3884 3883/3883 3881/3881
f 3886/3886 3883/3883 3884/3884
f 3886/3886 3885/3885 3883/3883
f 3888/3888 3885/3885 3886/3886
f 3888/3888 3887/3887 3885/3885
f 3890/3890 3887/3887 3888/3888
f 3890/3890 3889/3889 3887/3887
f 3892/3892 3889/3889 3890/3890
f 3892/3892 3891/3891 3889/3889
f 3894/3894 3891/3891 3892/3892
f 3894/3894 3893/3893 3891/3891
f 3896/3896 3893/3893 3894/3894
f 3896/3896 3895/3895 3893/3893
f 3898/3898 3895/3895 3896/3896
f 3898/3898 3897/3897 3895/3895
f 3900/3900 3897/3897 3898/3898
f 3900/3900 3899/3899 3897/3897
f 3902/3902 3899/3899 3900/3900
f 3902/3902 3901/3901 3899/3899
f 3904/3904 3901/3901 3902/3902
f 3904/3904 3903/3903 3901/3901
f 3906/3906 3903/3903 3904/3904
f 3906/3906 3905/3905 3903/3903
f 3908/3908 3905/3905 3906/3906
f 3908/3908 3907/3907 3905/3905
f 3910/3910 3907/3907 3908/3908
f 3910/3910 3909/3909 3907/3907
f 3912/3912 3909/3909 3910/3910
f 3912/3912 3911/3911 3909/3909
f 3914/3914 3911/3911 3912/3912
f 3914/3914 3913/3913 3911/3911
f 3916/3916 3913/3913 3914/3914
f 3916/3916 3915/3915 3913/3913
f 3918/3918 3915/3915 3916/3916
f 3918/3918 3917/3917 3915/3915
f 3920/3920 3917/3917 3918/3918
f 3920/3920 3919/3919 3917/3917
f 3922/3922 3919/3919 3920/3920
f 3922/3922 3921/3921 3919/3919
f 3924/3924 3921/3921 3922/3922
f 3924/3924 3923/3923 3921/3921
f 3926/3926 3923/3923 3924/3924
f 3926/3926 3925/3925 3923/3923
f 3928/3928 3925/3925 3926/3926
f 3928/3928 3927/3927 3925/3925
f 3930/3930 3927/3927 3928/3928
f 3930/3930 3929/3929 3927/3927
f 3932/3932 3929/3929 3930/3930
f 3932/3932 3931/3931 3929/3929
f 3934/3934 3931/3931 3932/3932
f 3934/3934 3933/3933 3931/3931
f 3936/3936 3933/3933 3934/3934
f 3936/3936 3935/3935 3933/3933
f 3938/3938 3935/3935 3936/3936
f 3938/3938 3937/3937 3935/3935
f 3940/3940 3937/3937 3938/3938
f 3940/3940 3939/3939 3937/3937
f 3942/3942 3939/3939 3940/3940
f 3942/3942 3941/3941 3939/3939
f 3944/3944 3941/3941 3942/3942
f 3944/3944 3943/3943 3941/3941
f 3946/3946 3943/3943 3944/3944
f 3946/3946 3945/3945 3943/3943
f 3948/3948 3945/3945 3946/3946
f 3948/3948 3947/3947 3945/3945
f 3950/3950 3947/3947 3948/3948
f 3950/3950 3949/3949 3947/3947
f 3952/3952 3949/3949 3950/3950
f 3952/3952 3951/3951 3949/3949
f 3954/3954 3951/3951 3952/3952
f 3954/3954 3953/3953 3951/3951
f 3956/3956 3953/3953 3954/3954
f 3956/3956 3955/3955 3953/3953
f 3958/3958 3955/3955 3956/3956
f 3958/3958 3957/3957 3955/3955
f 3960/3960 3957/3957 3958/3958
f 3960/3960 3959/3959 3957/3957
f 3962/3962 3959/3959 3960/3960
f 3962/3962 3961/3961 3959/3959
f 3964/3964 3961/3961 3962/3962
f 3964/3964 3963/3963 3961/3961
f 3966/3966 3963/3963 3964/3964
f 3966/3966 3965/3965 3963/3963
f 3968/3968 3965/3965 3966/3966
f 3968/3968 3967/3967 3965/3965
f 3970/3970 3967/3967 3968/3968
f 3970/3970 3969/3969 3967/3967
f 3972/3972 3969/3969 3970/3970
f 3972/3972 3971/3971 3969/3969
f 3974/3974 3971/3971 3972/3972
f 3974/3974 3973/3973 3971/3971
f 3976/3976 3973/3973 3974/3974
f 3976/3976 3975/3975 3973/3973
f 3978/3978 3975/3975 3976/3976
f 3978/3978 3977/3977 3975/3975
f 3980/3980 3977/3977 3978/3978
f 3980/3980 3979/3979 3977/3977
f 3982/3982 3979/3979 3980/3980
f 3982/3982 3981/3981 3979/3979
f 3984/3984 3981/3981 3982/3982
f 3984/3984 3983/3983 3981/3981
f 3986/3986 3983/3983 3984/3984
f 3986/3986 3985/3985 3983/3983
f 3988/3988 3985/3985 3986/3986
f 3988/3988 3987/3987 3985/3985
f 3990/3990 3987/3987 3988/3988
f 3990/3990 3989/3989 3987/3987
f 3992/3992 3989/3989 3990/3990
f 3992/3992 3991/3991 3989/3989
f 3994/3994 3991/3991 3992/3992
f 3994/3994 3993/3993 3991/3991
f 3996/3996 3993/3993 3994/3994
f 3996/3996 3995/3995 3993/3993
f 3998/3998 3995/3995 3996/3996
f 3998/3998 3997/3997 3995/3995
f 4000/4000 3997/3997 3998/3998
f 4000/4000 3999/3999 3997/3997
f 4002/4002 3999/3999 4000/4000
f 4002/4002 4001/4001 3999/3999
f 4004/4004 4001/4001 4002/4002
f 4004/4004 4003/4003 4001/4001
f 4006/4006 4003/4003 4004/4004
f 4006/4006 4005/4005 4003/4003
f 4008/4008 4005/4005 4006/4006
f 4008/4008 4007/4007 4005/4005
f 4010/4010 4007/4007 4008/4008
f 4010/4010 4009/4009 4007/4007
f 4012/4012 4009/4009 4010/4010
f 4012/4012 4011/4011 4009/4009
f 4014/4014 4011/4011 4012/4012
f 4014/4014 4013/4013 4011/4011
f 4016/4016 4013/4013 4014/4014
f 4016/4016 4015/4015 4013/4013
f 4018/4018 4015/4015 4016/4016
f 4018/4018 4017/4017 4015/4015
f 4020/4020 4017/4017 4018/4018
f 4020/4020 4019/4019 4017/4017
f 4022/4022 4019/4019 4020/4020
f 4022/4022 4021/4021 4019/4019
f 4024/4024 4021/4021 4022/4022
f 4024/4024 4023/4023 4021/4021
f 4026/4026 4023/4023 4024/4024
f 4026/4026 4025/4025 4023/4023
f 4028/4028 4025/4025 4026/4026
f 4028/4028 4027/4027 4025/4025
f 4030/4030 4027/4027 4028/4028
f 4030/4030 4029/4029 4027/4027
f 4032/4032 4029/4029 4030/4030
f 4032/4032 4031/4031 4029/4029
f 4034/4034 4031/4031 4032/4032
f 4034/4034 4033/4033 4031/4031
f 4036/4036 4033/4033 4034/4034
f 4036/4036 4035/4035 4033/4033
f 4038/4038 4035/4035 4036/4036
f 4038/4038 4037/4037 4035/4035
f 4040/4040 4037/4037 4038/4038
f 4040/4040 4039/4039 4037/4037
f 4042/4042 4039/4039 4040/4040
f 4042/4042 4041/4041 4039/4039
f 4044/4044 4041/4041 4042/4042
f 4044/4044 4043/4043 4041/4041
f 4046/4046 4043/4043 4044/4044
f 4046/4046 4045/4045 4043/4043
f 4048/4048 4045/4045 4046/4046
f 4048/4048 4047/4047 4045/4045
f 4050/4050 4047/4047 4048/4048
f 4050/4050 4049/4049 4047/4047
f 4052/4052 4049/4049 4050/4050
f 4052/4052 4051/4051 4049/4049
f 4054/4054 4051/4051 4052/4052
f 4054/4054 4053/4053 4051/4051
f 4056/4056 4053/4053 4054/4054
f 4056/4056 4055/4055 4053/4053
f 4058/4058 4055/4055 4056/4056
f 4058/4058 4057/4057 4055/4055
f 4060/4060 4057/4057 4058/4058
f 4060/4060 4059/4059 4057/4057
f 4062/4062 4059/4059 4060/4060
f 4062/4062 4061/4061 4059/4059
f 4064/4064 4061/4061 4062/4062
f 4064/4064 4063/4063 4061/4061
f 4066/4066 4063/4063 4064/4064
f 4066/4066 4065/4065 4063/4063
f 4068/4068 4065/4065 4066/4066
f 4068/4068 4067/4067 4065/4065
f 4070/4070 4067/4067 4068/4068
f 4070/4070 4069/4069 4067/4067
f 4072/4072 4069/4069 4070/4070
f 4072/4072 4071/4071 4069/4069
f 4074/4074 4071/4071 4072/4072
f 4074/4074 4073/4073 4071/4071
f 4076/4076 4073/4073 4074/4074
f 4076/4076 4075/4075 4073/4073
f 4078/4078 4075/4075 4076/4076
f 4078/4078 4077/4077 4075/4075
f 4080/4080 4077/4077 4078/4078
f 4080/4080 4079/4079 4077/4077
f 4082/4082 4079/4079 4080/4080
f 4082/4082 4081/4081 4079/4079
f 4084/4084 4081/4081 4082/4082
f 4084/4084 4083/4083 4081/4081
f 4086/4086 4083/4083 4084/4084
f 4086/4086 4085/4085 4083/4083
f 4088/4088 4085/4085 4086/4086
f 4088/4088 4087/4087 4085/4085
f 4090/4090 4087/4087 4088/4088
f 4090/4090 4089/4089 4087/4087
f 4092/4092 4089/4089 4090/4090
f 4092/4092 4091/4091 4089/4089
f 4094/4094 4091/4091 4092/4092
f 4094/4094 4093/4093 4091/4091
f 4096/4096 4093/4093 4094/4094
f 4096/4096 4095/4095 4093/4093
f 4098/4098 4095/4095 4096/4096
f 4098/4098 4097/4097 4095/4095
f 4100/4100 4097/4097 4098/4098
f 4100/4100 4099/4099 4097/4097
f 4102/4102 4099/4099 4100/4100
f 4102/4102 4101/4101 4099/4099
f 4104/4104 4101/4101 4102/4102
f 4104/4104 4103/4103 4101/4101
f 4106/4106 4103/4103 4104/4104
f 4106/4106 4105/4105 4103/4103
g vroa_kerb_left0
usemtl RED
g vroa_kerb_left1
usemtl WHITE
g vroa_kerb_right0
usemtl RED
g vroa_kerb_right1
usemtl WHITE
